outage_id,dispatch_time,arrival_time,crew_id,vehicle_id
OUT-00001,2015-08-26 10:08:00,2015-08-26 10:51:00,CREW-15,VEH-043
OUT-00002,2015-12-30 23:09:00,2015-12-30 23:44:00,CREW-07,VEH-019
OUT-00003,2016-01-14 03:08:00,2016-01-14 03:33:00,CREW-11,VEH-024
OUT-00004,2016-02-01 20:06:00,2016-02-01 20:56:00,CREW-08,VEH-024
OUT-00005,2016-02-21 03:04:00,2016-02-21 03:40:00,CREW-02,VEH-024
OUT-00006,2016-02-22 04:13:00,2016-02-22 04:57:00,CREW-06,VEH-002
OUT-00007,2016-03-08 14:13:00,2016-03-08 14:48:00,CREW-01,VEH-012
OUT-00008,2016-03-28 15:11:00,2016-03-28 15:47:00,CREW-12,VEH-025
OUT-00009,2016-04-02 15:02:00,2016-04-02 15:43:00,CREW-10,VEH-028
OUT-00010,2016-05-08 07:13:00,2016-05-08 07:43:00,CREW-15,VEH-047
OUT-00011,2016-05-19 14:15:00,2016-05-19 15:13:00,CREW-20,VEH-003
OUT-00012,2016-07-02 13:06:00,2016-07-02 13:27:00,CREW-09,VEH-039
OUT-00013,2016-07-21 20:03:00,2016-07-21 20:21:00,CREW-14,VEH-050
OUT-00014,2016-07-23 18:11:00,2016-07-23 18:34:00,CREW-02,VEH-020
OUT-00015,2016-07-24 09:13:00,2016-07-24 09:34:00,CREW-12,VEH-008
OUT-00016,2016-07-26 13:04:00,2016-07-26 13:32:00,CREW-17,VEH-036
OUT-00017,2016-08-14 03:03:00,2016-08-14 03:57:00,CREW-04,VEH-002
OUT-00018,2016-08-19 18:15:00,2016-08-19 18:35:00,CREW-10,VEH-004
OUT-00019,2016-09-11 03:07:00,2016-09-11 03:50:00,CREW-18,VEH-026
OUT-00020,2016-09-21 14:13:00,2016-09-21 15:01:00,CREW-10,VEH-036
OUT-00021,2016-09-27 14:15:00,2016-09-27 15:00:00,CREW-16,VEH-015
OUT-00022,2016-09-28 03:09:00,2016-09-28 03:37:00,CREW-08,VEH-021
OUT-00023,2016-09-29 15:14:00,2016-09-29 15:46:00,CREW-15,VEH-024
OUT-00024,2016-09-29 15:11:00,2016-09-29 15:50:00,CREW-13,VEH-041
OUT-00025,2016-11-12 18:14:00,2016-11-12 18:43:00,CREW-13,VEH-001
OUT-00026,2016-11-22 16:10:00,2016-11-22 16:31:00,CREW-09,VEH-024
OUT-00027,2016-12-09 20:02:00,2016-12-09 21:00:00,CREW-08,VEH-024
OUT-00028,2016-12-12 18:12:00,2016-12-12 18:43:00,CREW-08,VEH-035
OUT-00029,2016-12-14 17:04:00,2016-12-14 17:51:00,CREW-05,VEH-042
OUT-00030,2016-12-21 03:08:00,2016-12-21 04:03:00,CREW-07,VEH-009
OUT-00031,2017-01-06 08:09:00,2017-01-06 08:35:00,CREW-02,VEH-033
OUT-00032,2017-01-10 13:08:00,2017-01-10 13:45:00,CREW-05,VEH-035
OUT-00033,2017-01-11 19:13:00,2017-01-11 20:07:00,CREW-03,VEH-001
OUT-00034,2017-01-12 15:04:00,2017-01-12 15:55:00,CREW-15,VEH-014
OUT-00035,2017-01-14 13:04:00,2017-01-14 13:19:00,CREW-05,VEH-026
OUT-00036,2017-01-17 20:08:00,2017-01-17 20:36:00,CREW-07,VEH-027
OUT-00037,2017-01-25 16:10:00,2017-01-25 16:39:00,CREW-15,VEH-026
OUT-00038,2017-01-26 02:11:00,2017-01-26 02:38:00,CREW-19,VEH-032
OUT-00039,2017-01-30 01:08:00,2017-01-30 01:54:00,CREW-04,VEH-030
OUT-00040,2017-01-30 17:06:00,2017-01-30 17:43:00,CREW-07,VEH-045
OUT-00041,2017-01-30 18:12:00,2017-01-30 18:55:00,CREW-04,VEH-013
OUT-00042,2017-02-10 16:08:00,2017-02-10 16:44:00,CREW-02,VEH-042
OUT-00043,2017-02-10 18:14:00,2017-02-10 18:34:00,CREW-12,VEH-044
OUT-00044,2017-02-14 18:05:00,2017-02-14 18:49:00,CREW-11,VEH-028
OUT-00045,2017-02-17 21:10:00,2017-02-17 22:03:00,CREW-01,VEH-001
OUT-00046,2017-02-23 15:10:00,2017-02-23 15:51:00,CREW-20,VEH-013
OUT-00047,2017-03-11 15:10:00,2017-03-11 15:27:00,CREW-07,VEH-006
OUT-00048,2017-03-13 18:09:00,2017-03-13 18:50:00,CREW-09,VEH-037
OUT-00049,2017-03-22 16:02:00,2017-03-22 16:58:00,CREW-12,VEH-024
OUT-00050,2017-04-02 15:12:00,2017-04-02 15:58:00,CREW-09,VEH-049
OUT-00051,2017-04-04 16:15:00,2017-04-04 16:41:00,CREW-07,VEH-002
OUT-00052,2017-04-06 16:04:00,2017-04-06 16:55:00,CREW-17,VEH-017
OUT-00053,2017-04-09 18:12:00,2017-04-09 18:28:00,CREW-02,VEH-028
OUT-00054,2017-04-10 18:07:00,2017-04-10 18:44:00,CREW-05,VEH-032
OUT-00055,2017-04-12 18:02:00,2017-04-12 18:17:00,CREW-19,VEH-002
OUT-00056,2017-04-16 17:06:00,2017-04-16 18:04:00,CREW-06,VEH-032
OUT-00057,2017-04-19 01:08:00,2017-04-19 01:26:00,CREW-11,VEH-017
OUT-00058,2017-04-21 17:07:00,2017-04-21 17:45:00,CREW-05,VEH-034
OUT-00059,2017-04-23 23:07:00,2017-04-23 23:43:00,CREW-11,VEH-048
OUT-00060,2017-04-25 13:02:00,2017-04-25 13:25:00,CREW-06,VEH-016
OUT-00061,2017-04-29 17:14:00,2017-04-29 17:31:00,CREW-20,VEH-036
OUT-00062,2017-05-03 19:04:00,2017-05-03 19:44:00,CREW-03,VEH-019
OUT-00063,2017-05-06 20:05:00,2017-05-06 20:51:00,CREW-07,VEH-041
OUT-00064,2017-05-09 13:02:00,2017-05-09 13:56:00,CREW-07,VEH-018
OUT-00065,2017-05-13 19:09:00,2017-05-13 19:24:00,CREW-11,VEH-028
OUT-00066,2017-05-14 01:10:00,2017-05-14 01:49:00,CREW-18,VEH-023
OUT-00067,2017-05-17 12:15:00,2017-05-17 13:11:00,CREW-03,VEH-007
OUT-00068,2017-06-04 00:13:00,2017-06-04 00:43:00,CREW-16,VEH-049
OUT-00069,2017-06-08 14:03:00,2017-06-08 14:18:00,CREW-16,VEH-012
OUT-00070,2017-06-09 16:06:00,2017-06-09 16:57:00,CREW-09,VEH-041
OUT-00071,2017-06-11 15:04:00,2017-06-11 15:37:00,CREW-16,VEH-016
OUT-00072,2017-06-14 04:04:00,2017-06-14 04:38:00,CREW-01,VEH-024
OUT-00073,2017-06-18 18:05:00,2017-06-18 18:30:00,CREW-17,VEH-008
OUT-00074,2017-06-19 18:05:00,2017-06-19 18:57:00,CREW-08,VEH-020
OUT-00075,2017-06-23 17:15:00,2017-06-23 18:04:00,CREW-16,VEH-025
OUT-00076,2017-07-03 02:04:00,2017-07-03 02:43:00,CREW-18,VEH-046
OUT-00077,2017-07-03 16:03:00,2017-07-03 16:19:00,CREW-03,VEH-016
OUT-00078,2017-07-09 14:14:00,2017-07-09 15:09:00,CREW-04,VEH-033
OUT-00079,2017-07-11 06:05:00,2017-07-11 06:52:00,CREW-14,VEH-021
OUT-00080,2017-07-17 17:05:00,2017-07-17 17:27:00,CREW-07,VEH-003
OUT-00081,2017-07-18 15:02:00,2017-07-18 15:49:00,CREW-16,VEH-012
OUT-00082,2017-07-18 18:12:00,2017-07-18 18:48:00,CREW-14,VEH-030
OUT-00083,2017-08-05 20:07:00,2017-08-05 20:59:00,CREW-13,VEH-008
OUT-00084,2017-08-13 15:12:00,2017-08-13 15:53:00,CREW-02,VEH-021
OUT-00085,2017-08-24 16:15:00,2017-08-24 17:02:00,CREW-15,VEH-033
OUT-00086,2017-09-13 19:06:00,2017-09-13 19:39:00,CREW-04,VEH-035
OUT-00087,2017-09-22 10:02:00,2017-09-22 10:33:00,CREW-12,VEH-028
OUT-00088,2017-09-24 18:15:00,2017-09-24 18:58:00,CREW-14,VEH-006
OUT-00089,2017-09-28 21:04:00,2017-09-28 21:59:00,CREW-05,VEH-024
OUT-00090,2017-10-17 20:14:00,2017-10-17 21:14:00,CREW-03,VEH-033
OUT-00091,2017-10-20 17:05:00,2017-10-20 17:40:00,CREW-01,VEH-003
OUT-00092,2017-10-28 18:03:00,2017-10-28 18:42:00,CREW-10,VEH-031
OUT-00093,2017-10-29 16:07:00,2017-10-29 16:24:00,CREW-08,VEH-046
OUT-00094,2017-10-30 16:09:00,2017-10-30 16:55:00,CREW-15,VEH-022
OUT-00095,2017-11-02 15:08:00,2017-11-02 15:24:00,CREW-10,VEH-002
OUT-00096,2017-11-06 10:11:00,2017-11-06 10:42:00,CREW-08,VEH-033
OUT-00097,2017-11-07 22:10:00,2017-11-07 23:07:00,CREW-16,VEH-039
OUT-00098,2017-11-08 15:14:00,2017-11-08 16:10:00,CREW-03,VEH-050
OUT-00099,2017-11-21 06:10:00,2017-11-21 06:48:00,CREW-13,VEH-007
OUT-00100,2017-11-27 23:10:00,2017-11-28 00:00:00,CREW-13,VEH-020
OUT-00101,2017-12-16 05:02:00,2017-12-16 05:24:00,CREW-14,VEH-016
OUT-00102,2017-12-18 14:15:00,2017-12-18 14:41:00,CREW-19,VEH-023
OUT-00103,2017-12-18 18:13:00,2017-12-18 19:01:00,CREW-02,VEH-032
OUT-00104,2018-01-01 14:08:00,2018-01-01 14:44:00,CREW-19,VEH-025
OUT-00105,2018-01-10 16:11:00,2018-01-10 16:47:00,CREW-17,VEH-042
OUT-00106,2018-01-14 06:07:00,2018-01-14 06:36:00,CREW-11,VEH-037
OUT-00107,2018-01-26 03:02:00,2018-01-26 03:24:00,CREW-12,VEH-044
OUT-00108,2018-01-30 17:06:00,2018-01-30 17:59:00,CREW-04,VEH-006
OUT-00109,2018-02-04 14:14:00,2018-02-04 15:00:00,CREW-20,VEH-030
OUT-00110,2018-02-08 07:04:00,2018-02-08 07:58:00,CREW-20,VEH-016
OUT-00111,2018-02-16 15:14:00,2018-02-16 16:10:00,CREW-19,VEH-017
OUT-00112,2018-02-18 13:09:00,2018-02-18 13:42:00,CREW-05,VEH-026
OUT-00113,2018-02-27 11:06:00,2018-02-27 11:43:00,CREW-09,VEH-012
OUT-00114,2018-02-28 16:06:00,2018-02-28 16:21:00,CREW-01,VEH-047
OUT-00115,2018-03-08 14:03:00,2018-03-08 14:49:00,CREW-16,VEH-025
OUT-00116,2018-03-09 20:09:00,2018-03-09 21:08:00,CREW-01,VEH-016
OUT-00117,2018-03-19 12:14:00,2018-03-19 13:07:00,CREW-05,VEH-022
OUT-00118,2018-03-19 16:14:00,2018-03-19 16:31:00,CREW-12,VEH-026
OUT-00119,2018-03-19 20:04:00,2018-03-19 20:55:00,CREW-14,VEH-028
OUT-00120,2018-03-21 18:06:00,2018-03-21 18:50:00,CREW-14,VEH-005
OUT-00121,2018-03-26 18:13:00,2018-03-26 18:43:00,CREW-16,VEH-021
OUT-00122,2018-04-01 02:08:00,2018-04-01 02:58:00,CREW-01,VEH-030
OUT-00123,2018-04-01 14:06:00,2018-04-01 14:43:00,CREW-10,VEH-005
OUT-00124,2018-04-02 17:05:00,2018-04-02 17:53:00,CREW-20,VEH-031
OUT-00125,2018-04-02 20:11:00,2018-04-02 20:44:00,CREW-01,VEH-005
OUT-00126,2018-04-03 14:14:00,2018-04-03 14:32:00,CREW-16,VEH-024
OUT-00127,2018-04-10 09:08:00,2018-04-10 09:24:00,CREW-17,VEH-028
OUT-00128,2018-04-13 17:12:00,2018-04-13 17:46:00,CREW-12,VEH-050
OUT-00129,2018-04-19 20:04:00,2018-04-19 20:51:00,CREW-01,VEH-043
OUT-00130,2018-04-20 09:06:00,2018-04-20 09:32:00,CREW-03,VEH-001
OUT-00131,2018-04-26 10:02:00,2018-04-26 10:56:00,CREW-10,VEH-043
OUT-00132,2018-05-07 22:13:00,2018-05-07 22:56:00,CREW-13,VEH-012
OUT-00133,2018-05-17 18:15:00,2018-05-17 18:31:00,CREW-19,VEH-050
OUT-00134,2018-05-19 14:04:00,2018-05-19 14:41:00,CREW-17,VEH-026
OUT-00135,2018-05-22 14:09:00,2018-05-22 14:52:00,CREW-10,VEH-026
OUT-00136,2018-05-22 14:15:00,2018-05-22 15:03:00,CREW-19,VEH-041
OUT-00137,2018-05-25 19:08:00,2018-05-25 19:26:00,CREW-18,VEH-045
OUT-00138,2018-05-29 14:12:00,2018-05-29 14:55:00,CREW-04,VEH-025
OUT-00139,2018-05-30 15:06:00,2018-05-30 15:56:00,CREW-10,VEH-037
OUT-00140,2018-06-07 18:10:00,2018-06-07 18:48:00,CREW-03,VEH-049
OUT-00141,2018-06-10 18:04:00,2018-06-10 18:54:00,CREW-18,VEH-049
OUT-00142,2018-06-16 20:08:00,2018-06-16 20:54:00,CREW-05,VEH-012
OUT-00143,2018-06-19 22:02:00,2018-06-19 22:29:00,CREW-03,VEH-041
OUT-00144,2018-06-28 02:15:00,2018-06-28 02:46:00,CREW-17,VEH-020
OUT-00145,2018-06-30 18:10:00,2018-06-30 18:46:00,CREW-13,VEH-019
OUT-00146,2018-07-08 16:02:00,2018-07-08 16:52:00,CREW-12,VEH-041
OUT-00147,2018-07-11 03:04:00,2018-07-11 03:30:00,CREW-09,VEH-007
OUT-00148,2018-07-26 19:13:00,2018-07-26 19:41:00,CREW-20,VEH-019
OUT-00149,2018-08-01 16:11:00,2018-08-01 16:41:00,CREW-05,VEH-035
OUT-00150,2018-08-02 14:13:00,2018-08-02 14:52:00,CREW-20,VEH-021
OUT-00151,2018-08-05 16:05:00,2018-08-05 16:42:00,CREW-16,VEH-039
OUT-00152,2018-09-11 14:14:00,2018-09-11 15:10:00,CREW-07,VEH-014
OUT-00153,2018-09-13 17:11:00,2018-09-13 17:30:00,CREW-03,VEH-023
OUT-00154,2018-09-22 13:14:00,2018-09-22 14:11:00,CREW-11,VEH-018
OUT-00155,2018-09-24 13:13:00,2018-09-24 13:36:00,CREW-10,VEH-044
OUT-00156,2018-09-25 18:02:00,2018-09-25 18:54:00,CREW-07,VEH-046
OUT-00157,2018-10-01 02:14:00,2018-10-01 03:08:00,CREW-10,VEH-009
OUT-00158,2018-10-03 21:03:00,2018-10-03 21:44:00,CREW-02,VEH-005
OUT-00159,2018-10-05 05:14:00,2018-10-05 06:05:00,CREW-06,VEH-019
OUT-00160,2018-10-05 17:09:00,2018-10-05 18:08:00,CREW-01,VEH-022
OUT-00161,2018-10-08 12:05:00,2018-10-08 12:36:00,CREW-07,VEH-025
OUT-00162,2018-10-08 15:14:00,2018-10-08 15:32:00,CREW-04,VEH-006
OUT-00163,2018-10-09 16:13:00,2018-10-09 16:58:00,CREW-19,VEH-044
OUT-00164,2018-10-12 15:07:00,2018-10-12 16:00:00,CREW-10,VEH-026
OUT-00165,2018-10-19 17:04:00,2018-10-19 17:57:00,CREW-03,VEH-045
OUT-00166,2018-10-23 16:14:00,2018-10-23 16:56:00,CREW-20,VEH-028
OUT-00167,2018-11-02 14:09:00,2018-11-02 15:04:00,CREW-07,VEH-001
OUT-00168,2018-11-04 17:04:00,2018-11-04 17:31:00,CREW-17,VEH-025
OUT-00169,2018-11-08 15:09:00,2018-11-08 15:56:00,CREW-06,VEH-006
OUT-00170,2018-11-10 14:11:00,2018-11-10 15:09:00,CREW-13,VEH-032
OUT-00171,2018-11-12 01:14:00,2018-11-12 01:49:00,CREW-16,VEH-021
OUT-00172,2018-11-15 15:12:00,2018-11-15 16:03:00,CREW-04,VEH-035
OUT-00173,2018-11-20 06:04:00,2018-11-20 06:38:00,CREW-18,VEH-047
OUT-00174,2018-11-27 17:10:00,2018-11-27 17:38:00,CREW-15,VEH-031
OUT-00175,2018-12-03 14:02:00,2018-12-03 14:19:00,CREW-16,VEH-023
OUT-00176,2018-12-08 16:10:00,2018-12-08 16:35:00,CREW-12,VEH-010
OUT-00177,2018-12-12 15:09:00,2018-12-12 16:01:00,CREW-12,VEH-024
OUT-00178,2018-12-18 18:13:00,2018-12-18 18:35:00,CREW-04,VEH-026
OUT-00179,2018-12-20 08:09:00,2018-12-20 08:51:00,CREW-05,VEH-041
OUT-00180,2018-12-22 15:05:00,2018-12-22 15:46:00,CREW-17,VEH-009
OUT-00181,2019-01-03 15:02:00,2019-01-03 15:36:00,CREW-13,VEH-028
OUT-00182,2019-01-12 23:14:00,2019-01-12 23:41:00,CREW-14,VEH-035
OUT-00183,2019-01-13 17:14:00,2019-01-13 17:34:00,CREW-18,VEH-005
OUT-00184,2019-01-16 02:10:00,2019-01-16 02:26:00,CREW-10,VEH-030
OUT-00185,2019-01-16 14:03:00,2019-01-16 15:02:00,CREW-05,VEH-033
OUT-00186,2019-01-30 06:07:00,2019-01-30 06:22:00,CREW-18,VEH-032
OUT-00187,2019-01-30 18:02:00,2019-01-30 18:27:00,CREW-17,VEH-013
OUT-00188,2019-02-04 16:02:00,2019-02-04 16:50:00,CREW-09,VEH-035
OUT-00189,2019-02-08 16:02:00,2019-02-08 16:37:00,CREW-16,VEH-006
OUT-00190,2019-02-12 17:13:00,2019-02-12 17:44:00,CREW-05,VEH-031
OUT-00191,2019-02-13 19:06:00,2019-02-13 19:58:00,CREW-03,VEH-023
OUT-00192,2019-02-17 16:06:00,2019-02-17 16:57:00,CREW-10,VEH-010
OUT-00193,2019-02-22 17:04:00,2019-02-22 17:35:00,CREW-14,VEH-009
OUT-00194,2019-02-25 16:15:00,2019-02-25 16:30:00,CREW-19,VEH-045
OUT-00195,2019-02-28 15:14:00,2019-02-28 15:32:00,CREW-01,VEH-049
OUT-00196,2019-02-28 20:09:00,2019-02-28 20:55:00,CREW-02,VEH-028
OUT-00197,2019-03-04 15:09:00,2019-03-04 16:02:00,CREW-02,VEH-003
OUT-00198,2019-03-07 19:12:00,2019-03-07 19:38:00,CREW-01,VEH-044
OUT-00199,2019-03-10 21:06:00,2019-03-10 21:50:00,CREW-17,VEH-048
OUT-00200,2019-03-13 19:08:00,2019-03-13 19:37:00,CREW-05,VEH-021
OUT-00201,2019-03-19 14:15:00,2019-03-19 14:31:00,CREW-11,VEH-039
OUT-00202,2019-03-20 18:07:00,2019-03-20 18:55:00,CREW-06,VEH-050
OUT-00203,2019-03-21 03:03:00,2019-03-21 03:35:00,CREW-15,VEH-027
OUT-00204,2019-03-21 16:04:00,2019-03-21 16:52:00,CREW-20,VEH-038
OUT-00205,2019-03-23 14:02:00,2019-03-23 14:40:00,CREW-15,VEH-030
OUT-00206,2019-03-26 16:08:00,2019-03-26 17:04:00,CREW-19,VEH-017
OUT-00207,2019-03-29 15:06:00,2019-03-29 15:49:00,CREW-04,VEH-010
OUT-00208,2019-04-04 07:09:00,2019-04-04 07:40:00,CREW-10,VEH-017
OUT-00209,2019-04-13 19:13:00,2019-04-13 19:47:00,CREW-05,VEH-034
OUT-00210,2019-04-14 17:07:00,2019-04-14 17:23:00,CREW-13,VEH-043
OUT-00211,2019-04-15 18:12:00,2019-04-15 18:37:00,CREW-19,VEH-047
OUT-00212,2019-04-23 19:10:00,2019-04-23 19:47:00,CREW-16,VEH-031
OUT-00213,2019-04-29 18:12:00,2019-04-29 18:42:00,CREW-08,VEH-004
OUT-00214,2019-04-29 21:09:00,2019-04-29 21:27:00,CREW-03,VEH-032
OUT-00215,2019-05-03 16:04:00,2019-05-03 16:45:00,CREW-18,VEH-019
OUT-00216,2019-05-06 05:06:00,2019-05-06 05:25:00,CREW-18,VEH-028
OUT-00217,2019-05-06 11:11:00,2019-05-06 11:47:00,CREW-06,VEH-001
OUT-00218,2019-05-08 13:06:00,2019-05-08 14:01:00,CREW-12,VEH-026
OUT-00219,2019-05-08 17:15:00,2019-05-08 18:03:00,CREW-17,VEH-014
OUT-00220,2019-05-13 00:11:00,2019-05-13 01:10:00,CREW-09,VEH-026
OUT-00221,2019-05-14 17:10:00,2019-05-14 17:46:00,CREW-15,VEH-030
OUT-00222,2019-05-15 19:12:00,2019-05-15 19:43:00,CREW-04,VEH-001
OUT-00223,2019-05-20 01:09:00,2019-05-20 01:58:00,CREW-20,VEH-015
OUT-00224,2019-05-20 16:09:00,2019-05-20 16:45:00,CREW-14,VEH-026
OUT-00225,2019-05-22 17:13:00,2019-05-22 17:50:00,CREW-14,VEH-024
OUT-00226,2019-05-24 14:03:00,2019-05-24 15:02:00,CREW-14,VEH-007
OUT-00227,2019-05-25 15:04:00,2019-05-25 15:41:00,CREW-14,VEH-043
OUT-00228,2019-05-26 16:13:00,2019-05-26 17:12:00,CREW-18,VEH-038
OUT-00229,2019-05-28 14:04:00,2019-05-28 14:33:00,CREW-05,VEH-028
OUT-00230,2019-06-10 08:11:00,2019-06-10 09:04:00,CREW-17,VEH-039
OUT-00231,2019-06-10 14:07:00,2019-06-10 14:47:00,CREW-12,VEH-025
OUT-00232,2019-06-11 16:02:00,2019-06-11 16:29:00,CREW-20,VEH-025
OUT-00233,2019-06-15 17:05:00,2019-06-15 17:29:00,CREW-03,VEH-041
OUT-00234,2019-06-17 20:14:00,2019-06-17 20:46:00,CREW-15,VEH-036
OUT-00235,2019-06-18 13:07:00,2019-06-18 13:55:00,CREW-15,VEH-008
OUT-00236,2019-06-24 01:09:00,2019-06-24 02:07:00,CREW-19,VEH-042
OUT-00237,2019-06-24 07:10:00,2019-06-24 08:01:00,CREW-06,VEH-026
OUT-00238,2019-06-26 15:03:00,2019-06-26 16:02:00,CREW-06,VEH-037
OUT-00239,2019-07-09 16:10:00,2019-07-09 16:57:00,CREW-06,VEH-006
OUT-00240,2019-07-09 16:08:00,2019-07-09 16:26:00,CREW-11,VEH-030
OUT-00241,2019-07-13 08:09:00,2019-07-13 08:32:00,CREW-03,VEH-031
OUT-00242,2019-07-24 15:09:00,2019-07-24 16:00:00,CREW-04,VEH-024
OUT-00243,2019-07-24 18:07:00,2019-07-24 18:23:00,CREW-20,VEH-028
OUT-00244,2019-07-25 18:12:00,2019-07-25 18:30:00,CREW-15,VEH-006
OUT-00245,2019-08-02 15:07:00,2019-08-02 15:51:00,CREW-06,VEH-002
OUT-00246,2019-08-02 17:12:00,2019-08-02 17:34:00,CREW-19,VEH-045
OUT-00247,2019-08-02 17:13:00,2019-08-02 17:32:00,CREW-06,VEH-026
OUT-00248,2019-08-04 17:07:00,2019-08-04 17:25:00,CREW-19,VEH-020
OUT-00249,2019-08-07 16:02:00,2019-08-07 16:36:00,CREW-17,VEH-012
OUT-00250,2019-08-07 20:02:00,2019-08-07 20:42:00,CREW-14,VEH-038
OUT-00251,2019-08-09 17:06:00,2019-08-09 17:31:00,CREW-04,VEH-013
OUT-00252,2019-08-11 15:12:00,2019-08-11 15:29:00,CREW-01,VEH-006
OUT-00253,2019-08-13 18:03:00,2019-08-13 18:27:00,CREW-05,VEH-023
OUT-00254,2019-08-17 17:11:00,2019-08-17 18:09:00,CREW-02,VEH-013
OUT-00255,2019-08-20 16:09:00,2019-08-20 16:25:00,CREW-20,VEH-001
OUT-00256,2019-08-26 15:06:00,2019-08-26 15:29:00,CREW-17,VEH-009
OUT-00257,2019-08-28 06:12:00,2019-08-28 06:41:00,CREW-06,VEH-035
OUT-00258,2019-08-29 18:15:00,2019-08-29 19:00:00,CREW-17,VEH-005
OUT-00259,2019-08-31 17:15:00,2019-08-31 18:13:00,CREW-18,VEH-014
OUT-00260,2019-09-07 23:06:00,2019-09-07 23:31:00,CREW-09,VEH-034
OUT-00261,2019-09-10 18:13:00,2019-09-10 19:02:00,CREW-03,VEH-001
OUT-00262,2019-09-11 17:09:00,2019-09-11 17:45:00,CREW-08,VEH-011
OUT-00263,2019-09-11 18:10:00,2019-09-11 19:01:00,CREW-14,VEH-030
OUT-00264,2019-09-14 18:04:00,2019-09-14 18:39:00,CREW-05,VEH-005
OUT-00265,2019-09-18 17:04:00,2019-09-18 17:32:00,CREW-04,VEH-025
OUT-00266,2019-09-28 17:14:00,2019-09-28 18:10:00,CREW-18,VEH-040
OUT-00267,2019-09-28 20:09:00,2019-09-28 21:02:00,CREW-08,VEH-014
OUT-00268,2019-10-03 22:04:00,2019-10-03 22:56:00,CREW-01,VEH-023
OUT-00269,2019-10-08 07:02:00,2019-10-08 07:41:00,CREW-17,VEH-033
OUT-00270,2019-10-09 17:08:00,2019-10-09 17:24:00,CREW-14,VEH-040
OUT-00271,2019-10-09 20:09:00,2019-10-09 21:02:00,CREW-19,VEH-006
OUT-00272,2019-10-10 14:07:00,2019-10-10 14:24:00,CREW-07,VEH-008
OUT-00273,2019-10-10 15:11:00,2019-10-10 15:40:00,CREW-15,VEH-029
OUT-00274,2019-10-14 17:02:00,2019-10-14 17:46:00,CREW-07,VEH-027
OUT-00275,2019-10-15 17:05:00,2019-10-15 17:48:00,CREW-06,VEH-033
OUT-00276,2019-10-17 14:14:00,2019-10-17 15:05:00,CREW-01,VEH-004
OUT-00277,2019-10-22 00:07:00,2019-10-22 00:23:00,CREW-10,VEH-005
OUT-00278,2019-10-26 22:12:00,2019-10-26 22:36:00,CREW-01,VEH-038
OUT-00279,2019-11-02 15:14:00,2019-11-02 15:59:00,CREW-15,VEH-036
OUT-00280,2019-11-04 16:14:00,2019-11-04 16:52:00,CREW-20,VEH-015
OUT-00281,2019-11-07 16:14:00,2019-11-07 16:36:00,CREW-05,VEH-029
OUT-00282,2019-11-08 15:05:00,2019-11-08 15:31:00,CREW-13,VEH-002
OUT-00283,2019-11-10 01:12:00,2019-11-10 01:57:00,CREW-19,VEH-036
OUT-00284,2019-11-12 15:05:00,2019-11-12 15:45:00,CREW-11,VEH-027
OUT-00285,2019-11-13 02:06:00,2019-11-13 02:40:00,CREW-11,VEH-010
OUT-00286,2019-11-15 15:09:00,2019-11-15 16:01:00,CREW-06,VEH-008
OUT-00287,2019-11-18 14:08:00,2019-11-18 14:48:00,CREW-14,VEH-043
OUT-00288,2019-11-20 13:13:00,2019-11-20 13:53:00,CREW-13,VEH-040
OUT-00289,2019-11-22 13:15:00,2019-11-22 13:47:00,CREW-01,VEH-047
OUT-00290,2019-11-27 17:09:00,2019-11-27 18:06:00,CREW-12,VEH-044
OUT-00291,2019-12-02 17:05:00,2019-12-02 17:23:00,CREW-05,VEH-037
OUT-00292,2019-12-06 14:09:00,2019-12-06 15:05:00,CREW-17,VEH-028
OUT-00293,2019-12-13 18:11:00,2019-12-13 18:34:00,CREW-19,VEH-029
OUT-00294,2019-12-17 16:15:00,2019-12-17 17:09:00,CREW-09,VEH-022
OUT-00295,2019-12-19 17:12:00,2019-12-19 17:49:00,CREW-01,VEH-046
OUT-00296,2019-12-20 15:06:00,2019-12-20 15:41:00,CREW-14,VEH-036
OUT-00297,2019-12-24 15:07:00,2019-12-24 15:44:00,CREW-01,VEH-040
OUT-00298,2019-12-27 15:06:00,2019-12-27 15:29:00,CREW-09,VEH-010
OUT-00299,2020-01-01 14:05:00,2020-01-01 14:45:00,CREW-09,VEH-035
OUT-00300,2020-01-01 15:05:00,2020-01-01 15:44:00,CREW-11,VEH-038
OUT-00301,2020-01-01 19:03:00,2020-01-01 19:24:00,CREW-18,VEH-027
OUT-00302,2020-01-01 19:03:00,2020-01-01 19:44:00,CREW-17,VEH-043
OUT-00303,2020-01-03 15:12:00,2020-01-03 16:10:00,CREW-19,VEH-024
OUT-00304,2020-01-03 16:10:00,2020-01-03 16:31:00,CREW-20,VEH-006
OUT-00305,2020-01-04 07:06:00,2020-01-04 07:44:00,CREW-01,VEH-049
OUT-00306,2020-01-06 09:14:00,2020-01-06 10:11:00,CREW-18,VEH-021
OUT-00307,2020-01-06 10:02:00,2020-01-06 10:23:00,CREW-17,VEH-020
OUT-00308,2020-01-11 03:10:00,2020-01-11 03:44:00,CREW-08,VEH-049
OUT-00309,2020-01-11 15:08:00,2020-01-11 15:23:00,CREW-13,VEH-030
OUT-00310,2020-01-11 18:08:00,2020-01-11 18:41:00,CREW-17,VEH-045
OUT-00311,2020-01-11 22:14:00,2020-01-11 22:58:00,CREW-16,VEH-040
OUT-00312,2020-01-13 19:04:00,2020-01-13 19:36:00,CREW-01,VEH-014
OUT-00313,2020-01-13 19:04:00,2020-01-13 19:20:00,CREW-17,VEH-050
OUT-00314,2020-01-14 05:15:00,2020-01-14 06:07:00,CREW-19,VEH-004
OUT-00315,2020-01-14 14:02:00,2020-01-14 14:24:00,CREW-07,VEH-003
OUT-00316,2020-01-17 07:11:00,2020-01-17 07:35:00,CREW-19,VEH-046
OUT-00317,2020-01-17 11:03:00,2020-01-17 11:50:00,CREW-18,VEH-007
OUT-00318,2020-01-18 11:14:00,2020-01-18 11:36:00,CREW-01,VEH-003
OUT-00319,2020-01-18 17:09:00,2020-01-18 17:46:00,CREW-08,VEH-047
OUT-00320,2020-01-19 04:06:00,2020-01-19 04:23:00,CREW-19,VEH-033
OUT-00321,2020-01-20 15:13:00,2020-01-20 15:35:00,CREW-02,VEH-035
OUT-00322,2020-01-20 16:09:00,2020-01-20 16:37:00,CREW-14,VEH-043
OUT-00323,2020-01-21 03:05:00,2020-01-21 03:56:00,CREW-14,VEH-031
OUT-00324,2020-01-21 07:08:00,2020-01-21 07:40:00,CREW-07,VEH-010
OUT-00325,2020-01-23 14:08:00,2020-01-23 14:55:00,CREW-19,VEH-048
OUT-00326,2020-01-23 15:14:00,2020-01-23 15:47:00,CREW-04,VEH-029
OUT-00327,2020-01-23 20:13:00,2020-01-23 20:45:00,CREW-02,VEH-001
OUT-00328,2020-01-24 17:06:00,2020-01-24 17:40:00,CREW-11,VEH-042
OUT-00329,2020-01-24 23:03:00,2020-01-24 23:20:00,CREW-12,VEH-020
OUT-00330,2020-01-25 14:06:00,2020-01-25 14:57:00,CREW-06,VEH-030
OUT-00331,2020-01-25 15:10:00,2020-01-25 15:58:00,CREW-12,VEH-035
OUT-00332,2020-01-25 17:05:00,2020-01-25 17:41:00,CREW-12,VEH-024
OUT-00333,2020-01-25 18:02:00,2020-01-25 18:26:00,CREW-14,VEH-023
OUT-00334,2020-01-25 18:02:00,2020-01-25 18:33:00,CREW-14,VEH-009
OUT-00335,2020-01-25 19:09:00,2020-01-25 19:25:00,CREW-13,VEH-025
OUT-00336,2020-01-26 15:08:00,2020-01-26 15:31:00,CREW-11,VEH-046
OUT-00337,2020-01-27 18:05:00,2020-01-27 18:45:00,CREW-13,VEH-034
OUT-00338,2020-01-28 20:08:00,2020-01-28 20:59:00,CREW-11,VEH-006
OUT-00339,2020-01-29 13:03:00,2020-01-29 13:38:00,CREW-10,VEH-036
OUT-00340,2020-01-29 17:10:00,2020-01-29 18:02:00,CREW-02,VEH-017
OUT-00341,2020-02-01 15:06:00,2020-02-01 15:45:00,CREW-06,VEH-012
OUT-00342,2020-02-01 15:08:00,2020-02-01 16:04:00,CREW-06,VEH-027
OUT-00343,2020-02-01 16:09:00,2020-02-01 16:57:00,CREW-12,VEH-045
OUT-00344,2020-02-01 16:10:00,2020-02-01 16:31:00,CREW-10,VEH-045
OUT-00345,2020-02-01 18:02:00,2020-02-01 18:42:00,CREW-14,VEH-002
OUT-00346,2020-02-01 19:13:00,2020-02-01 20:10:00,CREW-01,VEH-036
OUT-00347,2020-02-01 19:04:00,2020-02-01 19:44:00,CREW-11,VEH-040
OUT-00348,2020-02-01 20:12:00,2020-02-01 21:02:00,CREW-17,VEH-039
OUT-00349,2020-02-01 20:09:00,2020-02-01 20:58:00,CREW-02,VEH-047
OUT-00350,2020-02-01 20:09:00,2020-02-01 20:45:00,CREW-05,VEH-033
OUT-00351,2020-02-02 13:11:00,2020-02-02 14:01:00,CREW-15,VEH-020
OUT-00352,2020-02-02 15:04:00,2020-02-02 15:53:00,CREW-20,VEH-043
OUT-00353,2020-02-03 02:02:00,2020-02-03 03:01:00,CREW-11,VEH-034
OUT-00354,2020-02-04 00:10:00,2020-02-04 00:50:00,CREW-02,VEH-009
OUT-00355,2020-02-04 16:10:00,2020-02-04 17:04:00,CREW-17,VEH-001
OUT-00356,2020-02-06 04:10:00,2020-02-06 05:07:00,CREW-08,VEH-042
OUT-00357,2020-02-08 12:10:00,2020-02-08 13:03:00,CREW-03,VEH-003
OUT-00358,2020-02-08 15:03:00,2020-02-08 15:54:00,CREW-12,VEH-044
OUT-00359,2020-02-09 17:04:00,2020-02-09 17:48:00,CREW-06,VEH-034
OUT-00360,2020-02-10 18:13:00,2020-02-10 18:46:00,CREW-05,VEH-044
OUT-00361,2020-02-10 19:12:00,2020-02-10 19:43:00,CREW-10,VEH-049
OUT-00362,2020-02-10 22:13:00,2020-02-10 22:43:00,CREW-19,VEH-008
OUT-00363,2020-02-11 23:06:00,2020-02-11 23:37:00,CREW-05,VEH-016
OUT-00364,2020-02-14 01:07:00,2020-02-14 01:29:00,CREW-18,VEH-025
OUT-00365,2020-02-14 03:13:00,2020-02-14 03:42:00,CREW-09,VEH-045
OUT-00366,2020-02-14 16:11:00,2020-02-14 16:57:00,CREW-10,VEH-016
OUT-00367,2020-02-15 18:08:00,2020-02-15 18:39:00,CREW-07,VEH-014
OUT-00368,2020-02-17 15:06:00,2020-02-17 15:27:00,CREW-09,VEH-048
OUT-00369,2020-02-17 16:09:00,2020-02-17 16:46:00,CREW-18,VEH-031
OUT-00370,2020-02-17 21:15:00,2020-02-17 22:08:00,CREW-03,VEH-018
OUT-00371,2020-02-20 01:12:00,2020-02-20 02:08:00,CREW-07,VEH-017
OUT-00372,2020-02-20 10:15:00,2020-02-20 11:00:00,CREW-03,VEH-044
OUT-00373,2020-02-20 18:13:00,2020-02-20 19:12:00,CREW-02,VEH-003
OUT-00374,2020-02-21 10:06:00,2020-02-21 11:03:00,CREW-08,VEH-026
OUT-00375,2020-02-21 15:08:00,2020-02-21 15:45:00,CREW-12,VEH-039
OUT-00376,2020-02-21 20:09:00,2020-02-21 20:27:00,CREW-13,VEH-018
OUT-00377,2020-02-25 14:02:00,2020-02-25 14:32:00,CREW-13,VEH-042
OUT-00378,2020-02-25 15:13:00,2020-02-25 15:29:00,CREW-03,VEH-042
OUT-00379,2020-02-25 15:03:00,2020-02-25 15:47:00,CREW-13,VEH-013
OUT-00380,2020-02-25 16:03:00,2020-02-25 16:49:00,CREW-03,VEH-039
OUT-00381,2020-02-25 16:15:00,2020-02-25 16:58:00,CREW-17,VEH-029
OUT-00382,2020-02-25 17:15:00,2020-02-25 18:13:00,CREW-16,VEH-044
OUT-00383,2020-02-25 18:10:00,2020-02-25 18:34:00,CREW-07,VEH-020
OUT-00384,2020-02-25 18:06:00,2020-02-25 18:21:00,CREW-17,VEH-003
OUT-00385,2020-02-25 18:14:00,2020-02-25 18:42:00,CREW-18,VEH-004
OUT-00386,2020-02-25 20:03:00,2020-02-25 20:54:00,CREW-16,VEH-001
OUT-00387,2020-02-25 20:06:00,2020-02-25 21:06:00,CREW-15,VEH-009
OUT-00388,2020-02-26 10:02:00,2020-02-26 10:40:00,CREW-04,VEH-012
OUT-00389,2020-02-26 13:12:00,2020-02-26 14:03:00,CREW-05,VEH-043
OUT-00390,2020-02-27 14:13:00,2020-02-27 14:33:00,CREW-07,VEH-046
OUT-00391,2020-02-28 16:09:00,2020-02-28 16:34:00,CREW-13,VEH-034
OUT-00392,2020-02-29 05:10:00,2020-02-29 05:31:00,CREW-20,VEH-004
OUT-00393,2020-03-01 21:12:00,2020-03-01 21:34:00,CREW-20,VEH-029
OUT-00394,2020-03-03 17:07:00,2020-03-03 18:06:00,CREW-14,VEH-010
OUT-00395,2020-03-04 04:12:00,2020-03-04 05:00:00,CREW-09,VEH-049
OUT-00396,2020-03-06 05:11:00,2020-03-06 05:28:00,CREW-06,VEH-005
OUT-00397,2020-03-06 15:06:00,2020-03-06 15:43:00,CREW-17,VEH-009
OUT-00398,2020-03-07 07:04:00,2020-03-07 07:38:00,CREW-17,VEH-042
OUT-00399,2020-03-07 18:04:00,2020-03-07 18:36:00,CREW-17,VEH-024
OUT-00400,2020-03-08 06:04:00,2020-03-08 06:50:00,CREW-03,VEH-038
OUT-00401,2020-03-08 07:14:00,2020-03-08 07:53:00,CREW-09,VEH-004
OUT-00402,2020-03-08 15:15:00,2020-03-08 16:06:00,CREW-02,VEH-011
OUT-00403,2020-03-08 17:10:00,2020-03-08 17:27:00,CREW-09,VEH-003
OUT-00404,2020-03-09 12:10:00,2020-03-09 12:58:00,CREW-12,VEH-042
OUT-00405,2020-03-10 08:10:00,2020-03-10 08:39:00,CREW-08,VEH-025
OUT-00406,2020-03-10 15:06:00,2020-03-10 15:31:00,CREW-02,VEH-024
OUT-00407,2020-03-11 06:13:00,2020-03-11 06:42:00,CREW-06,VEH-008
OUT-00408,2020-03-11 13:12:00,2020-03-11 13:31:00,CREW-16,VEH-026
OUT-00409,2020-03-15 20:03:00,2020-03-15 20:23:00,CREW-05,VEH-048
OUT-00410,2020-03-16 01:14:00,2020-03-16 01:56:00,CREW-05,VEH-013
OUT-00411,2020-03-16 09:02:00,2020-03-16 09:56:00,CREW-13,VEH-032
OUT-00412,2020-03-16 11:15:00,2020-03-16 11:58:00,CREW-19,VEH-003
OUT-00413,2020-03-17 12:09:00,2020-03-17 13:03:00,CREW-02,VEH-040
OUT-00414,2020-03-18 17:12:00,2020-03-18 17:39:00,CREW-13,VEH-033
OUT-00415,2020-03-19 11:07:00,2020-03-19 11:45:00,CREW-19,VEH-016
OUT-00416,2020-03-21 14:09:00,2020-03-21 14:51:00,CREW-01,VEH-048
OUT-00417,2020-03-22 03:10:00,2020-03-22 03:37:00,CREW-11,VEH-045
OUT-00418,2020-03-23 18:10:00,2020-03-23 19:06:00,CREW-04,VEH-027
OUT-00419,2020-03-23 20:07:00,2020-03-23 20:28:00,CREW-05,VEH-043
OUT-00420,2020-03-25 15:14:00,2020-03-25 15:59:00,CREW-10,VEH-010
OUT-00421,2020-03-25 20:12:00,2020-03-25 20:56:00,CREW-07,VEH-031
OUT-00422,2020-03-30 23:03:00,2020-03-30 23:53:00,CREW-02,VEH-014
OUT-00423,2020-04-03 16:14:00,2020-04-03 16:57:00,CREW-12,VEH-039
OUT-00424,2020-04-03 17:03:00,2020-04-03 17:49:00,CREW-13,VEH-046
OUT-00425,2020-04-05 05:12:00,2020-04-05 06:07:00,CREW-17,VEH-040
OUT-00426,2020-04-06 08:03:00,2020-04-06 08:41:00,CREW-13,VEH-035
OUT-00427,2020-04-07 10:07:00,2020-04-07 10:40:00,CREW-07,VEH-010
OUT-00428,2020-04-07 23:10:00,2020-04-07 23:56:00,CREW-02,VEH-028
OUT-00429,2020-04-09 06:13:00,2020-04-09 06:42:00,CREW-05,VEH-029
OUT-00430,2020-04-10 15:07:00,2020-04-10 15:25:00,CREW-20,VEH-032
OUT-00431,2020-04-10 16:05:00,2020-04-10 16:23:00,CREW-17,VEH-012
OUT-00432,2020-04-12 18:07:00,2020-04-12 18:38:00,CREW-10,VEH-001
OUT-00433,2020-04-13 03:07:00,2020-04-13 03:47:00,CREW-18,VEH-050
OUT-00434,2020-04-13 18:15:00,2020-04-13 18:58:00,CREW-12,VEH-036
OUT-00435,2020-04-15 00:12:00,2020-04-15 01:01:00,CREW-20,VEH-012
OUT-00436,2020-04-15 12:08:00,2020-04-15 12:51:00,CREW-11,VEH-033
OUT-00437,2020-04-15 13:07:00,2020-04-15 13:36:00,CREW-19,VEH-011
OUT-00438,2020-04-15 17:11:00,2020-04-15 17:48:00,CREW-02,VEH-046
OUT-00439,2020-04-16 16:03:00,2020-04-16 16:46:00,CREW-04,VEH-017
OUT-00440,2020-04-18 18:04:00,2020-04-18 18:31:00,CREW-09,VEH-039
OUT-00441,2020-04-20 11:08:00,2020-04-20 11:51:00,CREW-11,VEH-032
OUT-00442,2020-04-20 13:03:00,2020-04-20 13:31:00,CREW-20,VEH-022
OUT-00443,2020-04-22 04:12:00,2020-04-22 04:53:00,CREW-03,VEH-017
OUT-00444,2020-04-22 19:15:00,2020-04-22 20:13:00,CREW-15,VEH-016
OUT-00445,2020-04-26 14:06:00,2020-04-26 14:40:00,CREW-06,VEH-019
OUT-00446,2020-04-26 18:10:00,2020-04-26 18:29:00,CREW-03,VEH-001
OUT-00447,2020-04-27 02:11:00,2020-04-27 03:03:00,CREW-15,VEH-034
OUT-00448,2020-04-27 23:14:00,2020-04-28 00:03:00,CREW-17,VEH-025
OUT-00449,2020-04-28 03:09:00,2020-04-28 03:35:00,CREW-18,VEH-015
OUT-00450,2020-04-30 01:13:00,2020-04-30 01:43:00,CREW-08,VEH-046
OUT-00451,2020-05-03 16:10:00,2020-05-03 16:41:00,CREW-08,VEH-015
OUT-00452,2020-05-05 18:12:00,2020-05-05 19:12:00,CREW-18,VEH-007
OUT-00453,2020-05-07 09:04:00,2020-05-07 09:47:00,CREW-12,VEH-024
OUT-00454,2020-05-07 22:13:00,2020-05-07 22:30:00,CREW-20,VEH-046
OUT-00455,2020-05-08 04:10:00,2020-05-08 04:54:00,CREW-14,VEH-007
OUT-00456,2020-05-10 07:02:00,2020-05-10 08:00:00,CREW-20,VEH-036
OUT-00457,2020-05-10 16:10:00,2020-05-10 17:02:00,CREW-16,VEH-022
OUT-00458,2020-05-14 17:07:00,2020-05-14 17:23:00,CREW-08,VEH-011
OUT-00459,2020-05-15 00:14:00,2020-05-15 00:45:00,CREW-08,VEH-021
OUT-00460,2020-05-15 18:03:00,2020-05-15 18:47:00,CREW-18,VEH-046
OUT-00461,2020-05-19 01:07:00,2020-05-19 01:53:00,CREW-11,VEH-045
OUT-00462,2020-05-19 12:10:00,2020-05-19 12:57:00,CREW-06,VEH-041
OUT-00463,2020-05-21 15:09:00,2020-05-21 15:34:00,CREW-19,VEH-024
OUT-00464,2020-05-23 15:10:00,2020-05-23 15:41:00,CREW-12,VEH-046
OUT-00465,2020-05-24 18:07:00,2020-05-24 18:43:00,CREW-20,VEH-033
OUT-00466,2020-05-26 17:11:00,2020-05-26 18:05:00,CREW-18,VEH-033
OUT-00467,2020-05-26 21:03:00,2020-05-26 21:50:00,CREW-01,VEH-041
OUT-00468,2020-05-27 05:14:00,2020-05-27 05:58:00,CREW-01,VEH-013
OUT-00469,2020-05-27 08:05:00,2020-05-27 08:45:00,CREW-07,VEH-002
OUT-00470,2020-05-27 11:07:00,2020-05-27 12:00:00,CREW-14,VEH-050
OUT-00471,2020-05-29 10:03:00,2020-05-29 10:59:00,CREW-12,VEH-049
OUT-00472,2020-05-29 13:09:00,2020-05-29 13:34:00,CREW-03,VEH-006
OUT-00473,2020-05-30 08:10:00,2020-05-30 08:30:00,CREW-09,VEH-039
OUT-00474,2020-06-01 22:10:00,2020-06-01 22:36:00,CREW-08,VEH-008
OUT-00475,2020-06-02 13:03:00,2020-06-02 13:45:00,CREW-20,VEH-047
OUT-00476,2020-06-04 16:12:00,2020-06-04 16:33:00,CREW-11,VEH-020
OUT-00477,2020-06-04 16:05:00,2020-06-04 16:25:00,CREW-03,VEH-041
OUT-00478,2020-06-04 18:13:00,2020-06-04 19:09:00,CREW-14,VEH-011
OUT-00479,2020-06-05 18:03:00,2020-06-05 18:29:00,CREW-12,VEH-013
OUT-00480,2020-06-06 13:10:00,2020-06-06 14:09:00,CREW-19,VEH-019
OUT-00481,2020-06-07 15:08:00,2020-06-07 16:08:00,CREW-04,VEH-045
OUT-00482,2020-06-07 17:09:00,2020-06-07 17:52:00,CREW-19,VEH-044
OUT-00483,2020-06-09 13:03:00,2020-06-09 13:23:00,CREW-18,VEH-019
OUT-00484,2020-06-10 15:07:00,2020-06-10 15:58:00,CREW-09,VEH-003
OUT-00485,2020-06-10 17:13:00,2020-06-10 17:37:00,CREW-19,VEH-035
OUT-00486,2020-06-11 13:14:00,2020-06-11 13:57:00,CREW-15,VEH-033
OUT-00487,2020-06-11 13:08:00,2020-06-11 13:34:00,CREW-17,VEH-030
OUT-00488,2020-06-11 17:06:00,2020-06-11 17:51:00,CREW-20,VEH-037
OUT-00489,2020-06-14 14:05:00,2020-06-14 14:47:00,CREW-12,VEH-020
OUT-00490,2020-06-15 17:13:00,2020-06-15 17:51:00,CREW-18,VEH-049
OUT-00491,2020-06-16 13:04:00,2020-06-16 13:50:00,CREW-09,VEH-036
OUT-00492,2020-06-17 16:11:00,2020-06-17 16:59:00,CREW-04,VEH-002
OUT-00493,2020-06-19 13:03:00,2020-06-19 13:53:00,CREW-06,VEH-039
OUT-00494,2020-06-19 14:11:00,2020-06-19 14:37:00,CREW-03,VEH-045
OUT-00495,2020-06-19 16:03:00,2020-06-19 16:57:00,CREW-15,VEH-033
OUT-00496,2020-06-21 03:04:00,2020-06-21 03:44:00,CREW-08,VEH-036
OUT-00497,2020-06-21 13:15:00,2020-06-21 13:52:00,CREW-10,VEH-044
OUT-00498,2020-06-21 15:15:00,2020-06-21 15:43:00,CREW-02,VEH-037
OUT-00499,2020-06-21 18:06:00,2020-06-21 18:58:00,CREW-13,VEH-041
OUT-00500,2020-06-22 16:15:00,2020-06-22 16:43:00,CREW-07,VEH-025
OUT-00501,2020-06-22 16:05:00,2020-06-22 16:21:00,CREW-07,VEH-006
OUT-00502,2020-06-22 18:02:00,2020-06-22 18:41:00,CREW-02,VEH-035
OUT-00503,2020-06-23 15:06:00,2020-06-23 15:25:00,CREW-01,VEH-040
OUT-00504,2020-06-23 18:13:00,2020-06-23 19:03:00,CREW-13,VEH-023
OUT-00505,2020-06-24 17:12:00,2020-06-24 17:36:00,CREW-03,VEH-014
OUT-00506,2020-06-24 17:11:00,2020-06-24 17:54:00,CREW-10,VEH-012
OUT-00507,2020-06-25 14:15:00,2020-06-25 15:10:00,CREW-01,VEH-005
OUT-00508,2020-06-26 13:05:00,2020-06-26 13:27:00,CREW-11,VEH-012
OUT-00509,2020-06-26 13:02:00,2020-06-26 13:36:00,CREW-11,VEH-037
OUT-00510,2020-06-26 14:06:00,2020-06-26 14:32:00,CREW-05,VEH-049
OUT-00511,2020-06-26 16:02:00,2020-06-26 17:00:00,CREW-15,VEH-015
OUT-00512,2020-06-27 14:07:00,2020-06-27 15:05:00,CREW-20,VEH-050
OUT-00513,2020-06-27 17:15:00,2020-06-27 17:31:00,CREW-09,VEH-037
OUT-00514,2020-06-28 14:05:00,2020-06-28 14:45:00,CREW-01,VEH-035
OUT-00515,2020-06-28 15:07:00,2020-06-28 15:58:00,CREW-05,VEH-033
OUT-00516,2020-06-28 18:02:00,2020-06-28 18:30:00,CREW-12,VEH-042
OUT-00517,2020-06-29 13:05:00,2020-06-29 13:43:00,CREW-11,VEH-034
OUT-00518,2020-06-29 15:10:00,2020-06-29 15:53:00,CREW-07,VEH-031
OUT-00519,2020-06-29 17:09:00,2020-06-29 18:06:00,CREW-18,VEH-023
OUT-00520,2020-06-30 13:13:00,2020-06-30 14:05:00,CREW-20,VEH-023
OUT-00521,2020-06-30 13:15:00,2020-06-30 14:14:00,CREW-20,VEH-016
OUT-00522,2020-06-30 18:03:00,2020-06-30 18:59:00,CREW-08,VEH-050
OUT-00523,2020-07-01 16:06:00,2020-07-01 16:21:00,CREW-08,VEH-029
OUT-00524,2020-07-02 13:07:00,2020-07-02 13:26:00,CREW-15,VEH-022
OUT-00525,2020-07-02 15:03:00,2020-07-02 15:18:00,CREW-11,VEH-010
OUT-00526,2020-07-03 13:15:00,2020-07-03 13:47:00,CREW-17,VEH-026
OUT-00527,2020-07-05 14:09:00,2020-07-05 15:03:00,CREW-17,VEH-012
OUT-00528,2020-07-05 14:12:00,2020-07-05 14:34:00,CREW-14,VEH-004
OUT-00529,2020-07-05 16:02:00,2020-07-05 16:17:00,CREW-19,VEH-031
OUT-00530,2020-07-05 16:15:00,2020-07-05 16:34:00,CREW-09,VEH-026
OUT-00531,2020-07-05 16:15:00,2020-07-05 16:57:00,CREW-02,VEH-050
OUT-00532,2020-07-05 16:07:00,2020-07-05 16:30:00,CREW-01,VEH-041
OUT-00533,2020-07-05 18:10:00,2020-07-05 18:37:00,CREW-09,VEH-013
OUT-00534,2020-07-05 19:10:00,2020-07-05 19:35:00,CREW-04,VEH-034
OUT-00535,2020-07-05 19:14:00,2020-07-05 20:06:00,CREW-14,VEH-004
OUT-00536,2020-07-05 20:07:00,2020-07-05 20:40:00,CREW-06,VEH-034
OUT-00537,2020-07-05 20:03:00,2020-07-05 20:30:00,CREW-09,VEH-023
OUT-00538,2020-07-05 20:04:00,2020-07-05 21:03:00,CREW-11,VEH-001
OUT-00539,2020-07-06 10:09:00,2020-07-06 10:30:00,CREW-15,VEH-001
OUT-00540,2020-07-06 17:13:00,2020-07-06 17:34:00,CREW-15,VEH-021
OUT-00541,2020-07-09 14:04:00,2020-07-09 14:47:00,CREW-01,VEH-049
OUT-00542,2020-07-09 14:02:00,2020-07-09 14:51:00,CREW-12,VEH-038
OUT-00543,2020-07-09 14:11:00,2020-07-09 14:36:00,CREW-03,VEH-008
OUT-00544,2020-07-09 15:15:00,2020-07-09 15:43:00,CREW-10,VEH-002
OUT-00545,2020-07-09 16:15:00,2020-07-09 16:38:00,CREW-03,VEH-021
OUT-00546,2020-07-09 16:11:00,2020-07-09 16:33:00,CREW-16,VEH-002
OUT-00547,2020-07-09 17:07:00,2020-07-09 17:49:00,CREW-12,VEH-005
OUT-00548,2020-07-09 17:03:00,2020-07-09 17:54:00,CREW-15,VEH-044
OUT-00549,2020-07-09 19:05:00,2020-07-09 19:34:00,CREW-11,VEH-048
OUT-00550,2020-07-09 20:08:00,2020-07-09 20:28:00,CREW-14,VEH-050
OUT-00551,2020-07-10 15:13:00,2020-07-10 16:10:00,CREW-13,VEH-021
OUT-00552,2020-07-13 13:08:00,2020-07-13 14:05:00,CREW-16,VEH-047
OUT-00553,2020-07-13 14:06:00,2020-07-13 14:35:00,CREW-04,VEH-011
OUT-00554,2020-07-13 14:04:00,2020-07-13 14:33:00,CREW-04,VEH-021
OUT-00555,2020-07-13 17:14:00,2020-07-13 17:50:00,CREW-19,VEH-034
OUT-00556,2020-07-14 16:15:00,2020-07-14 16:33:00,CREW-16,VEH-046
OUT-00557,2020-07-14 17:12:00,2020-07-14 17:55:00,CREW-15,VEH-028
OUT-00558,2020-07-14 18:04:00,2020-07-14 18:26:00,CREW-16,VEH-042
OUT-00559,2020-07-14 18:05:00,2020-07-14 18:49:00,CREW-18,VEH-002
OUT-00560,2020-07-15 15:02:00,2020-07-15 15:29:00,CREW-04,VEH-026
OUT-00561,2020-07-16 14:10:00,2020-07-16 14:54:00,CREW-11,VEH-007
OUT-00562,2020-07-16 18:13:00,2020-07-16 18:37:00,CREW-07,VEH-013
OUT-00563,2020-07-17 15:08:00,2020-07-17 16:04:00,CREW-10,VEH-036
OUT-00564,2020-07-17 17:05:00,2020-07-17 17:23:00,CREW-07,VEH-001
OUT-00565,2020-07-19 01:13:00,2020-07-19 02:12:00,CREW-10,VEH-047
OUT-00566,2020-07-19 13:12:00,2020-07-19 13:39:00,CREW-09,VEH-026
OUT-00567,2020-07-20 08:10:00,2020-07-20 08:39:00,CREW-10,VEH-024
OUT-00568,2020-07-21 17:11:00,2020-07-21 18:07:00,CREW-08,VEH-024
OUT-00569,2020-07-22 15:02:00,2020-07-22 15:42:00,CREW-05,VEH-004
OUT-00570,2020-07-23 13:03:00,2020-07-23 13:41:00,CREW-19,VEH-036
OUT-00571,2020-07-23 14:13:00,2020-07-23 15:06:00,CREW-10,VEH-025
OUT-00572,2020-07-23 16:03:00,2020-07-23 16:36:00,CREW-04,VEH-010
OUT-00573,2020-07-23 17:02:00,2020-07-23 17:21:00,CREW-15,VEH-049
OUT-00574,2020-07-23 18:04:00,2020-07-23 19:02:00,CREW-02,VEH-033
OUT-00575,2020-07-24 15:08:00,2020-07-24 15:43:00,CREW-17,VEH-022
OUT-00576,2020-07-24 18:06:00,2020-07-24 18:35:00,CREW-03,VEH-028
OUT-00577,2020-07-25 13:08:00,2020-07-25 13:54:00,CREW-11,VEH-010
OUT-00578,2020-07-26 13:10:00,2020-07-26 13:38:00,CREW-13,VEH-025
OUT-00579,2020-07-26 14:03:00,2020-07-26 14:52:00,CREW-07,VEH-021
OUT-00580,2020-07-27 15:03:00,2020-07-27 15:20:00,CREW-10,VEH-039
OUT-00581,2020-07-27 16:10:00,2020-07-27 16:35:00,CREW-07,VEH-024
OUT-00582,2020-07-29 15:13:00,2020-07-29 16:13:00,CREW-19,VEH-004
OUT-00583,2020-07-30 01:11:00,2020-07-30 02:03:00,CREW-10,VEH-032
OUT-00584,2020-07-30 16:08:00,2020-07-30 17:07:00,CREW-14,VEH-036
OUT-00585,2020-07-30 17:09:00,2020-07-30 18:00:00,CREW-01,VEH-036
OUT-00586,2020-07-31 17:04:00,2020-07-31 17:27:00,CREW-08,VEH-033
OUT-00587,2020-08-01 13:12:00,2020-08-01 13:32:00,CREW-09,VEH-039
OUT-00588,2020-08-01 16:05:00,2020-08-01 16:32:00,CREW-17,VEH-002
OUT-00589,2020-08-02 15:13:00,2020-08-02 15:32:00,CREW-12,VEH-027
OUT-00590,2020-08-02 15:06:00,2020-08-02 15:28:00,CREW-06,VEH-008
OUT-00591,2020-08-02 16:03:00,2020-08-02 16:20:00,CREW-12,VEH-003
OUT-00592,2020-08-04 16:07:00,2020-08-04 16:27:00,CREW-02,VEH-023
OUT-00593,2020-08-05 16:13:00,2020-08-05 16:29:00,CREW-06,VEH-017
OUT-00594,2020-08-08 13:04:00,2020-08-08 13:52:00,CREW-20,VEH-008
OUT-00595,2020-08-10 13:07:00,2020-08-10 14:05:00,CREW-04,VEH-005
OUT-00596,2020-08-10 15:14:00,2020-08-10 15:57:00,CREW-15,VEH-016
OUT-00597,2020-08-10 16:11:00,2020-08-10 16:55:00,CREW-16,VEH-012
OUT-00598,2020-08-10 16:02:00,2020-08-10 16:32:00,CREW-12,VEH-008
OUT-00599,2020-08-10 16:05:00,2020-08-10 16:22:00,CREW-16,VEH-030
OUT-00600,2020-08-10 16:14:00,2020-08-10 16:51:00,CREW-19,VEH-040
OUT-00601,2020-08-10 18:07:00,2020-08-10 18:26:00,CREW-20,VEH-040
OUT-00602,2020-08-10 18:09:00,2020-08-10 19:07:00,CREW-01,VEH-030
OUT-00603,2020-08-11 17:06:00,2020-08-11 17:40:00,CREW-06,VEH-022
OUT-00604,2020-08-11 17:03:00,2020-08-11 17:25:00,CREW-07,VEH-032
OUT-00605,2020-08-11 17:02:00,2020-08-11 17:32:00,CREW-12,VEH-038
OUT-00606,2020-08-12 13:05:00,2020-08-12 13:53:00,CREW-14,VEH-036
OUT-00607,2020-08-12 18:02:00,2020-08-12 18:39:00,CREW-18,VEH-045
OUT-00608,2020-08-13 14:03:00,2020-08-13 14:58:00,CREW-02,VEH-027
OUT-00609,2020-08-13 15:10:00,2020-08-13 15:33:00,CREW-01,VEH-011
OUT-00610,2020-08-13 15:04:00,2020-08-13 15:41:00,CREW-04,VEH-018
OUT-00611,2020-08-13 15:08:00,2020-08-13 15:28:00,CREW-03,VEH-022
OUT-00612,2020-08-13 18:12:00,2020-08-13 18:41:00,CREW-05,VEH-042
OUT-00613,2020-08-13 19:13:00,2020-08-13 20:09:00,CREW-06,VEH-018
OUT-00614,2020-08-13 19:14:00,2020-08-13 20:03:00,CREW-10,VEH-030
OUT-00615,2020-08-13 19:15:00,2020-08-13 19:35:00,CREW-03,VEH-016
OUT-00616,2020-08-13 20:08:00,2020-08-13 20:36:00,CREW-09,VEH-015
OUT-00617,2020-08-14 13:06:00,2020-08-14 13:55:00,CREW-02,VEH-027
OUT-00618,2020-08-14 13:03:00,2020-08-14 13:52:00,CREW-18,VEH-014
OUT-00619,2020-08-15 17:05:00,2020-08-15 17:37:00,CREW-10,VEH-025
OUT-00620,2020-08-16 15:03:00,2020-08-16 15:42:00,CREW-01,VEH-036
OUT-00621,2020-08-17 14:15:00,2020-08-17 14:30:00,CREW-14,VEH-016
OUT-00622,2020-08-17 16:07:00,2020-08-17 17:07:00,CREW-20,VEH-003
OUT-00623,2020-08-17 17:04:00,2020-08-17 17:59:00,CREW-06,VEH-025
OUT-00624,2020-08-18 17:14:00,2020-08-18 18:02:00,CREW-08,VEH-021
OUT-00625,2020-08-18 18:03:00,2020-08-18 18:21:00,CREW-15,VEH-004
OUT-00626,2020-08-20 13:14:00,2020-08-20 13:40:00,CREW-13,VEH-031
OUT-00627,2020-08-20 16:15:00,2020-08-20 16:49:00,CREW-18,VEH-029
OUT-00628,2020-08-20 16:13:00,2020-08-20 16:33:00,CREW-11,VEH-002
OUT-00629,2020-08-20 16:13:00,2020-08-20 16:50:00,CREW-19,VEH-031
OUT-00630,2020-08-20 17:04:00,2020-08-20 17:23:00,CREW-19,VEH-034
OUT-00631,2020-08-20 18:11:00,2020-08-20 18:50:00,CREW-02,VEH-011
OUT-00632,2020-08-20 19:03:00,2020-08-20 19:48:00,CREW-15,VEH-009
OUT-00633,2020-08-20 19:08:00,2020-08-20 19:41:00,CREW-09,VEH-035
OUT-00634,2020-08-20 20:06:00,2020-08-20 20:29:00,CREW-14,VEH-007
OUT-00635,2020-08-20 20:13:00,2020-08-20 21:00:00,CREW-04,VEH-004
OUT-00636,2020-08-21 13:08:00,2020-08-21 14:02:00,CREW-17,VEH-037
OUT-00637,2020-08-21 17:08:00,2020-08-21 17:51:00,CREW-20,VEH-036
OUT-00638,2020-08-22 13:13:00,2020-08-22 14:05:00,CREW-07,VEH-050
OUT-00639,2020-08-22 13:06:00,2020-08-22 13:55:00,CREW-07,VEH-027
OUT-00640,2020-08-22 15:13:00,2020-08-22 15:49:00,CREW-14,VEH-007
OUT-00641,2020-08-22 17:06:00,2020-08-22 17:42:00,CREW-05,VEH-002
OUT-00642,2020-08-23 15:15:00,2020-08-23 15:56:00,CREW-06,VEH-015
OUT-00643,2020-08-23 15:06:00,2020-08-23 15:30:00,CREW-07,VEH-005
OUT-00644,2020-08-23 17:02:00,2020-08-23 17:29:00,CREW-18,VEH-045
OUT-00645,2020-08-23 17:06:00,2020-08-23 17:38:00,CREW-05,VEH-045
OUT-00646,2020-08-23 18:05:00,2020-08-23 18:36:00,CREW-03,VEH-049
OUT-00647,2020-08-23 18:13:00,2020-08-23 18:38:00,CREW-20,VEH-026
OUT-00648,2020-08-23 19:15:00,2020-08-23 19:33:00,CREW-02,VEH-048
OUT-00649,2020-08-23 19:13:00,2020-08-23 19:45:00,CREW-08,VEH-035
OUT-00650,2020-08-23 19:10:00,2020-08-23 19:53:00,CREW-20,VEH-029
OUT-00651,2020-08-24 15:07:00,2020-08-24 16:03:00,CREW-10,VEH-013
OUT-00652,2020-08-25 00:02:00,2020-08-25 00:57:00,CREW-17,VEH-009
OUT-00653,2020-08-25 13:10:00,2020-08-25 13:25:00,CREW-02,VEH-048
OUT-00654,2020-08-25 13:14:00,2020-08-25 14:01:00,CREW-10,VEH-050
OUT-00655,2020-08-25 14:11:00,2020-08-25 15:05:00,CREW-11,VEH-034
OUT-00656,2020-08-26 14:09:00,2020-08-26 14:45:00,CREW-08,VEH-049
OUT-00657,2020-08-26 14:02:00,2020-08-26 14:39:00,CREW-13,VEH-019
OUT-00658,2020-08-26 15:06:00,2020-08-26 15:52:00,CREW-12,VEH-001
OUT-00659,2020-08-26 15:08:00,2020-08-26 15:59:00,CREW-08,VEH-013
OUT-00660,2020-08-26 16:09:00,2020-08-26 16:46:00,CREW-11,VEH-001
OUT-00661,2020-08-26 19:14:00,2020-08-26 19:52:00,CREW-03,VEH-024
OUT-00662,2020-08-26 19:02:00,2020-08-26 19:21:00,CREW-20,VEH-021
OUT-00663,2020-08-28 13:09:00,2020-08-28 13:54:00,CREW-14,VEH-036
OUT-00664,2020-08-28 14:12:00,2020-08-28 14:41:00,CREW-19,VEH-007
OUT-00665,2020-08-28 15:04:00,2020-08-28 15:46:00,CREW-19,VEH-043
OUT-00666,2020-08-28 15:11:00,2020-08-28 15:30:00,CREW-05,VEH-030
OUT-00667,2020-08-28 15:07:00,2020-08-28 15:53:00,CREW-08,VEH-010
OUT-00668,2020-08-28 16:07:00,2020-08-28 16:53:00,CREW-16,VEH-028
OUT-00669,2020-08-28 16:02:00,2020-08-28 16:47:00,CREW-08,VEH-040
OUT-00670,2020-08-28 17:10:00,2020-08-28 17:33:00,CREW-02,VEH-015
OUT-00671,2020-08-28 17:03:00,2020-08-28 17:20:00,CREW-17,VEH-036
OUT-00672,2020-08-28 18:15:00,2020-08-28 18:33:00,CREW-14,VEH-041
OUT-00673,2020-08-28 20:10:00,2020-08-28 20:49:00,CREW-18,VEH-010
OUT-00674,2020-08-29 15:06:00,2020-08-29 15:56:00,CREW-12,VEH-027
OUT-00675,2020-08-29 16:09:00,2020-08-29 16:25:00,CREW-13,VEH-032
OUT-00676,2020-08-30 03:13:00,2020-08-30 04:01:00,CREW-11,VEH-010
OUT-00677,2020-08-30 15:02:00,2020-08-30 15:56:00,CREW-18,VEH-009
OUT-00678,2020-08-31 14:10:00,2020-08-31 15:04:00,CREW-14,VEH-025
OUT-00679,2020-08-31 15:03:00,2020-08-31 15:39:00,CREW-20,VEH-030
OUT-00680,2020-08-31 17:05:00,2020-08-31 17:40:00,CREW-12,VEH-032
OUT-00681,2020-09-01 18:04:00,2020-09-01 19:04:00,CREW-17,VEH-021
OUT-00682,2020-09-02 13:04:00,2020-09-02 13:50:00,CREW-07,VEH-049
OUT-00683,2020-09-02 15:13:00,2020-09-02 16:08:00,CREW-15,VEH-018
OUT-00684,2020-09-04 18:06:00,2020-09-04 18:33:00,CREW-08,VEH-046
OUT-00685,2020-09-05 14:09:00,2020-09-05 15:09:00,CREW-07,VEH-023
OUT-00686,2020-09-05 18:13:00,2020-09-05 18:59:00,CREW-11,VEH-022
OUT-00687,2020-09-05 18:07:00,2020-09-05 19:04:00,CREW-13,VEH-018
OUT-00688,2020-09-08 14:03:00,2020-09-08 14:46:00,CREW-15,VEH-027
OUT-00689,2020-09-08 16:03:00,2020-09-08 16:48:00,CREW-15,VEH-023
OUT-00690,2020-09-08 17:09:00,2020-09-08 18:07:00,CREW-13,VEH-022
OUT-00691,2020-09-09 13:12:00,2020-09-09 14:03:00,CREW-01,VEH-003
OUT-00692,2020-09-09 13:07:00,2020-09-09 13:40:00,CREW-07,VEH-044
OUT-00693,2020-09-09 17:10:00,2020-09-09 18:01:00,CREW-15,VEH-008
OUT-00694,2020-09-10 13:11:00,2020-09-10 13:41:00,CREW-08,VEH-001
OUT-00695,2020-09-10 15:13:00,2020-09-10 15:32:00,CREW-03,VEH-001
OUT-00696,2020-09-11 15:05:00,2020-09-11 15:59:00,CREW-03,VEH-032
OUT-00697,2020-09-11 15:11:00,2020-09-11 15:59:00,CREW-11,VEH-025
OUT-00698,2020-09-12 15:11:00,2020-09-12 15:46:00,CREW-14,VEH-039
OUT-00699,2020-09-12 17:12:00,2020-09-12 17:53:00,CREW-02,VEH-041
OUT-00700,2020-09-12 17:14:00,2020-09-12 17:37:00,CREW-20,VEH-036
OUT-00701,2020-09-12 18:07:00,2020-09-12 19:03:00,CREW-12,VEH-017
OUT-00702,2020-09-12 18:15:00,2020-09-12 18:43:00,CREW-02,VEH-020
OUT-00703,2020-09-13 14:12:00,2020-09-13 14:42:00,CREW-19,VEH-031
OUT-00704,2020-09-13 15:08:00,2020-09-13 15:28:00,CREW-19,VEH-037
OUT-00705,2020-09-13 16:11:00,2020-09-13 16:29:00,CREW-15,VEH-004
OUT-00706,2020-09-13 16:05:00,2020-09-13 16:29:00,CREW-03,VEH-026
OUT-00707,2020-09-13 17:06:00,2020-09-13 17:58:00,CREW-08,VEH-039
OUT-00708,2020-09-13 17:06:00,2020-09-13 17:30:00,CREW-06,VEH-046
OUT-00709,2020-09-13 18:05:00,2020-09-13 19:04:00,CREW-20,VEH-017
OUT-00710,2020-09-13 18:08:00,2020-09-13 18:29:00,CREW-04,VEH-029
OUT-00711,2020-09-13 19:15:00,2020-09-13 19:32:00,CREW-05,VEH-016
OUT-00712,2020-09-13 19:11:00,2020-09-13 19:29:00,CREW-02,VEH-030
OUT-00713,2020-09-14 13:03:00,2020-09-14 13:36:00,CREW-19,VEH-049
OUT-00714,2020-09-17 15:15:00,2020-09-17 15:48:00,CREW-13,VEH-012
OUT-00715,2020-09-18 19:15:00,2020-09-18 20:07:00,CREW-04,VEH-019
OUT-00716,2020-09-19 14:14:00,2020-09-19 15:04:00,CREW-17,VEH-033
OUT-00717,2020-09-19 14:03:00,2020-09-19 14:45:00,CREW-15,VEH-011
OUT-00718,2020-09-19 14:10:00,2020-09-19 15:09:00,CREW-01,VEH-017
OUT-00719,2020-09-19 15:07:00,2020-09-19 15:25:00,CREW-20,VEH-048
OUT-00720,2020-09-19 16:12:00,2020-09-19 16:41:00,CREW-06,VEH-047
OUT-00721,2020-09-19 16:15:00,2020-09-19 16:40:00,CREW-07,VEH-009
OUT-00722,2020-09-19 16:11:00,2020-09-19 16:41:00,CREW-05,VEH-010
OUT-00723,2020-09-19 16:03:00,2020-09-19 16:20:00,CREW-13,VEH-043
OUT-00724,2020-09-19 17:02:00,2020-09-19 17:46:00,CREW-13,VEH-006
OUT-00725,2020-09-19 17:02:00,2020-09-19 18:01:00,CREW-19,VEH-019
OUT-00726,2020-09-19 18:11:00,2020-09-19 19:00:00,CREW-14,VEH-026
OUT-00727,2020-09-19 18:04:00,2020-09-19 18:23:00,CREW-05,VEH-020
OUT-00728,2020-09-20 15:02:00,2020-09-20 15:37:00,CREW-10,VEH-005
OUT-00729,2020-09-21 13:05:00,2020-09-21 13:25:00,CREW-04,VEH-039
OUT-00730,2020-09-21 14:08:00,2020-09-21 14:57:00,CREW-01,VEH-024
OUT-00731,2020-09-21 16:10:00,2020-09-21 17:00:00,CREW-06,VEH-041
OUT-00732,2020-09-21 18:07:00,2020-09-21 19:07:00,CREW-12,VEH-031
OUT-00733,2020-09-22 18:05:00,2020-09-22 18:43:00,CREW-04,VEH-021
OUT-00734,2020-09-23 09:15:00,2020-09-23 09:53:00,CREW-12,VEH-042
OUT-00735,2020-09-23 14:15:00,2020-09-23 14:51:00,CREW-07,VEH-035
OUT-00736,2020-09-23 16:08:00,2020-09-23 16:50:00,CREW-14,VEH-010
OUT-00737,2020-09-24 15:07:00,2020-09-24 15:52:00,CREW-10,VEH-025
OUT-00738,2020-09-24 18:14:00,2020-09-24 18:34:00,CREW-12,VEH-009
OUT-00739,2020-09-25 14:14:00,2020-09-25 15:04:00,CREW-11,VEH-020
OUT-00740,2020-09-26 15:03:00,2020-09-26 16:00:00,CREW-04,VEH-050
OUT-00741,2020-09-26 18:02:00,2020-09-26 18:43:00,CREW-07,VEH-006
OUT-00742,2020-09-27 15:03:00,2020-09-27 15:49:00,CREW-11,VEH-020
OUT-00743,2020-09-27 17:09:00,2020-09-27 17:38:00,CREW-16,VEH-007
OUT-00744,2020-09-28 15:06:00,2020-09-28 16:02:00,CREW-12,VEH-014
OUT-00745,2020-09-29 15:10:00,2020-09-29 16:01:00,CREW-18,VEH-005
OUT-00746,2020-09-29 15:04:00,2020-09-29 15:41:00,CREW-05,VEH-024
OUT-00747,2020-09-29 16:02:00,2020-09-29 16:35:00,CREW-19,VEH-025
OUT-00748,2020-09-30 15:06:00,2020-09-30 15:32:00,CREW-09,VEH-033
OUT-00749,2020-09-30 15:03:00,2020-09-30 15:21:00,CREW-10,VEH-007
OUT-00750,2020-09-30 15:07:00,2020-09-30 15:54:00,CREW-17,VEH-024
OUT-00751,2020-09-30 17:14:00,2020-09-30 18:02:00,CREW-11,VEH-041
OUT-00752,2020-09-30 18:08:00,2020-09-30 18:44:00,CREW-17,VEH-017
OUT-00753,2020-09-30 18:03:00,2020-09-30 18:23:00,CREW-14,VEH-006
OUT-00754,2020-09-30 19:03:00,2020-09-30 19:18:00,CREW-10,VEH-021
OUT-00755,2020-09-30 19:06:00,2020-09-30 19:22:00,CREW-16,VEH-002
OUT-00756,2020-10-02 04:11:00,2020-10-02 04:59:00,CREW-16,VEH-048
OUT-00757,2020-10-03 17:04:00,2020-10-03 17:57:00,CREW-12,VEH-024
OUT-00758,2020-10-04 13:09:00,2020-10-04 14:01:00,CREW-10,VEH-035
OUT-00759,2020-10-04 16:04:00,2020-10-04 16:50:00,CREW-07,VEH-021
OUT-00760,2020-10-05 19:05:00,2020-10-05 19:45:00,CREW-04,VEH-046
OUT-00761,2020-10-08 15:05:00,2020-10-08 15:41:00,CREW-15,VEH-040
OUT-00762,2020-10-11 19:06:00,2020-10-11 19:35:00,CREW-20,VEH-028
OUT-00763,2020-10-12 16:15:00,2020-10-12 16:56:00,CREW-09,VEH-040
OUT-00764,2020-10-13 05:11:00,2020-10-13 05:53:00,CREW-17,VEH-002
OUT-00765,2020-10-13 10:10:00,2020-10-13 10:27:00,CREW-08,VEH-044
OUT-00766,2020-10-17 19:02:00,2020-10-17 19:58:00,CREW-20,VEH-035
OUT-00767,2020-10-19 15:07:00,2020-10-19 16:00:00,CREW-20,VEH-023
OUT-00768,2020-10-20 07:10:00,2020-10-20 08:07:00,CREW-19,VEH-005
OUT-00769,2020-10-20 20:04:00,2020-10-20 20:29:00,CREW-12,VEH-010
OUT-00770,2020-10-21 16:09:00,2020-10-21 16:47:00,CREW-09,VEH-036
OUT-00771,2020-10-22 07:06:00,2020-10-22 07:41:00,CREW-08,VEH-009
OUT-00772,2020-10-23 14:15:00,2020-10-23 15:09:00,CREW-18,VEH-042
OUT-00773,2020-10-23 23:13:00,2020-10-23 23:47:00,CREW-06,VEH-012
OUT-00774,2020-10-24 09:03:00,2020-10-24 09:24:00,CREW-16,VEH-003
OUT-00775,2020-10-26 02:14:00,2020-10-26 02:31:00,CREW-18,VEH-043
OUT-00776,2020-10-26 13:09:00,2020-10-26 14:01:00,CREW-01,VEH-028
OUT-00777,2020-10-30 06:02:00,2020-10-30 06:24:00,CREW-05,VEH-032
OUT-00778,2020-11-01 06:13:00,2020-11-01 07:10:00,CREW-05,VEH-004
OUT-00779,2020-11-02 16:15:00,2020-11-02 16:35:00,CREW-14,VEH-019
OUT-00780,2020-11-03 15:10:00,2020-11-03 15:36:00,CREW-11,VEH-046
OUT-00781,2020-11-04 16:08:00,2020-11-04 16:38:00,CREW-01,VEH-045
OUT-00782,2020-11-04 19:08:00,2020-11-04 19:43:00,CREW-13,VEH-034
OUT-00783,2020-11-06 11:05:00,2020-11-06 11:47:00,CREW-06,VEH-031
OUT-00784,2020-11-06 23:12:00,2020-11-06 23:53:00,CREW-05,VEH-025
OUT-00785,2020-11-08 07:04:00,2020-11-08 07:51:00,CREW-04,VEH-025
OUT-00786,2020-11-08 07:05:00,2020-11-08 07:53:00,CREW-05,VEH-035
OUT-00787,2020-11-09 17:14:00,2020-11-09 17:56:00,CREW-09,VEH-038
OUT-00788,2020-11-10 04:03:00,2020-11-10 04:23:00,CREW-19,VEH-044
OUT-00789,2020-11-12 16:10:00,2020-11-12 16:35:00,CREW-02,VEH-047
OUT-00790,2020-11-13 09:13:00,2020-11-13 10:11:00,CREW-09,VEH-021
OUT-00791,2020-11-14 18:09:00,2020-11-14 18:57:00,CREW-03,VEH-012
OUT-00792,2020-11-16 01:13:00,2020-11-16 01:57:00,CREW-16,VEH-021
OUT-00793,2020-11-16 18:13:00,2020-11-16 18:53:00,CREW-01,VEH-021
OUT-00794,2020-11-17 08:04:00,2020-11-17 08:52:00,CREW-09,VEH-047
OUT-00795,2020-11-19 16:03:00,2020-11-19 16:28:00,CREW-16,VEH-022
OUT-00796,2020-11-20 09:02:00,2020-11-20 09:21:00,CREW-12,VEH-011
OUT-00797,2020-11-23 17:15:00,2020-11-23 17:44:00,CREW-03,VEH-033
OUT-00798,2020-11-23 18:05:00,2020-11-23 18:35:00,CREW-02,VEH-002
OUT-00799,2020-11-25 18:04:00,2020-11-25 18:58:00,CREW-15,VEH-039
OUT-00800,2020-11-26 18:07:00,2020-11-26 18:30:00,CREW-20,VEH-001
OUT-00801,2020-11-27 22:09:00,2020-11-27 22:46:00,CREW-03,VEH-004
OUT-00802,2020-11-30 08:11:00,2020-11-30 08:50:00,CREW-15,VEH-038
OUT-00803,2020-11-30 10:06:00,2020-11-30 10:55:00,CREW-14,VEH-014
OUT-00804,2020-12-01 14:05:00,2020-12-01 14:31:00,CREW-17,VEH-039
OUT-00805,2020-12-01 20:10:00,2020-12-01 20:59:00,CREW-13,VEH-015
OUT-00806,2020-12-03 20:03:00,2020-12-03 20:50:00,CREW-06,VEH-027
OUT-00807,2020-12-04 17:08:00,2020-12-04 17:49:00,CREW-02,VEH-046
OUT-00808,2020-12-05 15:07:00,2020-12-05 15:35:00,CREW-04,VEH-008
OUT-00809,2020-12-08 04:15:00,2020-12-08 05:04:00,CREW-19,VEH-030
OUT-00810,2020-12-10 08:15:00,2020-12-10 08:49:00,CREW-17,VEH-025
OUT-00811,2020-12-14 14:09:00,2020-12-14 14:47:00,CREW-14,VEH-026
OUT-00812,2020-12-15 15:07:00,2020-12-15 15:44:00,CREW-16,VEH-019
OUT-00813,2020-12-16 20:15:00,2020-12-16 20:32:00,CREW-10,VEH-019
OUT-00814,2020-12-17 16:10:00,2020-12-17 16:52:00,CREW-20,VEH-045
OUT-00815,2020-12-17 19:08:00,2020-12-17 19:36:00,CREW-09,VEH-019
OUT-00816,2020-12-19 08:05:00,2020-12-19 08:33:00,CREW-06,VEH-036
OUT-00817,2020-12-19 19:09:00,2020-12-19 19:40:00,CREW-09,VEH-033
OUT-00818,2020-12-19 23:09:00,2020-12-19 23:48:00,CREW-14,VEH-011
OUT-00819,2020-12-22 07:06:00,2020-12-22 07:55:00,CREW-09,VEH-014
OUT-00820,2020-12-22 17:15:00,2020-12-22 18:10:00,CREW-04,VEH-004
OUT-00821,2020-12-25 18:13:00,2020-12-25 18:35:00,CREW-02,VEH-041
OUT-00822,2020-12-25 18:14:00,2020-12-25 19:14:00,CREW-09,VEH-016
OUT-00823,2020-12-26 14:14:00,2020-12-26 14:58:00,CREW-12,VEH-035
OUT-00824,2020-12-26 20:12:00,2020-12-26 21:12:00,CREW-18,VEH-021
OUT-00825,2020-12-27 08:06:00,2020-12-27 08:25:00,CREW-16,VEH-020
OUT-00826,2020-12-28 02:06:00,2020-12-28 02:23:00,CREW-12,VEH-033
OUT-00827,2020-12-29 05:06:00,2020-12-29 05:29:00,CREW-09,VEH-004
OUT-00828,2020-12-29 07:04:00,2020-12-29 07:35:00,CREW-02,VEH-024
OUT-00829,2020-12-30 11:02:00,2020-12-30 11:24:00,CREW-13,VEH-023
OUT-00830,2020-12-30 18:09:00,2020-12-30 18:35:00,CREW-12,VEH-046
OUT-00831,2020-12-30 20:10:00,2020-12-30 20:43:00,CREW-20,VEH-029
OUT-00832,2020-12-31 08:07:00,2020-12-31 09:01:00,CREW-19,VEH-038
OUT-00833,2021-01-02 15:05:00,2021-01-02 15:48:00,CREW-19,VEH-004
OUT-00834,2021-01-02 19:08:00,2021-01-02 19:29:00,CREW-04,VEH-022
OUT-00835,2021-01-04 07:13:00,2021-01-04 08:12:00,CREW-03,VEH-022
OUT-00836,2021-01-04 13:13:00,2021-01-04 13:29:00,CREW-02,VEH-027
OUT-00837,2021-01-09 18:08:00,2021-01-09 19:03:00,CREW-01,VEH-008
OUT-00838,2021-01-13 14:08:00,2021-01-13 15:00:00,CREW-06,VEH-022
OUT-00839,2021-01-13 14:10:00,2021-01-13 14:42:00,CREW-17,VEH-012
OUT-00840,2021-01-13 16:07:00,2021-01-13 16:47:00,CREW-08,VEH-019
OUT-00841,2021-01-13 16:13:00,2021-01-13 17:09:00,CREW-01,VEH-029
OUT-00842,2021-01-13 17:14:00,2021-01-13 18:03:00,CREW-08,VEH-014
OUT-00843,2021-01-13 17:04:00,2021-01-13 18:03:00,CREW-20,VEH-049
OUT-00844,2021-01-13 20:14:00,2021-01-13 21:06:00,CREW-17,VEH-046
OUT-00845,2021-01-14 04:02:00,2021-01-14 04:24:00,CREW-11,VEH-020
OUT-00846,2021-01-15 07:13:00,2021-01-15 08:00:00,CREW-07,VEH-021
OUT-00847,2021-01-16 00:06:00,2021-01-16 01:02:00,CREW-11,VEH-041
OUT-00848,2021-01-17 18:10:00,2021-01-17 18:48:00,CREW-05,VEH-049
OUT-00849,2021-01-17 18:10:00,2021-01-17 18:41:00,CREW-19,VEH-039
OUT-00850,2021-01-17 20:08:00,2021-01-17 21:03:00,CREW-07,VEH-013
OUT-00851,2021-01-18 14:12:00,2021-01-18 15:12:00,CREW-19,VEH-011
OUT-00852,2021-01-18 15:14:00,2021-01-18 16:14:00,CREW-13,VEH-001
OUT-00853,2021-01-18 17:09:00,2021-01-18 18:07:00,CREW-19,VEH-012
OUT-00854,2021-01-18 18:09:00,2021-01-18 18:31:00,CREW-13,VEH-012
OUT-00855,2021-01-18 18:14:00,2021-01-18 19:01:00,CREW-13,VEH-026
OUT-00856,2021-01-18 18:08:00,2021-01-18 18:50:00,CREW-05,VEH-008
OUT-00857,2021-01-18 19:10:00,2021-01-18 19:51:00,CREW-14,VEH-023
OUT-00858,2021-01-18 19:15:00,2021-01-18 20:14:00,CREW-15,VEH-023
OUT-00859,2021-01-18 19:02:00,2021-01-18 19:36:00,CREW-18,VEH-018
OUT-00860,2021-01-18 20:03:00,2021-01-18 20:21:00,CREW-01,VEH-036
OUT-00861,2021-01-19 18:03:00,2021-01-19 18:54:00,CREW-19,VEH-047
OUT-00862,2021-01-19 19:13:00,2021-01-19 20:07:00,CREW-20,VEH-049
OUT-00863,2021-01-20 21:02:00,2021-01-20 21:28:00,CREW-19,VEH-015
OUT-00864,2021-01-21 00:10:00,2021-01-21 01:03:00,CREW-02,VEH-029
OUT-00865,2021-01-21 18:10:00,2021-01-21 18:34:00,CREW-02,VEH-011
OUT-00866,2021-01-25 13:14:00,2021-01-25 13:38:00,CREW-14,VEH-018
OUT-00867,2021-01-27 17:04:00,2021-01-27 17:27:00,CREW-07,VEH-028
OUT-00868,2021-01-30 16:04:00,2021-01-30 16:38:00,CREW-06,VEH-027
OUT-00869,2021-01-31 08:06:00,2021-01-31 08:22:00,CREW-06,VEH-003
OUT-00870,2021-02-01 17:15:00,2021-02-01 18:09:00,CREW-02,VEH-017
OUT-00871,2021-02-03 03:10:00,2021-02-03 03:36:00,CREW-03,VEH-043
OUT-00872,2021-02-03 19:02:00,2021-02-03 20:01:00,CREW-15,VEH-026
OUT-00873,2021-02-04 14:06:00,2021-02-04 14:41:00,CREW-17,VEH-031
OUT-00874,2021-02-04 14:10:00,2021-02-04 14:47:00,CREW-06,VEH-028
OUT-00875,2021-02-05 20:06:00,2021-02-05 21:03:00,CREW-18,VEH-036
OUT-00876,2021-02-06 10:04:00,2021-02-06 11:03:00,CREW-09,VEH-038
OUT-00877,2021-02-07 01:11:00,2021-02-07 01:55:00,CREW-12,VEH-034
OUT-00878,2021-02-08 13:04:00,2021-02-08 13:21:00,CREW-12,VEH-015
OUT-00879,2021-02-09 14:10:00,2021-02-09 14:47:00,CREW-08,VEH-011
OUT-00880,2021-02-09 14:11:00,2021-02-09 15:01:00,CREW-01,VEH-024
OUT-00881,2021-02-09 15:08:00,2021-02-09 15:56:00,CREW-05,VEH-007
OUT-00882,2021-02-09 16:05:00,2021-02-09 16:56:00,CREW-01,VEH-001
OUT-00883,2021-02-09 16:05:00,2021-02-09 16:38:00,CREW-10,VEH-018
OUT-00884,2021-02-09 18:13:00,2021-02-09 19:02:00,CREW-11,VEH-047
OUT-00885,2021-02-09 19:12:00,2021-02-09 19:37:00,CREW-17,VEH-049
OUT-00886,2021-02-09 20:07:00,2021-02-09 20:26:00,CREW-08,VEH-034
OUT-00887,2021-02-10 16:05:00,2021-02-10 16:31:00,CREW-06,VEH-001
OUT-00888,2021-02-11 18:05:00,2021-02-11 19:04:00,CREW-18,VEH-005
OUT-00889,2021-02-11 18:15:00,2021-02-11 18:53:00,CREW-03,VEH-011
OUT-00890,2021-02-11 18:14:00,2021-02-11 18:32:00,CREW-14,VEH-043
OUT-00891,2021-02-11 19:12:00,2021-02-11 20:08:00,CREW-19,VEH-050
OUT-00892,2021-02-11 20:07:00,2021-02-11 20:36:00,CREW-10,VEH-037
OUT-00893,2021-02-13 16:11:00,2021-02-13 17:02:00,CREW-10,VEH-037
OUT-00894,2021-02-14 15:04:00,2021-02-14 15:41:00,CREW-06,VEH-004
OUT-00895,2021-02-16 13:03:00,2021-02-16 13:26:00,CREW-17,VEH-029
OUT-00896,2021-02-17 07:14:00,2021-02-17 07:45:00,CREW-13,VEH-032
OUT-00897,2021-02-19 16:07:00,2021-02-19 16:25:00,CREW-05,VEH-037
OUT-00898,2021-02-21 16:10:00,2021-02-21 16:37:00,CREW-02,VEH-045
OUT-00899,2021-02-23 10:07:00,2021-02-23 10:44:00,CREW-19,VEH-003
OUT-00900,2021-02-24 15:11:00,2021-02-24 15:59:00,CREW-13,VEH-049
OUT-00901,2021-02-25 14:06:00,2021-02-25 15:06:00,CREW-12,VEH-021
OUT-00902,2021-02-25 16:13:00,2021-02-25 16:38:00,CREW-07,VEH-004
OUT-00903,2021-02-28 17:04:00,2021-02-28 17:19:00,CREW-03,VEH-013
OUT-00904,2021-02-28 20:03:00,2021-02-28 20:28:00,CREW-04,VEH-017
OUT-00905,2021-02-28 21:04:00,2021-02-28 21:36:00,CREW-08,VEH-022
OUT-00906,2021-03-01 18:10:00,2021-03-01 18:48:00,CREW-19,VEH-037
OUT-00907,2021-03-02 16:08:00,2021-03-02 16:43:00,CREW-08,VEH-028
OUT-00908,2021-03-03 18:06:00,2021-03-03 18:37:00,CREW-05,VEH-036
OUT-00909,2021-03-04 04:07:00,2021-03-04 04:40:00,CREW-02,VEH-011
OUT-00910,2021-03-04 18:07:00,2021-03-04 19:06:00,CREW-15,VEH-012
OUT-00911,2021-03-05 05:07:00,2021-03-05 05:42:00,CREW-11,VEH-039
OUT-00912,2021-03-05 18:13:00,2021-03-05 18:32:00,CREW-17,VEH-020
OUT-00913,2021-03-06 14:10:00,2021-03-06 15:10:00,CREW-12,VEH-006
OUT-00914,2021-03-06 14:02:00,2021-03-06 14:35:00,CREW-16,VEH-044
OUT-00915,2021-03-10 16:13:00,2021-03-10 16:59:00,CREW-06,VEH-036
OUT-00916,2021-03-10 19:07:00,2021-03-10 19:32:00,CREW-01,VEH-024
OUT-00917,2021-03-13 03:08:00,2021-03-13 03:37:00,CREW-11,VEH-050
OUT-00918,2021-03-14 03:02:00,2021-03-14 03:30:00,CREW-18,VEH-028
OUT-00919,2021-03-14 17:04:00,2021-03-14 17:22:00,CREW-07,VEH-045
OUT-00920,2021-03-15 13:04:00,2021-03-15 13:27:00,CREW-08,VEH-045
OUT-00921,2021-03-16 05:02:00,2021-03-16 05:33:00,CREW-17,VEH-033
OUT-00922,2021-03-16 17:09:00,2021-03-16 17:42:00,CREW-06,VEH-003
OUT-00923,2021-03-17 12:12:00,2021-03-17 12:31:00,CREW-13,VEH-047
OUT-00924,2021-03-18 16:15:00,2021-03-18 17:00:00,CREW-16,VEH-050
OUT-00925,2021-03-18 19:07:00,2021-03-18 19:50:00,CREW-11,VEH-003
OUT-00926,2021-03-18 23:07:00,2021-03-18 23:31:00,CREW-10,VEH-021
OUT-00927,2021-03-24 14:13:00,2021-03-24 14:29:00,CREW-09,VEH-024
OUT-00928,2021-03-25 13:04:00,2021-03-25 13:48:00,CREW-15,VEH-035
OUT-00929,2021-03-26 03:04:00,2021-03-26 03:26:00,CREW-17,VEH-040
OUT-00930,2021-03-27 01:08:00,2021-03-27 01:52:00,CREW-07,VEH-003
OUT-00931,2021-03-27 05:02:00,2021-03-27 05:52:00,CREW-05,VEH-001
OUT-00932,2021-03-29 19:06:00,2021-03-29 19:33:00,CREW-08,VEH-008
OUT-00933,2021-03-30 00:06:00,2021-03-30 00:29:00,CREW-01,VEH-036
OUT-00934,2021-03-30 04:04:00,2021-03-30 04:20:00,CREW-08,VEH-023
OUT-00935,2021-03-31 00:10:00,2021-03-31 00:58:00,CREW-14,VEH-014
OUT-00936,2021-03-31 07:05:00,2021-03-31 07:49:00,CREW-06,VEH-011
OUT-00937,2021-04-01 22:04:00,2021-04-01 22:26:00,CREW-03,VEH-014
OUT-00938,2021-04-03 15:13:00,2021-04-03 15:40:00,CREW-13,VEH-032
OUT-00939,2021-04-05 03:03:00,2021-04-05 04:02:00,CREW-19,VEH-038
OUT-00940,2021-04-05 05:03:00,2021-04-05 05:57:00,CREW-17,VEH-034
OUT-00941,2021-04-06 14:11:00,2021-04-06 14:41:00,CREW-06,VEH-002
OUT-00942,2021-04-07 00:03:00,2021-04-07 00:43:00,CREW-13,VEH-047
OUT-00943,2021-04-08 02:13:00,2021-04-08 03:01:00,CREW-07,VEH-003
OUT-00944,2021-04-08 08:09:00,2021-04-08 08:46:00,CREW-14,VEH-027
OUT-00945,2021-04-09 15:07:00,2021-04-09 15:50:00,CREW-07,VEH-039
OUT-00946,2021-04-10 15:02:00,2021-04-10 15:33:00,CREW-09,VEH-030
OUT-00947,2021-04-10 15:06:00,2021-04-10 15:33:00,CREW-19,VEH-019
OUT-00948,2021-04-11 19:10:00,2021-04-11 19:49:00,CREW-17,VEH-023
OUT-00949,2021-04-12 01:15:00,2021-04-12 01:39:00,CREW-10,VEH-036
OUT-00950,2021-04-12 02:09:00,2021-04-12 02:43:00,CREW-18,VEH-014
OUT-00951,2021-04-13 18:03:00,2021-04-13 18:45:00,CREW-14,VEH-024
OUT-00952,2021-04-14 07:07:00,2021-04-14 07:51:00,CREW-04,VEH-013
OUT-00953,2021-04-14 13:12:00,2021-04-14 13:49:00,CREW-08,VEH-018
OUT-00954,2021-04-15 12:13:00,2021-04-15 12:58:00,CREW-14,VEH-034
OUT-00955,2021-04-16 05:03:00,2021-04-16 05:51:00,CREW-11,VEH-041
OUT-00956,2021-04-16 06:13:00,2021-04-16 06:42:00,CREW-17,VEH-029
OUT-00957,2021-04-21 07:11:00,2021-04-21 07:43:00,CREW-06,VEH-017
OUT-00958,2021-04-21 10:08:00,2021-04-21 10:46:00,CREW-18,VEH-008
OUT-00959,2021-04-21 15:10:00,2021-04-21 15:30:00,CREW-05,VEH-044
OUT-00960,2021-04-23 01:10:00,2021-04-23 01:53:00,CREW-11,VEH-001
OUT-00961,2021-04-23 09:12:00,2021-04-23 09:45:00,CREW-09,VEH-027
OUT-00962,2021-04-23 23:03:00,2021-04-24 00:01:00,CREW-04,VEH-036
OUT-00963,2021-04-24 06:03:00,2021-04-24 06:32:00,CREW-19,VEH-013
OUT-00964,2021-04-25 18:04:00,2021-04-25 18:24:00,CREW-16,VEH-012
OUT-00965,2021-04-27 19:04:00,2021-04-27 19:55:00,CREW-17,VEH-023
OUT-00966,2021-04-28 17:11:00,2021-04-28 17:54:00,CREW-01,VEH-027
OUT-00967,2021-04-29 13:10:00,2021-04-29 13:34:00,CREW-15,VEH-023
OUT-00968,2021-04-29 22:06:00,2021-04-29 22:41:00,CREW-11,VEH-013
OUT-00969,2021-04-30 15:06:00,2021-04-30 15:53:00,CREW-12,VEH-011
OUT-00970,2021-05-02 15:02:00,2021-05-02 15:20:00,CREW-15,VEH-025
OUT-00971,2021-05-02 16:15:00,2021-05-02 16:38:00,CREW-20,VEH-019
OUT-00972,2021-05-04 20:04:00,2021-05-04 20:30:00,CREW-05,VEH-042
OUT-00973,2021-05-06 14:02:00,2021-05-06 14:53:00,CREW-16,VEH-039
OUT-00974,2021-05-07 05:13:00,2021-05-07 06:08:00,CREW-03,VEH-047
OUT-00975,2021-05-07 18:03:00,2021-05-07 18:31:00,CREW-03,VEH-044
OUT-00976,2021-05-08 20:10:00,2021-05-08 20:31:00,CREW-09,VEH-013
OUT-00977,2021-05-09 11:03:00,2021-05-09 11:54:00,CREW-13,VEH-036
OUT-00978,2021-05-11 16:03:00,2021-05-11 16:33:00,CREW-09,VEH-009
OUT-00979,2021-05-11 16:07:00,2021-05-11 16:32:00,CREW-01,VEH-036
OUT-00980,2021-05-13 02:14:00,2021-05-13 02:51:00,CREW-13,VEH-045
OUT-00981,2021-05-13 14:03:00,2021-05-13 14:26:00,CREW-08,VEH-007
OUT-00982,2021-05-14 01:05:00,2021-05-14 01:37:00,CREW-03,VEH-028
OUT-00983,2021-05-15 15:07:00,2021-05-15 16:05:00,CREW-12,VEH-021
OUT-00984,2021-05-17 18:13:00,2021-05-17 19:07:00,CREW-01,VEH-036
OUT-00985,2021-05-18 14:06:00,2021-05-18 15:03:00,CREW-03,VEH-013
OUT-00986,2021-05-19 15:10:00,2021-05-19 15:34:00,CREW-12,VEH-047
OUT-00987,2021-05-21 03:06:00,2021-05-21 03:30:00,CREW-14,VEH-013
OUT-00988,2021-05-21 22:06:00,2021-05-21 22:58:00,CREW-02,VEH-022
OUT-00989,2021-05-22 10:02:00,2021-05-22 10:52:00,CREW-14,VEH-010
OUT-00990,2021-05-24 14:04:00,2021-05-24 14:43:00,CREW-03,VEH-047
OUT-00991,2021-05-25 01:07:00,2021-05-25 01:38:00,CREW-12,VEH-024
OUT-00992,2021-05-28 12:14:00,2021-05-28 13:11:00,CREW-04,VEH-026
OUT-00993,2021-05-29 14:07:00,2021-05-29 14:22:00,CREW-20,VEH-028
OUT-00994,2021-05-30 21:02:00,2021-05-30 21:56:00,CREW-12,VEH-027
OUT-00995,2021-05-31 18:07:00,2021-05-31 19:03:00,CREW-15,VEH-030
OUT-00996,2021-06-02 18:10:00,2021-06-02 18:58:00,CREW-05,VEH-006
OUT-00997,2021-06-03 14:08:00,2021-06-03 14:54:00,CREW-01,VEH-007
OUT-00998,2021-06-04 16:05:00,2021-06-04 16:31:00,CREW-16,VEH-016
OUT-00999,2021-06-05 07:12:00,2021-06-05 08:02:00,CREW-13,VEH-007
OUT-01000,2021-06-05 14:05:00,2021-06-05 14:28:00,CREW-11,VEH-008
OUT-01001,2021-06-06 14:02:00,2021-06-06 14:39:00,CREW-08,VEH-045
OUT-01002,2021-06-07 15:07:00,2021-06-07 15:25:00,CREW-08,VEH-003
OUT-01003,2021-06-08 15:14:00,2021-06-08 16:09:00,CREW-02,VEH-034
OUT-01004,2021-06-08 18:13:00,2021-06-08 18:40:00,CREW-15,VEH-023
OUT-01005,2021-06-09 16:13:00,2021-06-09 16:53:00,CREW-04,VEH-026
OUT-01006,2021-06-10 13:09:00,2021-06-10 13:32:00,CREW-05,VEH-032
OUT-01007,2021-06-10 13:05:00,2021-06-10 13:30:00,CREW-15,VEH-032
OUT-01008,2021-06-10 17:13:00,2021-06-10 17:49:00,CREW-09,VEH-017
OUT-01009,2021-06-11 14:12:00,2021-06-11 14:52:00,CREW-12,VEH-007
OUT-01010,2021-06-11 14:11:00,2021-06-11 14:51:00,CREW-10,VEH-045
OUT-01011,2021-06-11 15:04:00,2021-06-11 15:29:00,CREW-13,VEH-008
OUT-01012,2021-06-11 16:09:00,2021-06-11 16:27:00,CREW-15,VEH-031
OUT-01013,2021-06-12 15:13:00,2021-06-12 15:38:00,CREW-11,VEH-001
OUT-01014,2021-06-13 13:02:00,2021-06-13 13:54:00,CREW-15,VEH-031
OUT-01015,2021-06-13 17:10:00,2021-06-13 18:10:00,CREW-18,VEH-026
OUT-01016,2021-06-13 18:02:00,2021-06-13 18:21:00,CREW-20,VEH-041
OUT-01017,2021-06-14 13:12:00,2021-06-14 13:59:00,CREW-18,VEH-038
OUT-01018,2021-06-14 14:12:00,2021-06-14 15:00:00,CREW-15,VEH-032
OUT-01019,2021-06-14 15:14:00,2021-06-14 15:49:00,CREW-14,VEH-005
OUT-01020,2021-06-14 16:07:00,2021-06-14 16:59:00,CREW-18,VEH-014
OUT-01021,2021-06-16 16:11:00,2021-06-16 17:11:00,CREW-13,VEH-031
OUT-01022,2021-06-16 17:15:00,2021-06-16 17:32:00,CREW-06,VEH-029
OUT-01023,2021-06-16 17:09:00,2021-06-16 18:07:00,CREW-13,VEH-043
OUT-01024,2021-06-17 13:13:00,2021-06-17 14:00:00,CREW-17,VEH-048
OUT-01025,2021-06-18 16:12:00,2021-06-18 16:39:00,CREW-18,VEH-011
OUT-01026,2021-06-18 17:13:00,2021-06-18 18:11:00,CREW-06,VEH-041
OUT-01027,2021-06-19 13:05:00,2021-06-19 13:54:00,CREW-16,VEH-026
OUT-01028,2021-06-19 14:15:00,2021-06-19 14:41:00,CREW-11,VEH-037
OUT-01029,2021-06-19 14:10:00,2021-06-19 14:42:00,CREW-19,VEH-023
OUT-01030,2021-06-19 15:08:00,2021-06-19 16:00:00,CREW-18,VEH-026
OUT-01031,2021-06-21 03:07:00,2021-06-21 03:25:00,CREW-12,VEH-029
OUT-01032,2021-06-21 14:12:00,2021-06-21 15:00:00,CREW-17,VEH-043
OUT-01033,2021-06-21 17:12:00,2021-06-21 17:42:00,CREW-02,VEH-034
OUT-01034,2021-06-22 15:08:00,2021-06-22 15:30:00,CREW-13,VEH-042
OUT-01035,2021-06-24 14:09:00,2021-06-24 14:53:00,CREW-04,VEH-047
OUT-01036,2021-06-27 17:15:00,2021-06-27 17:30:00,CREW-11,VEH-039
OUT-01037,2021-06-28 13:02:00,2021-06-28 13:36:00,CREW-18,VEH-022
OUT-01038,2021-06-28 13:14:00,2021-06-28 13:50:00,CREW-12,VEH-009
OUT-01039,2021-06-29 13:06:00,2021-06-29 13:30:00,CREW-04,VEH-037
OUT-01040,2021-06-29 17:13:00,2021-06-29 17:55:00,CREW-10,VEH-043
OUT-01041,2021-06-29 18:06:00,2021-06-29 18:44:00,CREW-10,VEH-040
OUT-01042,2021-06-29 18:03:00,2021-06-29 18:25:00,CREW-16,VEH-027
OUT-01043,2021-06-30 14:07:00,2021-06-30 14:58:00,CREW-03,VEH-044
OUT-01044,2021-06-30 18:14:00,2021-06-30 19:13:00,CREW-10,VEH-036
OUT-01045,2021-07-01 13:10:00,2021-07-01 13:51:00,CREW-02,VEH-001
OUT-01046,2021-07-01 17:10:00,2021-07-01 17:53:00,CREW-07,VEH-049
OUT-01047,2021-07-01 17:04:00,2021-07-01 17:38:00,CREW-20,VEH-030
OUT-01048,2021-07-01 18:04:00,2021-07-01 18:53:00,CREW-17,VEH-039
OUT-01049,2021-07-03 10:12:00,2021-07-03 10:52:00,CREW-14,VEH-017
OUT-01050,2021-07-03 14:03:00,2021-07-03 15:02:00,CREW-20,VEH-029
OUT-01051,2021-07-03 15:05:00,2021-07-03 15:46:00,CREW-18,VEH-004
OUT-01052,2021-07-03 16:02:00,2021-07-03 16:17:00,CREW-13,VEH-020
OUT-01053,2021-07-03 16:05:00,2021-07-03 16:42:00,CREW-10,VEH-011
OUT-01054,2021-07-03 16:10:00,2021-07-03 17:05:00,CREW-05,VEH-001
OUT-01055,2021-07-03 18:02:00,2021-07-03 18:38:00,CREW-02,VEH-045
OUT-01056,2021-07-03 18:10:00,2021-07-03 18:53:00,CREW-04,VEH-005
OUT-01057,2021-07-04 16:12:00,2021-07-04 16:47:00,CREW-03,VEH-012
OUT-01058,2021-07-04 17:11:00,2021-07-04 17:44:00,CREW-13,VEH-007
OUT-01059,2021-07-05 18:08:00,2021-07-05 18:29:00,CREW-08,VEH-005
OUT-01060,2021-07-06 13:06:00,2021-07-06 13:34:00,CREW-04,VEH-023
OUT-01061,2021-07-06 14:11:00,2021-07-06 14:45:00,CREW-15,VEH-050
OUT-01062,2021-07-06 16:05:00,2021-07-06 17:04:00,CREW-08,VEH-041
OUT-01063,2021-07-06 18:04:00,2021-07-06 18:57:00,CREW-14,VEH-028
OUT-01064,2021-07-08 13:15:00,2021-07-08 13:56:00,CREW-04,VEH-015
OUT-01065,2021-07-08 14:04:00,2021-07-08 14:55:00,CREW-01,VEH-003
OUT-01066,2021-07-08 14:09:00,2021-07-08 14:50:00,CREW-08,VEH-036
OUT-01067,2021-07-08 14:03:00,2021-07-08 14:46:00,CREW-10,VEH-004
OUT-01068,2021-07-08 14:04:00,2021-07-08 14:52:00,CREW-17,VEH-023
OUT-01069,2021-07-08 15:06:00,2021-07-08 15:43:00,CREW-13,VEH-005
OUT-01070,2021-07-08 15:15:00,2021-07-08 16:10:00,CREW-06,VEH-037
OUT-01071,2021-07-08 15:10:00,2021-07-08 15:34:00,CREW-08,VEH-007
OUT-01072,2021-07-08 16:08:00,2021-07-08 17:00:00,CREW-20,VEH-003
OUT-01073,2021-07-08 16:04:00,2021-07-08 16:40:00,CREW-15,VEH-004
OUT-01074,2021-07-10 15:13:00,2021-07-10 15:39:00,CREW-06,VEH-036
OUT-01075,2021-07-10 16:10:00,2021-07-10 16:29:00,CREW-13,VEH-023
OUT-01076,2021-07-11 14:11:00,2021-07-11 14:55:00,CREW-05,VEH-025
OUT-01077,2021-07-11 15:12:00,2021-07-11 15:40:00,CREW-16,VEH-047
OUT-01078,2021-07-11 15:07:00,2021-07-11 15:57:00,CREW-07,VEH-016
OUT-01079,2021-07-11 15:09:00,2021-07-11 15:45:00,CREW-08,VEH-049
OUT-01080,2021-07-11 15:12:00,2021-07-11 15:57:00,CREW-10,VEH-010
OUT-01081,2021-07-11 15:12:00,2021-07-11 16:00:00,CREW-09,VEH-017
OUT-01082,2021-07-11 16:12:00,2021-07-11 16:58:00,CREW-10,VEH-022
OUT-01083,2021-07-11 16:10:00,2021-07-11 16:41:00,CREW-04,VEH-048
OUT-01084,2021-07-11 16:05:00,2021-07-11 16:44:00,CREW-05,VEH-038
OUT-01085,2021-07-11 17:02:00,2021-07-11 17:17:00,CREW-19,VEH-036
OUT-01086,2021-07-11 18:02:00,2021-07-11 18:57:00,CREW-02,VEH-040
OUT-01087,2021-07-12 15:08:00,2021-07-12 15:28:00,CREW-01,VEH-047
OUT-01088,2021-07-13 17:08:00,2021-07-13 18:01:00,CREW-17,VEH-034
OUT-01089,2021-07-14 23:12:00,2021-07-15 00:07:00,CREW-09,VEH-013
OUT-01090,2021-07-16 13:07:00,2021-07-16 13:27:00,CREW-20,VEH-003
OUT-01091,2021-07-17 14:02:00,2021-07-17 14:28:00,CREW-16,VEH-047
OUT-01092,2021-07-17 15:14:00,2021-07-17 15:29:00,CREW-17,VEH-003
OUT-01093,2021-07-17 15:11:00,2021-07-17 15:40:00,CREW-04,VEH-032
OUT-01094,2021-07-17 18:05:00,2021-07-17 18:37:00,CREW-17,VEH-019
OUT-01095,2021-07-17 19:12:00,2021-07-17 20:01:00,CREW-08,VEH-014
OUT-01096,2021-07-17 19:11:00,2021-07-17 19:58:00,CREW-14,VEH-034
OUT-01097,2021-07-17 19:14:00,2021-07-17 19:32:00,CREW-19,VEH-006
OUT-01098,2021-07-18 14:10:00,2021-07-18 14:57:00,CREW-17,VEH-040
OUT-01099,2021-07-18 15:04:00,2021-07-18 15:19:00,CREW-05,VEH-027
OUT-01100,2021-07-19 14:07:00,2021-07-19 15:01:00,CREW-13,VEH-048
OUT-01101,2021-07-19 15:15:00,2021-07-19 16:04:00,CREW-19,VEH-012
OUT-01102,2021-07-19 16:12:00,2021-07-19 17:09:00,CREW-10,VEH-025
OUT-01103,2021-07-21 13:05:00,2021-07-21 13:50:00,CREW-04,VEH-044
OUT-01104,2021-07-21 18:08:00,2021-07-21 18:24:00,CREW-19,VEH-037
OUT-01105,2021-07-22 15:09:00,2021-07-22 15:30:00,CREW-14,VEH-003
OUT-01106,2021-07-22 16:03:00,2021-07-22 16:33:00,CREW-19,VEH-018
OUT-01107,2021-07-23 13:05:00,2021-07-23 13:35:00,CREW-08,VEH-033
OUT-01108,2021-07-23 15:02:00,2021-07-23 15:28:00,CREW-11,VEH-005
OUT-01109,2021-07-23 17:12:00,2021-07-23 17:38:00,CREW-17,VEH-006
OUT-01110,2021-07-23 17:02:00,2021-07-23 17:21:00,CREW-14,VEH-005
OUT-01111,2021-07-23 19:07:00,2021-07-23 19:54:00,CREW-18,VEH-048
OUT-01112,2021-07-24 15:10:00,2021-07-24 15:43:00,CREW-05,VEH-002
OUT-01113,2021-07-24 18:15:00,2021-07-24 19:08:00,CREW-04,VEH-033
OUT-01114,2021-07-25 15:14:00,2021-07-25 15:48:00,CREW-07,VEH-015
OUT-01115,2021-07-25 16:08:00,2021-07-25 16:36:00,CREW-19,VEH-029
OUT-01116,2021-07-29 18:09:00,2021-07-29 18:43:00,CREW-18,VEH-010
OUT-01117,2021-07-30 14:10:00,2021-07-30 14:32:00,CREW-10,VEH-017
OUT-01118,2021-07-30 15:03:00,2021-07-30 15:23:00,CREW-05,VEH-028
OUT-01119,2021-07-30 16:15:00,2021-07-30 17:10:00,CREW-05,VEH-018
OUT-01120,2021-07-30 17:11:00,2021-07-30 17:45:00,CREW-09,VEH-049
OUT-01121,2021-07-30 17:12:00,2021-07-30 17:38:00,CREW-07,VEH-003
OUT-01122,2021-07-30 18:11:00,2021-07-30 18:59:00,CREW-03,VEH-016
OUT-01123,2021-07-30 18:03:00,2021-07-30 18:41:00,CREW-10,VEH-038
OUT-01124,2021-07-30 18:07:00,2021-07-30 18:47:00,CREW-11,VEH-039
OUT-01125,2021-08-01 16:12:00,2021-08-01 16:55:00,CREW-15,VEH-038
OUT-01126,2021-08-01 16:05:00,2021-08-01 16:46:00,CREW-09,VEH-020
OUT-01127,2021-08-01 18:13:00,2021-08-01 18:46:00,CREW-20,VEH-035
OUT-01128,2021-08-01 18:03:00,2021-08-01 18:47:00,CREW-02,VEH-022
OUT-01129,2021-08-03 14:04:00,2021-08-03 14:24:00,CREW-15,VEH-027
OUT-01130,2021-08-04 15:11:00,2021-08-04 15:34:00,CREW-01,VEH-032
OUT-01131,2021-08-05 18:07:00,2021-08-05 19:02:00,CREW-04,VEH-002
OUT-01132,2021-08-08 14:14:00,2021-08-08 14:32:00,CREW-01,VEH-019
OUT-01133,2021-08-08 14:11:00,2021-08-08 14:50:00,CREW-10,VEH-015
OUT-01134,2021-08-08 15:12:00,2021-08-08 15:48:00,CREW-19,VEH-048
OUT-01135,2021-08-08 16:06:00,2021-08-08 16:42:00,CREW-04,VEH-034
OUT-01136,2021-08-08 16:15:00,2021-08-08 16:54:00,CREW-13,VEH-028
OUT-01137,2021-08-08 16:02:00,2021-08-08 17:01:00,CREW-04,VEH-007
OUT-01138,2021-08-08 16:02:00,2021-08-08 16:25:00,CREW-04,VEH-019
OUT-01139,2021-08-08 17:02:00,2021-08-08 17:26:00,CREW-04,VEH-009
OUT-01140,2021-08-08 18:14:00,2021-08-08 19:14:00,CREW-10,VEH-032
OUT-01141,2021-08-08 19:07:00,2021-08-08 19:59:00,CREW-17,VEH-010
OUT-01142,2021-08-08 20:03:00,2021-08-08 20:44:00,CREW-18,VEH-035
OUT-01143,2021-08-09 13:05:00,2021-08-09 13:40:00,CREW-15,VEH-015
OUT-01144,2021-08-10 13:05:00,2021-08-10 13:48:00,CREW-09,VEH-027
OUT-01145,2021-08-10 14:11:00,2021-08-10 14:44:00,CREW-17,VEH-043
OUT-01146,2021-08-10 15:10:00,2021-08-10 16:05:00,CREW-10,VEH-050
OUT-01147,2021-08-10 16:05:00,2021-08-10 17:04:00,CREW-08,VEH-039
OUT-01148,2021-08-10 16:02:00,2021-08-10 16:39:00,CREW-15,VEH-032
OUT-01149,2021-08-10 17:05:00,2021-08-10 17:52:00,CREW-14,VEH-005
OUT-01150,2021-08-10 17:12:00,2021-08-10 18:00:00,CREW-08,VEH-011
OUT-01151,2021-08-10 18:14:00,2021-08-10 18:31:00,CREW-01,VEH-011
OUT-01152,2021-08-10 18:03:00,2021-08-10 18:47:00,CREW-16,VEH-010
OUT-01153,2021-08-10 18:03:00,2021-08-10 18:55:00,CREW-19,VEH-036
OUT-01154,2021-08-11 14:12:00,2021-08-11 14:39:00,CREW-14,VEH-003
OUT-01155,2021-08-11 14:11:00,2021-08-11 15:03:00,CREW-01,VEH-027
OUT-01156,2021-08-11 18:15:00,2021-08-11 18:37:00,CREW-19,VEH-046
OUT-01157,2021-08-12 15:11:00,2021-08-12 15:42:00,CREW-09,VEH-006
OUT-01158,2021-08-12 15:12:00,2021-08-12 15:51:00,CREW-07,VEH-049
OUT-01159,2021-08-12 17:13:00,2021-08-12 17:55:00,CREW-01,VEH-037
OUT-01160,2021-08-13 19:10:00,2021-08-13 19:42:00,CREW-02,VEH-043
OUT-01161,2021-08-14 13:12:00,2021-08-14 14:04:00,CREW-08,VEH-036
OUT-01162,2021-08-14 15:03:00,2021-08-14 16:00:00,CREW-05,VEH-015
OUT-01163,2021-08-14 20:13:00,2021-08-14 20:45:00,CREW-02,VEH-022
OUT-01164,2021-08-15 04:12:00,2021-08-15 04:39:00,CREW-04,VEH-022
OUT-01165,2021-08-15 14:08:00,2021-08-15 15:05:00,CREW-04,VEH-028
OUT-01166,2021-08-16 16:02:00,2021-08-16 16:19:00,CREW-14,VEH-038
OUT-01167,2021-08-17 14:03:00,2021-08-17 14:18:00,CREW-06,VEH-038
OUT-01168,2021-08-17 14:06:00,2021-08-17 14:49:00,CREW-05,VEH-049
OUT-01169,2021-08-17 15:11:00,2021-08-17 15:53:00,CREW-18,VEH-007
OUT-01170,2021-08-17 16:04:00,2021-08-17 17:03:00,CREW-15,VEH-020
OUT-01171,2021-08-17 16:04:00,2021-08-17 16:53:00,CREW-04,VEH-005
OUT-01172,2021-08-17 17:02:00,2021-08-17 17:20:00,CREW-12,VEH-027
OUT-01173,2021-08-17 18:09:00,2021-08-17 19:05:00,CREW-20,VEH-024
OUT-01174,2021-08-17 18:10:00,2021-08-17 19:09:00,CREW-14,VEH-032
OUT-01175,2021-08-17 19:08:00,2021-08-17 19:54:00,CREW-05,VEH-036
OUT-01176,2021-08-17 19:15:00,2021-08-17 20:11:00,CREW-17,VEH-042
OUT-01177,2021-08-17 20:11:00,2021-08-17 21:04:00,CREW-16,VEH-033
OUT-01178,2021-08-18 07:02:00,2021-08-18 07:37:00,CREW-09,VEH-006
OUT-01179,2021-08-18 14:04:00,2021-08-18 15:03:00,CREW-03,VEH-039
OUT-01180,2021-08-18 18:07:00,2021-08-18 19:02:00,CREW-05,VEH-042
OUT-01181,2021-08-19 13:08:00,2021-08-19 13:39:00,CREW-12,VEH-023
OUT-01182,2021-08-19 14:04:00,2021-08-19 14:48:00,CREW-09,VEH-029
OUT-01183,2021-08-19 14:06:00,2021-08-19 14:43:00,CREW-13,VEH-032
OUT-01184,2021-08-20 13:15:00,2021-08-20 13:52:00,CREW-13,VEH-017
OUT-01185,2021-08-20 18:08:00,2021-08-20 19:02:00,CREW-02,VEH-037
OUT-01186,2021-08-21 06:07:00,2021-08-21 07:05:00,CREW-18,VEH-030
OUT-01187,2021-08-21 17:07:00,2021-08-21 17:54:00,CREW-17,VEH-043
OUT-01188,2021-08-21 17:11:00,2021-08-21 17:39:00,CREW-10,VEH-047
OUT-01189,2021-08-22 14:13:00,2021-08-22 15:03:00,CREW-02,VEH-009
OUT-01190,2021-08-23 15:11:00,2021-08-23 15:53:00,CREW-11,VEH-014
OUT-01191,2021-08-23 18:08:00,2021-08-23 18:41:00,CREW-15,VEH-028
OUT-01192,2021-08-24 18:09:00,2021-08-24 18:31:00,CREW-11,VEH-009
OUT-01193,2021-08-25 15:02:00,2021-08-25 15:49:00,CREW-19,VEH-003
OUT-01194,2021-08-26 15:11:00,2021-08-26 16:05:00,CREW-15,VEH-042
OUT-01195,2021-08-26 17:02:00,2021-08-26 17:45:00,CREW-18,VEH-034
OUT-01196,2021-08-28 16:04:00,2021-08-28 16:31:00,CREW-01,VEH-034
OUT-01197,2021-08-28 16:14:00,2021-08-28 16:41:00,CREW-16,VEH-049
OUT-01198,2021-08-29 13:06:00,2021-08-29 13:49:00,CREW-07,VEH-024
OUT-01199,2021-08-29 17:11:00,2021-08-29 17:42:00,CREW-07,VEH-013
OUT-01200,2021-08-30 11:06:00,2021-08-30 11:46:00,CREW-17,VEH-003
OUT-01201,2021-08-30 14:08:00,2021-08-30 15:01:00,CREW-01,VEH-049
OUT-01202,2021-08-30 15:15:00,2021-08-30 15:46:00,CREW-11,VEH-025
OUT-01203,2021-09-01 15:12:00,2021-09-01 15:29:00,CREW-15,VEH-029
OUT-01204,2021-09-01 17:06:00,2021-09-01 18:03:00,CREW-16,VEH-025
OUT-01205,2021-09-02 13:07:00,2021-09-02 13:49:00,CREW-09,VEH-001
OUT-01206,2021-09-03 14:14:00,2021-09-03 14:50:00,CREW-16,VEH-041
OUT-01207,2021-09-04 13:04:00,2021-09-04 14:02:00,CREW-19,VEH-041
OUT-01208,2021-09-04 13:08:00,2021-09-04 13:36:00,CREW-19,VEH-019
OUT-01209,2021-09-04 15:03:00,2021-09-04 15:58:00,CREW-13,VEH-015
OUT-01210,2021-09-04 16:04:00,2021-09-04 16:29:00,CREW-14,VEH-030
OUT-01211,2021-09-04 16:10:00,2021-09-04 17:04:00,CREW-18,VEH-048
OUT-01212,2021-09-04 17:03:00,2021-09-04 17:49:00,CREW-08,VEH-022
OUT-01213,2021-09-04 18:07:00,2021-09-04 18:33:00,CREW-15,VEH-040
OUT-01214,2021-09-05 17:05:00,2021-09-05 17:34:00,CREW-20,VEH-049
OUT-01215,2021-09-06 14:14:00,2021-09-06 14:46:00,CREW-02,VEH-013
OUT-01216,2021-09-06 16:14:00,2021-09-06 16:43:00,CREW-20,VEH-029
OUT-01217,2021-09-07 15:12:00,2021-09-07 16:08:00,CREW-03,VEH-019
OUT-01218,2021-09-07 15:04:00,2021-09-07 15:32:00,CREW-08,VEH-004
OUT-01219,2021-09-07 15:12:00,2021-09-07 15:37:00,CREW-11,VEH-032
OUT-01220,2021-09-07 16:12:00,2021-09-07 16:56:00,CREW-11,VEH-002
OUT-01221,2021-09-07 16:15:00,2021-09-07 16:38:00,CREW-02,VEH-015
OUT-01222,2021-09-07 17:10:00,2021-09-07 18:00:00,CREW-08,VEH-009
OUT-01223,2021-09-08 13:11:00,2021-09-08 14:02:00,CREW-16,VEH-045
OUT-01224,2021-09-08 15:15:00,2021-09-08 16:08:00,CREW-20,VEH-017
OUT-01225,2021-09-08 15:04:00,2021-09-08 15:55:00,CREW-19,VEH-044
OUT-01226,2021-09-08 17:14:00,2021-09-08 17:35:00,CREW-09,VEH-028
OUT-01227,2021-09-09 15:07:00,2021-09-09 15:50:00,CREW-17,VEH-016
OUT-01228,2021-09-09 15:08:00,2021-09-09 15:53:00,CREW-03,VEH-021
OUT-01229,2021-09-09 20:11:00,2021-09-09 21:01:00,CREW-10,VEH-037
OUT-01230,2021-09-10 13:06:00,2021-09-10 13:42:00,CREW-10,VEH-012
OUT-01231,2021-09-10 17:11:00,2021-09-10 17:38:00,CREW-11,VEH-016
OUT-01232,2021-09-10 18:09:00,2021-09-10 19:03:00,CREW-08,VEH-045
OUT-01233,2021-09-10 20:12:00,2021-09-10 20:28:00,CREW-12,VEH-010
OUT-01234,2021-09-11 15:13:00,2021-09-11 15:38:00,CREW-15,VEH-016
OUT-01235,2021-09-11 16:02:00,2021-09-11 16:42:00,CREW-02,VEH-050
OUT-01236,2021-09-12 12:13:00,2021-09-12 12:53:00,CREW-18,VEH-032
OUT-01237,2021-09-12 15:02:00,2021-09-12 15:54:00,CREW-15,VEH-003
OUT-01238,2021-09-12 15:07:00,2021-09-12 15:24:00,CREW-01,VEH-030
OUT-01239,2021-09-13 15:14:00,2021-09-13 16:00:00,CREW-14,VEH-013
OUT-01240,2021-09-14 13:12:00,2021-09-14 14:02:00,CREW-07,VEH-022
OUT-01241,2021-09-14 15:11:00,2021-09-14 16:04:00,CREW-15,VEH-015
OUT-01242,2021-09-14 15:05:00,2021-09-14 15:51:00,CREW-06,VEH-024
OUT-01243,2021-09-14 17:05:00,2021-09-14 17:56:00,CREW-20,VEH-012
OUT-01244,2021-09-15 13:02:00,2021-09-15 13:44:00,CREW-08,VEH-001
OUT-01245,2021-09-15 17:06:00,2021-09-15 17:42:00,CREW-06,VEH-021
OUT-01246,2021-09-16 17:04:00,2021-09-16 17:33:00,CREW-05,VEH-046
OUT-01247,2021-09-17 13:03:00,2021-09-17 13:23:00,CREW-14,VEH-040
OUT-01248,2021-09-17 14:14:00,2021-09-17 14:35:00,CREW-08,VEH-013
OUT-01249,2021-09-17 17:07:00,2021-09-17 17:39:00,CREW-02,VEH-008
OUT-01250,2021-09-18 18:12:00,2021-09-18 18:59:00,CREW-06,VEH-048
OUT-01251,2021-09-20 17:12:00,2021-09-20 17:46:00,CREW-12,VEH-043
OUT-01252,2021-09-21 13:14:00,2021-09-21 13:59:00,CREW-10,VEH-003
OUT-01253,2021-09-22 14:14:00,2021-09-22 14:55:00,CREW-03,VEH-031
OUT-01254,2021-09-22 14:14:00,2021-09-22 14:41:00,CREW-17,VEH-035
OUT-01255,2021-09-22 16:05:00,2021-09-22 16:30:00,CREW-19,VEH-011
OUT-01256,2021-09-22 17:15:00,2021-09-22 18:04:00,CREW-06,VEH-031
OUT-01257,2021-09-22 18:15:00,2021-09-22 18:53:00,CREW-18,VEH-049
OUT-01258,2021-09-23 13:05:00,2021-09-23 13:51:00,CREW-15,VEH-043
OUT-01259,2021-09-23 14:11:00,2021-09-23 15:00:00,CREW-03,VEH-016
OUT-01260,2021-09-24 16:06:00,2021-09-24 16:41:00,CREW-10,VEH-019
OUT-01261,2021-09-24 17:10:00,2021-09-24 17:28:00,CREW-19,VEH-043
OUT-01262,2021-09-24 18:03:00,2021-09-24 18:27:00,CREW-11,VEH-025
OUT-01263,2021-09-24 18:05:00,2021-09-24 18:38:00,CREW-11,VEH-046
OUT-01264,2021-09-26 14:03:00,2021-09-26 14:45:00,CREW-05,VEH-005
OUT-01265,2021-09-26 14:04:00,2021-09-26 14:39:00,CREW-12,VEH-050
OUT-01266,2021-09-26 14:05:00,2021-09-26 15:01:00,CREW-20,VEH-038
OUT-01267,2021-09-26 15:10:00,2021-09-26 15:38:00,CREW-11,VEH-032
OUT-01268,2021-09-26 15:12:00,2021-09-26 15:44:00,CREW-18,VEH-023
OUT-01269,2021-09-26 16:12:00,2021-09-26 16:47:00,CREW-12,VEH-005
OUT-01270,2021-09-26 17:08:00,2021-09-26 18:03:00,CREW-09,VEH-010
OUT-01271,2021-09-26 17:07:00,2021-09-26 17:40:00,CREW-01,VEH-007
OUT-01272,2021-09-26 18:05:00,2021-09-26 18:20:00,CREW-15,VEH-040
OUT-01273,2021-09-26 19:13:00,2021-09-26 19:49:00,CREW-18,VEH-047
OUT-01274,2021-09-26 19:02:00,2021-09-26 19:45:00,CREW-14,VEH-014
OUT-01275,2021-09-26 19:03:00,2021-09-26 19:37:00,CREW-18,VEH-048
OUT-01276,2021-09-26 20:02:00,2021-09-26 20:59:00,CREW-15,VEH-012
OUT-01277,2021-09-27 13:09:00,2021-09-27 13:43:00,CREW-06,VEH-003
OUT-01278,2021-09-27 13:13:00,2021-09-27 13:53:00,CREW-13,VEH-013
OUT-01279,2021-09-27 15:03:00,2021-09-27 15:54:00,CREW-17,VEH-038
OUT-01280,2021-09-27 16:03:00,2021-09-27 16:53:00,CREW-11,VEH-008
OUT-01281,2021-09-28 02:13:00,2021-09-28 03:07:00,CREW-11,VEH-022
OUT-01282,2021-09-28 14:05:00,2021-09-28 14:27:00,CREW-08,VEH-026
OUT-01283,2021-09-28 17:15:00,2021-09-28 17:46:00,CREW-20,VEH-016
OUT-01284,2021-09-29 14:15:00,2021-09-29 15:12:00,CREW-07,VEH-016
OUT-01285,2021-09-29 15:14:00,2021-09-29 15:55:00,CREW-09,VEH-035
OUT-01286,2021-09-29 15:04:00,2021-09-29 15:38:00,CREW-05,VEH-042
OUT-01287,2021-09-29 17:02:00,2021-09-29 17:47:00,CREW-08,VEH-015
OUT-01288,2021-09-29 18:06:00,2021-09-29 18:50:00,CREW-14,VEH-020
OUT-01289,2021-09-30 14:13:00,2021-09-30 15:06:00,CREW-12,VEH-049
OUT-01290,2021-09-30 15:02:00,2021-09-30 15:58:00,CREW-19,VEH-046
OUT-01291,2021-10-01 02:12:00,2021-10-01 03:00:00,CREW-18,VEH-007
OUT-01292,2021-10-02 15:13:00,2021-10-02 16:01:00,CREW-20,VEH-050
OUT-01293,2021-10-03 21:07:00,2021-10-03 21:45:00,CREW-10,VEH-032
OUT-01294,2021-10-05 17:05:00,2021-10-05 17:34:00,CREW-05,VEH-020
OUT-01295,2021-10-06 07:04:00,2021-10-06 07:55:00,CREW-08,VEH-008
OUT-01296,2021-10-06 14:09:00,2021-10-06 15:07:00,CREW-08,VEH-011
OUT-01297,2021-10-06 20:15:00,2021-10-06 20:37:00,CREW-10,VEH-039
OUT-01298,2021-10-07 07:13:00,2021-10-07 08:03:00,CREW-13,VEH-032
OUT-01299,2021-10-07 15:05:00,2021-10-07 15:56:00,CREW-04,VEH-031
OUT-01300,2021-10-07 21:03:00,2021-10-07 21:55:00,CREW-02,VEH-031
OUT-01301,2021-10-07 23:08:00,2021-10-07 23:33:00,CREW-14,VEH-032
OUT-01302,2021-10-09 11:15:00,2021-10-09 11:34:00,CREW-06,VEH-010
OUT-01303,2021-10-09 22:09:00,2021-10-09 23:09:00,CREW-03,VEH-044
OUT-01304,2021-10-10 10:13:00,2021-10-10 10:50:00,CREW-17,VEH-001
OUT-01305,2021-10-10 15:08:00,2021-10-10 15:53:00,CREW-10,VEH-042
OUT-01306,2021-10-11 03:06:00,2021-10-11 03:54:00,CREW-09,VEH-022
OUT-01307,2021-10-11 11:14:00,2021-10-11 11:53:00,CREW-16,VEH-018
OUT-01308,2021-10-12 15:04:00,2021-10-12 15:30:00,CREW-08,VEH-017
OUT-01309,2021-10-13 14:11:00,2021-10-13 14:40:00,CREW-15,VEH-039
OUT-01310,2021-10-14 14:14:00,2021-10-14 14:45:00,CREW-09,VEH-040
OUT-01311,2021-10-15 07:05:00,2021-10-15 07:45:00,CREW-18,VEH-013
OUT-01312,2021-10-19 14:10:00,2021-10-19 14:36:00,CREW-12,VEH-038
OUT-01313,2021-10-21 01:04:00,2021-10-21 01:25:00,CREW-03,VEH-048
OUT-01314,2021-10-21 17:03:00,2021-10-21 17:33:00,CREW-07,VEH-004
OUT-01315,2021-10-22 21:12:00,2021-10-22 21:51:00,CREW-08,VEH-013
OUT-01316,2021-10-26 10:14:00,2021-10-26 10:45:00,CREW-17,VEH-037
OUT-01317,2021-10-28 08:07:00,2021-10-28 08:40:00,CREW-13,VEH-026
OUT-01318,2021-10-28 14:15:00,2021-10-28 15:00:00,CREW-04,VEH-039
OUT-01319,2021-10-30 11:09:00,2021-10-30 11:48:00,CREW-13,VEH-032
OUT-01320,2021-11-01 18:12:00,2021-11-01 19:04:00,CREW-06,VEH-028
OUT-01321,2021-11-02 22:06:00,2021-11-02 22:50:00,CREW-03,VEH-028
OUT-01322,2021-11-03 21:04:00,2021-11-03 22:03:00,CREW-02,VEH-016
OUT-01323,2021-11-04 14:07:00,2021-11-04 14:53:00,CREW-06,VEH-008
OUT-01324,2021-11-05 11:08:00,2021-11-05 11:30:00,CREW-06,VEH-014
OUT-01325,2021-11-06 18:04:00,2021-11-06 18:28:00,CREW-03,VEH-012
OUT-01326,2021-11-06 18:02:00,2021-11-06 18:47:00,CREW-05,VEH-025
OUT-01327,2021-11-06 20:10:00,2021-11-06 20:55:00,CREW-20,VEH-039
OUT-01328,2021-11-08 16:07:00,2021-11-08 16:25:00,CREW-13,VEH-045
OUT-01329,2021-11-10 19:11:00,2021-11-10 19:45:00,CREW-20,VEH-013
OUT-01330,2021-11-10 21:02:00,2021-11-10 21:52:00,CREW-01,VEH-001
OUT-01331,2021-11-13 09:14:00,2021-11-13 09:45:00,CREW-08,VEH-050
OUT-01332,2021-11-14 04:12:00,2021-11-14 05:11:00,CREW-14,VEH-008
OUT-01333,2021-11-14 08:09:00,2021-11-14 08:49:00,CREW-15,VEH-013
OUT-01334,2021-11-14 10:08:00,2021-11-14 10:59:00,CREW-17,VEH-028
OUT-01335,2021-11-14 23:10:00,2021-11-14 23:40:00,CREW-02,VEH-018
OUT-01336,2021-11-16 18:02:00,2021-11-16 18:46:00,CREW-07,VEH-013
OUT-01337,2021-11-16 20:03:00,2021-11-16 20:46:00,CREW-14,VEH-030
OUT-01338,2021-11-17 14:03:00,2021-11-17 14:30:00,CREW-11,VEH-021
OUT-01339,2021-11-18 18:15:00,2021-11-18 18:50:00,CREW-16,VEH-017
OUT-01340,2021-11-18 18:09:00,2021-11-18 18:42:00,CREW-20,VEH-015
OUT-01341,2021-11-18 23:10:00,2021-11-18 23:34:00,CREW-12,VEH-031
OUT-01342,2021-11-19 20:06:00,2021-11-19 20:43:00,CREW-20,VEH-030
OUT-01343,2021-11-19 23:02:00,2021-11-19 23:25:00,CREW-15,VEH-001
OUT-01344,2021-11-20 16:13:00,2021-11-20 17:02:00,CREW-11,VEH-034
OUT-01345,2021-11-22 15:10:00,2021-11-22 15:56:00,CREW-15,VEH-012
OUT-01346,2021-11-23 14:02:00,2021-11-23 15:01:00,CREW-14,VEH-008
OUT-01347,2021-11-24 14:09:00,2021-11-24 14:50:00,CREW-12,VEH-001
OUT-01348,2021-11-24 22:12:00,2021-11-24 23:06:00,CREW-10,VEH-011
OUT-01349,2021-11-25 05:08:00,2021-11-25 06:05:00,CREW-17,VEH-033
OUT-01350,2021-11-26 13:11:00,2021-11-26 13:54:00,CREW-08,VEH-023
OUT-01351,2021-11-26 13:09:00,2021-11-26 13:29:00,CREW-18,VEH-038
OUT-01352,2021-11-28 16:06:00,2021-11-28 17:05:00,CREW-19,VEH-008
OUT-01353,2021-11-29 06:10:00,2021-11-29 06:59:00,CREW-19,VEH-011
OUT-01354,2021-11-29 18:09:00,2021-11-29 18:44:00,CREW-19,VEH-002
OUT-01355,2021-11-30 16:09:00,2021-11-30 16:42:00,CREW-07,VEH-028
OUT-01356,2021-12-01 14:12:00,2021-12-01 14:43:00,CREW-06,VEH-019
OUT-01357,2021-12-01 14:09:00,2021-12-01 15:01:00,CREW-02,VEH-038
OUT-01358,2021-12-01 14:08:00,2021-12-01 14:59:00,CREW-19,VEH-004
OUT-01359,2021-12-01 17:07:00,2021-12-01 17:47:00,CREW-17,VEH-043
OUT-01360,2021-12-04 14:05:00,2021-12-04 14:32:00,CREW-20,VEH-032
OUT-01361,2021-12-04 14:02:00,2021-12-04 14:57:00,CREW-04,VEH-046
OUT-01362,2021-12-04 14:04:00,2021-12-04 14:53:00,CREW-14,VEH-040
OUT-01363,2021-12-04 14:09:00,2021-12-04 14:51:00,CREW-01,VEH-042
OUT-01364,2021-12-04 15:03:00,2021-12-04 15:57:00,CREW-01,VEH-012
OUT-01365,2021-12-04 16:09:00,2021-12-04 16:47:00,CREW-16,VEH-050
OUT-01366,2021-12-04 17:05:00,2021-12-04 17:57:00,CREW-12,VEH-027
OUT-01367,2021-12-11 16:10:00,2021-12-11 16:40:00,CREW-12,VEH-031
OUT-01368,2021-12-11 16:09:00,2021-12-11 16:37:00,CREW-13,VEH-025
OUT-01369,2021-12-11 16:03:00,2021-12-11 16:20:00,CREW-10,VEH-009
OUT-01370,2021-12-11 17:11:00,2021-12-11 17:45:00,CREW-08,VEH-010
OUT-01371,2021-12-11 18:04:00,2021-12-11 18:21:00,CREW-05,VEH-003
OUT-01372,2021-12-12 16:11:00,2021-12-12 16:52:00,CREW-16,VEH-049
OUT-01373,2021-12-12 16:04:00,2021-12-12 16:30:00,CREW-09,VEH-044
OUT-01374,2021-12-13 02:11:00,2021-12-13 02:59:00,CREW-18,VEH-020
OUT-01375,2021-12-15 01:13:00,2021-12-15 01:50:00,CREW-04,VEH-023
OUT-01376,2021-12-15 17:08:00,2021-12-15 17:23:00,CREW-02,VEH-030
OUT-01377,2021-12-15 22:04:00,2021-12-15 22:39:00,CREW-20,VEH-049
OUT-01378,2021-12-17 01:05:00,2021-12-17 01:41:00,CREW-01,VEH-038
OUT-01379,2021-12-17 12:14:00,2021-12-17 12:43:00,CREW-14,VEH-015
OUT-01380,2021-12-18 15:15:00,2021-12-18 15:54:00,CREW-05,VEH-006
OUT-01381,2021-12-19 16:02:00,2021-12-19 16:59:00,CREW-16,VEH-044
OUT-01382,2021-12-22 14:08:00,2021-12-22 14:26:00,CREW-18,VEH-021
OUT-01383,2021-12-22 14:13:00,2021-12-22 15:02:00,CREW-08,VEH-023
OUT-01384,2021-12-22 18:04:00,2021-12-22 18:58:00,CREW-18,VEH-010
OUT-01385,2021-12-22 19:10:00,2021-12-22 19:32:00,CREW-11,VEH-005
OUT-01386,2021-12-23 15:11:00,2021-12-23 16:10:00,CREW-05,VEH-045
OUT-01387,2021-12-24 09:07:00,2021-12-24 09:50:00,CREW-05,VEH-009
OUT-01388,2021-12-25 04:12:00,2021-12-25 04:28:00,CREW-01,VEH-040
OUT-01389,2021-12-25 06:13:00,2021-12-25 06:57:00,CREW-11,VEH-028
OUT-01390,2021-12-25 20:13:00,2021-12-25 20:39:00,CREW-07,VEH-026
OUT-01391,2021-12-26 14:14:00,2021-12-26 14:36:00,CREW-09,VEH-039
OUT-01392,2021-12-26 17:11:00,2021-12-26 17:46:00,CREW-15,VEH-034
OUT-01393,2021-12-26 17:08:00,2021-12-26 17:53:00,CREW-20,VEH-025
OUT-01394,2021-12-27 23:13:00,2021-12-27 23:28:00,CREW-08,VEH-037
OUT-01395,2021-12-28 09:02:00,2021-12-28 09:17:00,CREW-10,VEH-042
OUT-01396,2021-12-28 14:06:00,2021-12-28 14:35:00,CREW-17,VEH-022
OUT-01397,2021-12-28 17:07:00,2021-12-28 17:56:00,CREW-13,VEH-016
OUT-01398,2021-12-28 23:09:00,2021-12-28 23:40:00,CREW-17,VEH-026
OUT-01399,2021-12-30 00:14:00,2021-12-30 00:45:00,CREW-06,VEH-017
OUT-01400,2022-01-02 15:15:00,2022-01-02 16:14:00,CREW-06,VEH-035
OUT-01401,2022-01-02 15:15:00,2022-01-02 15:43:00,CREW-15,VEH-008
OUT-01402,2022-01-04 14:14:00,2022-01-04 14:43:00,CREW-13,VEH-049
OUT-01403,2022-01-04 15:06:00,2022-01-04 15:55:00,CREW-06,VEH-005
OUT-01404,2022-01-04 15:07:00,2022-01-04 15:44:00,CREW-02,VEH-026
OUT-01405,2022-01-04 16:06:00,2022-01-04 16:46:00,CREW-20,VEH-006
OUT-01406,2022-01-04 17:07:00,2022-01-04 17:39:00,CREW-04,VEH-017
OUT-01407,2022-01-04 18:10:00,2022-01-04 18:38:00,CREW-14,VEH-013
OUT-01408,2022-01-04 19:08:00,2022-01-04 20:06:00,CREW-15,VEH-019
OUT-01409,2022-01-06 16:12:00,2022-01-06 17:10:00,CREW-03,VEH-017
OUT-01410,2022-01-06 16:04:00,2022-01-06 16:37:00,CREW-20,VEH-036
OUT-01411,2022-01-07 07:04:00,2022-01-07 07:50:00,CREW-16,VEH-044
OUT-01412,2022-01-07 15:09:00,2022-01-07 15:47:00,CREW-17,VEH-007
OUT-01413,2022-01-07 16:12:00,2022-01-07 16:27:00,CREW-03,VEH-032
OUT-01414,2022-01-07 17:05:00,2022-01-07 17:32:00,CREW-06,VEH-014
OUT-01415,2022-01-07 17:06:00,2022-01-07 17:35:00,CREW-15,VEH-004
OUT-01416,2022-01-07 18:09:00,2022-01-07 18:39:00,CREW-16,VEH-004
OUT-01417,2022-01-07 18:14:00,2022-01-07 18:54:00,CREW-13,VEH-002
OUT-01418,2022-01-07 20:04:00,2022-01-07 20:26:00,CREW-15,VEH-043
OUT-01419,2022-01-08 12:10:00,2022-01-08 13:03:00,CREW-13,VEH-002
OUT-01420,2022-01-09 07:09:00,2022-01-09 07:30:00,CREW-12,VEH-039
OUT-01421,2022-01-10 03:11:00,2022-01-10 03:41:00,CREW-03,VEH-030
OUT-01422,2022-01-10 18:11:00,2022-01-10 19:03:00,CREW-18,VEH-050
OUT-01423,2022-01-11 18:06:00,2022-01-11 18:49:00,CREW-07,VEH-034
OUT-01424,2022-01-13 02:12:00,2022-01-13 03:11:00,CREW-05,VEH-030
OUT-01425,2022-01-13 22:07:00,2022-01-13 23:07:00,CREW-12,VEH-004
OUT-01426,2022-01-15 15:14:00,2022-01-15 15:51:00,CREW-06,VEH-032
OUT-01427,2022-01-15 15:11:00,2022-01-15 15:43:00,CREW-15,VEH-040
OUT-01428,2022-01-15 15:11:00,2022-01-15 15:57:00,CREW-09,VEH-037
OUT-01429,2022-01-15 15:11:00,2022-01-15 15:45:00,CREW-06,VEH-048
OUT-01430,2022-01-15 17:09:00,2022-01-15 17:26:00,CREW-10,VEH-011
OUT-01431,2022-01-15 17:12:00,2022-01-15 17:43:00,CREW-04,VEH-004
OUT-01432,2022-01-15 18:02:00,2022-01-15 18:57:00,CREW-19,VEH-005
OUT-01433,2022-01-16 03:07:00,2022-01-16 03:27:00,CREW-03,VEH-022
OUT-01434,2022-01-16 05:02:00,2022-01-16 05:36:00,CREW-16,VEH-011
OUT-01435,2022-01-18 05:14:00,2022-01-18 06:10:00,CREW-03,VEH-009
OUT-01436,2022-01-18 15:13:00,2022-01-18 15:39:00,CREW-14,VEH-033
OUT-01437,2022-01-18 18:03:00,2022-01-18 18:58:00,CREW-09,VEH-023
OUT-01438,2022-01-19 07:11:00,2022-01-19 07:44:00,CREW-15,VEH-005
OUT-01439,2022-01-19 18:05:00,2022-01-19 18:42:00,CREW-02,VEH-045
OUT-01440,2022-01-19 22:09:00,2022-01-19 22:48:00,CREW-10,VEH-014
OUT-01441,2022-01-20 07:11:00,2022-01-20 08:11:00,CREW-09,VEH-025
OUT-01442,2022-01-20 17:15:00,2022-01-20 18:04:00,CREW-20,VEH-048
OUT-01443,2022-01-20 18:03:00,2022-01-20 18:27:00,CREW-03,VEH-011
OUT-01444,2022-01-22 14:12:00,2022-01-22 14:47:00,CREW-13,VEH-007
OUT-01445,2022-01-22 15:08:00,2022-01-22 15:39:00,CREW-02,VEH-012
OUT-01446,2022-01-22 18:10:00,2022-01-22 19:06:00,CREW-18,VEH-011
OUT-01447,2022-01-22 19:02:00,2022-01-22 19:34:00,CREW-03,VEH-026
OUT-01448,2022-01-23 02:07:00,2022-01-23 03:05:00,CREW-11,VEH-047
OUT-01449,2022-01-23 03:11:00,2022-01-23 03:37:00,CREW-13,VEH-004
OUT-01450,2022-01-23 03:08:00,2022-01-23 03:24:00,CREW-15,VEH-008
OUT-01451,2022-01-24 15:08:00,2022-01-24 16:08:00,CREW-08,VEH-012
OUT-01452,2022-01-24 15:14:00,2022-01-24 16:11:00,CREW-17,VEH-017
OUT-01453,2022-01-24 16:09:00,2022-01-24 16:59:00,CREW-08,VEH-005
OUT-01454,2022-01-24 16:11:00,2022-01-24 16:41:00,CREW-04,VEH-028
OUT-01455,2022-01-24 16:07:00,2022-01-24 16:50:00,CREW-15,VEH-012
OUT-01456,2022-01-24 17:06:00,2022-01-24 17:50:00,CREW-16,VEH-014
OUT-01457,2022-01-24 18:11:00,2022-01-24 18:32:00,CREW-13,VEH-037
OUT-01458,2022-01-24 20:14:00,2022-01-24 20:31:00,CREW-15,VEH-036
OUT-01459,2022-01-26 16:15:00,2022-01-26 16:48:00,CREW-13,VEH-042
OUT-01460,2022-01-29 13:06:00,2022-01-29 13:57:00,CREW-20,VEH-029
OUT-01461,2022-01-30 03:05:00,2022-01-30 03:44:00,CREW-06,VEH-036
OUT-01462,2022-02-02 10:03:00,2022-02-02 10:39:00,CREW-16,VEH-018
OUT-01463,2022-02-02 17:06:00,2022-02-02 17:56:00,CREW-13,VEH-019
OUT-01464,2022-02-04 14:08:00,2022-02-04 14:56:00,CREW-13,VEH-043
OUT-01465,2022-02-05 15:15:00,2022-02-05 15:58:00,CREW-04,VEH-022
OUT-01466,2022-02-05 16:05:00,2022-02-05 16:55:00,CREW-09,VEH-039
OUT-01467,2022-02-06 14:04:00,2022-02-06 14:37:00,CREW-06,VEH-006
OUT-01468,2022-02-06 15:05:00,2022-02-06 15:34:00,CREW-20,VEH-009
OUT-01469,2022-02-06 15:05:00,2022-02-06 15:37:00,CREW-05,VEH-020
OUT-01470,2022-02-06 15:08:00,2022-02-06 15:33:00,CREW-05,VEH-022
OUT-01471,2022-02-06 16:11:00,2022-02-06 16:29:00,CREW-12,VEH-034
OUT-01472,2022-02-06 18:14:00,2022-02-06 19:10:00,CREW-09,VEH-042
OUT-01473,2022-02-06 19:08:00,2022-02-06 19:26:00,CREW-19,VEH-042
OUT-01474,2022-02-07 07:15:00,2022-02-07 08:00:00,CREW-03,VEH-021
OUT-01475,2022-02-07 14:14:00,2022-02-07 14:59:00,CREW-19,VEH-031
OUT-01476,2022-02-07 15:06:00,2022-02-07 15:52:00,CREW-02,VEH-010
OUT-01477,2022-02-07 20:03:00,2022-02-07 20:19:00,CREW-17,VEH-032
OUT-01478,2022-02-08 07:15:00,2022-02-08 08:08:00,CREW-11,VEH-024
OUT-01479,2022-02-08 16:02:00,2022-02-08 16:27:00,CREW-04,VEH-007
OUT-01480,2022-02-11 00:11:00,2022-02-11 00:37:00,CREW-17,VEH-033
OUT-01481,2022-02-12 18:12:00,2022-02-12 18:54:00,CREW-01,VEH-047
OUT-01482,2022-02-13 15:13:00,2022-02-13 16:09:00,CREW-07,VEH-002
OUT-01483,2022-02-13 16:11:00,2022-02-13 16:49:00,CREW-04,VEH-044
OUT-01484,2022-02-13 17:04:00,2022-02-13 17:44:00,CREW-11,VEH-040
OUT-01485,2022-02-13 18:03:00,2022-02-13 19:00:00,CREW-11,VEH-045
OUT-01486,2022-02-13 18:04:00,2022-02-13 18:30:00,CREW-03,VEH-042
OUT-01487,2022-02-13 18:12:00,2022-02-13 18:28:00,CREW-17,VEH-016
OUT-01488,2022-02-13 19:03:00,2022-02-13 19:47:00,CREW-20,VEH-038
OUT-01489,2022-02-14 03:13:00,2022-02-14 03:52:00,CREW-10,VEH-042
OUT-01490,2022-02-18 07:09:00,2022-02-18 07:56:00,CREW-13,VEH-041
OUT-01491,2022-02-18 18:07:00,2022-02-18 19:03:00,CREW-15,VEH-037
OUT-01492,2022-02-19 19:07:00,2022-02-19 19:37:00,CREW-13,VEH-022
OUT-01493,2022-02-20 16:10:00,2022-02-20 16:44:00,CREW-18,VEH-043
OUT-01494,2022-02-21 15:12:00,2022-02-21 16:07:00,CREW-16,VEH-034
OUT-01495,2022-02-21 17:11:00,2022-02-21 17:50:00,CREW-02,VEH-012
OUT-01496,2022-02-21 20:09:00,2022-02-21 20:32:00,CREW-12,VEH-026
OUT-01497,2022-02-27 04:10:00,2022-02-27 04:34:00,CREW-02,VEH-048
OUT-01498,2022-02-28 19:05:00,2022-02-28 19:58:00,CREW-02,VEH-001
OUT-01499,2022-03-01 13:04:00,2022-03-01 13:54:00,CREW-02,VEH-031
OUT-01500,2022-03-02 09:10:00,2022-03-02 09:38:00,CREW-02,VEH-029
OUT-01501,2022-03-02 16:13:00,2022-03-02 17:04:00,CREW-20,VEH-039
OUT-01502,2022-03-05 16:09:00,2022-03-05 16:44:00,CREW-10,VEH-046
OUT-01503,2022-03-06 02:15:00,2022-03-06 03:06:00,CREW-18,VEH-024
OUT-01504,2022-03-09 09:15:00,2022-03-09 10:03:00,CREW-12,VEH-022
OUT-01505,2022-03-10 08:09:00,2022-03-10 08:29:00,CREW-04,VEH-045
OUT-01506,2022-03-10 09:05:00,2022-03-10 09:41:00,CREW-14,VEH-016
OUT-01507,2022-03-14 01:14:00,2022-03-14 02:04:00,CREW-01,VEH-045
OUT-01508,2022-03-14 06:05:00,2022-03-14 06:39:00,CREW-18,VEH-038
OUT-01509,2022-03-15 04:04:00,2022-03-15 04:41:00,CREW-13,VEH-016
OUT-01510,2022-03-15 15:12:00,2022-03-15 15:31:00,CREW-04,VEH-021
OUT-01511,2022-03-15 20:09:00,2022-03-15 20:37:00,CREW-07,VEH-031
OUT-01512,2022-03-16 02:15:00,2022-03-16 02:35:00,CREW-12,VEH-016
OUT-01513,2022-03-16 18:02:00,2022-03-16 19:01:00,CREW-14,VEH-007
OUT-01514,2022-03-16 20:15:00,2022-03-16 21:01:00,CREW-15,VEH-044
OUT-01515,2022-03-17 00:02:00,2022-03-17 00:57:00,CREW-15,VEH-044
OUT-01516,2022-03-17 02:03:00,2022-03-17 02:22:00,CREW-13,VEH-027
OUT-01517,2022-03-18 19:05:00,2022-03-18 19:42:00,CREW-08,VEH-014
OUT-01518,2022-03-18 23:12:00,2022-03-18 23:59:00,CREW-03,VEH-017
OUT-01519,2022-03-19 19:13:00,2022-03-19 19:46:00,CREW-14,VEH-023
OUT-01520,2022-03-20 17:09:00,2022-03-20 17:36:00,CREW-20,VEH-035
OUT-01521,2022-03-22 19:06:00,2022-03-22 19:29:00,CREW-06,VEH-025
OUT-01522,2022-03-24 18:07:00,2022-03-24 18:23:00,CREW-13,VEH-005
OUT-01523,2022-03-26 19:13:00,2022-03-26 19:54:00,CREW-08,VEH-001
OUT-01524,2022-03-26 20:05:00,2022-03-26 21:03:00,CREW-11,VEH-039
OUT-01525,2022-03-29 18:07:00,2022-03-29 18:45:00,CREW-11,VEH-029
OUT-01526,2022-03-30 05:07:00,2022-03-30 05:47:00,CREW-16,VEH-035
OUT-01527,2022-03-30 23:05:00,2022-03-31 00:05:00,CREW-03,VEH-001
OUT-01528,2022-03-31 11:11:00,2022-03-31 11:26:00,CREW-17,VEH-002
OUT-01529,2022-04-01 05:14:00,2022-04-01 05:48:00,CREW-06,VEH-008
OUT-01530,2022-04-02 10:14:00,2022-04-02 11:01:00,CREW-03,VEH-035
OUT-01531,2022-04-04 14:06:00,2022-04-04 14:47:00,CREW-12,VEH-012
OUT-01532,2022-04-04 15:05:00,2022-04-04 16:04:00,CREW-20,VEH-009
OUT-01533,2022-04-05 17:08:00,2022-04-05 17:26:00,CREW-19,VEH-019
OUT-01534,2022-04-07 17:07:00,2022-04-07 17:48:00,CREW-13,VEH-043
OUT-01535,2022-04-07 17:14:00,2022-04-07 17:41:00,CREW-20,VEH-047
OUT-01536,2022-04-09 04:06:00,2022-04-09 05:05:00,CREW-11,VEH-019
OUT-01537,2022-04-09 16:09:00,2022-04-09 16:31:00,CREW-10,VEH-026
OUT-01538,2022-04-10 07:04:00,2022-04-10 07:44:00,CREW-11,VEH-013
OUT-01539,2022-04-10 15:13:00,2022-04-10 15:36:00,CREW-20,VEH-019
OUT-01540,2022-04-11 15:08:00,2022-04-11 15:34:00,CREW-15,VEH-031
OUT-01541,2022-04-13 14:08:00,2022-04-13 14:36:00,CREW-11,VEH-026
OUT-01542,2022-04-13 17:11:00,2022-04-13 17:52:00,CREW-11,VEH-038
OUT-01543,2022-04-14 17:03:00,2022-04-14 18:00:00,CREW-19,VEH-006
OUT-01544,2022-04-17 11:15:00,2022-04-17 12:07:00,CREW-17,VEH-042
OUT-01545,2022-04-17 20:13:00,2022-04-17 20:28:00,CREW-03,VEH-040
OUT-01546,2022-04-18 19:09:00,2022-04-18 19:30:00,CREW-11,VEH-039
OUT-01547,2022-04-20 07:14:00,2022-04-20 07:32:00,CREW-12,VEH-026
OUT-01548,2022-04-21 06:07:00,2022-04-21 07:07:00,CREW-12,VEH-043
OUT-01549,2022-04-21 19:04:00,2022-04-21 19:55:00,CREW-14,VEH-024
OUT-01550,2022-04-21 20:10:00,2022-04-21 20:37:00,CREW-20,VEH-004
OUT-01551,2022-04-22 04:12:00,2022-04-22 04:58:00,CREW-17,VEH-007
OUT-01552,2022-04-23 08:15:00,2022-04-23 08:40:00,CREW-09,VEH-023
OUT-01553,2022-04-23 13:14:00,2022-04-23 13:51:00,CREW-18,VEH-028
OUT-01554,2022-04-23 14:12:00,2022-04-23 14:52:00,CREW-19,VEH-033
OUT-01555,2022-04-26 18:05:00,2022-04-26 18:33:00,CREW-14,VEH-035
OUT-01556,2022-04-28 06:15:00,2022-04-28 06:57:00,CREW-17,VEH-003
OUT-01557,2022-04-28 18:15:00,2022-04-28 18:59:00,CREW-20,VEH-029
OUT-01558,2022-05-02 20:14:00,2022-05-02 20:43:00,CREW-14,VEH-025
OUT-01559,2022-05-02 22:04:00,2022-05-02 22:56:00,CREW-10,VEH-047
OUT-01560,2022-05-04 12:06:00,2022-05-04 12:58:00,CREW-10,VEH-007
OUT-01561,2022-05-05 09:07:00,2022-05-05 09:38:00,CREW-18,VEH-049
OUT-01562,2022-05-05 19:10:00,2022-05-05 19:34:00,CREW-10,VEH-007
OUT-01563,2022-05-08 16:14:00,2022-05-08 17:06:00,CREW-20,VEH-033
OUT-01564,2022-05-09 18:02:00,2022-05-09 19:00:00,CREW-02,VEH-004
OUT-01565,2022-05-11 11:02:00,2022-05-11 11:20:00,CREW-11,VEH-026
OUT-01566,2022-05-11 14:05:00,2022-05-11 14:20:00,CREW-07,VEH-030
OUT-01567,2022-05-12 14:03:00,2022-05-12 14:26:00,CREW-03,VEH-008
OUT-01568,2022-05-13 07:14:00,2022-05-13 07:52:00,CREW-19,VEH-036
OUT-01569,2022-05-14 01:03:00,2022-05-14 02:00:00,CREW-14,VEH-018
OUT-01570,2022-05-15 23:13:00,2022-05-15 23:56:00,CREW-16,VEH-035
OUT-01571,2022-05-17 22:12:00,2022-05-17 22:57:00,CREW-04,VEH-037
OUT-01572,2022-05-18 18:02:00,2022-05-18 18:55:00,CREW-16,VEH-046
OUT-01573,2022-05-19 17:11:00,2022-05-19 18:04:00,CREW-09,VEH-004
OUT-01574,2022-05-20 01:15:00,2022-05-20 01:59:00,CREW-11,VEH-002
OUT-01575,2022-05-20 06:13:00,2022-05-20 06:39:00,CREW-04,VEH-018
OUT-01576,2022-05-20 08:11:00,2022-05-20 08:32:00,CREW-01,VEH-026
OUT-01577,2022-05-21 21:08:00,2022-05-21 21:48:00,CREW-13,VEH-006
OUT-01578,2022-05-23 23:07:00,2022-05-24 00:05:00,CREW-08,VEH-024
OUT-01579,2022-05-25 08:07:00,2022-05-25 08:40:00,CREW-05,VEH-018
OUT-01580,2022-05-26 15:15:00,2022-05-26 16:06:00,CREW-10,VEH-033
OUT-01581,2022-05-28 16:11:00,2022-05-28 17:02:00,CREW-12,VEH-030
OUT-01582,2022-05-29 05:12:00,2022-05-29 06:05:00,CREW-09,VEH-021
OUT-01583,2022-05-29 15:13:00,2022-05-29 15:56:00,CREW-01,VEH-043
OUT-01584,2022-06-02 15:15:00,2022-06-02 15:44:00,CREW-02,VEH-039
OUT-01585,2022-06-02 18:06:00,2022-06-02 19:04:00,CREW-18,VEH-003
OUT-01586,2022-06-03 13:08:00,2022-06-03 14:05:00,CREW-18,VEH-044
OUT-01587,2022-06-03 15:07:00,2022-06-03 15:58:00,CREW-01,VEH-044
OUT-01588,2022-06-03 15:12:00,2022-06-03 15:57:00,CREW-11,VEH-004
OUT-01589,2022-06-04 15:12:00,2022-06-04 15:44:00,CREW-04,VEH-049
OUT-01590,2022-06-05 05:03:00,2022-06-05 05:46:00,CREW-02,VEH-044
OUT-01591,2022-06-05 15:07:00,2022-06-05 16:03:00,CREW-16,VEH-031
OUT-01592,2022-06-05 15:15:00,2022-06-05 16:08:00,CREW-19,VEH-049
OUT-01593,2022-06-07 18:10:00,2022-06-07 19:09:00,CREW-05,VEH-023
OUT-01594,2022-06-08 07:06:00,2022-06-08 08:02:00,CREW-10,VEH-039
OUT-01595,2022-06-08 13:11:00,2022-06-08 13:40:00,CREW-07,VEH-029
OUT-01596,2022-06-08 15:12:00,2022-06-08 15:29:00,CREW-19,VEH-010
OUT-01597,2022-06-09 17:13:00,2022-06-09 17:56:00,CREW-15,VEH-035
OUT-01598,2022-06-10 14:07:00,2022-06-10 14:33:00,CREW-15,VEH-038
OUT-01599,2022-06-10 14:14:00,2022-06-10 14:57:00,CREW-19,VEH-003
OUT-01600,2022-06-10 16:09:00,2022-06-10 16:31:00,CREW-20,VEH-047
OUT-01601,2022-06-10 17:05:00,2022-06-10 17:40:00,CREW-03,VEH-045
OUT-01602,2022-06-10 17:09:00,2022-06-10 17:46:00,CREW-16,VEH-013
OUT-01603,2022-06-11 14:04:00,2022-06-11 14:27:00,CREW-14,VEH-013
OUT-01604,2022-06-11 15:06:00,2022-06-11 15:27:00,CREW-15,VEH-007
OUT-01605,2022-06-12 15:07:00,2022-06-12 15:55:00,CREW-09,VEH-022
OUT-01606,2022-06-12 16:09:00,2022-06-12 17:00:00,CREW-12,VEH-001
OUT-01607,2022-06-12 17:11:00,2022-06-12 18:08:00,CREW-16,VEH-046
OUT-01608,2022-06-13 16:09:00,2022-06-13 16:48:00,CREW-18,VEH-012
OUT-01609,2022-06-13 16:10:00,2022-06-13 16:41:00,CREW-14,VEH-048
OUT-01610,2022-06-13 17:15:00,2022-06-13 18:10:00,CREW-04,VEH-023
OUT-01611,2022-06-13 18:12:00,2022-06-13 18:32:00,CREW-15,VEH-005
OUT-01612,2022-06-14 13:12:00,2022-06-14 13:51:00,CREW-18,VEH-013
OUT-01613,2022-06-15 17:12:00,2022-06-15 17:40:00,CREW-18,VEH-028
OUT-01614,2022-06-15 17:04:00,2022-06-15 17:45:00,CREW-15,VEH-009
OUT-01615,2022-06-16 13:09:00,2022-06-16 13:55:00,CREW-20,VEH-028
OUT-01616,2022-06-16 15:02:00,2022-06-16 15:20:00,CREW-14,VEH-034
OUT-01617,2022-06-17 13:04:00,2022-06-17 13:44:00,CREW-08,VEH-006
OUT-01618,2022-06-17 13:09:00,2022-06-17 14:02:00,CREW-13,VEH-013
OUT-01619,2022-06-17 15:06:00,2022-06-17 15:45:00,CREW-20,VEH-018
OUT-01620,2022-06-17 18:03:00,2022-06-17 18:19:00,CREW-10,VEH-045
OUT-01621,2022-06-17 18:03:00,2022-06-17 18:29:00,CREW-15,VEH-013
OUT-01622,2022-06-18 13:03:00,2022-06-18 13:28:00,CREW-19,VEH-035
OUT-01623,2022-06-18 16:08:00,2022-06-18 16:48:00,CREW-14,VEH-014
OUT-01624,2022-06-19 14:07:00,2022-06-19 15:06:00,CREW-12,VEH-024
OUT-01625,2022-06-19 15:10:00,2022-06-19 15:25:00,CREW-19,VEH-043
OUT-01626,2022-06-19 15:08:00,2022-06-19 15:44:00,CREW-19,VEH-018
OUT-01627,2022-06-19 17:13:00,2022-06-19 17:55:00,CREW-01,VEH-019
OUT-01628,2022-06-20 13:13:00,2022-06-20 14:04:00,CREW-03,VEH-034
OUT-01629,2022-06-20 15:04:00,2022-06-20 15:58:00,CREW-16,VEH-038
OUT-01630,2022-06-20 15:14:00,2022-06-20 15:51:00,CREW-16,VEH-028
OUT-01631,2022-06-21 17:04:00,2022-06-21 18:03:00,CREW-14,VEH-008
OUT-01632,2022-06-21 18:13:00,2022-06-21 18:49:00,CREW-08,VEH-021
OUT-01633,2022-06-21 18:10:00,2022-06-21 19:05:00,CREW-01,VEH-006
OUT-01634,2022-06-22 10:08:00,2022-06-22 10:45:00,CREW-11,VEH-043
OUT-01635,2022-06-22 15:08:00,2022-06-22 15:54:00,CREW-13,VEH-043
OUT-01636,2022-06-23 13:03:00,2022-06-23 13:40:00,CREW-15,VEH-033
OUT-01637,2022-06-24 15:06:00,2022-06-24 15:59:00,CREW-13,VEH-044
OUT-01638,2022-06-24 17:03:00,2022-06-24 17:41:00,CREW-19,VEH-047
OUT-01639,2022-06-24 17:09:00,2022-06-24 18:05:00,CREW-07,VEH-050
OUT-01640,2022-06-25 13:05:00,2022-06-25 13:46:00,CREW-06,VEH-027
OUT-01641,2022-06-25 15:10:00,2022-06-25 16:09:00,CREW-08,VEH-048
OUT-01642,2022-06-25 15:14:00,2022-06-25 15:41:00,CREW-17,VEH-023
OUT-01643,2022-06-25 16:05:00,2022-06-25 16:56:00,CREW-17,VEH-028
OUT-01644,2022-06-27 14:10:00,2022-06-27 14:26:00,CREW-18,VEH-041
OUT-01645,2022-06-27 16:07:00,2022-06-27 16:32:00,CREW-06,VEH-006
OUT-01646,2022-06-27 17:14:00,2022-06-27 17:39:00,CREW-14,VEH-002
OUT-01647,2022-06-27 17:09:00,2022-06-27 17:26:00,CREW-03,VEH-033
OUT-01648,2022-06-29 13:09:00,2022-06-29 13:42:00,CREW-18,VEH-049
OUT-01649,2022-06-29 14:05:00,2022-06-29 14:43:00,CREW-13,VEH-035
OUT-01650,2022-06-29 15:15:00,2022-06-29 15:30:00,CREW-04,VEH-025
OUT-01651,2022-06-30 16:14:00,2022-06-30 17:11:00,CREW-02,VEH-025
OUT-01652,2022-06-30 21:03:00,2022-06-30 21:46:00,CREW-19,VEH-023
OUT-01653,2022-07-01 14:04:00,2022-07-01 14:43:00,CREW-16,VEH-009
OUT-01654,2022-07-01 15:02:00,2022-07-01 15:58:00,CREW-19,VEH-033
OUT-01655,2022-07-01 16:03:00,2022-07-01 16:33:00,CREW-12,VEH-040
OUT-01656,2022-07-01 16:08:00,2022-07-01 16:40:00,CREW-02,VEH-025
OUT-01657,2022-07-01 19:14:00,2022-07-01 20:13:00,CREW-06,VEH-021
OUT-01658,2022-07-01 19:11:00,2022-07-01 19:31:00,CREW-09,VEH-048
OUT-01659,2022-07-01 20:12:00,2022-07-01 21:05:00,CREW-10,VEH-010
OUT-01660,2022-07-02 14:15:00,2022-07-02 14:47:00,CREW-20,VEH-009
OUT-01661,2022-07-02 17:05:00,2022-07-02 17:59:00,CREW-09,VEH-045
OUT-01662,2022-07-02 18:10:00,2022-07-02 18:50:00,CREW-04,VEH-017
OUT-01663,2022-07-03 13:04:00,2022-07-03 13:23:00,CREW-05,VEH-020
OUT-01664,2022-07-03 14:03:00,2022-07-03 14:19:00,CREW-13,VEH-004
OUT-01665,2022-07-04 13:11:00,2022-07-04 14:10:00,CREW-10,VEH-031
OUT-01666,2022-07-05 17:10:00,2022-07-05 17:32:00,CREW-03,VEH-048
OUT-01667,2022-07-06 13:15:00,2022-07-06 13:38:00,CREW-11,VEH-035
OUT-01668,2022-07-06 14:06:00,2022-07-06 15:02:00,CREW-13,VEH-036
OUT-01669,2022-07-07 11:09:00,2022-07-07 11:36:00,CREW-12,VEH-037
OUT-01670,2022-07-08 14:11:00,2022-07-08 14:34:00,CREW-20,VEH-007
OUT-01671,2022-07-08 17:03:00,2022-07-08 17:40:00,CREW-07,VEH-040
OUT-01672,2022-07-08 18:08:00,2022-07-08 18:43:00,CREW-14,VEH-026
OUT-01673,2022-07-09 13:04:00,2022-07-09 13:23:00,CREW-18,VEH-020
OUT-01674,2022-07-09 14:13:00,2022-07-09 14:44:00,CREW-13,VEH-002
OUT-01675,2022-07-09 16:10:00,2022-07-09 16:37:00,CREW-07,VEH-028
OUT-01676,2022-07-09 16:11:00,2022-07-09 16:31:00,CREW-03,VEH-035
OUT-01677,2022-07-09 17:03:00,2022-07-09 17:28:00,CREW-20,VEH-005
OUT-01678,2022-07-09 18:04:00,2022-07-09 18:40:00,CREW-19,VEH-047
OUT-01679,2022-07-10 14:15:00,2022-07-10 14:45:00,CREW-09,VEH-004
OUT-01680,2022-07-12 13:10:00,2022-07-12 14:08:00,CREW-03,VEH-014
OUT-01681,2022-07-12 15:02:00,2022-07-12 15:35:00,CREW-06,VEH-036
OUT-01682,2022-07-13 13:08:00,2022-07-13 13:52:00,CREW-19,VEH-049
OUT-01683,2022-07-13 13:10:00,2022-07-13 13:40:00,CREW-15,VEH-040
OUT-01684,2022-07-15 15:04:00,2022-07-15 15:26:00,CREW-18,VEH-028
OUT-01685,2022-07-15 15:05:00,2022-07-15 15:38:00,CREW-10,VEH-017
OUT-01686,2022-07-15 15:14:00,2022-07-15 15:41:00,CREW-07,VEH-027
OUT-01687,2022-07-15 17:11:00,2022-07-15 17:59:00,CREW-04,VEH-025
OUT-01688,2022-07-15 18:07:00,2022-07-15 18:45:00,CREW-18,VEH-023
OUT-01689,2022-07-15 18:07:00,2022-07-15 18:50:00,CREW-17,VEH-046
OUT-01690,2022-07-15 18:09:00,2022-07-15 18:34:00,CREW-19,VEH-034
OUT-01691,2022-07-15 20:13:00,2022-07-15 20:30:00,CREW-11,VEH-038
OUT-01692,2022-07-16 17:14:00,2022-07-16 17:42:00,CREW-19,VEH-026
OUT-01693,2022-07-16 18:06:00,2022-07-16 18:59:00,CREW-08,VEH-020
OUT-01694,2022-07-16 20:07:00,2022-07-16 20:28:00,CREW-09,VEH-045
OUT-01695,2022-07-16 20:02:00,2022-07-16 20:45:00,CREW-08,VEH-004
OUT-01696,2022-07-17 13:04:00,2022-07-17 13:21:00,CREW-13,VEH-040
OUT-01697,2022-07-17 15:08:00,2022-07-17 15:49:00,CREW-01,VEH-027
OUT-01698,2022-07-17 18:07:00,2022-07-17 18:28:00,CREW-12,VEH-023
OUT-01699,2022-07-17 18:10:00,2022-07-17 18:35:00,CREW-10,VEH-033
OUT-01700,2022-07-18 17:03:00,2022-07-18 17:53:00,CREW-05,VEH-041
OUT-01701,2022-07-18 18:12:00,2022-07-18 18:43:00,CREW-03,VEH-048
OUT-01702,2022-07-19 16:06:00,2022-07-19 16:52:00,CREW-03,VEH-047
OUT-01703,2022-07-21 18:15:00,2022-07-21 19:04:00,CREW-20,VEH-014
OUT-01704,2022-07-21 18:14:00,2022-07-21 18:59:00,CREW-17,VEH-024
OUT-01705,2022-07-22 14:05:00,2022-07-22 14:42:00,CREW-18,VEH-050
OUT-01706,2022-07-22 15:07:00,2022-07-22 15:35:00,CREW-18,VEH-015
OUT-01707,2022-07-22 16:07:00,2022-07-22 16:48:00,CREW-15,VEH-050
OUT-01708,2022-07-23 15:05:00,2022-07-23 15:27:00,CREW-15,VEH-003
OUT-01709,2022-07-23 18:15:00,2022-07-23 18:42:00,CREW-09,VEH-034
OUT-01710,2022-07-24 18:09:00,2022-07-24 19:03:00,CREW-20,VEH-049
OUT-01711,2022-07-25 18:14:00,2022-07-25 18:29:00,CREW-02,VEH-015
OUT-01712,2022-07-25 18:13:00,2022-07-25 18:41:00,CREW-02,VEH-018
OUT-01713,2022-07-25 18:07:00,2022-07-25 18:28:00,CREW-06,VEH-014
OUT-01714,2022-07-25 18:09:00,2022-07-25 18:50:00,CREW-02,VEH-017
OUT-01715,2022-07-26 15:06:00,2022-07-26 15:34:00,CREW-20,VEH-021
OUT-01716,2022-07-26 15:14:00,2022-07-26 15:50:00,CREW-03,VEH-037
OUT-01717,2022-07-26 18:03:00,2022-07-26 19:00:00,CREW-17,VEH-016
OUT-01718,2022-07-27 14:11:00,2022-07-27 14:27:00,CREW-04,VEH-021
OUT-01719,2022-07-27 17:08:00,2022-07-27 17:56:00,CREW-06,VEH-017
OUT-01720,2022-07-27 18:08:00,2022-07-27 18:47:00,CREW-05,VEH-005
OUT-01721,2022-07-28 14:05:00,2022-07-28 14:35:00,CREW-19,VEH-041
OUT-01722,2022-07-28 15:06:00,2022-07-28 16:00:00,CREW-09,VEH-005
OUT-01723,2022-07-28 15:11:00,2022-07-28 15:27:00,CREW-09,VEH-043
OUT-01724,2022-07-28 15:05:00,2022-07-28 15:41:00,CREW-02,VEH-029
OUT-01725,2022-07-28 15:07:00,2022-07-28 16:07:00,CREW-01,VEH-018
OUT-01726,2022-07-28 18:08:00,2022-07-28 18:23:00,CREW-01,VEH-001
OUT-01727,2022-07-28 19:09:00,2022-07-28 19:27:00,CREW-04,VEH-018
OUT-01728,2022-07-28 19:12:00,2022-07-28 20:09:00,CREW-01,VEH-028
OUT-01729,2022-07-28 20:11:00,2022-07-28 21:06:00,CREW-04,VEH-006
OUT-01730,2022-07-29 18:15:00,2022-07-29 18:45:00,CREW-02,VEH-023
OUT-01731,2022-07-29 18:03:00,2022-07-29 18:59:00,CREW-17,VEH-013
OUT-01732,2022-07-29 18:09:00,2022-07-29 18:41:00,CREW-13,VEH-049
OUT-01733,2022-07-30 16:06:00,2022-07-30 17:03:00,CREW-07,VEH-042
OUT-01734,2022-07-30 16:02:00,2022-07-30 16:31:00,CREW-18,VEH-023
OUT-01735,2022-07-30 16:07:00,2022-07-30 16:51:00,CREW-02,VEH-004
OUT-01736,2022-07-30 16:04:00,2022-07-30 16:25:00,CREW-18,VEH-042
OUT-01737,2022-07-30 17:08:00,2022-07-30 18:02:00,CREW-06,VEH-022
OUT-01738,2022-07-31 17:11:00,2022-07-31 17:26:00,CREW-04,VEH-046
OUT-01739,2022-07-31 19:02:00,2022-07-31 19:59:00,CREW-14,VEH-009
OUT-01740,2022-08-01 13:12:00,2022-08-01 13:38:00,CREW-10,VEH-006
OUT-01741,2022-08-02 15:05:00,2022-08-02 15:43:00,CREW-06,VEH-008
OUT-01742,2022-08-02 15:02:00,2022-08-02 15:40:00,CREW-15,VEH-007
OUT-01743,2022-08-02 19:04:00,2022-08-02 19:40:00,CREW-03,VEH-030
OUT-01744,2022-08-03 14:14:00,2022-08-03 14:50:00,CREW-11,VEH-020
OUT-01745,2022-08-03 17:15:00,2022-08-03 17:58:00,CREW-19,VEH-041
OUT-01746,2022-08-04 06:11:00,2022-08-04 06:59:00,CREW-01,VEH-031
OUT-01747,2022-08-04 16:15:00,2022-08-04 16:47:00,CREW-17,VEH-038
OUT-01748,2022-08-05 05:15:00,2022-08-05 05:52:00,CREW-15,VEH-046
OUT-01749,2022-08-05 16:09:00,2022-08-05 16:45:00,CREW-03,VEH-019
OUT-01750,2022-08-05 18:10:00,2022-08-05 19:08:00,CREW-02,VEH-035
OUT-01751,2022-08-06 14:03:00,2022-08-06 14:18:00,CREW-20,VEH-021
OUT-01752,2022-08-06 15:14:00,2022-08-06 15:34:00,CREW-05,VEH-001
OUT-01753,2022-08-06 16:04:00,2022-08-06 16:19:00,CREW-16,VEH-044
OUT-01754,2022-08-06 17:12:00,2022-08-06 18:06:00,CREW-16,VEH-028
OUT-01755,2022-08-06 18:02:00,2022-08-06 18:52:00,CREW-10,VEH-043
OUT-01756,2022-08-06 20:02:00,2022-08-06 20:39:00,CREW-07,VEH-044
OUT-01757,2022-08-07 14:06:00,2022-08-07 14:27:00,CREW-12,VEH-015
OUT-01758,2022-08-07 18:03:00,2022-08-07 19:03:00,CREW-13,VEH-004
OUT-01759,2022-08-07 18:15:00,2022-08-07 18:43:00,CREW-16,VEH-007
OUT-01760,2022-08-07 19:04:00,2022-08-07 19:20:00,CREW-10,VEH-050
OUT-01761,2022-08-08 15:14:00,2022-08-08 15:45:00,CREW-05,VEH-012
OUT-01762,2022-08-09 15:07:00,2022-08-09 15:43:00,CREW-09,VEH-020
OUT-01763,2022-08-09 16:02:00,2022-08-09 16:22:00,CREW-19,VEH-018
OUT-01764,2022-08-10 13:07:00,2022-08-10 14:06:00,CREW-01,VEH-023
OUT-01765,2022-08-10 14:08:00,2022-08-10 14:48:00,CREW-13,VEH-007
OUT-01766,2022-08-10 14:13:00,2022-08-10 14:54:00,CREW-01,VEH-015
OUT-01767,2022-08-10 15:05:00,2022-08-10 16:04:00,CREW-05,VEH-002
OUT-01768,2022-08-10 15:08:00,2022-08-10 15:55:00,CREW-16,VEH-023
OUT-01769,2022-08-10 15:07:00,2022-08-10 15:37:00,CREW-14,VEH-029
OUT-01770,2022-08-10 16:11:00,2022-08-10 17:00:00,CREW-15,VEH-003
OUT-01771,2022-08-10 16:08:00,2022-08-10 16:51:00,CREW-02,VEH-033
OUT-01772,2022-08-10 17:10:00,2022-08-10 18:05:00,CREW-07,VEH-003
OUT-01773,2022-08-10 18:11:00,2022-08-10 18:57:00,CREW-18,VEH-043
OUT-01774,2022-08-10 19:08:00,2022-08-10 20:03:00,CREW-01,VEH-014
OUT-01775,2022-08-11 14:05:00,2022-08-11 14:51:00,CREW-06,VEH-039
OUT-01776,2022-08-11 14:11:00,2022-08-11 14:32:00,CREW-02,VEH-030
OUT-01777,2022-08-11 16:05:00,2022-08-11 16:40:00,CREW-17,VEH-033
OUT-01778,2022-08-11 16:11:00,2022-08-11 17:07:00,CREW-19,VEH-012
OUT-01779,2022-08-11 17:09:00,2022-08-11 17:39:00,CREW-09,VEH-032
OUT-01780,2022-08-11 17:15:00,2022-08-11 17:56:00,CREW-17,VEH-046
OUT-01781,2022-08-11 18:12:00,2022-08-11 18:28:00,CREW-04,VEH-050
OUT-01782,2022-08-11 20:08:00,2022-08-11 20:35:00,CREW-15,VEH-025
OUT-01783,2022-08-11 20:08:00,2022-08-11 20:44:00,CREW-01,VEH-011
OUT-01784,2022-08-11 20:11:00,2022-08-11 20:50:00,CREW-05,VEH-048
OUT-01785,2022-08-12 14:12:00,2022-08-12 15:04:00,CREW-09,VEH-045
OUT-01786,2022-08-12 18:09:00,2022-08-12 19:03:00,CREW-14,VEH-033
OUT-01787,2022-08-12 18:02:00,2022-08-12 18:40:00,CREW-05,VEH-002
OUT-01788,2022-08-12 18:10:00,2022-08-12 18:48:00,CREW-09,VEH-004
OUT-01789,2022-08-12 18:02:00,2022-08-12 18:33:00,CREW-18,VEH-048
OUT-01790,2022-08-13 16:15:00,2022-08-13 17:09:00,CREW-11,VEH-021
OUT-01791,2022-08-13 17:06:00,2022-08-13 17:38:00,CREW-10,VEH-045
OUT-01792,2022-08-13 17:02:00,2022-08-13 17:34:00,CREW-10,VEH-048
OUT-01793,2022-08-13 18:05:00,2022-08-13 18:56:00,CREW-13,VEH-018
OUT-01794,2022-08-14 17:02:00,2022-08-14 17:25:00,CREW-14,VEH-049
OUT-01795,2022-08-14 17:14:00,2022-08-14 17:59:00,CREW-04,VEH-018
OUT-01796,2022-08-14 18:12:00,2022-08-14 18:46:00,CREW-15,VEH-043
OUT-01797,2022-08-14 20:13:00,2022-08-14 20:36:00,CREW-13,VEH-015
OUT-01798,2022-08-15 15:12:00,2022-08-15 15:41:00,CREW-05,VEH-019
OUT-01799,2022-08-15 17:11:00,2022-08-15 17:51:00,CREW-14,VEH-028
OUT-01800,2022-08-16 18:02:00,2022-08-16 18:34:00,CREW-03,VEH-002
OUT-01801,2022-08-17 14:02:00,2022-08-17 14:58:00,CREW-19,VEH-017
OUT-01802,2022-08-18 13:13:00,2022-08-18 14:00:00,CREW-12,VEH-049
OUT-01803,2022-08-18 17:09:00,2022-08-18 17:26:00,CREW-11,VEH-049
OUT-01804,2022-08-18 18:08:00,2022-08-18 18:48:00,CREW-03,VEH-008
OUT-01805,2022-08-19 07:05:00,2022-08-19 07:55:00,CREW-07,VEH-046
OUT-01806,2022-08-19 15:15:00,2022-08-19 16:05:00,CREW-16,VEH-024
OUT-01807,2022-08-19 18:14:00,2022-08-19 18:29:00,CREW-17,VEH-025
OUT-01808,2022-08-20 18:11:00,2022-08-20 18:41:00,CREW-16,VEH-008
OUT-01809,2022-08-21 15:14:00,2022-08-21 16:07:00,CREW-06,VEH-016
OUT-01810,2022-08-21 15:05:00,2022-08-21 15:35:00,CREW-07,VEH-041
OUT-01811,2022-08-21 16:15:00,2022-08-21 17:12:00,CREW-14,VEH-007
OUT-01812,2022-08-23 13:02:00,2022-08-23 13:42:00,CREW-13,VEH-020
OUT-01813,2022-08-23 14:04:00,2022-08-23 14:22:00,CREW-11,VEH-002
OUT-01814,2022-08-26 13:15:00,2022-08-26 14:13:00,CREW-17,VEH-012
OUT-01815,2022-08-26 14:11:00,2022-08-26 15:09:00,CREW-01,VEH-013
OUT-01816,2022-08-26 14:15:00,2022-08-26 14:53:00,CREW-02,VEH-044
OUT-01817,2022-08-26 18:11:00,2022-08-26 18:46:00,CREW-16,VEH-036
OUT-01818,2022-08-27 14:09:00,2022-08-27 14:25:00,CREW-10,VEH-009
OUT-01819,2022-08-27 18:08:00,2022-08-27 18:37:00,CREW-13,VEH-023
OUT-01820,2022-08-28 14:02:00,2022-08-28 14:18:00,CREW-20,VEH-020
OUT-01821,2022-08-28 16:12:00,2022-08-28 17:12:00,CREW-03,VEH-012
OUT-01822,2022-08-28 18:09:00,2022-08-28 18:25:00,CREW-04,VEH-014
OUT-01823,2022-08-29 14:04:00,2022-08-29 14:52:00,CREW-12,VEH-046
OUT-01824,2022-08-29 21:07:00,2022-08-29 21:34:00,CREW-04,VEH-022
OUT-01825,2022-09-01 16:03:00,2022-09-01 16:29:00,CREW-20,VEH-030
OUT-01826,2022-09-01 16:06:00,2022-09-01 17:00:00,CREW-07,VEH-032
OUT-01827,2022-09-01 16:04:00,2022-09-01 16:24:00,CREW-20,VEH-027
OUT-01828,2022-09-02 16:06:00,2022-09-02 17:03:00,CREW-05,VEH-048
OUT-01829,2022-09-02 17:08:00,2022-09-02 17:27:00,CREW-11,VEH-015
OUT-01830,2022-09-02 17:04:00,2022-09-02 17:23:00,CREW-05,VEH-009
OUT-01831,2022-09-04 17:04:00,2022-09-04 17:47:00,CREW-06,VEH-017
OUT-01832,2022-09-05 15:11:00,2022-09-05 15:46:00,CREW-08,VEH-021
OUT-01833,2022-09-05 16:10:00,2022-09-05 16:35:00,CREW-06,VEH-008
OUT-01834,2022-09-05 17:11:00,2022-09-05 17:49:00,CREW-03,VEH-014
OUT-01835,2022-09-05 17:08:00,2022-09-05 17:36:00,CREW-10,VEH-012
OUT-01836,2022-09-06 14:07:00,2022-09-06 15:05:00,CREW-14,VEH-034
OUT-01837,2022-09-06 14:10:00,2022-09-06 14:34:00,CREW-17,VEH-017
OUT-01838,2022-09-07 15:04:00,2022-09-07 15:49:00,CREW-19,VEH-001
OUT-01839,2022-09-07 15:13:00,2022-09-07 16:06:00,CREW-04,VEH-042
OUT-01840,2022-09-07 15:14:00,2022-09-07 16:02:00,CREW-10,VEH-021
OUT-01841,2022-09-07 17:07:00,2022-09-07 17:25:00,CREW-18,VEH-005
OUT-01842,2022-09-08 17:04:00,2022-09-08 17:20:00,CREW-12,VEH-017
OUT-01843,2022-09-09 14:11:00,2022-09-09 14:59:00,CREW-06,VEH-008
OUT-01844,2022-09-10 15:14:00,2022-09-10 15:39:00,CREW-12,VEH-009
OUT-01845,2022-09-10 16:03:00,2022-09-10 16:25:00,CREW-11,VEH-036
OUT-01846,2022-09-10 17:11:00,2022-09-10 17:46:00,CREW-20,VEH-048
OUT-01847,2022-09-11 13:09:00,2022-09-11 13:59:00,CREW-10,VEH-012
OUT-01848,2022-09-11 13:14:00,2022-09-11 13:42:00,CREW-16,VEH-050
OUT-01849,2022-09-11 14:06:00,2022-09-11 14:42:00,CREW-12,VEH-050
OUT-01850,2022-09-11 14:15:00,2022-09-11 15:08:00,CREW-20,VEH-024
OUT-01851,2022-09-11 16:08:00,2022-09-11 16:29:00,CREW-09,VEH-001
OUT-01852,2022-09-11 18:11:00,2022-09-11 19:03:00,CREW-06,VEH-044
OUT-01853,2022-09-11 18:07:00,2022-09-11 19:05:00,CREW-10,VEH-006
OUT-01854,2022-09-12 14:02:00,2022-09-12 14:54:00,CREW-19,VEH-010
OUT-01855,2022-09-12 17:09:00,2022-09-12 17:31:00,CREW-06,VEH-021
OUT-01856,2022-09-12 17:10:00,2022-09-12 18:03:00,CREW-01,VEH-018
OUT-01857,2022-09-13 14:09:00,2022-09-13 14:51:00,CREW-20,VEH-032
OUT-01858,2022-09-13 14:13:00,2022-09-13 15:09:00,CREW-10,VEH-046
OUT-01859,2022-09-13 14:10:00,2022-09-13 15:06:00,CREW-10,VEH-026
OUT-01860,2022-09-13 16:10:00,2022-09-13 16:35:00,CREW-02,VEH-040
OUT-01861,2022-09-13 16:15:00,2022-09-13 16:52:00,CREW-07,VEH-040
OUT-01862,2022-09-13 16:02:00,2022-09-13 16:37:00,CREW-02,VEH-018
OUT-01863,2022-09-13 19:02:00,2022-09-13 19:53:00,CREW-02,VEH-020
OUT-01864,2022-09-15 13:04:00,2022-09-15 13:36:00,CREW-14,VEH-024
OUT-01865,2022-09-15 22:09:00,2022-09-15 22:53:00,CREW-12,VEH-010
OUT-01866,2022-09-17 16:08:00,2022-09-17 16:33:00,CREW-02,VEH-026
OUT-01867,2022-09-17 17:05:00,2022-09-17 17:52:00,CREW-15,VEH-013
OUT-01868,2022-09-17 18:09:00,2022-09-17 18:48:00,CREW-04,VEH-042
OUT-01869,2022-09-18 13:04:00,2022-09-18 13:36:00,CREW-05,VEH-030
OUT-01870,2022-09-18 13:04:00,2022-09-18 13:41:00,CREW-16,VEH-001
OUT-01871,2022-09-19 17:13:00,2022-09-19 17:51:00,CREW-02,VEH-008
OUT-01872,2022-09-20 17:03:00,2022-09-20 17:22:00,CREW-13,VEH-019
OUT-01873,2022-09-21 05:14:00,2022-09-21 05:31:00,CREW-08,VEH-012
OUT-01874,2022-09-21 14:03:00,2022-09-21 14:28:00,CREW-12,VEH-028
OUT-01875,2022-09-21 15:03:00,2022-09-21 15:30:00,CREW-05,VEH-022
OUT-01876,2022-09-21 15:13:00,2022-09-21 15:29:00,CREW-05,VEH-007
OUT-01877,2022-09-21 17:11:00,2022-09-21 17:51:00,CREW-12,VEH-016
OUT-01878,2022-09-22 15:08:00,2022-09-22 16:02:00,CREW-09,VEH-032
OUT-01879,2022-09-22 16:06:00,2022-09-22 16:33:00,CREW-05,VEH-011
OUT-01880,2022-09-23 01:11:00,2022-09-23 01:38:00,CREW-09,VEH-046
OUT-01881,2022-09-23 13:03:00,2022-09-23 13:32:00,CREW-10,VEH-007
OUT-01882,2022-09-23 14:09:00,2022-09-23 14:51:00,CREW-03,VEH-015
OUT-01883,2022-09-24 13:05:00,2022-09-24 13:40:00,CREW-06,VEH-001
OUT-01884,2022-09-24 13:05:00,2022-09-24 13:30:00,CREW-12,VEH-026
OUT-01885,2022-09-24 14:14:00,2022-09-24 15:05:00,CREW-16,VEH-045
OUT-01886,2022-09-24 17:14:00,2022-09-24 17:55:00,CREW-07,VEH-040
OUT-01887,2022-09-24 18:14:00,2022-09-24 18:51:00,CREW-16,VEH-030
OUT-01888,2022-09-25 14:14:00,2022-09-25 14:32:00,CREW-08,VEH-016
OUT-01889,2022-09-25 19:06:00,2022-09-25 20:02:00,CREW-12,VEH-012
OUT-01890,2022-09-26 15:11:00,2022-09-26 16:02:00,CREW-16,VEH-033
OUT-01891,2022-09-26 15:13:00,2022-09-26 15:36:00,CREW-12,VEH-005
OUT-01892,2022-09-26 16:07:00,2022-09-26 16:49:00,CREW-03,VEH-005
OUT-01893,2022-09-26 16:03:00,2022-09-26 17:03:00,CREW-02,VEH-013
OUT-01894,2022-09-26 17:08:00,2022-09-26 18:04:00,CREW-13,VEH-048
OUT-01895,2022-09-26 17:11:00,2022-09-26 17:39:00,CREW-11,VEH-042
OUT-01896,2022-09-26 18:07:00,2022-09-26 18:25:00,CREW-01,VEH-007
OUT-01897,2022-09-26 18:09:00,2022-09-26 19:04:00,CREW-08,VEH-037
OUT-01898,2022-09-26 18:04:00,2022-09-26 18:28:00,CREW-11,VEH-015
OUT-01899,2022-09-26 18:07:00,2022-09-26 18:36:00,CREW-05,VEH-029
OUT-01900,2022-09-29 13:04:00,2022-09-29 13:28:00,CREW-12,VEH-004
OUT-01901,2022-09-30 16:03:00,2022-09-30 16:33:00,CREW-08,VEH-036
OUT-01902,2022-09-30 16:10:00,2022-09-30 16:47:00,CREW-12,VEH-034
OUT-01903,2022-09-30 17:05:00,2022-09-30 17:56:00,CREW-03,VEH-009
OUT-01904,2022-10-01 03:14:00,2022-10-01 03:46:00,CREW-11,VEH-035
OUT-01905,2022-10-01 18:15:00,2022-10-01 19:03:00,CREW-09,VEH-014
OUT-01906,2022-10-01 19:05:00,2022-10-01 19:48:00,CREW-09,VEH-045
OUT-01907,2022-10-02 13:03:00,2022-10-02 13:32:00,CREW-10,VEH-016
OUT-01908,2022-10-04 12:13:00,2022-10-04 12:32:00,CREW-02,VEH-042
OUT-01909,2022-10-05 09:02:00,2022-10-05 09:55:00,CREW-17,VEH-048
OUT-01910,2022-10-06 01:12:00,2022-10-06 01:53:00,CREW-03,VEH-046
OUT-01911,2022-10-07 13:11:00,2022-10-07 14:04:00,CREW-17,VEH-038
OUT-01912,2022-10-11 14:08:00,2022-10-11 14:44:00,CREW-04,VEH-049
OUT-01913,2022-10-11 14:12:00,2022-10-11 14:35:00,CREW-04,VEH-007
OUT-01914,2022-10-12 01:08:00,2022-10-12 01:24:00,CREW-17,VEH-024
OUT-01915,2022-10-12 18:09:00,2022-10-12 18:54:00,CREW-15,VEH-031
OUT-01916,2022-10-12 23:09:00,2022-10-13 00:06:00,CREW-02,VEH-024
OUT-01917,2022-10-16 18:02:00,2022-10-16 18:42:00,CREW-16,VEH-047
OUT-01918,2022-10-17 15:14:00,2022-10-17 15:43:00,CREW-04,VEH-016
OUT-01919,2022-10-17 16:15:00,2022-10-17 17:13:00,CREW-04,VEH-003
OUT-01920,2022-10-18 19:07:00,2022-10-18 19:43:00,CREW-18,VEH-050
OUT-01921,2022-10-19 17:08:00,2022-10-19 17:34:00,CREW-04,VEH-031
OUT-01922,2022-10-22 16:13:00,2022-10-22 16:58:00,CREW-20,VEH-015
OUT-01923,2022-10-23 13:08:00,2022-10-23 13:50:00,CREW-16,VEH-037
OUT-01924,2022-10-24 19:06:00,2022-10-24 19:35:00,CREW-17,VEH-050
OUT-01925,2022-10-24 20:06:00,2022-10-24 20:33:00,CREW-19,VEH-030
OUT-01926,2022-10-29 22:14:00,2022-10-29 22:46:00,CREW-14,VEH-036
OUT-01927,2022-10-31 00:05:00,2022-10-31 00:39:00,CREW-20,VEH-019
OUT-01928,2022-10-31 07:14:00,2022-10-31 08:12:00,CREW-07,VEH-044
OUT-01929,2022-10-31 08:06:00,2022-10-31 08:24:00,CREW-02,VEH-002
OUT-01930,2022-11-01 03:06:00,2022-11-01 03:30:00,CREW-10,VEH-041
OUT-01931,2022-11-01 06:14:00,2022-11-01 07:07:00,CREW-05,VEH-010
OUT-01932,2022-11-01 14:11:00,2022-11-01 15:03:00,CREW-19,VEH-021
OUT-01933,2022-11-01 15:09:00,2022-11-01 15:24:00,CREW-17,VEH-039
OUT-01934,2022-11-01 17:15:00,2022-11-01 17:50:00,CREW-17,VEH-009
OUT-01935,2022-11-03 20:02:00,2022-11-03 20:21:00,CREW-20,VEH-040
OUT-01936,2022-11-05 07:07:00,2022-11-05 08:04:00,CREW-19,VEH-036
OUT-01937,2022-11-05 09:03:00,2022-11-05 09:50:00,CREW-13,VEH-014
OUT-01938,2022-11-05 18:09:00,2022-11-05 18:56:00,CREW-11,VEH-049
OUT-01939,2022-11-06 18:05:00,2022-11-06 19:03:00,CREW-10,VEH-031
OUT-01940,2022-11-07 05:07:00,2022-11-07 05:22:00,CREW-07,VEH-027
OUT-01941,2022-11-07 15:06:00,2022-11-07 15:48:00,CREW-16,VEH-046
OUT-01942,2022-11-08 09:08:00,2022-11-08 09:42:00,CREW-06,VEH-025
OUT-01943,2022-11-09 02:13:00,2022-11-09 02:32:00,CREW-18,VEH-047
OUT-01944,2022-11-09 18:07:00,2022-11-09 18:50:00,CREW-19,VEH-033
OUT-01945,2022-11-09 20:02:00,2022-11-09 21:01:00,CREW-03,VEH-042
OUT-01946,2022-11-11 18:06:00,2022-11-11 18:55:00,CREW-09,VEH-040
OUT-01947,2022-11-12 14:04:00,2022-11-12 14:43:00,CREW-13,VEH-038
OUT-01948,2022-11-17 17:14:00,2022-11-17 17:48:00,CREW-20,VEH-044
OUT-01949,2022-11-17 18:14:00,2022-11-17 19:02:00,CREW-16,VEH-023
OUT-01950,2022-11-17 18:07:00,2022-11-17 18:34:00,CREW-17,VEH-023
OUT-01951,2022-11-19 14:10:00,2022-11-19 14:41:00,CREW-02,VEH-019
OUT-01952,2022-11-22 23:04:00,2022-11-22 23:25:00,CREW-10,VEH-042
OUT-01953,2022-11-24 01:12:00,2022-11-24 01:46:00,CREW-09,VEH-017
OUT-01954,2022-11-24 06:12:00,2022-11-24 06:28:00,CREW-04,VEH-019
OUT-01955,2022-11-25 05:02:00,2022-11-25 05:21:00,CREW-07,VEH-018
OUT-01956,2022-11-25 15:06:00,2022-11-25 15:27:00,CREW-17,VEH-039
OUT-01957,2022-11-26 14:05:00,2022-11-26 14:59:00,CREW-13,VEH-004
OUT-01958,2022-11-27 09:07:00,2022-11-27 09:46:00,CREW-05,VEH-030
OUT-01959,2022-11-30 10:13:00,2022-11-30 10:31:00,CREW-09,VEH-004
OUT-01960,2022-11-30 13:04:00,2022-11-30 13:42:00,CREW-14,VEH-005
OUT-01961,2022-12-02 10:03:00,2022-12-02 10:59:00,CREW-19,VEH-012
OUT-01962,2022-12-04 02:03:00,2022-12-04 02:34:00,CREW-11,VEH-035
OUT-01963,2022-12-04 19:08:00,2022-12-04 19:39:00,CREW-01,VEH-015
OUT-01964,2022-12-05 05:13:00,2022-12-05 05:36:00,CREW-15,VEH-028
OUT-01965,2022-12-05 13:09:00,2022-12-05 13:58:00,CREW-19,VEH-045
OUT-01966,2022-12-06 13:13:00,2022-12-06 13:47:00,CREW-01,VEH-021
OUT-01967,2022-12-07 17:02:00,2022-12-07 18:01:00,CREW-01,VEH-010
OUT-01968,2022-12-09 17:12:00,2022-12-09 17:58:00,CREW-07,VEH-022
OUT-01969,2022-12-10 08:03:00,2022-12-10 09:03:00,CREW-18,VEH-039
OUT-01970,2022-12-11 00:02:00,2022-12-11 00:45:00,CREW-18,VEH-044
OUT-01971,2022-12-12 18:09:00,2022-12-12 18:54:00,CREW-02,VEH-007
OUT-01972,2022-12-13 20:05:00,2022-12-13 20:37:00,CREW-06,VEH-009
OUT-01973,2022-12-14 05:12:00,2022-12-14 05:35:00,CREW-14,VEH-008
OUT-01974,2022-12-14 07:04:00,2022-12-14 07:53:00,CREW-18,VEH-005
OUT-01975,2022-12-15 15:15:00,2022-12-15 15:57:00,CREW-04,VEH-039
OUT-01976,2022-12-15 17:05:00,2022-12-15 17:44:00,CREW-12,VEH-002
OUT-01977,2022-12-18 15:12:00,2022-12-18 15:40:00,CREW-16,VEH-020
OUT-01978,2022-12-18 16:14:00,2022-12-18 17:06:00,CREW-04,VEH-015
OUT-01979,2022-12-18 18:09:00,2022-12-18 18:48:00,CREW-01,VEH-007
OUT-01980,2022-12-18 18:10:00,2022-12-18 18:55:00,CREW-12,VEH-042
OUT-01981,2022-12-18 20:06:00,2022-12-18 21:04:00,CREW-18,VEH-042
OUT-01982,2022-12-18 20:07:00,2022-12-18 20:33:00,CREW-07,VEH-018
OUT-01983,2022-12-20 13:03:00,2022-12-20 13:27:00,CREW-15,VEH-030
OUT-01984,2022-12-20 18:13:00,2022-12-20 18:44:00,CREW-04,VEH-007
OUT-01985,2022-12-22 02:15:00,2022-12-22 03:10:00,CREW-19,VEH-039
OUT-01986,2022-12-22 18:08:00,2022-12-22 18:56:00,CREW-06,VEH-050
OUT-01987,2022-12-24 07:07:00,2022-12-24 08:06:00,CREW-19,VEH-034
OUT-01988,2022-12-25 06:13:00,2022-12-25 06:42:00,CREW-14,VEH-006
OUT-01989,2022-12-26 15:03:00,2022-12-26 15:54:00,CREW-18,VEH-032
OUT-01990,2022-12-26 17:04:00,2022-12-26 17:21:00,CREW-10,VEH-003
OUT-01991,2022-12-26 23:14:00,2022-12-26 23:40:00,CREW-16,VEH-017
OUT-01992,2022-12-28 13:08:00,2022-12-28 13:35:00,CREW-02,VEH-004
OUT-01993,2022-12-28 15:11:00,2022-12-28 16:04:00,CREW-17,VEH-006
OUT-01994,2022-12-30 17:04:00,2022-12-30 17:23:00,CREW-10,VEH-009
OUT-01995,2022-12-30 19:12:00,2022-12-30 19:39:00,CREW-19,VEH-021
OUT-01996,2022-12-30 19:09:00,2022-12-30 20:01:00,CREW-04,VEH-024
OUT-01997,2022-12-30 20:12:00,2022-12-30 21:01:00,CREW-03,VEH-004
OUT-01998,2022-12-30 20:10:00,2022-12-30 21:01:00,CREW-08,VEH-048
OUT-01999,2023-01-01 23:07:00,2023-01-01 23:56:00,CREW-12,VEH-025
OUT-02000,2023-01-03 10:09:00,2023-01-03 10:36:00,CREW-04,VEH-046
OUT-02001,2023-01-03 17:15:00,2023-01-03 17:42:00,CREW-06,VEH-017
OUT-02002,2023-01-03 22:05:00,2023-01-03 22:59:00,CREW-17,VEH-035
OUT-02003,2023-01-04 06:02:00,2023-01-04 06:57:00,CREW-02,VEH-013
OUT-02004,2023-01-05 01:05:00,2023-01-05 01:21:00,CREW-20,VEH-028
OUT-02005,2023-01-06 12:12:00,2023-01-06 12:52:00,CREW-15,VEH-043
OUT-02006,2023-01-07 11:08:00,2023-01-07 11:25:00,CREW-03,VEH-012
OUT-02007,2023-01-07 15:09:00,2023-01-07 15:28:00,CREW-20,VEH-039
OUT-02008,2023-01-08 23:08:00,2023-01-08 23:35:00,CREW-09,VEH-045
OUT-02009,2023-01-09 13:13:00,2023-01-09 13:40:00,CREW-10,VEH-033
OUT-02010,2023-01-10 03:10:00,2023-01-10 04:04:00,CREW-16,VEH-045
OUT-02011,2023-01-10 20:04:00,2023-01-10 20:21:00,CREW-05,VEH-026
OUT-02012,2023-01-11 18:12:00,2023-01-11 18:33:00,CREW-10,VEH-042
OUT-02013,2023-01-13 00:05:00,2023-01-13 00:53:00,CREW-03,VEH-008
OUT-02014,2023-01-13 08:12:00,2023-01-13 09:11:00,CREW-07,VEH-045
OUT-02015,2023-01-13 15:03:00,2023-01-13 15:23:00,CREW-09,VEH-032
OUT-02016,2023-01-14 14:05:00,2023-01-14 14:53:00,CREW-18,VEH-016
OUT-02017,2023-01-14 15:10:00,2023-01-14 15:36:00,CREW-07,VEH-039
OUT-02018,2023-01-14 16:02:00,2023-01-14 17:01:00,CREW-11,VEH-006
OUT-02019,2023-01-14 17:14:00,2023-01-14 17:51:00,CREW-14,VEH-006
OUT-02020,2023-01-14 17:07:00,2023-01-14 17:23:00,CREW-20,VEH-025
OUT-02021,2023-01-14 17:13:00,2023-01-14 17:56:00,CREW-08,VEH-037
OUT-02022,2023-01-14 17:02:00,2023-01-14 17:49:00,CREW-18,VEH-047
OUT-02023,2023-01-14 18:06:00,2023-01-14 18:59:00,CREW-18,VEH-038
OUT-02024,2023-01-14 19:07:00,2023-01-14 19:58:00,CREW-19,VEH-031
OUT-02025,2023-01-14 19:11:00,2023-01-14 19:40:00,CREW-10,VEH-048
OUT-02026,2023-01-14 20:13:00,2023-01-14 20:45:00,CREW-01,VEH-016
OUT-02027,2023-01-14 20:07:00,2023-01-14 20:59:00,CREW-03,VEH-034
OUT-02028,2023-01-15 14:13:00,2023-01-15 14:29:00,CREW-13,VEH-041
OUT-02029,2023-01-15 16:12:00,2023-01-15 16:31:00,CREW-07,VEH-045
OUT-02030,2023-01-15 17:05:00,2023-01-15 17:43:00,CREW-13,VEH-027
OUT-02031,2023-01-15 18:11:00,2023-01-15 18:32:00,CREW-10,VEH-047
OUT-02032,2023-01-15 18:06:00,2023-01-15 18:58:00,CREW-05,VEH-023
OUT-02033,2023-01-15 18:13:00,2023-01-15 19:01:00,CREW-15,VEH-032
OUT-02034,2023-01-15 19:11:00,2023-01-15 19:56:00,CREW-19,VEH-009
OUT-02035,2023-01-15 19:14:00,2023-01-15 20:07:00,CREW-04,VEH-003
OUT-02036,2023-01-16 14:09:00,2023-01-16 14:52:00,CREW-20,VEH-011
OUT-02037,2023-01-17 15:02:00,2023-01-17 15:54:00,CREW-11,VEH-027
OUT-02038,2023-01-17 20:02:00,2023-01-17 20:37:00,CREW-07,VEH-031
OUT-02039,2023-01-20 07:07:00,2023-01-20 08:07:00,CREW-02,VEH-027
OUT-02040,2023-01-22 09:05:00,2023-01-22 09:30:00,CREW-15,VEH-018
OUT-02041,2023-01-23 00:12:00,2023-01-23 00:27:00,CREW-03,VEH-035
OUT-02042,2023-01-23 13:13:00,2023-01-23 14:06:00,CREW-01,VEH-025
OUT-02043,2023-01-23 15:12:00,2023-01-23 16:04:00,CREW-20,VEH-003
OUT-02044,2023-01-23 21:04:00,2023-01-23 21:20:00,CREW-18,VEH-044
OUT-02045,2023-01-26 17:14:00,2023-01-26 17:38:00,CREW-05,VEH-009
OUT-02046,2023-01-27 21:03:00,2023-01-27 21:51:00,CREW-06,VEH-031
OUT-02047,2023-01-28 15:11:00,2023-01-28 15:37:00,CREW-04,VEH-021
OUT-02048,2023-01-30 18:02:00,2023-01-30 18:22:00,CREW-16,VEH-049
OUT-02049,2023-02-01 04:04:00,2023-02-01 04:28:00,CREW-05,VEH-046
OUT-02050,2023-02-02 05:11:00,2023-02-02 05:46:00,CREW-13,VEH-026
OUT-02051,2023-02-02 12:07:00,2023-02-02 13:05:00,CREW-08,VEH-005
OUT-02052,2023-02-02 18:15:00,2023-02-02 18:44:00,CREW-16,VEH-001
OUT-02053,2023-02-03 18:06:00,2023-02-03 18:23:00,CREW-20,VEH-047
OUT-02054,2023-02-04 03:14:00,2023-02-04 03:44:00,CREW-11,VEH-021
OUT-02055,2023-02-04 15:03:00,2023-02-04 15:44:00,CREW-06,VEH-026
OUT-02056,2023-02-07 11:11:00,2023-02-07 12:03:00,CREW-14,VEH-025
OUT-02057,2023-02-08 07:12:00,2023-02-08 07:34:00,CREW-08,VEH-033
OUT-02058,2023-02-09 15:06:00,2023-02-09 15:27:00,CREW-06,VEH-021
OUT-02059,2023-02-10 17:09:00,2023-02-10 17:44:00,CREW-20,VEH-008
OUT-02060,2023-02-12 16:11:00,2023-02-12 17:11:00,CREW-18,VEH-029
OUT-02061,2023-02-13 04:10:00,2023-02-13 04:39:00,CREW-10,VEH-029
OUT-02062,2023-02-14 14:07:00,2023-02-14 14:37:00,CREW-04,VEH-020
OUT-02063,2023-02-15 04:14:00,2023-02-15 05:05:00,CREW-07,VEH-023
OUT-02064,2023-02-16 13:10:00,2023-02-16 14:04:00,CREW-16,VEH-038
OUT-02065,2023-02-17 14:13:00,2023-02-17 15:05:00,CREW-14,VEH-033
OUT-02066,2023-02-17 15:10:00,2023-02-17 15:33:00,CREW-13,VEH-026
OUT-02067,2023-02-17 16:14:00,2023-02-17 17:11:00,CREW-08,VEH-023
OUT-02068,2023-02-17 16:14:00,2023-02-17 16:33:00,CREW-10,VEH-007
OUT-02069,2023-02-17 17:11:00,2023-02-17 18:01:00,CREW-09,VEH-027
OUT-02070,2023-02-17 17:11:00,2023-02-17 18:11:00,CREW-02,VEH-025
OUT-02071,2023-02-17 19:10:00,2023-02-17 19:51:00,CREW-01,VEH-023
OUT-02072,2023-02-17 19:11:00,2023-02-17 20:07:00,CREW-20,VEH-025
OUT-02073,2023-02-17 20:07:00,2023-02-17 20:24:00,CREW-06,VEH-006
OUT-02074,2023-02-17 20:06:00,2023-02-17 20:22:00,CREW-18,VEH-023
OUT-02075,2023-02-19 22:03:00,2023-02-19 22:29:00,CREW-05,VEH-020
OUT-02076,2023-02-20 15:08:00,2023-02-20 15:46:00,CREW-16,VEH-020
OUT-02077,2023-02-20 16:02:00,2023-02-20 16:17:00,CREW-17,VEH-001
OUT-02078,2023-02-22 00:06:00,2023-02-22 01:05:00,CREW-09,VEH-047
OUT-02079,2023-02-22 14:04:00,2023-02-22 15:04:00,CREW-11,VEH-024
OUT-02080,2023-02-22 23:07:00,2023-02-23 00:05:00,CREW-13,VEH-026
OUT-02081,2023-02-23 12:14:00,2023-02-23 12:29:00,CREW-10,VEH-035
OUT-02082,2023-02-24 07:09:00,2023-02-24 07:51:00,CREW-04,VEH-016
OUT-02083,2023-02-25 16:09:00,2023-02-25 16:39:00,CREW-17,VEH-015
OUT-02084,2023-02-25 16:10:00,2023-02-25 16:58:00,CREW-11,VEH-001
OUT-02085,2023-02-25 19:11:00,2023-02-25 19:29:00,CREW-11,VEH-005
OUT-02086,2023-02-25 19:04:00,2023-02-25 19:31:00,CREW-10,VEH-011
OUT-02087,2023-02-26 14:03:00,2023-02-26 14:51:00,CREW-07,VEH-041
OUT-02088,2023-02-28 14:11:00,2023-02-28 14:48:00,CREW-07,VEH-039
OUT-02089,2023-02-28 14:04:00,2023-02-28 14:30:00,CREW-07,VEH-049
OUT-02090,2023-02-28 15:11:00,2023-02-28 15:58:00,CREW-05,VEH-048
OUT-02091,2023-02-28 15:03:00,2023-02-28 15:58:00,CREW-07,VEH-032
OUT-02092,2023-02-28 16:05:00,2023-02-28 16:39:00,CREW-18,VEH-036
OUT-02093,2023-02-28 18:13:00,2023-02-28 18:40:00,CREW-01,VEH-035
OUT-02094,2023-02-28 18:15:00,2023-02-28 19:05:00,CREW-16,VEH-019
OUT-02095,2023-02-28 18:02:00,2023-02-28 18:21:00,CREW-19,VEH-022
OUT-02096,2023-02-28 20:09:00,2023-02-28 21:06:00,CREW-13,VEH-037
OUT-02097,2023-03-02 18:06:00,2023-03-02 18:56:00,CREW-04,VEH-004
OUT-02098,2023-03-04 04:05:00,2023-03-04 04:37:00,CREW-18,VEH-016
OUT-02099,2023-03-04 18:10:00,2023-03-04 18:42:00,CREW-02,VEH-021
OUT-02100,2023-03-08 15:05:00,2023-03-08 16:03:00,CREW-07,VEH-047
OUT-02101,2023-03-10 07:08:00,2023-03-10 07:51:00,CREW-17,VEH-016
OUT-02102,2023-03-10 09:13:00,2023-03-10 09:58:00,CREW-19,VEH-009
OUT-02103,2023-03-10 17:15:00,2023-03-10 18:06:00,CREW-02,VEH-048
OUT-02104,2023-03-13 06:15:00,2023-03-13 06:43:00,CREW-01,VEH-035
OUT-02105,2023-03-13 13:11:00,2023-03-13 14:04:00,CREW-15,VEH-020
OUT-02106,2023-03-15 06:03:00,2023-03-15 06:58:00,CREW-19,VEH-037
OUT-02107,2023-03-15 10:03:00,2023-03-15 10:33:00,CREW-04,VEH-012
OUT-02108,2023-03-15 16:14:00,2023-03-15 16:35:00,CREW-14,VEH-012
OUT-02109,2023-03-15 16:04:00,2023-03-15 16:23:00,CREW-17,VEH-042
OUT-02110,2023-03-16 20:11:00,2023-03-16 21:08:00,CREW-17,VEH-005
OUT-02111,2023-03-21 20:14:00,2023-03-21 21:10:00,CREW-09,VEH-049
OUT-02112,2023-03-22 18:02:00,2023-03-22 18:52:00,CREW-04,VEH-018
OUT-02113,2023-03-22 19:10:00,2023-03-22 19:53:00,CREW-18,VEH-014
OUT-02114,2023-03-23 19:10:00,2023-03-23 19:39:00,CREW-06,VEH-042
OUT-02115,2023-03-24 03:14:00,2023-03-24 03:43:00,CREW-04,VEH-018
OUT-02116,2023-03-25 06:03:00,2023-03-25 07:01:00,CREW-07,VEH-016
OUT-02117,2023-03-26 16:12:00,2023-03-26 16:40:00,CREW-03,VEH-050
OUT-02118,2023-03-26 20:15:00,2023-03-26 21:11:00,CREW-06,VEH-045
OUT-02119,2023-03-26 22:11:00,2023-03-26 22:43:00,CREW-20,VEH-048
OUT-02120,2023-03-27 05:10:00,2023-03-27 06:02:00,CREW-13,VEH-004
OUT-02121,2023-03-29 05:08:00,2023-03-29 05:36:00,CREW-01,VEH-028
OUT-02122,2023-03-30 13:05:00,2023-03-30 13:56:00,CREW-08,VEH-044
OUT-02123,2023-03-30 21:03:00,2023-03-30 22:01:00,CREW-05,VEH-005
OUT-02124,2023-03-31 10:14:00,2023-03-31 10:37:00,CREW-10,VEH-032
OUT-02125,2023-04-02 14:02:00,2023-04-02 14:19:00,CREW-18,VEH-012
OUT-02126,2023-04-02 18:14:00,2023-04-02 18:31:00,CREW-09,VEH-026
OUT-02127,2023-04-03 16:03:00,2023-04-03 16:20:00,CREW-14,VEH-004
OUT-02128,2023-04-03 21:10:00,2023-04-03 21:37:00,CREW-07,VEH-044
OUT-02129,2023-04-05 18:04:00,2023-04-05 18:41:00,CREW-09,VEH-002
OUT-02130,2023-04-05 23:14:00,2023-04-06 00:09:00,CREW-12,VEH-031
OUT-02131,2023-04-06 07:13:00,2023-04-06 07:29:00,CREW-18,VEH-013
OUT-02132,2023-04-10 20:15:00,2023-04-10 20:34:00,CREW-10,VEH-044
OUT-02133,2023-04-11 14:11:00,2023-04-11 15:08:00,CREW-02,VEH-037
OUT-02134,2023-04-11 20:15:00,2023-04-11 20:36:00,CREW-06,VEH-003
OUT-02135,2023-04-15 15:14:00,2023-04-15 15:31:00,CREW-06,VEH-043
OUT-02136,2023-04-15 18:13:00,2023-04-15 19:09:00,CREW-12,VEH-049
OUT-02137,2023-04-15 22:05:00,2023-04-15 22:21:00,CREW-11,VEH-039
OUT-02138,2023-04-16 09:03:00,2023-04-16 09:43:00,CREW-18,VEH-021
OUT-02139,2023-04-16 09:05:00,2023-04-16 09:59:00,CREW-20,VEH-046
OUT-02140,2023-04-16 20:13:00,2023-04-16 20:49:00,CREW-18,VEH-043
OUT-02141,2023-04-19 10:14:00,2023-04-19 10:58:00,CREW-08,VEH-034
OUT-02142,2023-04-19 18:10:00,2023-04-19 18:33:00,CREW-19,VEH-020
OUT-02143,2023-04-21 16:09:00,2023-04-21 16:48:00,CREW-19,VEH-005
OUT-02144,2023-04-21 16:12:00,2023-04-21 16:41:00,CREW-08,VEH-019
OUT-02145,2023-04-21 17:08:00,2023-04-21 17:49:00,CREW-08,VEH-032
OUT-02146,2023-04-21 21:11:00,2023-04-21 21:52:00,CREW-19,VEH-050
OUT-02147,2023-04-23 08:11:00,2023-04-23 08:54:00,CREW-07,VEH-041
OUT-02148,2023-04-23 18:02:00,2023-04-23 18:35:00,CREW-05,VEH-019
OUT-02149,2023-04-25 18:02:00,2023-04-25 18:32:00,CREW-07,VEH-026
OUT-02150,2023-04-27 21:13:00,2023-04-27 21:35:00,CREW-05,VEH-042
OUT-02151,2023-04-28 12:13:00,2023-04-28 12:32:00,CREW-17,VEH-026
OUT-02152,2023-04-29 07:06:00,2023-04-29 07:42:00,CREW-15,VEH-013
OUT-02153,2023-04-29 10:13:00,2023-04-29 11:00:00,CREW-11,VEH-023
OUT-02154,2023-05-01 14:02:00,2023-05-01 14:59:00,CREW-18,VEH-050
OUT-02155,2023-05-01 19:06:00,2023-05-01 19:50:00,CREW-16,VEH-013
OUT-02156,2023-05-02 15:08:00,2023-05-02 15:55:00,CREW-16,VEH-001
OUT-02157,2023-05-05 05:02:00,2023-05-05 05:54:00,CREW-02,VEH-049
OUT-02158,2023-05-07 18:07:00,2023-05-07 19:07:00,CREW-18,VEH-038
OUT-02159,2023-05-08 20:11:00,2023-05-08 20:49:00,CREW-18,VEH-027
OUT-02160,2023-05-10 01:10:00,2023-05-10 01:32:00,CREW-10,VEH-017
OUT-02161,2023-05-10 17:08:00,2023-05-10 17:51:00,CREW-06,VEH-014
OUT-02162,2023-05-12 04:07:00,2023-05-12 04:27:00,CREW-07,VEH-012
OUT-02163,2023-05-14 16:04:00,2023-05-14 16:32:00,CREW-19,VEH-023
OUT-02164,2023-05-15 10:08:00,2023-05-15 11:02:00,CREW-18,VEH-025
OUT-02165,2023-05-15 16:14:00,2023-05-15 16:49:00,CREW-09,VEH-010
OUT-02166,2023-05-17 08:06:00,2023-05-17 08:29:00,CREW-15,VEH-002
OUT-02167,2023-05-17 19:10:00,2023-05-17 19:37:00,CREW-02,VEH-034
OUT-02168,2023-05-19 15:04:00,2023-05-19 15:56:00,CREW-03,VEH-042
OUT-02169,2023-05-21 03:09:00,2023-05-21 03:29:00,CREW-16,VEH-049
OUT-02170,2023-05-21 05:04:00,2023-05-21 05:21:00,CREW-18,VEH-039
OUT-02171,2023-05-21 11:10:00,2023-05-21 11:36:00,CREW-05,VEH-003
OUT-02172,2023-05-22 02:12:00,2023-05-22 02:56:00,CREW-04,VEH-005
OUT-02173,2023-05-22 14:02:00,2023-05-22 14:43:00,CREW-18,VEH-012
OUT-02174,2023-05-23 01:14:00,2023-05-23 02:09:00,CREW-02,VEH-037
OUT-02175,2023-05-23 17:14:00,2023-05-23 17:44:00,CREW-16,VEH-024
OUT-02176,2023-05-24 01:04:00,2023-05-24 01:40:00,CREW-04,VEH-011
OUT-02177,2023-05-25 04:08:00,2023-05-25 05:08:00,CREW-03,VEH-048
OUT-02178,2023-05-25 18:07:00,2023-05-25 18:36:00,CREW-10,VEH-041
OUT-02179,2023-05-26 05:12:00,2023-05-26 05:42:00,CREW-10,VEH-049
OUT-02180,2023-05-29 22:04:00,2023-05-29 22:20:00,CREW-02,VEH-038
OUT-02181,2023-05-30 01:04:00,2023-05-30 01:58:00,CREW-03,VEH-014
OUT-02182,2023-05-31 12:10:00,2023-05-31 12:25:00,CREW-03,VEH-026
OUT-02183,2023-05-31 15:03:00,2023-05-31 15:26:00,CREW-06,VEH-023
OUT-02184,2023-05-31 17:06:00,2023-05-31 17:21:00,CREW-10,VEH-006
OUT-02185,2023-06-01 13:08:00,2023-06-01 14:06:00,CREW-04,VEH-028
OUT-02186,2023-06-01 13:14:00,2023-06-01 13:45:00,CREW-08,VEH-003
OUT-02187,2023-06-01 13:13:00,2023-06-01 14:06:00,CREW-12,VEH-002
OUT-02188,2023-06-01 15:09:00,2023-06-01 16:09:00,CREW-05,VEH-009
OUT-02189,2023-06-02 13:06:00,2023-06-02 13:31:00,CREW-05,VEH-035
OUT-02190,2023-06-02 15:12:00,2023-06-02 15:28:00,CREW-01,VEH-039
OUT-02191,2023-06-02 16:15:00,2023-06-02 17:15:00,CREW-05,VEH-028
OUT-02192,2023-06-02 16:13:00,2023-06-02 16:58:00,CREW-11,VEH-023
OUT-02193,2023-06-02 18:10:00,2023-06-02 18:26:00,CREW-08,VEH-041
OUT-02194,2023-06-03 15:12:00,2023-06-03 16:01:00,CREW-02,VEH-039
OUT-02195,2023-06-04 13:06:00,2023-06-04 13:41:00,CREW-05,VEH-045
OUT-02196,2023-06-04 13:06:00,2023-06-04 13:49:00,CREW-20,VEH-038
OUT-02197,2023-06-04 13:05:00,2023-06-04 13:44:00,CREW-02,VEH-032
OUT-02198,2023-06-04 14:11:00,2023-06-04 14:31:00,CREW-09,VEH-003
OUT-02199,2023-06-04 15:02:00,2023-06-04 15:17:00,CREW-19,VEH-005
OUT-02200,2023-06-04 15:14:00,2023-06-04 15:47:00,CREW-12,VEH-048
OUT-02201,2023-06-04 17:10:00,2023-06-04 17:59:00,CREW-12,VEH-030
OUT-02202,2023-06-04 18:06:00,2023-06-04 18:54:00,CREW-07,VEH-013
OUT-02203,2023-06-07 15:10:00,2023-06-07 15:27:00,CREW-20,VEH-031
OUT-02204,2023-06-07 18:06:00,2023-06-07 18:44:00,CREW-08,VEH-033
OUT-02205,2023-06-08 14:09:00,2023-06-08 14:47:00,CREW-18,VEH-020
OUT-02206,2023-06-08 16:13:00,2023-06-08 16:43:00,CREW-18,VEH-012
OUT-02207,2023-06-08 16:14:00,2023-06-08 17:13:00,CREW-10,VEH-039
OUT-02208,2023-06-08 16:10:00,2023-06-08 17:10:00,CREW-16,VEH-047
OUT-02209,2023-06-08 18:13:00,2023-06-08 18:36:00,CREW-08,VEH-050
OUT-02210,2023-06-09 16:08:00,2023-06-09 16:35:00,CREW-18,VEH-015
OUT-02211,2023-06-10 13:05:00,2023-06-10 13:24:00,CREW-16,VEH-041
OUT-02212,2023-06-10 16:11:00,2023-06-10 16:49:00,CREW-18,VEH-049
OUT-02213,2023-06-10 18:03:00,2023-06-10 18:24:00,CREW-04,VEH-026
OUT-02214,2023-06-11 13:06:00,2023-06-11 13:36:00,CREW-03,VEH-026
OUT-02215,2023-06-11 14:03:00,2023-06-11 14:46:00,CREW-14,VEH-015
OUT-02216,2023-06-11 15:02:00,2023-06-11 15:49:00,CREW-17,VEH-023
OUT-02217,2023-06-11 18:10:00,2023-06-11 19:07:00,CREW-17,VEH-014
OUT-02218,2023-06-12 18:14:00,2023-06-12 18:48:00,CREW-19,VEH-039
OUT-02219,2023-06-13 16:09:00,2023-06-13 16:36:00,CREW-18,VEH-023
OUT-02220,2023-06-13 16:15:00,2023-06-13 17:15:00,CREW-01,VEH-039
OUT-02221,2023-06-13 18:09:00,2023-06-13 18:41:00,CREW-09,VEH-033
OUT-02222,2023-06-14 13:14:00,2023-06-14 13:45:00,CREW-19,VEH-027
OUT-02223,2023-06-14 17:07:00,2023-06-14 17:56:00,CREW-05,VEH-034
OUT-02224,2023-06-15 17:05:00,2023-06-15 17:44:00,CREW-04,VEH-010
OUT-02225,2023-06-15 17:11:00,2023-06-15 17:49:00,CREW-11,VEH-027
OUT-02226,2023-06-16 16:11:00,2023-06-16 16:55:00,CREW-17,VEH-016
OUT-02227,2023-06-16 20:08:00,2023-06-16 20:38:00,CREW-03,VEH-016
OUT-02228,2023-06-17 17:09:00,2023-06-17 17:35:00,CREW-03,VEH-049
OUT-02229,2023-06-18 13:06:00,2023-06-18 14:03:00,CREW-04,VEH-048
OUT-02230,2023-06-18 14:02:00,2023-06-18 14:48:00,CREW-09,VEH-006
OUT-02231,2023-06-18 15:09:00,2023-06-18 15:50:00,CREW-20,VEH-025
OUT-02232,2023-06-18 16:03:00,2023-06-18 16:26:00,CREW-06,VEH-003
OUT-02233,2023-06-18 16:05:00,2023-06-18 16:25:00,CREW-07,VEH-033
OUT-02234,2023-06-18 17:08:00,2023-06-18 17:23:00,CREW-05,VEH-006
OUT-02235,2023-06-19 15:14:00,2023-06-19 16:02:00,CREW-15,VEH-015
OUT-02236,2023-06-19 17:14:00,2023-06-19 17:54:00,CREW-14,VEH-007
OUT-02237,2023-06-20 15:15:00,2023-06-20 16:00:00,CREW-10,VEH-032
OUT-02238,2023-06-21 16:02:00,2023-06-21 16:30:00,CREW-08,VEH-036
OUT-02239,2023-06-22 15:11:00,2023-06-22 15:49:00,CREW-13,VEH-027
OUT-02240,2023-06-22 16:10:00,2023-06-22 16:56:00,CREW-20,VEH-018
OUT-02241,2023-06-22 18:15:00,2023-06-22 18:47:00,CREW-05,VEH-026
OUT-02242,2023-06-22 20:10:00,2023-06-22 20:59:00,CREW-08,VEH-020
OUT-02243,2023-06-23 18:07:00,2023-06-23 19:03:00,CREW-19,VEH-030
OUT-02244,2023-06-24 18:06:00,2023-06-24 18:48:00,CREW-03,VEH-043
OUT-02245,2023-06-25 15:12:00,2023-06-25 15:57:00,CREW-17,VEH-048
OUT-02246,2023-06-25 18:08:00,2023-06-25 18:58:00,CREW-19,VEH-012
OUT-02247,2023-06-26 14:12:00,2023-06-26 15:03:00,CREW-05,VEH-015
OUT-02248,2023-06-26 17:14:00,2023-06-26 18:11:00,CREW-12,VEH-002
OUT-02249,2023-06-28 13:05:00,2023-06-28 13:34:00,CREW-20,VEH-004
OUT-02250,2023-06-28 17:07:00,2023-06-28 17:59:00,CREW-19,VEH-011
OUT-02251,2023-06-30 18:13:00,2023-06-30 18:29:00,CREW-08,VEH-029
OUT-02252,2023-06-30 18:12:00,2023-06-30 19:03:00,CREW-18,VEH-050
OUT-02253,2023-07-01 15:15:00,2023-07-01 15:39:00,CREW-03,VEH-009
OUT-02254,2023-07-01 16:04:00,2023-07-01 16:29:00,CREW-12,VEH-012
OUT-02255,2023-07-01 16:04:00,2023-07-01 16:57:00,CREW-14,VEH-028
OUT-02256,2023-07-01 17:12:00,2023-07-01 18:05:00,CREW-10,VEH-043
OUT-02257,2023-07-01 19:04:00,2023-07-01 19:40:00,CREW-20,VEH-044
OUT-02258,2023-07-01 20:03:00,2023-07-01 20:40:00,CREW-13,VEH-005
OUT-02259,2023-07-02 15:05:00,2023-07-02 15:47:00,CREW-14,VEH-008
OUT-02260,2023-07-03 17:10:00,2023-07-03 17:59:00,CREW-05,VEH-021
OUT-02261,2023-07-04 13:11:00,2023-07-04 13:43:00,CREW-01,VEH-008
OUT-02262,2023-07-04 19:04:00,2023-07-04 19:35:00,CREW-11,VEH-031
OUT-02263,2023-07-05 13:03:00,2023-07-05 13:23:00,CREW-14,VEH-003
OUT-02264,2023-07-05 17:13:00,2023-07-05 18:03:00,CREW-12,VEH-045
OUT-02265,2023-07-05 18:03:00,2023-07-05 18:19:00,CREW-15,VEH-023
OUT-02266,2023-07-06 13:14:00,2023-07-06 13:45:00,CREW-07,VEH-030
OUT-02267,2023-07-06 13:13:00,2023-07-06 13:41:00,CREW-12,VEH-030
OUT-02268,2023-07-06 17:02:00,2023-07-06 17:48:00,CREW-14,VEH-006
OUT-02269,2023-07-07 15:04:00,2023-07-07 15:42:00,CREW-06,VEH-027
OUT-02270,2023-07-08 18:03:00,2023-07-08 18:41:00,CREW-05,VEH-024
OUT-02271,2023-07-08 18:07:00,2023-07-08 18:55:00,CREW-08,VEH-047
OUT-02272,2023-07-09 14:12:00,2023-07-09 14:48:00,CREW-01,VEH-018
OUT-02273,2023-07-09 14:13:00,2023-07-09 14:39:00,CREW-11,VEH-028
OUT-02274,2023-07-10 16:09:00,2023-07-10 16:30:00,CREW-02,VEH-011
OUT-02275,2023-07-11 14:07:00,2023-07-11 15:03:00,CREW-03,VEH-029
OUT-02276,2023-07-11 18:11:00,2023-07-11 18:53:00,CREW-18,VEH-014
OUT-02277,2023-07-12 15:03:00,2023-07-12 15:45:00,CREW-08,VEH-042
OUT-02278,2023-07-13 15:07:00,2023-07-13 16:06:00,CREW-08,VEH-004
OUT-02279,2023-07-13 15:12:00,2023-07-13 16:02:00,CREW-05,VEH-033
OUT-02280,2023-07-13 18:02:00,2023-07-13 18:50:00,CREW-08,VEH-039
OUT-02281,2023-07-13 18:11:00,2023-07-13 19:02:00,CREW-02,VEH-007
OUT-02282,2023-07-13 18:09:00,2023-07-13 18:51:00,CREW-07,VEH-039
OUT-02283,2023-07-13 19:13:00,2023-07-13 19:41:00,CREW-18,VEH-038
OUT-02284,2023-07-14 13:05:00,2023-07-14 14:01:00,CREW-18,VEH-044
OUT-02285,2023-07-14 14:10:00,2023-07-14 14:31:00,CREW-06,VEH-028
OUT-02286,2023-07-14 19:06:00,2023-07-14 19:23:00,CREW-12,VEH-031
OUT-02287,2023-07-15 18:11:00,2023-07-15 18:45:00,CREW-19,VEH-048
OUT-02288,2023-07-16 15:13:00,2023-07-16 15:38:00,CREW-08,VEH-003
OUT-02289,2023-07-16 17:08:00,2023-07-16 17:29:00,CREW-07,VEH-046
OUT-02290,2023-07-17 14:03:00,2023-07-17 14:59:00,CREW-19,VEH-009
OUT-02291,2023-07-17 14:04:00,2023-07-17 14:36:00,CREW-09,VEH-048
OUT-02292,2023-07-17 18:14:00,2023-07-17 19:10:00,CREW-20,VEH-014
OUT-02293,2023-07-17 18:13:00,2023-07-17 18:52:00,CREW-19,VEH-039
OUT-02294,2023-07-18 15:08:00,2023-07-18 15:37:00,CREW-16,VEH-027
OUT-02295,2023-07-19 17:09:00,2023-07-19 17:33:00,CREW-04,VEH-019
OUT-02296,2023-07-20 15:13:00,2023-07-20 15:48:00,CREW-15,VEH-014
OUT-02297,2023-07-20 15:02:00,2023-07-20 15:26:00,CREW-19,VEH-030
OUT-02298,2023-07-20 18:07:00,2023-07-20 18:24:00,CREW-05,VEH-041
OUT-02299,2023-07-21 06:03:00,2023-07-21 06:28:00,CREW-16,VEH-002
OUT-02300,2023-07-21 16:13:00,2023-07-21 16:33:00,CREW-11,VEH-040
OUT-02301,2023-07-21 17:13:00,2023-07-21 17:56:00,CREW-02,VEH-009
OUT-02302,2023-07-22 18:03:00,2023-07-22 18:46:00,CREW-01,VEH-010
OUT-02303,2023-07-23 14:03:00,2023-07-23 15:01:00,CREW-08,VEH-037
OUT-02304,2023-07-24 14:07:00,2023-07-24 14:54:00,CREW-15,VEH-006
OUT-02305,2023-07-24 15:13:00,2023-07-24 16:07:00,CREW-13,VEH-019
OUT-02306,2023-07-24 18:12:00,2023-07-24 18:27:00,CREW-11,VEH-033
OUT-02307,2023-07-26 13:15:00,2023-07-26 14:09:00,CREW-05,VEH-017
OUT-02308,2023-07-26 16:15:00,2023-07-26 16:37:00,CREW-10,VEH-034
OUT-02309,2023-07-27 13:10:00,2023-07-27 13:47:00,CREW-03,VEH-050
OUT-02310,2023-07-27 18:08:00,2023-07-27 18:37:00,CREW-20,VEH-050
OUT-02311,2023-07-27 18:10:00,2023-07-27 18:27:00,CREW-14,VEH-024
OUT-02312,2023-07-28 14:03:00,2023-07-28 15:03:00,CREW-11,VEH-048
OUT-02313,2023-07-28 18:09:00,2023-07-28 19:02:00,CREW-11,VEH-035
OUT-02314,2023-07-29 14:02:00,2023-07-29 15:02:00,CREW-06,VEH-008
OUT-02315,2023-07-29 15:07:00,2023-07-29 15:58:00,CREW-08,VEH-034
OUT-02316,2023-07-29 18:13:00,2023-07-29 18:44:00,CREW-01,VEH-047
OUT-02317,2023-07-29 19:15:00,2023-07-29 19:45:00,CREW-09,VEH-033
OUT-02318,2023-07-29 20:13:00,2023-07-29 20:56:00,CREW-13,VEH-021
OUT-02319,2023-07-30 14:11:00,2023-07-30 14:46:00,CREW-05,VEH-010
OUT-02320,2023-07-30 15:07:00,2023-07-30 15:34:00,CREW-01,VEH-020
OUT-02321,2023-07-30 15:10:00,2023-07-30 16:10:00,CREW-08,VEH-010
OUT-02322,2023-07-30 15:10:00,2023-07-30 16:05:00,CREW-03,VEH-011
OUT-02323,2023-07-30 16:13:00,2023-07-30 16:37:00,CREW-17,VEH-049
OUT-02324,2023-07-30 17:10:00,2023-07-30 17:35:00,CREW-04,VEH-039
OUT-02325,2023-07-30 17:06:00,2023-07-30 17:46:00,CREW-14,VEH-039
OUT-02326,2023-07-30 18:09:00,2023-07-30 19:03:00,CREW-01,VEH-004
OUT-02327,2023-07-30 18:14:00,2023-07-30 18:58:00,CREW-12,VEH-035
OUT-02328,2023-07-31 13:14:00,2023-07-31 13:59:00,CREW-06,VEH-043
OUT-02329,2023-07-31 14:08:00,2023-07-31 14:26:00,CREW-20,VEH-016
OUT-02330,2023-07-31 16:08:00,2023-07-31 16:44:00,CREW-11,VEH-033
OUT-02331,2023-07-31 16:11:00,2023-07-31 16:54:00,CREW-07,VEH-012
OUT-02332,2023-08-01 13:08:00,2023-08-01 14:01:00,CREW-10,VEH-048
OUT-02333,2023-08-02 16:11:00,2023-08-02 17:05:00,CREW-09,VEH-041
OUT-02334,2023-08-04 17:03:00,2023-08-04 18:02:00,CREW-13,VEH-036
OUT-02335,2023-08-05 14:10:00,2023-08-05 14:48:00,CREW-12,VEH-017
OUT-02336,2023-08-05 14:03:00,2023-08-05 14:30:00,CREW-18,VEH-028
OUT-02337,2023-08-05 16:13:00,2023-08-05 16:54:00,CREW-15,VEH-031
OUT-02338,2023-08-05 18:09:00,2023-08-05 18:38:00,CREW-01,VEH-020
OUT-02339,2023-08-05 19:11:00,2023-08-05 19:37:00,CREW-05,VEH-009
OUT-02340,2023-08-05 19:08:00,2023-08-05 19:30:00,CREW-16,VEH-014
OUT-02341,2023-08-06 14:12:00,2023-08-06 14:51:00,CREW-13,VEH-021
OUT-02342,2023-08-06 14:14:00,2023-08-06 14:59:00,CREW-05,VEH-048
OUT-02343,2023-08-06 14:11:00,2023-08-06 15:08:00,CREW-05,VEH-013
OUT-02344,2023-08-06 16:13:00,2023-08-06 17:10:00,CREW-19,VEH-035
OUT-02345,2023-08-06 19:08:00,2023-08-06 19:29:00,CREW-06,VEH-032
OUT-02346,2023-08-07 13:04:00,2023-08-07 14:03:00,CREW-07,VEH-037
OUT-02347,2023-08-08 07:08:00,2023-08-08 07:44:00,CREW-08,VEH-017
OUT-02348,2023-08-08 14:05:00,2023-08-08 14:46:00,CREW-01,VEH-046
OUT-02349,2023-08-08 15:02:00,2023-08-08 15:58:00,CREW-12,VEH-048
OUT-02350,2023-08-09 15:15:00,2023-08-09 15:56:00,CREW-16,VEH-008
OUT-02351,2023-08-09 16:08:00,2023-08-09 17:04:00,CREW-17,VEH-029
OUT-02352,2023-08-09 16:03:00,2023-08-09 16:37:00,CREW-16,VEH-017
OUT-02353,2023-08-09 17:04:00,2023-08-09 17:26:00,CREW-06,VEH-038
OUT-02354,2023-08-09 18:06:00,2023-08-09 18:49:00,CREW-09,VEH-036
OUT-02355,2023-08-10 15:11:00,2023-08-10 15:56:00,CREW-12,VEH-012
OUT-02356,2023-08-10 16:08:00,2023-08-10 16:39:00,CREW-15,VEH-009
OUT-02357,2023-08-11 17:08:00,2023-08-11 18:04:00,CREW-16,VEH-012
OUT-02358,2023-08-11 18:10:00,2023-08-11 19:03:00,CREW-18,VEH-015
OUT-02359,2023-08-11 18:07:00,2023-08-11 19:05:00,CREW-11,VEH-035
OUT-02360,2023-08-12 16:03:00,2023-08-12 16:55:00,CREW-05,VEH-018
OUT-02361,2023-08-13 17:09:00,2023-08-13 17:48:00,CREW-20,VEH-022
OUT-02362,2023-08-14 14:12:00,2023-08-14 14:36:00,CREW-12,VEH-028
OUT-02363,2023-08-14 16:07:00,2023-08-14 16:41:00,CREW-05,VEH-023
OUT-02364,2023-08-14 17:10:00,2023-08-14 17:53:00,CREW-16,VEH-046
OUT-02365,2023-08-14 18:07:00,2023-08-14 18:29:00,CREW-20,VEH-014
OUT-02366,2023-08-15 13:08:00,2023-08-15 13:59:00,CREW-18,VEH-034
OUT-02367,2023-08-15 17:12:00,2023-08-15 18:06:00,CREW-01,VEH-031
OUT-02368,2023-08-15 18:12:00,2023-08-15 19:10:00,CREW-02,VEH-050
OUT-02369,2023-08-16 14:08:00,2023-08-16 14:45:00,CREW-14,VEH-007
OUT-02370,2023-08-17 15:07:00,2023-08-17 15:46:00,CREW-03,VEH-038
OUT-02371,2023-08-17 16:05:00,2023-08-17 16:53:00,CREW-17,VEH-044
OUT-02372,2023-08-17 16:13:00,2023-08-17 16:57:00,CREW-17,VEH-010
OUT-02373,2023-08-17 17:04:00,2023-08-17 17:38:00,CREW-18,VEH-045
OUT-02374,2023-08-17 17:13:00,2023-08-17 17:54:00,CREW-17,VEH-036
OUT-02375,2023-08-17 19:08:00,2023-08-17 19:54:00,CREW-10,VEH-011
OUT-02376,2023-08-17 20:07:00,2023-08-17 20:27:00,CREW-09,VEH-047
OUT-02377,2023-08-19 13:03:00,2023-08-19 13:53:00,CREW-05,VEH-017
OUT-02378,2023-08-20 16:09:00,2023-08-20 17:03:00,CREW-12,VEH-021
OUT-02379,2023-08-21 17:09:00,2023-08-21 17:42:00,CREW-03,VEH-018
OUT-02380,2023-08-22 18:06:00,2023-08-22 18:39:00,CREW-15,VEH-006
OUT-02381,2023-08-23 14:09:00,2023-08-23 14:41:00,CREW-20,VEH-048
OUT-02382,2023-08-23 14:12:00,2023-08-23 15:05:00,CREW-17,VEH-049
OUT-02383,2023-08-23 14:13:00,2023-08-23 15:12:00,CREW-10,VEH-007
OUT-02384,2023-08-23 14:15:00,2023-08-23 14:30:00,CREW-17,VEH-036
OUT-02385,2023-08-23 15:06:00,2023-08-23 15:57:00,CREW-20,VEH-024
OUT-02386,2023-08-23 16:08:00,2023-08-23 16:47:00,CREW-07,VEH-042
OUT-02387,2023-08-23 16:02:00,2023-08-23 16:45:00,CREW-07,VEH-033
OUT-02388,2023-08-23 16:08:00,2023-08-23 16:46:00,CREW-11,VEH-009
OUT-02389,2023-08-23 17:13:00,2023-08-23 18:02:00,CREW-04,VEH-036
OUT-02390,2023-08-23 17:13:00,2023-08-23 17:40:00,CREW-19,VEH-042
OUT-02391,2023-08-23 17:06:00,2023-08-23 17:59:00,CREW-16,VEH-033
OUT-02392,2023-08-23 18:13:00,2023-08-23 19:01:00,CREW-07,VEH-011
OUT-02393,2023-08-23 20:14:00,2023-08-23 20:41:00,CREW-02,VEH-039
OUT-02394,2023-08-24 14:10:00,2023-08-24 14:35:00,CREW-02,VEH-039
OUT-02395,2023-08-24 14:05:00,2023-08-24 14:30:00,CREW-02,VEH-016
OUT-02396,2023-08-24 15:08:00,2023-08-24 15:35:00,CREW-05,VEH-017
OUT-02397,2023-08-24 16:06:00,2023-08-24 17:04:00,CREW-19,VEH-007
OUT-02398,2023-08-24 19:07:00,2023-08-24 19:29:00,CREW-13,VEH-037
OUT-02399,2023-08-25 14:03:00,2023-08-25 14:58:00,CREW-11,VEH-024
OUT-02400,2023-08-25 14:07:00,2023-08-25 14:47:00,CREW-07,VEH-039
OUT-02401,2023-08-25 16:04:00,2023-08-25 16:24:00,CREW-11,VEH-029
OUT-02402,2023-08-25 17:12:00,2023-08-25 18:05:00,CREW-02,VEH-019
OUT-02403,2023-08-25 18:05:00,2023-08-25 18:25:00,CREW-17,VEH-037
OUT-02404,2023-08-25 18:14:00,2023-08-25 18:56:00,CREW-07,VEH-009
OUT-02405,2023-08-25 18:10:00,2023-08-25 18:57:00,CREW-01,VEH-006
OUT-02406,2023-08-25 19:03:00,2023-08-25 19:27:00,CREW-11,VEH-033
OUT-02407,2023-08-25 19:02:00,2023-08-25 19:29:00,CREW-05,VEH-020
OUT-02408,2023-08-25 20:02:00,2023-08-25 20:19:00,CREW-18,VEH-041
OUT-02409,2023-08-25 20:15:00,2023-08-25 21:00:00,CREW-17,VEH-046
OUT-02410,2023-08-25 20:14:00,2023-08-25 21:04:00,CREW-05,VEH-026
OUT-02411,2023-08-26 17:06:00,2023-08-26 17:37:00,CREW-02,VEH-022
OUT-02412,2023-08-26 17:06:00,2023-08-26 17:24:00,CREW-04,VEH-006
OUT-02413,2023-08-27 17:05:00,2023-08-27 17:40:00,CREW-13,VEH-037
OUT-02414,2023-08-27 17:08:00,2023-08-27 17:47:00,CREW-07,VEH-020
OUT-02415,2023-08-28 14:02:00,2023-08-28 14:30:00,CREW-04,VEH-017
OUT-02416,2023-08-28 14:06:00,2023-08-28 15:06:00,CREW-16,VEH-046
OUT-02417,2023-08-28 14:09:00,2023-08-28 14:43:00,CREW-08,VEH-024
OUT-02418,2023-08-28 15:04:00,2023-08-28 15:43:00,CREW-19,VEH-033
OUT-02419,2023-08-28 15:03:00,2023-08-28 15:32:00,CREW-10,VEH-018
OUT-02420,2023-08-28 16:07:00,2023-08-28 17:07:00,CREW-17,VEH-027
OUT-02421,2023-08-28 19:14:00,2023-08-28 20:01:00,CREW-05,VEH-026
OUT-02422,2023-08-29 17:14:00,2023-08-29 17:55:00,CREW-14,VEH-024
OUT-02423,2023-08-29 17:04:00,2023-08-29 17:48:00,CREW-03,VEH-048
OUT-02424,2023-08-29 18:15:00,2023-08-29 18:41:00,CREW-12,VEH-029
OUT-02425,2023-08-30 14:12:00,2023-08-30 14:43:00,CREW-08,VEH-049
OUT-02426,2023-08-30 15:06:00,2023-08-30 15:43:00,CREW-20,VEH-011
OUT-02427,2023-08-31 13:10:00,2023-08-31 13:58:00,CREW-10,VEH-010
OUT-02428,2023-08-31 17:12:00,2023-08-31 17:32:00,CREW-04,VEH-024
OUT-02429,2023-08-31 18:13:00,2023-08-31 19:10:00,CREW-13,VEH-037
OUT-02430,2023-09-01 13:07:00,2023-09-01 13:22:00,CREW-06,VEH-050
OUT-02431,2023-09-01 14:07:00,2023-09-01 15:02:00,CREW-15,VEH-026
OUT-02432,2023-09-01 14:09:00,2023-09-01 14:47:00,CREW-16,VEH-038
OUT-02433,2023-09-01 16:14:00,2023-09-01 16:34:00,CREW-03,VEH-042
OUT-02434,2023-09-01 16:02:00,2023-09-01 17:02:00,CREW-04,VEH-012
OUT-02435,2023-09-01 17:07:00,2023-09-01 17:32:00,CREW-12,VEH-042
OUT-02436,2023-09-01 18:03:00,2023-09-01 18:56:00,CREW-07,VEH-011
OUT-02437,2023-09-01 18:05:00,2023-09-01 18:50:00,CREW-01,VEH-013
OUT-02438,2023-09-01 18:03:00,2023-09-01 18:58:00,CREW-09,VEH-031
OUT-02439,2023-09-01 19:08:00,2023-09-01 20:03:00,CREW-10,VEH-002
OUT-02440,2023-09-01 20:07:00,2023-09-01 20:36:00,CREW-03,VEH-043
OUT-02441,2023-09-01 20:07:00,2023-09-01 20:24:00,CREW-11,VEH-015
OUT-02442,2023-09-01 20:14:00,2023-09-01 20:56:00,CREW-10,VEH-038
OUT-02443,2023-09-02 18:10:00,2023-09-02 18:31:00,CREW-15,VEH-018
OUT-02444,2023-09-03 16:03:00,2023-09-03 16:58:00,CREW-02,VEH-040
OUT-02445,2023-09-05 15:05:00,2023-09-05 15:53:00,CREW-11,VEH-026
OUT-02446,2023-09-06 13:08:00,2023-09-06 14:00:00,CREW-10,VEH-005
OUT-02447,2023-09-06 14:12:00,2023-09-06 14:27:00,CREW-02,VEH-001
OUT-02448,2023-09-06 16:04:00,2023-09-06 16:20:00,CREW-20,VEH-023
OUT-02449,2023-09-06 17:06:00,2023-09-06 17:44:00,CREW-04,VEH-012
OUT-02450,2023-09-06 18:07:00,2023-09-06 18:41:00,CREW-18,VEH-001
OUT-02451,2023-09-06 19:15:00,2023-09-06 20:02:00,CREW-14,VEH-036
OUT-02452,2023-09-06 19:06:00,2023-09-06 19:31:00,CREW-13,VEH-016
OUT-02453,2023-09-06 20:09:00,2023-09-06 20:36:00,CREW-02,VEH-016
OUT-02454,2023-09-06 20:07:00,2023-09-06 21:07:00,CREW-01,VEH-049
OUT-02455,2023-09-07 13:12:00,2023-09-07 14:01:00,CREW-11,VEH-029
OUT-02456,2023-09-07 15:06:00,2023-09-07 15:37:00,CREW-07,VEH-042
OUT-02457,2023-09-07 15:13:00,2023-09-07 15:56:00,CREW-11,VEH-003
OUT-02458,2023-09-07 16:05:00,2023-09-07 16:29:00,CREW-10,VEH-014
OUT-02459,2023-09-07 16:13:00,2023-09-07 17:09:00,CREW-10,VEH-032
OUT-02460,2023-09-07 17:11:00,2023-09-07 17:26:00,CREW-10,VEH-002
OUT-02461,2023-09-08 13:02:00,2023-09-08 13:46:00,CREW-07,VEH-007
OUT-02462,2023-09-08 13:05:00,2023-09-08 13:46:00,CREW-09,VEH-022
OUT-02463,2023-09-08 13:03:00,2023-09-08 14:03:00,CREW-17,VEH-001
OUT-02464,2023-09-08 14:10:00,2023-09-08 14:44:00,CREW-19,VEH-036
OUT-02465,2023-09-08 15:13:00,2023-09-08 16:07:00,CREW-13,VEH-004
OUT-02466,2023-09-08 16:10:00,2023-09-08 17:05:00,CREW-18,VEH-012
OUT-02467,2023-09-08 17:11:00,2023-09-08 18:08:00,CREW-07,VEH-009
OUT-02468,2023-09-08 18:07:00,2023-09-08 18:40:00,CREW-16,VEH-047
OUT-02469,2023-09-10 18:08:00,2023-09-10 18:38:00,CREW-05,VEH-016
OUT-02470,2023-09-11 13:02:00,2023-09-11 13:53:00,CREW-07,VEH-019
OUT-02471,2023-09-11 17:07:00,2023-09-11 17:58:00,CREW-17,VEH-026
OUT-02472,2023-09-12 15:07:00,2023-09-12 15:29:00,CREW-01,VEH-002
OUT-02473,2023-09-12 18:15:00,2023-09-12 18:49:00,CREW-18,VEH-043
OUT-02474,2023-09-13 14:10:00,2023-09-13 14:34:00,CREW-04,VEH-037
OUT-02475,2023-09-13 14:05:00,2023-09-13 14:32:00,CREW-13,VEH-018
OUT-02476,2023-09-13 16:14:00,2023-09-13 16:52:00,CREW-02,VEH-048
OUT-02477,2023-09-13 16:02:00,2023-09-13 16:35:00,CREW-09,VEH-028
OUT-02478,2023-09-13 16:04:00,2023-09-13 16:57:00,CREW-10,VEH-001
OUT-02479,2023-09-13 20:11:00,2023-09-13 20:46:00,CREW-09,VEH-047
OUT-02480,2023-09-14 17:04:00,2023-09-14 17:23:00,CREW-09,VEH-022
OUT-02481,2023-09-15 19:10:00,2023-09-15 19:47:00,CREW-07,VEH-023
OUT-02482,2023-09-15 20:13:00,2023-09-15 20:52:00,CREW-09,VEH-006
OUT-02483,2023-09-15 20:08:00,2023-09-15 20:56:00,CREW-09,VEH-049
OUT-02484,2023-09-15 20:02:00,2023-09-15 20:22:00,CREW-05,VEH-031
OUT-02485,2023-09-15 20:03:00,2023-09-15 20:58:00,CREW-14,VEH-036
OUT-02486,2023-09-15 20:05:00,2023-09-15 20:34:00,CREW-08,VEH-026
OUT-02487,2023-09-16 14:05:00,2023-09-16 14:40:00,CREW-04,VEH-016
OUT-02488,2023-09-16 16:07:00,2023-09-16 16:33:00,CREW-16,VEH-040
OUT-02489,2023-09-17 14:07:00,2023-09-17 15:03:00,CREW-05,VEH-029
OUT-02490,2023-09-17 15:03:00,2023-09-17 15:27:00,CREW-10,VEH-039
OUT-02491,2023-09-17 16:03:00,2023-09-17 16:18:00,CREW-07,VEH-021
OUT-02492,2023-09-17 18:02:00,2023-09-17 18:31:00,CREW-04,VEH-020
OUT-02493,2023-09-17 18:11:00,2023-09-17 18:48:00,CREW-09,VEH-034
OUT-02494,2023-09-17 18:13:00,2023-09-17 19:13:00,CREW-16,VEH-033
OUT-02495,2023-09-17 20:03:00,2023-09-17 20:56:00,CREW-10,VEH-020
OUT-02496,2023-09-17 20:02:00,2023-09-17 20:29:00,CREW-01,VEH-005
OUT-02497,2023-09-18 13:02:00,2023-09-18 13:44:00,CREW-16,VEH-045
OUT-02498,2023-09-19 13:12:00,2023-09-19 13:43:00,CREW-17,VEH-034
OUT-02499,2023-09-19 18:14:00,2023-09-19 18:42:00,CREW-11,VEH-028
OUT-02500,2023-09-19 18:11:00,2023-09-19 18:57:00,CREW-03,VEH-031
OUT-02501,2023-09-20 13:02:00,2023-09-20 13:25:00,CREW-10,VEH-008
OUT-02502,2023-09-20 14:06:00,2023-09-20 14:33:00,CREW-18,VEH-005
OUT-02503,2023-09-20 15:07:00,2023-09-20 15:51:00,CREW-17,VEH-011
OUT-02504,2023-09-20 16:05:00,2023-09-20 16:28:00,CREW-02,VEH-037
OUT-02505,2023-09-21 13:02:00,2023-09-21 13:20:00,CREW-04,VEH-025
OUT-02506,2023-09-21 13:04:00,2023-09-21 13:27:00,CREW-12,VEH-010
OUT-02507,2023-09-21 13:03:00,2023-09-21 14:00:00,CREW-10,VEH-030
OUT-02508,2023-09-23 18:07:00,2023-09-23 18:27:00,CREW-18,VEH-002
OUT-02509,2023-09-24 03:15:00,2023-09-24 03:31:00,CREW-10,VEH-016
OUT-02510,2023-09-24 18:13:00,2023-09-24 18:28:00,CREW-08,VEH-048
OUT-02511,2023-09-24 18:03:00,2023-09-24 18:30:00,CREW-15,VEH-044
OUT-02512,2023-09-25 14:09:00,2023-09-25 14:33:00,CREW-14,VEH-005
OUT-02513,2023-09-25 15:03:00,2023-09-25 15:36:00,CREW-15,VEH-038
OUT-02514,2023-09-25 18:12:00,2023-09-25 18:37:00,CREW-11,VEH-020
OUT-02515,2023-09-26 15:05:00,2023-09-26 15:40:00,CREW-18,VEH-050
OUT-02516,2023-09-26 17:11:00,2023-09-26 17:59:00,CREW-09,VEH-046
OUT-02517,2023-09-27 16:04:00,2023-09-27 16:49:00,CREW-10,VEH-004
OUT-02518,2023-09-27 17:14:00,2023-09-27 17:34:00,CREW-14,VEH-004
OUT-02519,2023-09-27 17:11:00,2023-09-27 18:04:00,CREW-17,VEH-019
OUT-02520,2023-09-27 17:14:00,2023-09-27 17:34:00,CREW-11,VEH-016
OUT-02521,2023-09-28 13:15:00,2023-09-28 13:54:00,CREW-08,VEH-011
OUT-02522,2023-09-28 14:08:00,2023-09-28 14:48:00,CREW-19,VEH-031
OUT-02523,2023-09-28 17:11:00,2023-09-28 18:07:00,CREW-09,VEH-036
OUT-02524,2023-09-29 15:08:00,2023-09-29 15:35:00,CREW-02,VEH-002
OUT-02525,2023-09-29 17:10:00,2023-09-29 17:52:00,CREW-13,VEH-035
OUT-02526,2023-09-29 17:10:00,2023-09-29 17:37:00,CREW-02,VEH-008
OUT-02527,2023-09-29 17:12:00,2023-09-29 18:07:00,CREW-16,VEH-002
OUT-02528,2023-09-30 16:07:00,2023-09-30 16:53:00,CREW-08,VEH-028
OUT-02529,2023-09-30 18:06:00,2023-09-30 19:01:00,CREW-01,VEH-041
OUT-02530,2023-10-08 02:11:00,2023-10-08 02:29:00,CREW-03,VEH-010
OUT-02531,2023-10-10 09:12:00,2023-10-10 09:40:00,CREW-06,VEH-012
OUT-02532,2023-10-12 02:14:00,2023-10-12 02:45:00,CREW-16,VEH-035
OUT-02533,2023-10-13 18:03:00,2023-10-13 18:28:00,CREW-09,VEH-003
OUT-02534,2023-10-15 04:14:00,2023-10-15 04:46:00,CREW-20,VEH-047
OUT-02535,2023-10-15 18:15:00,2023-10-15 19:03:00,CREW-17,VEH-031
OUT-02536,2023-10-15 19:11:00,2023-10-15 20:05:00,CREW-10,VEH-018
OUT-02537,2023-10-15 19:15:00,2023-10-15 19:54:00,CREW-19,VEH-008
OUT-02538,2023-10-16 16:13:00,2023-10-16 16:35:00,CREW-03,VEH-003
OUT-02539,2023-10-16 17:13:00,2023-10-16 17:49:00,CREW-17,VEH-036
OUT-02540,2023-10-17 11:02:00,2023-10-17 11:30:00,CREW-19,VEH-009
OUT-02541,2023-10-17 14:15:00,2023-10-17 14:59:00,CREW-12,VEH-037
OUT-02542,2023-10-19 18:12:00,2023-10-19 18:46:00,CREW-03,VEH-047
OUT-02543,2023-10-19 22:15:00,2023-10-19 22:40:00,CREW-20,VEH-008
OUT-02544,2023-10-20 18:05:00,2023-10-20 18:46:00,CREW-12,VEH-040
OUT-02545,2023-10-22 15:07:00,2023-10-22 15:51:00,CREW-12,VEH-048
OUT-02546,2023-10-23 21:12:00,2023-10-23 21:47:00,CREW-20,VEH-020
OUT-02547,2023-10-24 21:13:00,2023-10-24 21:31:00,CREW-11,VEH-013
OUT-02548,2023-10-26 17:14:00,2023-10-26 17:37:00,CREW-04,VEH-012
OUT-02549,2023-10-29 04:10:00,2023-10-29 04:37:00,CREW-16,VEH-026
OUT-02550,2023-10-29 21:07:00,2023-10-29 22:03:00,CREW-13,VEH-039
OUT-02551,2023-10-30 02:13:00,2023-10-30 02:46:00,CREW-19,VEH-049
OUT-02552,2023-10-30 23:14:00,2023-10-30 23:41:00,CREW-02,VEH-010
OUT-02553,2023-10-31 01:15:00,2023-10-31 01:51:00,CREW-13,VEH-009
OUT-02554,2023-10-31 10:02:00,2023-10-31 10:30:00,CREW-16,VEH-020
OUT-02555,2023-11-01 00:02:00,2023-11-01 00:33:00,CREW-13,VEH-047
OUT-02556,2023-11-01 06:03:00,2023-11-01 06:34:00,CREW-11,VEH-008
OUT-02557,2023-11-03 03:05:00,2023-11-03 03:22:00,CREW-12,VEH-020
OUT-02558,2023-11-04 18:15:00,2023-11-04 18:45:00,CREW-17,VEH-043
OUT-02559,2023-11-05 01:02:00,2023-11-05 01:49:00,CREW-12,VEH-015
OUT-02560,2023-11-06 20:03:00,2023-11-06 20:45:00,CREW-14,VEH-030
OUT-02561,2023-11-07 11:02:00,2023-11-07 12:01:00,CREW-15,VEH-007
OUT-02562,2023-11-07 15:05:00,2023-11-07 16:01:00,CREW-14,VEH-038
OUT-02563,2023-11-07 16:15:00,2023-11-07 17:13:00,CREW-11,VEH-029
OUT-02564,2023-11-09 13:15:00,2023-11-09 13:54:00,CREW-20,VEH-024
OUT-02565,2023-11-10 06:10:00,2023-11-10 06:43:00,CREW-02,VEH-022
OUT-02566,2023-11-11 16:05:00,2023-11-11 16:52:00,CREW-08,VEH-025
OUT-02567,2023-11-11 20:15:00,2023-11-11 20:38:00,CREW-02,VEH-023
OUT-02568,2023-11-14 17:06:00,2023-11-14 17:45:00,CREW-08,VEH-016
OUT-02569,2023-11-17 16:07:00,2023-11-17 17:06:00,CREW-20,VEH-015
OUT-02570,2023-11-18 22:02:00,2023-11-18 22:38:00,CREW-03,VEH-038
OUT-02571,2023-11-19 04:07:00,2023-11-19 04:35:00,CREW-04,VEH-018
OUT-02572,2023-11-19 16:10:00,2023-11-19 16:42:00,CREW-03,VEH-010
OUT-02573,2023-11-19 18:02:00,2023-11-19 18:55:00,CREW-15,VEH-001
OUT-02574,2023-11-20 07:12:00,2023-11-20 07:53:00,CREW-11,VEH-049
OUT-02575,2023-11-21 00:06:00,2023-11-21 00:27:00,CREW-19,VEH-029
OUT-02576,2023-11-24 20:04:00,2023-11-24 20:55:00,CREW-12,VEH-030
OUT-02577,2023-11-25 19:05:00,2023-11-25 19:56:00,CREW-03,VEH-009
OUT-02578,2023-11-30 10:11:00,2023-11-30 11:06:00,CREW-07,VEH-026
OUT-02579,2023-12-01 18:03:00,2023-12-01 18:40:00,CREW-16,VEH-009
OUT-02580,2023-12-02 16:14:00,2023-12-02 16:56:00,CREW-19,VEH-017
OUT-02581,2023-12-02 18:07:00,2023-12-02 18:57:00,CREW-01,VEH-018
OUT-02582,2023-12-03 10:04:00,2023-12-03 10:27:00,CREW-13,VEH-040
OUT-02583,2023-12-04 13:08:00,2023-12-04 14:07:00,CREW-15,VEH-043
OUT-02584,2023-12-06 14:13:00,2023-12-06 15:13:00,CREW-04,VEH-033
OUT-02585,2023-12-06 15:09:00,2023-12-06 15:59:00,CREW-19,VEH-041
OUT-02586,2023-12-06 16:11:00,2023-12-06 17:01:00,CREW-20,VEH-041
OUT-02587,2023-12-06 16:14:00,2023-12-06 17:12:00,CREW-11,VEH-012
OUT-02588,2023-12-06 16:15:00,2023-12-06 16:47:00,CREW-12,VEH-048
OUT-02589,2023-12-06 17:06:00,2023-12-06 17:40:00,CREW-12,VEH-021
OUT-02590,2023-12-06 18:10:00,2023-12-06 18:35:00,CREW-09,VEH-050
OUT-02591,2023-12-06 19:15:00,2023-12-06 19:54:00,CREW-03,VEH-032
OUT-02592,2023-12-06 20:02:00,2023-12-06 20:30:00,CREW-01,VEH-017
OUT-02593,2023-12-07 05:10:00,2023-12-07 05:32:00,CREW-05,VEH-005
OUT-02594,2023-12-08 05:10:00,2023-12-08 05:59:00,CREW-19,VEH-023
OUT-02595,2023-12-09 16:10:00,2023-12-09 16:54:00,CREW-18,VEH-016
OUT-02596,2023-12-10 17:02:00,2023-12-10 17:18:00,CREW-14,VEH-046
OUT-02597,2023-12-11 14:02:00,2023-12-11 14:42:00,CREW-16,VEH-015
OUT-02598,2023-12-11 16:11:00,2023-12-11 17:09:00,CREW-16,VEH-014
OUT-02599,2023-12-11 18:14:00,2023-12-11 18:52:00,CREW-15,VEH-015
OUT-02600,2023-12-11 18:04:00,2023-12-11 18:26:00,CREW-02,VEH-002
OUT-02601,2023-12-11 18:12:00,2023-12-11 18:36:00,CREW-03,VEH-023
OUT-02602,2023-12-11 19:02:00,2023-12-11 19:24:00,CREW-04,VEH-014
OUT-02603,2023-12-11 20:06:00,2023-12-11 21:02:00,CREW-01,VEH-004
OUT-02604,2023-12-13 08:02:00,2023-12-13 08:42:00,CREW-17,VEH-039
OUT-02605,2023-12-14 20:08:00,2023-12-14 20:54:00,CREW-20,VEH-015
OUT-02606,2023-12-16 20:14:00,2023-12-16 20:30:00,CREW-19,VEH-024
OUT-02607,2023-12-16 20:14:00,2023-12-16 20:52:00,CREW-11,VEH-022
OUT-02608,2023-12-17 02:11:00,2023-12-17 03:06:00,CREW-09,VEH-028
OUT-02609,2023-12-17 17:02:00,2023-12-17 17:33:00,CREW-12,VEH-010
OUT-02610,2023-12-19 03:06:00,2023-12-19 03:49:00,CREW-18,VEH-047
OUT-02611,2023-12-22 14:07:00,2023-12-22 15:00:00,CREW-17,VEH-006
OUT-02612,2023-12-22 16:09:00,2023-12-22 16:35:00,CREW-14,VEH-044
OUT-02613,2023-12-22 16:08:00,2023-12-22 16:32:00,CREW-20,VEH-015
OUT-02614,2023-12-22 16:08:00,2023-12-22 17:03:00,CREW-10,VEH-010
OUT-02615,2023-12-22 17:14:00,2023-12-22 18:07:00,CREW-05,VEH-003
OUT-02616,2023-12-22 18:03:00,2023-12-22 19:00:00,CREW-15,VEH-021
OUT-02617,2023-12-22 19:05:00,2023-12-22 19:56:00,CREW-12,VEH-004
OUT-02618,2023-12-22 20:10:00,2023-12-22 21:03:00,CREW-10,VEH-028
OUT-02619,2023-12-22 20:08:00,2023-12-22 21:07:00,CREW-08,VEH-044
OUT-02620,2023-12-24 09:07:00,2023-12-24 09:45:00,CREW-19,VEH-026
OUT-02621,2023-12-25 15:15:00,2023-12-25 16:02:00,CREW-16,VEH-022
OUT-02622,2023-12-25 17:02:00,2023-12-25 17:59:00,CREW-18,VEH-007
OUT-02623,2023-12-26 22:03:00,2023-12-26 22:43:00,CREW-08,VEH-006
OUT-02624,2024-01-01 18:15:00,2024-01-01 19:08:00,CREW-10,VEH-043
OUT-02625,2024-01-02 04:10:00,2024-01-02 05:09:00,CREW-09,VEH-031
OUT-02626,2024-01-02 06:08:00,2024-01-02 06:31:00,CREW-13,VEH-003
OUT-02627,2024-01-03 21:04:00,2024-01-03 21:51:00,CREW-20,VEH-034
OUT-02628,2024-01-05 04:10:00,2024-01-05 04:59:00,CREW-15,VEH-032
OUT-02629,2024-01-07 15:07:00,2024-01-07 16:06:00,CREW-01,VEH-032
OUT-02630,2024-01-10 21:05:00,2024-01-10 21:38:00,CREW-01,VEH-028
OUT-02631,2024-01-11 15:06:00,2024-01-11 15:54:00,CREW-15,VEH-014
OUT-02632,2024-01-12 02:04:00,2024-01-12 03:01:00,CREW-15,VEH-006
OUT-02633,2024-01-12 11:05:00,2024-01-12 11:28:00,CREW-05,VEH-020
OUT-02634,2024-01-13 11:03:00,2024-01-13 11:55:00,CREW-18,VEH-028
OUT-02635,2024-01-13 15:14:00,2024-01-13 15:37:00,CREW-06,VEH-014
OUT-02636,2024-01-13 17:13:00,2024-01-13 17:51:00,CREW-13,VEH-043
OUT-02637,2024-01-14 03:13:00,2024-01-14 03:46:00,CREW-19,VEH-024
OUT-02638,2024-01-15 06:11:00,2024-01-15 07:10:00,CREW-14,VEH-018
OUT-02639,2024-01-15 18:13:00,2024-01-15 19:03:00,CREW-10,VEH-029
OUT-02640,2024-01-18 18:02:00,2024-01-18 18:20:00,CREW-12,VEH-045
OUT-02641,2024-01-22 02:14:00,2024-01-22 02:57:00,CREW-04,VEH-010
OUT-02642,2024-01-22 02:10:00,2024-01-22 02:55:00,CREW-03,VEH-047
OUT-02643,2024-01-23 19:03:00,2024-01-23 19:42:00,CREW-17,VEH-006
OUT-02644,2024-01-25 00:11:00,2024-01-25 00:33:00,CREW-03,VEH-027
OUT-02645,2024-01-25 17:10:00,2024-01-25 17:42:00,CREW-01,VEH-048
OUT-02646,2024-01-27 06:08:00,2024-01-27 06:25:00,CREW-04,VEH-041
OUT-02647,2024-01-28 04:06:00,2024-01-28 04:35:00,CREW-08,VEH-038
OUT-02648,2024-01-29 13:03:00,2024-01-29 13:36:00,CREW-15,VEH-026
OUT-02649,2024-01-29 15:08:00,2024-01-29 15:32:00,CREW-06,VEH-014
OUT-02650,2024-01-31 02:02:00,2024-01-31 02:57:00,CREW-19,VEH-030
OUT-02651,2024-01-31 03:06:00,2024-01-31 03:51:00,CREW-07,VEH-019
OUT-02652,2024-02-01 21:05:00,2024-02-01 21:58:00,CREW-02,VEH-023
OUT-02653,2024-02-02 08:14:00,2024-02-02 09:08:00,CREW-06,VEH-038
OUT-02654,2024-02-03 13:10:00,2024-02-03 14:00:00,CREW-11,VEH-005
OUT-02655,2024-02-08 00:10:00,2024-02-08 00:41:00,CREW-20,VEH-007
OUT-02656,2024-02-08 23:12:00,2024-02-08 23:41:00,CREW-14,VEH-013
OUT-02657,2024-02-10 01:12:00,2024-02-10 02:11:00,CREW-09,VEH-042
OUT-02658,2024-02-10 05:05:00,2024-02-10 06:05:00,CREW-18,VEH-043
OUT-02659,2024-02-10 06:02:00,2024-02-10 06:45:00,CREW-07,VEH-010
OUT-02660,2024-02-11 11:10:00,2024-02-11 11:55:00,CREW-03,VEH-014
OUT-02661,2024-02-11 17:11:00,2024-02-11 17:50:00,CREW-15,VEH-002
OUT-02662,2024-02-13 15:09:00,2024-02-13 15:37:00,CREW-16,VEH-007
OUT-02663,2024-02-14 14:05:00,2024-02-14 14:43:00,CREW-05,VEH-038
OUT-02664,2024-02-14 14:15:00,2024-02-14 14:56:00,CREW-07,VEH-015
OUT-02665,2024-02-14 15:11:00,2024-02-14 15:26:00,CREW-04,VEH-029
OUT-02666,2024-02-14 15:10:00,2024-02-14 15:25:00,CREW-11,VEH-050
OUT-02667,2024-02-14 15:15:00,2024-02-14 15:51:00,CREW-11,VEH-010
OUT-02668,2024-02-14 17:12:00,2024-02-14 17:43:00,CREW-04,VEH-047
OUT-02669,2024-02-14 19:11:00,2024-02-14 19:46:00,CREW-13,VEH-009
OUT-02670,2024-02-14 19:12:00,2024-02-14 19:37:00,CREW-06,VEH-001
OUT-02671,2024-02-15 12:07:00,2024-02-15 12:27:00,CREW-13,VEH-022
OUT-02672,2024-02-15 17:09:00,2024-02-15 17:54:00,CREW-05,VEH-047
OUT-02673,2024-02-18 07:12:00,2024-02-18 07:40:00,CREW-15,VEH-005
OUT-02674,2024-02-18 15:11:00,2024-02-18 16:01:00,CREW-02,VEH-007
OUT-02675,2024-02-19 14:11:00,2024-02-19 14:35:00,CREW-18,VEH-017
OUT-02676,2024-02-19 15:15:00,2024-02-19 15:50:00,CREW-13,VEH-001
OUT-02677,2024-02-19 16:02:00,2024-02-19 16:49:00,CREW-06,VEH-025
OUT-02678,2024-02-19 17:11:00,2024-02-19 17:38:00,CREW-01,VEH-037
OUT-02679,2024-02-19 17:10:00,2024-02-19 17:54:00,CREW-17,VEH-048
OUT-02680,2024-02-19 19:09:00,2024-02-19 19:24:00,CREW-12,VEH-005
OUT-02681,2024-02-20 14:09:00,2024-02-20 14:29:00,CREW-01,VEH-025
OUT-02682,2024-02-20 14:02:00,2024-02-20 14:48:00,CREW-10,VEH-042
OUT-02683,2024-02-20 16:04:00,2024-02-20 16:37:00,CREW-11,VEH-029
OUT-02684,2024-02-20 17:03:00,2024-02-20 17:19:00,CREW-09,VEH-017
OUT-02685,2024-02-20 18:13:00,2024-02-20 19:13:00,CREW-04,VEH-017
OUT-02686,2024-02-20 18:02:00,2024-02-20 18:28:00,CREW-20,VEH-050
OUT-02687,2024-02-20 18:04:00,2024-02-20 19:01:00,CREW-18,VEH-004
OUT-02688,2024-02-20 20:02:00,2024-02-20 20:53:00,CREW-14,VEH-042
OUT-02689,2024-02-23 13:02:00,2024-02-23 13:32:00,CREW-11,VEH-020
OUT-02690,2024-02-23 14:07:00,2024-02-23 14:45:00,CREW-16,VEH-030
OUT-02691,2024-02-24 06:03:00,2024-02-24 06:18:00,CREW-09,VEH-022
OUT-02692,2024-02-26 18:13:00,2024-02-26 18:44:00,CREW-15,VEH-030
OUT-02693,2024-02-28 02:04:00,2024-02-28 02:45:00,CREW-10,VEH-031
OUT-02694,2024-02-28 14:12:00,2024-02-28 14:38:00,CREW-14,VEH-031
OUT-02695,2024-03-01 21:10:00,2024-03-01 22:09:00,CREW-03,VEH-046
OUT-02696,2024-03-02 03:06:00,2024-03-02 03:30:00,CREW-16,VEH-007
OUT-02697,2024-03-03 10:05:00,2024-03-03 10:46:00,CREW-20,VEH-025
OUT-02698,2024-03-03 21:12:00,2024-03-03 21:46:00,CREW-04,VEH-017
OUT-02699,2024-03-08 14:14:00,2024-03-08 14:39:00,CREW-03,VEH-041
OUT-02700,2024-03-08 20:07:00,2024-03-08 20:43:00,CREW-11,VEH-048
OUT-02701,2024-03-09 11:04:00,2024-03-09 11:45:00,CREW-05,VEH-046
OUT-02702,2024-03-09 15:02:00,2024-03-09 15:51:00,CREW-04,VEH-016
OUT-02703,2024-03-10 16:06:00,2024-03-10 16:46:00,CREW-04,VEH-019
OUT-02704,2024-03-10 16:11:00,2024-03-10 16:42:00,CREW-13,VEH-026
OUT-02705,2024-03-12 07:07:00,2024-03-12 07:49:00,CREW-01,VEH-044
OUT-02706,2024-03-12 12:05:00,2024-03-12 13:02:00,CREW-05,VEH-002
OUT-02707,2024-03-15 16:02:00,2024-03-15 16:56:00,CREW-06,VEH-021
OUT-02708,2024-03-15 17:14:00,2024-03-15 17:37:00,CREW-13,VEH-011
OUT-02709,2024-03-15 18:14:00,2024-03-15 18:44:00,CREW-16,VEH-002
OUT-02710,2024-03-16 16:11:00,2024-03-16 17:09:00,CREW-08,VEH-043
OUT-02711,2024-03-17 16:15:00,2024-03-17 17:11:00,CREW-13,VEH-017
OUT-02712,2024-03-18 17:08:00,2024-03-18 17:46:00,CREW-03,VEH-030
OUT-02713,2024-03-20 20:05:00,2024-03-20 20:32:00,CREW-19,VEH-007
OUT-02714,2024-03-21 17:10:00,2024-03-21 17:43:00,CREW-13,VEH-040
OUT-02715,2024-03-22 18:07:00,2024-03-22 18:39:00,CREW-02,VEH-050
OUT-02716,2024-03-23 17:03:00,2024-03-23 17:28:00,CREW-01,VEH-014
OUT-02717,2024-03-24 00:12:00,2024-03-24 00:59:00,CREW-07,VEH-031
OUT-02718,2024-03-25 05:14:00,2024-03-25 06:14:00,CREW-15,VEH-014
OUT-02719,2024-03-25 11:13:00,2024-03-25 12:10:00,CREW-16,VEH-019
OUT-02720,2024-03-26 00:02:00,2024-03-26 00:42:00,CREW-06,VEH-043
OUT-02721,2024-03-26 06:02:00,2024-03-26 06:25:00,CREW-18,VEH-017
OUT-02722,2024-03-28 04:13:00,2024-03-28 04:50:00,CREW-05,VEH-043
OUT-02723,2024-03-28 12:05:00,2024-03-28 12:55:00,CREW-03,VEH-024
OUT-02724,2024-03-28 23:08:00,2024-03-28 23:39:00,CREW-07,VEH-026
OUT-02725,2024-03-29 07:05:00,2024-03-29 08:04:00,CREW-12,VEH-001
OUT-02726,2024-04-01 01:06:00,2024-04-01 01:39:00,CREW-20,VEH-018
OUT-02727,2024-04-01 17:12:00,2024-04-01 17:29:00,CREW-17,VEH-044
OUT-02728,2024-04-07 11:11:00,2024-04-07 12:05:00,CREW-15,VEH-005
OUT-02729,2024-04-08 22:05:00,2024-04-08 22:47:00,CREW-20,VEH-004
OUT-02730,2024-04-11 06:02:00,2024-04-11 07:00:00,CREW-03,VEH-010
OUT-02731,2024-04-11 17:11:00,2024-04-11 17:48:00,CREW-18,VEH-001
OUT-02732,2024-04-12 13:04:00,2024-04-12 13:49:00,CREW-12,VEH-001
OUT-02733,2024-04-12 16:04:00,2024-04-12 16:21:00,CREW-05,VEH-019
OUT-02734,2024-04-16 15:14:00,2024-04-16 15:53:00,CREW-01,VEH-036
OUT-02735,2024-04-16 23:14:00,2024-04-16 23:57:00,CREW-04,VEH-049
OUT-02736,2024-04-17 01:15:00,2024-04-17 01:56:00,CREW-01,VEH-022
OUT-02737,2024-04-17 19:04:00,2024-04-17 19:41:00,CREW-09,VEH-023
OUT-02738,2024-04-21 18:05:00,2024-04-21 18:40:00,CREW-05,VEH-043
OUT-02739,2024-04-22 02:06:00,2024-04-22 02:46:00,CREW-09,VEH-035
OUT-02740,2024-04-22 11:07:00,2024-04-22 11:45:00,CREW-11,VEH-041
OUT-02741,2024-04-23 09:14:00,2024-04-23 09:31:00,CREW-01,VEH-019
OUT-02742,2024-04-24 17:15:00,2024-04-24 17:51:00,CREW-14,VEH-049
OUT-02743,2024-04-28 08:10:00,2024-04-28 08:38:00,CREW-12,VEH-016
OUT-02744,2024-04-28 11:02:00,2024-04-28 11:29:00,CREW-06,VEH-049
OUT-02745,2024-04-28 21:13:00,2024-04-28 22:05:00,CREW-07,VEH-033
OUT-02746,2024-04-28 21:02:00,2024-04-28 21:45:00,CREW-05,VEH-006
OUT-02747,2024-04-29 17:10:00,2024-04-29 18:10:00,CREW-01,VEH-013
OUT-02748,2024-04-30 11:05:00,2024-04-30 11:29:00,CREW-10,VEH-041
OUT-02749,2024-05-01 23:14:00,2024-05-01 23:31:00,CREW-18,VEH-034
OUT-02750,2024-05-02 04:02:00,2024-05-02 04:44:00,CREW-19,VEH-023
OUT-02751,2024-05-03 13:14:00,2024-05-03 14:00:00,CREW-13,VEH-033
OUT-02752,2024-05-04 18:03:00,2024-05-04 18:50:00,CREW-05,VEH-003
OUT-02753,2024-05-08 02:14:00,2024-05-08 02:35:00,CREW-13,VEH-023
OUT-02754,2024-05-08 06:15:00,2024-05-08 06:47:00,CREW-07,VEH-033
OUT-02755,2024-05-10 00:06:00,2024-05-10 00:48:00,CREW-08,VEH-015
OUT-02756,2024-05-10 14:05:00,2024-05-10 14:23:00,CREW-02,VEH-005
OUT-02757,2024-05-11 06:02:00,2024-05-11 06:21:00,CREW-06,VEH-034
OUT-02758,2024-05-12 16:11:00,2024-05-12 16:51:00,CREW-01,VEH-004
OUT-02759,2024-05-13 15:08:00,2024-05-13 15:48:00,CREW-01,VEH-033
OUT-02760,2024-05-16 13:09:00,2024-05-16 13:43:00,CREW-16,VEH-021
OUT-02761,2024-05-17 00:14:00,2024-05-17 00:54:00,CREW-18,VEH-031
OUT-02762,2024-05-18 14:05:00,2024-05-18 15:01:00,CREW-12,VEH-001
OUT-02763,2024-05-19 15:11:00,2024-05-19 15:34:00,CREW-03,VEH-026
OUT-02764,2024-05-20 07:10:00,2024-05-20 08:06:00,CREW-19,VEH-016
OUT-02765,2024-05-21 20:09:00,2024-05-21 20:37:00,CREW-03,VEH-034
OUT-02766,2024-05-21 21:02:00,2024-05-21 21:40:00,CREW-09,VEH-013
OUT-02767,2024-05-22 13:03:00,2024-05-22 13:24:00,CREW-16,VEH-021
OUT-02768,2024-05-26 06:04:00,2024-05-26 06:43:00,CREW-15,VEH-022
OUT-02769,2024-05-26 07:12:00,2024-05-26 07:59:00,CREW-07,VEH-020
OUT-02770,2024-05-26 17:09:00,2024-05-26 18:05:00,CREW-05,VEH-009
OUT-02771,2024-05-27 14:10:00,2024-05-27 14:49:00,CREW-01,VEH-002
OUT-02772,2024-05-28 08:04:00,2024-05-28 09:04:00,CREW-20,VEH-042
OUT-02773,2024-05-29 21:10:00,2024-05-29 22:06:00,CREW-06,VEH-017
OUT-02774,2024-06-01 13:13:00,2024-06-01 13:52:00,CREW-06,VEH-004
OUT-02775,2024-06-01 13:15:00,2024-06-01 13:49:00,CREW-03,VEH-023
OUT-02776,2024-06-01 13:04:00,2024-06-01 13:36:00,CREW-04,VEH-008
OUT-02777,2024-06-01 18:02:00,2024-06-01 18:47:00,CREW-05,VEH-045
OUT-02778,2024-06-03 18:10:00,2024-06-03 18:57:00,CREW-13,VEH-004
OUT-02779,2024-06-05 15:07:00,2024-06-05 15:47:00,CREW-14,VEH-035
OUT-02780,2024-06-05 15:06:00,2024-06-05 15:52:00,CREW-07,VEH-033
OUT-02781,2024-06-06 16:08:00,2024-06-06 16:34:00,CREW-11,VEH-024
OUT-02782,2024-06-06 18:09:00,2024-06-06 18:55:00,CREW-06,VEH-022
OUT-02783,2024-06-07 14:03:00,2024-06-07 14:36:00,CREW-20,VEH-020
OUT-02784,2024-06-07 15:09:00,2024-06-07 15:37:00,CREW-01,VEH-010
OUT-02785,2024-06-08 14:15:00,2024-06-08 14:33:00,CREW-11,VEH-016
OUT-02786,2024-06-09 14:12:00,2024-06-09 14:59:00,CREW-16,VEH-019
OUT-02787,2024-06-09 16:06:00,2024-06-09 16:42:00,CREW-09,VEH-009
OUT-02788,2024-06-09 17:10:00,2024-06-09 17:51:00,CREW-17,VEH-044
OUT-02789,2024-06-10 15:10:00,2024-06-10 16:09:00,CREW-08,VEH-016
OUT-02790,2024-06-10 16:03:00,2024-06-10 16:50:00,CREW-01,VEH-012
OUT-02791,2024-06-10 17:07:00,2024-06-10 18:02:00,CREW-05,VEH-016
OUT-02792,2024-06-11 18:03:00,2024-06-11 18:35:00,CREW-01,VEH-019
OUT-02793,2024-06-12 13:07:00,2024-06-12 13:29:00,CREW-03,VEH-025
OUT-02794,2024-06-12 13:11:00,2024-06-12 13:30:00,CREW-08,VEH-019
OUT-02795,2024-06-12 16:03:00,2024-06-12 16:48:00,CREW-01,VEH-047
OUT-02796,2024-06-13 13:03:00,2024-06-13 13:56:00,CREW-16,VEH-016
OUT-02797,2024-06-13 17:07:00,2024-06-13 18:02:00,CREW-07,VEH-014
OUT-02798,2024-06-14 17:12:00,2024-06-14 17:51:00,CREW-06,VEH-022
OUT-02799,2024-06-14 17:12:00,2024-06-14 17:42:00,CREW-20,VEH-029
OUT-02800,2024-06-14 18:13:00,2024-06-14 18:44:00,CREW-05,VEH-027
OUT-02801,2024-06-15 14:10:00,2024-06-15 14:37:00,CREW-08,VEH-005
OUT-02802,2024-06-15 16:13:00,2024-06-15 17:08:00,CREW-03,VEH-035
OUT-02803,2024-06-15 16:02:00,2024-06-15 16:38:00,CREW-18,VEH-044
OUT-02804,2024-06-15 16:10:00,2024-06-15 17:05:00,CREW-18,VEH-050
OUT-02805,2024-06-16 16:14:00,2024-06-16 17:07:00,CREW-04,VEH-045
OUT-02806,2024-06-16 18:02:00,2024-06-16 18:50:00,CREW-14,VEH-003
OUT-02807,2024-06-17 13:06:00,2024-06-17 13:34:00,CREW-03,VEH-023
OUT-02808,2024-06-17 13:08:00,2024-06-17 13:52:00,CREW-18,VEH-045
OUT-02809,2024-06-17 18:14:00,2024-06-17 18:51:00,CREW-10,VEH-025
OUT-02810,2024-06-17 18:14:00,2024-06-17 18:44:00,CREW-09,VEH-034
OUT-02811,2024-06-18 13:08:00,2024-06-18 13:59:00,CREW-17,VEH-023
OUT-02812,2024-06-18 14:07:00,2024-06-18 14:57:00,CREW-17,VEH-009
OUT-02813,2024-06-18 14:05:00,2024-06-18 14:21:00,CREW-18,VEH-022
OUT-02814,2024-06-19 13:12:00,2024-06-19 13:39:00,CREW-08,VEH-001
OUT-02815,2024-06-19 14:02:00,2024-06-19 14:28:00,CREW-04,VEH-013
OUT-02816,2024-06-19 15:14:00,2024-06-19 16:09:00,CREW-07,VEH-023
OUT-02817,2024-06-19 15:09:00,2024-06-19 15:28:00,CREW-05,VEH-017
OUT-02818,2024-06-20 15:15:00,2024-06-20 15:38:00,CREW-06,VEH-025
OUT-02819,2024-06-20 15:04:00,2024-06-20 15:34:00,CREW-02,VEH-010
OUT-02820,2024-06-21 17:06:00,2024-06-21 17:35:00,CREW-13,VEH-013
OUT-02821,2024-06-21 18:14:00,2024-06-21 19:14:00,CREW-08,VEH-043
OUT-02822,2024-06-22 14:03:00,2024-06-22 14:53:00,CREW-10,VEH-031
OUT-02823,2024-06-22 15:02:00,2024-06-22 15:45:00,CREW-05,VEH-013
OUT-02824,2024-06-23 13:02:00,2024-06-23 13:39:00,CREW-08,VEH-003
OUT-02825,2024-06-23 13:04:00,2024-06-23 13:25:00,CREW-04,VEH-035
OUT-02826,2024-06-23 17:09:00,2024-06-23 17:26:00,CREW-07,VEH-018
OUT-02827,2024-06-24 13:12:00,2024-06-24 14:09:00,CREW-17,VEH-038
OUT-02828,2024-06-24 15:09:00,2024-06-24 15:24:00,CREW-10,VEH-028
OUT-02829,2024-06-24 18:10:00,2024-06-24 18:55:00,CREW-19,VEH-003
OUT-02830,2024-06-26 13:05:00,2024-06-26 14:02:00,CREW-15,VEH-033
OUT-02831,2024-06-26 17:10:00,2024-06-26 18:07:00,CREW-19,VEH-045
OUT-02832,2024-06-27 17:11:00,2024-06-27 17:41:00,CREW-04,VEH-033
OUT-02833,2024-06-28 13:05:00,2024-06-28 13:32:00,CREW-01,VEH-005
OUT-02834,2024-06-29 17:06:00,2024-06-29 17:34:00,CREW-14,VEH-040
OUT-02835,2024-06-29 18:05:00,2024-06-29 18:58:00,CREW-20,VEH-019
OUT-02836,2024-06-30 16:07:00,2024-06-30 16:25:00,CREW-19,VEH-031
OUT-02837,2024-06-30 16:10:00,2024-06-30 16:37:00,CREW-14,VEH-046
OUT-02838,2024-06-30 17:07:00,2024-06-30 17:31:00,CREW-16,VEH-031
OUT-02839,2024-07-01 14:06:00,2024-07-01 14:43:00,CREW-06,VEH-026
OUT-02840,2024-07-01 15:03:00,2024-07-01 16:02:00,CREW-13,VEH-050
OUT-02841,2024-07-01 16:13:00,2024-07-01 16:46:00,CREW-01,VEH-040
OUT-02842,2024-07-01 17:07:00,2024-07-01 17:50:00,CREW-02,VEH-040
OUT-02843,2024-07-01 17:07:00,2024-07-01 17:32:00,CREW-17,VEH-043
OUT-02844,2024-07-01 17:13:00,2024-07-01 17:35:00,CREW-04,VEH-011
OUT-02845,2024-07-01 18:09:00,2024-07-01 18:32:00,CREW-02,VEH-016
OUT-02846,2024-07-01 18:07:00,2024-07-01 18:42:00,CREW-19,VEH-028
OUT-02847,2024-07-01 19:09:00,2024-07-01 19:37:00,CREW-16,VEH-044
OUT-02848,2024-07-01 19:06:00,2024-07-01 19:46:00,CREW-19,VEH-032
OUT-02849,2024-07-01 19:03:00,2024-07-01 19:58:00,CREW-02,VEH-025
OUT-02850,2024-07-01 20:05:00,2024-07-01 21:03:00,CREW-02,VEH-042
OUT-02851,2024-07-02 14:02:00,2024-07-02 14:52:00,CREW-12,VEH-009
OUT-02852,2024-07-02 17:05:00,2024-07-02 18:00:00,CREW-06,VEH-033
OUT-02853,2024-07-03 15:11:00,2024-07-03 16:11:00,CREW-18,VEH-006
OUT-02854,2024-07-03 16:03:00,2024-07-03 16:33:00,CREW-15,VEH-048
OUT-02855,2024-07-05 15:09:00,2024-07-05 15:36:00,CREW-11,VEH-007
OUT-02856,2024-07-05 16:02:00,2024-07-05 16:48:00,CREW-19,VEH-013
OUT-02857,2024-07-06 14:08:00,2024-07-06 14:51:00,CREW-01,VEH-029
OUT-02858,2024-07-07 15:06:00,2024-07-07 15:55:00,CREW-10,VEH-019
OUT-02859,2024-07-07 18:06:00,2024-07-07 18:27:00,CREW-14,VEH-035
OUT-02860,2024-07-07 18:14:00,2024-07-07 18:41:00,CREW-10,VEH-002
OUT-02861,2024-07-09 13:07:00,2024-07-09 13:29:00,CREW-04,VEH-025
OUT-02862,2024-07-10 14:13:00,2024-07-10 15:07:00,CREW-07,VEH-046
OUT-02863,2024-07-10 15:08:00,2024-07-10 15:41:00,CREW-14,VEH-022
OUT-02864,2024-07-11 15:14:00,2024-07-11 15:49:00,CREW-01,VEH-019
OUT-02865,2024-07-11 16:14:00,2024-07-11 17:01:00,CREW-04,VEH-042
OUT-02866,2024-07-12 13:04:00,2024-07-12 13:45:00,CREW-20,VEH-041
OUT-02867,2024-07-12 15:04:00,2024-07-12 15:46:00,CREW-06,VEH-006
OUT-02868,2024-07-13 13:08:00,2024-07-13 14:06:00,CREW-01,VEH-016
OUT-02869,2024-07-13 14:09:00,2024-07-13 14:28:00,CREW-09,VEH-042
OUT-02870,2024-07-13 14:14:00,2024-07-13 14:40:00,CREW-05,VEH-037
OUT-02871,2024-07-13 15:13:00,2024-07-13 15:55:00,CREW-18,VEH-044
OUT-02872,2024-07-13 15:12:00,2024-07-13 16:01:00,CREW-07,VEH-049
OUT-02873,2024-07-13 15:04:00,2024-07-13 15:36:00,CREW-01,VEH-025
OUT-02874,2024-07-13 16:09:00,2024-07-13 16:54:00,CREW-05,VEH-002
OUT-02875,2024-07-13 17:02:00,2024-07-13 17:55:00,CREW-11,VEH-043
OUT-02876,2024-07-13 20:03:00,2024-07-13 20:34:00,CREW-02,VEH-039
OUT-02877,2024-07-14 16:08:00,2024-07-14 17:04:00,CREW-03,VEH-030
OUT-02878,2024-07-14 16:13:00,2024-07-14 17:02:00,CREW-11,VEH-044
OUT-02879,2024-07-14 18:10:00,2024-07-14 18:28:00,CREW-16,VEH-032
OUT-02880,2024-07-14 19:05:00,2024-07-14 19:50:00,CREW-04,VEH-038
OUT-02881,2024-07-14 20:06:00,2024-07-14 20:21:00,CREW-03,VEH-037
OUT-02882,2024-07-15 17:07:00,2024-07-15 17:38:00,CREW-14,VEH-041
OUT-02883,2024-07-16 14:15:00,2024-07-16 15:04:00,CREW-13,VEH-035
OUT-02884,2024-07-17 15:12:00,2024-07-17 15:28:00,CREW-15,VEH-013
OUT-02885,2024-07-18 15:04:00,2024-07-18 15:34:00,CREW-18,VEH-007
OUT-02886,2024-07-20 16:14:00,2024-07-20 17:04:00,CREW-09,VEH-030
OUT-02887,2024-07-20 16:11:00,2024-07-20 17:06:00,CREW-07,VEH-015
OUT-02888,2024-07-20 20:13:00,2024-07-20 21:07:00,CREW-19,VEH-043
OUT-02889,2024-07-21 14:06:00,2024-07-21 14:22:00,CREW-10,VEH-048
OUT-02890,2024-07-21 16:08:00,2024-07-21 16:35:00,CREW-08,VEH-041
OUT-02891,2024-07-21 18:12:00,2024-07-21 19:09:00,CREW-16,VEH-042
OUT-02892,2024-07-22 14:14:00,2024-07-22 15:12:00,CREW-06,VEH-028
OUT-02893,2024-07-23 16:13:00,2024-07-23 16:37:00,CREW-18,VEH-018
OUT-02894,2024-07-23 18:05:00,2024-07-23 18:28:00,CREW-07,VEH-050
OUT-02895,2024-07-24 13:09:00,2024-07-24 14:06:00,CREW-07,VEH-041
OUT-02896,2024-07-25 13:09:00,2024-07-25 13:26:00,CREW-17,VEH-002
OUT-02897,2024-07-26 14:15:00,2024-07-26 14:58:00,CREW-18,VEH-048
OUT-02898,2024-07-26 14:05:00,2024-07-26 14:41:00,CREW-04,VEH-006
OUT-02899,2024-07-26 15:07:00,2024-07-26 15:47:00,CREW-11,VEH-026
OUT-02900,2024-07-26 15:02:00,2024-07-26 15:40:00,CREW-03,VEH-031
OUT-02901,2024-07-26 15:14:00,2024-07-26 16:03:00,CREW-16,VEH-015
OUT-02902,2024-07-26 15:12:00,2024-07-26 15:44:00,CREW-15,VEH-037
OUT-02903,2024-07-26 16:15:00,2024-07-26 17:10:00,CREW-03,VEH-045
OUT-02904,2024-07-26 16:07:00,2024-07-26 16:56:00,CREW-07,VEH-038
OUT-02905,2024-07-26 16:10:00,2024-07-26 16:36:00,CREW-15,VEH-021
OUT-02906,2024-07-26 17:05:00,2024-07-26 17:54:00,CREW-10,VEH-033
OUT-02907,2024-07-26 18:04:00,2024-07-26 18:37:00,CREW-13,VEH-044
OUT-02908,2024-07-26 18:02:00,2024-07-26 18:45:00,CREW-16,VEH-025
OUT-02909,2024-07-26 20:08:00,2024-07-26 20:45:00,CREW-15,VEH-016
OUT-02910,2024-07-27 16:12:00,2024-07-27 17:04:00,CREW-11,VEH-003
OUT-02911,2024-07-28 17:02:00,2024-07-28 17:23:00,CREW-01,VEH-049
OUT-02912,2024-07-29 15:10:00,2024-07-29 15:53:00,CREW-13,VEH-043
OUT-02913,2024-07-29 17:14:00,2024-07-29 18:06:00,CREW-01,VEH-007
OUT-02914,2024-07-29 18:13:00,2024-07-29 18:58:00,CREW-20,VEH-017
OUT-02915,2024-07-30 15:05:00,2024-07-30 15:22:00,CREW-01,VEH-050
OUT-02916,2024-07-30 16:12:00,2024-07-30 17:06:00,CREW-01,VEH-020
OUT-02917,2024-07-31 15:15:00,2024-07-31 16:05:00,CREW-05,VEH-023
OUT-02918,2024-08-01 13:14:00,2024-08-01 13:43:00,CREW-06,VEH-033
OUT-02919,2024-08-01 15:08:00,2024-08-01 15:41:00,CREW-13,VEH-029
OUT-02920,2024-08-01 17:14:00,2024-08-01 17:34:00,CREW-15,VEH-016
OUT-02921,2024-08-01 17:09:00,2024-08-01 17:46:00,CREW-16,VEH-010
OUT-02922,2024-08-01 18:07:00,2024-08-01 19:02:00,CREW-09,VEH-049
OUT-02923,2024-08-01 20:02:00,2024-08-01 21:00:00,CREW-13,VEH-030
OUT-02924,2024-08-01 20:13:00,2024-08-01 21:13:00,CREW-10,VEH-019
OUT-02925,2024-08-02 13:14:00,2024-08-02 13:30:00,CREW-04,VEH-019
OUT-02926,2024-08-02 18:08:00,2024-08-02 18:48:00,CREW-15,VEH-047
OUT-02927,2024-08-03 14:09:00,2024-08-03 15:01:00,CREW-03,VEH-038
OUT-02928,2024-08-03 15:03:00,2024-08-03 15:48:00,CREW-07,VEH-030
OUT-02929,2024-08-03 15:12:00,2024-08-03 15:33:00,CREW-04,VEH-029
OUT-02930,2024-08-03 16:09:00,2024-08-03 17:02:00,CREW-04,VEH-029
OUT-02931,2024-08-03 17:13:00,2024-08-03 17:32:00,CREW-19,VEH-026
OUT-02932,2024-08-03 17:06:00,2024-08-03 17:47:00,CREW-19,VEH-030
OUT-02933,2024-08-03 17:04:00,2024-08-03 18:01:00,CREW-07,VEH-049
OUT-02934,2024-08-03 18:10:00,2024-08-03 18:33:00,CREW-09,VEH-042
OUT-02935,2024-08-03 20:14:00,2024-08-03 20:43:00,CREW-05,VEH-029
OUT-02936,2024-08-04 13:04:00,2024-08-04 13:45:00,CREW-08,VEH-032
OUT-02937,2024-08-04 13:05:00,2024-08-04 13:29:00,CREW-13,VEH-029
OUT-02938,2024-08-04 14:04:00,2024-08-04 14:26:00,CREW-09,VEH-030
OUT-02939,2024-08-04 14:07:00,2024-08-04 14:42:00,CREW-12,VEH-011
OUT-02940,2024-08-04 14:03:00,2024-08-04 14:58:00,CREW-02,VEH-034
OUT-02941,2024-08-04 15:04:00,2024-08-04 15:34:00,CREW-19,VEH-004
OUT-02942,2024-08-04 15:08:00,2024-08-04 15:42:00,CREW-18,VEH-042
OUT-02943,2024-08-04 15:12:00,2024-08-04 15:55:00,CREW-17,VEH-026
OUT-02944,2024-08-04 16:09:00,2024-08-04 16:46:00,CREW-20,VEH-048
OUT-02945,2024-08-04 16:05:00,2024-08-04 17:04:00,CREW-02,VEH-024
OUT-02946,2024-08-04 16:12:00,2024-08-04 16:28:00,CREW-14,VEH-004
OUT-02947,2024-08-04 16:02:00,2024-08-04 16:29:00,CREW-04,VEH-035
OUT-02948,2024-08-04 17:13:00,2024-08-04 17:35:00,CREW-02,VEH-006
OUT-02949,2024-08-04 18:07:00,2024-08-04 18:31:00,CREW-12,VEH-021
OUT-02950,2024-08-04 18:11:00,2024-08-04 18:35:00,CREW-03,VEH-032
OUT-02951,2024-08-04 18:05:00,2024-08-04 18:29:00,CREW-09,VEH-046
OUT-02952,2024-08-04 19:03:00,2024-08-04 19:54:00,CREW-20,VEH-008
OUT-02953,2024-08-04 20:08:00,2024-08-04 20:28:00,CREW-11,VEH-044
OUT-02954,2024-08-05 15:03:00,2024-08-05 15:59:00,CREW-14,VEH-003
OUT-02955,2024-08-05 17:03:00,2024-08-05 17:41:00,CREW-15,VEH-038
OUT-02956,2024-08-05 17:11:00,2024-08-05 17:52:00,CREW-12,VEH-007
OUT-02957,2024-08-05 18:02:00,2024-08-05 18:17:00,CREW-18,VEH-026
OUT-02958,2024-08-05 18:04:00,2024-08-05 18:51:00,CREW-05,VEH-047
OUT-02959,2024-08-05 19:04:00,2024-08-05 19:19:00,CREW-08,VEH-012
OUT-02960,2024-08-05 19:12:00,2024-08-05 19:45:00,CREW-12,VEH-013
OUT-02961,2024-08-06 14:13:00,2024-08-06 14:28:00,CREW-19,VEH-006
OUT-02962,2024-08-06 18:09:00,2024-08-06 18:27:00,CREW-05,VEH-025
OUT-02963,2024-08-06 18:07:00,2024-08-06 18:49:00,CREW-07,VEH-023
OUT-02964,2024-08-06 18:05:00,2024-08-06 18:23:00,CREW-15,VEH-021
OUT-02965,2024-08-06 19:06:00,2024-08-06 20:01:00,CREW-02,VEH-007
OUT-02966,2024-08-07 14:02:00,2024-08-07 14:32:00,CREW-17,VEH-020
OUT-02967,2024-08-07 14:11:00,2024-08-07 14:48:00,CREW-02,VEH-011
OUT-02968,2024-08-08 17:03:00,2024-08-08 17:50:00,CREW-02,VEH-023
OUT-02969,2024-08-10 14:10:00,2024-08-10 14:46:00,CREW-02,VEH-015
OUT-02970,2024-08-10 18:11:00,2024-08-10 18:40:00,CREW-10,VEH-029
OUT-02971,2024-08-12 13:10:00,2024-08-12 13:47:00,CREW-17,VEH-009
OUT-02972,2024-08-12 14:03:00,2024-08-12 14:53:00,CREW-09,VEH-016
OUT-02973,2024-08-12 18:05:00,2024-08-12 18:52:00,CREW-06,VEH-010
OUT-02974,2024-08-13 16:05:00,2024-08-13 16:41:00,CREW-13,VEH-016
OUT-02975,2024-08-13 16:05:00,2024-08-13 16:48:00,CREW-06,VEH-026
OUT-02976,2024-08-14 18:12:00,2024-08-14 18:50:00,CREW-03,VEH-010
OUT-02977,2024-08-15 15:14:00,2024-08-15 15:29:00,CREW-20,VEH-043
OUT-02978,2024-08-15 17:11:00,2024-08-15 17:37:00,CREW-14,VEH-025
OUT-02979,2024-08-15 17:09:00,2024-08-15 18:06:00,CREW-04,VEH-028
OUT-02980,2024-08-15 18:08:00,2024-08-15 18:32:00,CREW-19,VEH-036
OUT-02981,2024-08-16 18:03:00,2024-08-16 18:43:00,CREW-18,VEH-014
OUT-02982,2024-08-17 13:11:00,2024-08-17 13:41:00,CREW-11,VEH-042
OUT-02983,2024-08-17 13:02:00,2024-08-17 14:02:00,CREW-04,VEH-019
OUT-02984,2024-08-19 13:03:00,2024-08-19 13:56:00,CREW-09,VEH-019
OUT-02985,2024-08-19 13:07:00,2024-08-19 13:46:00,CREW-16,VEH-018
OUT-02986,2024-08-19 14:08:00,2024-08-19 14:43:00,CREW-11,VEH-039
OUT-02987,2024-08-19 17:10:00,2024-08-19 17:28:00,CREW-13,VEH-026
OUT-02988,2024-08-19 18:10:00,2024-08-19 19:00:00,CREW-19,VEH-034
OUT-02989,2024-08-20 13:10:00,2024-08-20 13:36:00,CREW-02,VEH-038
OUT-02990,2024-08-20 14:06:00,2024-08-20 14:25:00,CREW-20,VEH-022
OUT-02991,2024-08-20 14:06:00,2024-08-20 14:24:00,CREW-09,VEH-029
OUT-02992,2024-08-20 18:07:00,2024-08-20 18:48:00,CREW-10,VEH-016
OUT-02993,2024-08-21 13:11:00,2024-08-21 14:07:00,CREW-19,VEH-010
OUT-02994,2024-08-21 14:07:00,2024-08-21 14:26:00,CREW-06,VEH-047
OUT-02995,2024-08-21 15:10:00,2024-08-21 15:28:00,CREW-08,VEH-048
OUT-02996,2024-08-21 15:09:00,2024-08-21 15:58:00,CREW-10,VEH-034
OUT-02997,2024-08-21 15:05:00,2024-08-21 15:25:00,CREW-11,VEH-046
OUT-02998,2024-08-21 16:12:00,2024-08-21 16:45:00,CREW-02,VEH-025
OUT-02999,2024-08-21 17:02:00,2024-08-21 17:57:00,CREW-17,VEH-047
OUT-03000,2024-08-21 17:15:00,2024-08-21 18:08:00,CREW-19,VEH-035
OUT-03001,2024-08-21 18:14:00,2024-08-21 18:29:00,CREW-04,VEH-028
OUT-03002,2024-08-21 18:03:00,2024-08-21 18:43:00,CREW-08,VEH-019
OUT-03003,2024-08-21 18:08:00,2024-08-21 18:28:00,CREW-01,VEH-008
OUT-03004,2024-08-21 18:02:00,2024-08-21 18:59:00,CREW-15,VEH-043
OUT-03005,2024-08-21 19:04:00,2024-08-21 19:47:00,CREW-10,VEH-012
OUT-03006,2024-08-22 13:02:00,2024-08-22 13:23:00,CREW-17,VEH-010
OUT-03007,2024-08-23 14:13:00,2024-08-23 14:33:00,CREW-17,VEH-050
OUT-03008,2024-08-24 13:06:00,2024-08-24 13:38:00,CREW-17,VEH-016
OUT-03009,2024-08-24 14:09:00,2024-08-24 14:47:00,CREW-13,VEH-029
OUT-03010,2024-08-24 15:09:00,2024-08-24 15:39:00,CREW-11,VEH-032
OUT-03011,2024-08-24 15:07:00,2024-08-24 15:56:00,CREW-01,VEH-018
OUT-03012,2024-08-24 16:06:00,2024-08-24 16:33:00,CREW-10,VEH-037
OUT-03013,2024-08-24 16:11:00,2024-08-24 17:11:00,CREW-17,VEH-001
OUT-03014,2024-08-24 16:10:00,2024-08-24 16:58:00,CREW-07,VEH-010
OUT-03015,2024-08-24 17:05:00,2024-08-24 17:26:00,CREW-16,VEH-037
OUT-03016,2024-08-24 18:14:00,2024-08-24 18:40:00,CREW-17,VEH-048
OUT-03017,2024-08-24 18:05:00,2024-08-24 18:45:00,CREW-16,VEH-019
OUT-03018,2024-08-24 19:11:00,2024-08-24 19:37:00,CREW-10,VEH-034
OUT-03019,2024-08-24 19:08:00,2024-08-24 20:07:00,CREW-03,VEH-015
OUT-03020,2024-08-24 20:02:00,2024-08-24 20:42:00,CREW-03,VEH-025
OUT-03021,2024-08-25 17:11:00,2024-08-25 17:40:00,CREW-06,VEH-015
OUT-03022,2024-08-25 17:09:00,2024-08-25 17:44:00,CREW-07,VEH-029
OUT-03023,2024-08-25 18:15:00,2024-08-25 19:01:00,CREW-05,VEH-004
OUT-03024,2024-08-26 14:07:00,2024-08-26 14:39:00,CREW-03,VEH-017
OUT-03025,2024-08-26 15:03:00,2024-08-26 15:41:00,CREW-02,VEH-013
OUT-03026,2024-08-26 17:15:00,2024-08-26 17:44:00,CREW-05,VEH-003
OUT-03027,2024-08-26 17:06:00,2024-08-26 17:57:00,CREW-05,VEH-003
OUT-03028,2024-08-26 17:04:00,2024-08-26 17:41:00,CREW-18,VEH-036
OUT-03029,2024-08-26 18:02:00,2024-08-26 18:42:00,CREW-16,VEH-040
OUT-03030,2024-08-26 19:02:00,2024-08-26 19:56:00,CREW-07,VEH-008
OUT-03031,2024-08-26 19:06:00,2024-08-26 19:51:00,CREW-12,VEH-048
OUT-03032,2024-08-27 14:13:00,2024-08-27 14:46:00,CREW-10,VEH-039
OUT-03033,2024-08-27 15:13:00,2024-08-27 15:47:00,CREW-05,VEH-048
OUT-03034,2024-08-27 17:10:00,2024-08-27 17:31:00,CREW-20,VEH-014
OUT-03035,2024-08-27 18:12:00,2024-08-27 18:33:00,CREW-10,VEH-029
OUT-03036,2024-08-28 17:10:00,2024-08-28 18:00:00,CREW-16,VEH-010
OUT-03037,2024-09-01 17:04:00,2024-09-01 17:49:00,CREW-17,VEH-009
OUT-03038,2024-09-02 13:14:00,2024-09-02 14:01:00,CREW-02,VEH-045
OUT-03039,2024-09-02 14:09:00,2024-09-02 14:32:00,CREW-07,VEH-016
OUT-03040,2024-09-04 14:04:00,2024-09-04 14:57:00,CREW-06,VEH-050
OUT-03041,2024-09-04 14:04:00,2024-09-04 14:29:00,CREW-12,VEH-042
OUT-03042,2024-09-05 13:14:00,2024-09-05 13:40:00,CREW-10,VEH-020
OUT-03043,2024-09-05 14:03:00,2024-09-05 14:53:00,CREW-05,VEH-037
OUT-03044,2024-09-05 18:14:00,2024-09-05 18:40:00,CREW-03,VEH-040
OUT-03045,2024-09-06 14:07:00,2024-09-06 14:23:00,CREW-18,VEH-041
OUT-03046,2024-09-07 14:14:00,2024-09-07 15:07:00,CREW-10,VEH-009
OUT-03047,2024-09-07 14:15:00,2024-09-07 14:51:00,CREW-15,VEH-005
OUT-03048,2024-09-07 14:13:00,2024-09-07 14:28:00,CREW-12,VEH-022
OUT-03049,2024-09-07 15:07:00,2024-09-07 15:40:00,CREW-16,VEH-031
OUT-03050,2024-09-07 15:04:00,2024-09-07 15:21:00,CREW-10,VEH-018
OUT-03051,2024-09-07 15:11:00,2024-09-07 15:38:00,CREW-18,VEH-003
OUT-03052,2024-09-07 15:11:00,2024-09-07 15:48:00,CREW-03,VEH-025
OUT-03053,2024-09-07 16:12:00,2024-09-07 17:10:00,CREW-20,VEH-039
OUT-03054,2024-09-07 16:10:00,2024-09-07 16:48:00,CREW-08,VEH-009
OUT-03055,2024-09-07 17:15:00,2024-09-07 18:06:00,CREW-19,VEH-016
OUT-03056,2024-09-07 17:09:00,2024-09-07 18:07:00,CREW-04,VEH-040
OUT-03057,2024-09-07 19:08:00,2024-09-07 19:28:00,CREW-05,VEH-014
OUT-03058,2024-09-07 19:06:00,2024-09-07 20:05:00,CREW-10,VEH-050
OUT-03059,2024-09-07 20:14:00,2024-09-07 20:32:00,CREW-08,VEH-024
OUT-03060,2024-09-08 15:12:00,2024-09-08 15:43:00,CREW-18,VEH-021
OUT-03061,2024-09-08 15:10:00,2024-09-08 15:50:00,CREW-11,VEH-048
OUT-03062,2024-09-08 18:13:00,2024-09-08 19:12:00,CREW-16,VEH-026
OUT-03063,2024-09-08 18:06:00,2024-09-08 18:53:00,CREW-16,VEH-047
OUT-03064,2024-09-09 14:07:00,2024-09-09 15:05:00,CREW-08,VEH-007
OUT-03065,2024-09-09 14:03:00,2024-09-09 15:01:00,CREW-14,VEH-016
OUT-03066,2024-09-10 14:12:00,2024-09-10 14:35:00,CREW-10,VEH-017
OUT-03067,2024-09-10 14:13:00,2024-09-10 14:33:00,CREW-19,VEH-043
OUT-03068,2024-09-10 15:10:00,2024-09-10 15:53:00,CREW-06,VEH-025
OUT-03069,2024-09-10 16:10:00,2024-09-10 16:48:00,CREW-16,VEH-016
OUT-03070,2024-09-10 16:07:00,2024-09-10 16:58:00,CREW-04,VEH-034
OUT-03071,2024-09-10 17:13:00,2024-09-10 18:05:00,CREW-09,VEH-028
OUT-03072,2024-09-10 17:02:00,2024-09-10 17:30:00,CREW-07,VEH-022
OUT-03073,2024-09-10 17:04:00,2024-09-10 17:19:00,CREW-20,VEH-031
OUT-03074,2024-09-10 19:15:00,2024-09-10 19:44:00,CREW-18,VEH-035
OUT-03075,2024-09-10 20:03:00,2024-09-10 20:47:00,CREW-02,VEH-042
OUT-03076,2024-09-11 15:12:00,2024-09-11 15:53:00,CREW-03,VEH-039
OUT-03077,2024-09-11 15:09:00,2024-09-11 15:41:00,CREW-13,VEH-045
OUT-03078,2024-09-11 16:09:00,2024-09-11 16:46:00,CREW-12,VEH-049
OUT-03079,2024-09-12 13:15:00,2024-09-12 14:00:00,CREW-12,VEH-028
OUT-03080,2024-09-12 13:14:00,2024-09-12 13:53:00,CREW-12,VEH-046
OUT-03081,2024-09-12 16:08:00,2024-09-12 17:07:00,CREW-06,VEH-024
OUT-03082,2024-09-13 13:04:00,2024-09-13 13:37:00,CREW-04,VEH-009
OUT-03083,2024-09-13 15:12:00,2024-09-13 16:02:00,CREW-06,VEH-040
OUT-03084,2024-09-13 18:12:00,2024-09-13 18:55:00,CREW-16,VEH-005
OUT-03085,2024-09-14 13:06:00,2024-09-14 14:02:00,CREW-13,VEH-026
OUT-03086,2024-09-14 14:15:00,2024-09-14 15:08:00,CREW-20,VEH-006
OUT-03087,2024-09-15 13:08:00,2024-09-15 13:59:00,CREW-18,VEH-023
OUT-03088,2024-09-15 13:13:00,2024-09-15 14:05:00,CREW-01,VEH-004
OUT-03089,2024-09-15 15:04:00,2024-09-15 16:02:00,CREW-15,VEH-035
OUT-03090,2024-09-16 13:08:00,2024-09-16 13:49:00,CREW-20,VEH-008
OUT-03091,2024-09-16 16:12:00,2024-09-16 16:42:00,CREW-09,VEH-003
OUT-03092,2024-09-17 13:06:00,2024-09-17 13:40:00,CREW-14,VEH-032
OUT-03093,2024-09-17 16:11:00,2024-09-17 16:31:00,CREW-04,VEH-040
OUT-03094,2024-09-17 17:04:00,2024-09-17 17:23:00,CREW-13,VEH-032
OUT-03095,2024-09-17 18:02:00,2024-09-17 18:29:00,CREW-11,VEH-008
OUT-03096,2024-09-18 13:10:00,2024-09-18 14:04:00,CREW-14,VEH-045
OUT-03097,2024-09-18 14:04:00,2024-09-18 14:54:00,CREW-20,VEH-047
OUT-03098,2024-09-19 14:15:00,2024-09-19 14:56:00,CREW-13,VEH-041
OUT-03099,2024-09-19 15:13:00,2024-09-19 15:52:00,CREW-10,VEH-044
OUT-03100,2024-09-19 16:15:00,2024-09-19 17:02:00,CREW-14,VEH-014
OUT-03101,2024-09-19 17:09:00,2024-09-19 17:37:00,CREW-01,VEH-016
OUT-03102,2024-09-19 17:03:00,2024-09-19 17:24:00,CREW-15,VEH-024
OUT-03103,2024-09-19 18:02:00,2024-09-19 18:29:00,CREW-09,VEH-015
OUT-03104,2024-09-19 20:10:00,2024-09-19 20:59:00,CREW-01,VEH-016
OUT-03105,2024-09-20 13:09:00,2024-09-20 13:52:00,CREW-13,VEH-031
OUT-03106,2024-09-20 15:09:00,2024-09-20 15:37:00,CREW-07,VEH-027
OUT-03107,2024-09-20 17:04:00,2024-09-20 17:24:00,CREW-01,VEH-044
OUT-03108,2024-09-20 20:03:00,2024-09-20 20:33:00,CREW-12,VEH-020
OUT-03109,2024-09-21 14:14:00,2024-09-21 15:08:00,CREW-01,VEH-039
OUT-03110,2024-09-21 15:14:00,2024-09-21 15:50:00,CREW-13,VEH-013
OUT-03111,2024-09-21 15:13:00,2024-09-21 15:36:00,CREW-15,VEH-036
OUT-03112,2024-09-22 14:14:00,2024-09-22 14:55:00,CREW-12,VEH-037
OUT-03113,2024-09-23 16:08:00,2024-09-23 16:30:00,CREW-05,VEH-041
OUT-03114,2024-09-23 17:15:00,2024-09-23 17:41:00,CREW-04,VEH-040
OUT-03115,2024-09-23 17:02:00,2024-09-23 17:56:00,CREW-01,VEH-034
OUT-03116,2024-09-24 13:05:00,2024-09-24 13:43:00,CREW-01,VEH-007
OUT-03117,2024-09-24 14:02:00,2024-09-24 14:57:00,CREW-03,VEH-044
OUT-03118,2024-09-26 15:04:00,2024-09-26 15:33:00,CREW-16,VEH-010
OUT-03119,2024-09-26 16:07:00,2024-09-26 16:50:00,CREW-06,VEH-029
OUT-03120,2024-09-27 14:02:00,2024-09-27 14:38:00,CREW-17,VEH-021
OUT-03121,2024-09-28 15:04:00,2024-09-28 15:29:00,CREW-07,VEH-042
OUT-03122,2024-09-29 13:08:00,2024-09-29 13:27:00,CREW-12,VEH-048
OUT-03123,2024-09-29 13:14:00,2024-09-29 13:49:00,CREW-18,VEH-035
OUT-03124,2024-09-29 13:05:00,2024-09-29 13:34:00,CREW-05,VEH-013
OUT-03125,2024-09-29 17:04:00,2024-09-29 17:30:00,CREW-05,VEH-006
OUT-03126,2024-10-02 04:08:00,2024-10-02 04:48:00,CREW-10,VEH-048
OUT-03127,2024-10-05 15:09:00,2024-10-05 15:32:00,CREW-04,VEH-021
OUT-03128,2024-10-06 02:06:00,2024-10-06 03:00:00,CREW-07,VEH-015
OUT-03129,2024-10-06 18:06:00,2024-10-06 18:55:00,CREW-17,VEH-043
OUT-03130,2024-10-07 00:10:00,2024-10-07 01:01:00,CREW-10,VEH-047
OUT-03131,2024-10-09 08:13:00,2024-10-09 08:41:00,CREW-04,VEH-020
OUT-03132,2024-10-11 18:03:00,2024-10-11 18:29:00,CREW-01,VEH-024
OUT-03133,2024-10-13 17:05:00,2024-10-13 17:24:00,CREW-06,VEH-030
OUT-03134,2024-10-14 00:09:00,2024-10-14 01:06:00,CREW-08,VEH-007
OUT-03135,2024-10-15 13:05:00,2024-10-15 13:57:00,CREW-16,VEH-015
OUT-03136,2024-10-15 15:15:00,2024-10-15 15:52:00,CREW-12,VEH-029
OUT-03137,2024-10-16 13:13:00,2024-10-16 13:42:00,CREW-13,VEH-043
OUT-03138,2024-10-19 18:15:00,2024-10-19 18:50:00,CREW-15,VEH-014
OUT-03139,2024-10-19 19:11:00,2024-10-19 20:09:00,CREW-16,VEH-015
OUT-03140,2024-10-19 19:11:00,2024-10-19 19:29:00,CREW-09,VEH-009
OUT-03141,2024-10-20 18:06:00,2024-10-20 19:03:00,CREW-11,VEH-007
OUT-03142,2024-10-20 19:06:00,2024-10-20 20:02:00,CREW-04,VEH-005
OUT-03143,2024-10-21 07:06:00,2024-10-21 07:31:00,CREW-09,VEH-028
OUT-03144,2024-10-23 01:10:00,2024-10-23 01:54:00,CREW-04,VEH-002
OUT-03145,2024-10-24 09:15:00,2024-10-24 09:32:00,CREW-18,VEH-021
OUT-03146,2024-10-24 12:07:00,2024-10-24 13:04:00,CREW-18,VEH-044
OUT-03147,2024-10-25 01:06:00,2024-10-25 01:29:00,CREW-20,VEH-028
OUT-03148,2024-10-25 17:11:00,2024-10-25 17:43:00,CREW-19,VEH-003
OUT-03149,2024-10-29 12:10:00,2024-10-29 13:00:00,CREW-17,VEH-017
OUT-03150,2024-11-01 13:08:00,2024-11-01 13:45:00,CREW-02,VEH-041
OUT-03151,2024-11-04 02:10:00,2024-11-04 02:29:00,CREW-15,VEH-047
OUT-03152,2024-11-05 13:04:00,2024-11-05 13:37:00,CREW-03,VEH-038
OUT-03153,2024-11-05 13:05:00,2024-11-05 13:43:00,CREW-13,VEH-045
OUT-03154,2024-11-06 16:12:00,2024-11-06 16:37:00,CREW-05,VEH-001
OUT-03155,2024-11-06 23:10:00,2024-11-06 23:41:00,CREW-01,VEH-003
OUT-03156,2024-11-09 23:11:00,2024-11-09 23:56:00,CREW-10,VEH-008
OUT-03157,2024-11-18 09:13:00,2024-11-18 09:52:00,CREW-15,VEH-041
OUT-03158,2024-11-20 11:09:00,2024-11-20 11:33:00,CREW-20,VEH-041
OUT-03159,2024-11-20 11:08:00,2024-11-20 11:23:00,CREW-02,VEH-019
OUT-03160,2024-11-20 20:15:00,2024-11-20 20:43:00,CREW-08,VEH-038
OUT-03161,2024-11-21 03:13:00,2024-11-21 03:53:00,CREW-15,VEH-046
OUT-03162,2024-11-22 05:06:00,2024-11-22 05:21:00,CREW-11,VEH-028
OUT-03163,2024-11-22 06:10:00,2024-11-22 06:27:00,CREW-19,VEH-018
OUT-03164,2024-11-24 09:05:00,2024-11-24 09:53:00,CREW-07,VEH-008
OUT-03165,2024-11-24 13:04:00,2024-11-24 14:00:00,CREW-01,VEH-038
OUT-03166,2024-11-24 16:14:00,2024-11-24 17:14:00,CREW-03,VEH-043
OUT-03167,2024-11-26 01:04:00,2024-11-26 01:37:00,CREW-10,VEH-027
OUT-03168,2024-11-26 09:12:00,2024-11-26 09:52:00,CREW-13,VEH-032
OUT-03169,2024-11-27 19:06:00,2024-11-27 19:24:00,CREW-13,VEH-009
OUT-03170,2024-11-29 00:10:00,2024-11-29 00:58:00,CREW-05,VEH-048
OUT-03171,2024-11-29 07:08:00,2024-11-29 07:23:00,CREW-12,VEH-021
OUT-03172,2024-12-01 13:12:00,2024-12-01 14:10:00,CREW-19,VEH-044
OUT-03173,2024-12-02 19:13:00,2024-12-02 19:41:00,CREW-02,VEH-034
OUT-03174,2024-12-05 17:10:00,2024-12-05 17:28:00,CREW-20,VEH-026
OUT-03175,2024-12-07 07:11:00,2024-12-07 08:10:00,CREW-02,VEH-035
OUT-03176,2024-12-08 14:04:00,2024-12-08 14:24:00,CREW-19,VEH-008
OUT-03177,2024-12-08 15:15:00,2024-12-08 15:39:00,CREW-03,VEH-038
OUT-03178,2024-12-08 15:14:00,2024-12-08 15:43:00,CREW-18,VEH-046
OUT-03179,2024-12-08 15:04:00,2024-12-08 15:46:00,CREW-10,VEH-047
OUT-03180,2024-12-08 15:05:00,2024-12-08 15:21:00,CREW-03,VEH-007
OUT-03181,2024-12-08 16:08:00,2024-12-08 16:38:00,CREW-10,VEH-019
OUT-03182,2024-12-08 16:13:00,2024-12-08 16:44:00,CREW-19,VEH-037
OUT-03183,2024-12-08 17:08:00,2024-12-08 17:42:00,CREW-13,VEH-013
OUT-03184,2024-12-08 18:12:00,2024-12-08 18:37:00,CREW-16,VEH-015
OUT-03185,2024-12-08 18:02:00,2024-12-08 18:44:00,CREW-19,VEH-004
OUT-03186,2024-12-08 18:07:00,2024-12-08 18:43:00,CREW-05,VEH-039
OUT-03187,2024-12-08 19:03:00,2024-12-08 19:50:00,CREW-12,VEH-042
OUT-03188,2024-12-08 19:09:00,2024-12-08 19:56:00,CREW-12,VEH-002
OUT-03189,2024-12-09 06:12:00,2024-12-09 06:54:00,CREW-10,VEH-022
OUT-03190,2024-12-11 04:02:00,2024-12-11 04:42:00,CREW-03,VEH-007
OUT-03191,2024-12-12 03:13:00,2024-12-12 03:35:00,CREW-20,VEH-012
OUT-03192,2024-12-12 08:04:00,2024-12-12 08:35:00,CREW-09,VEH-010
OUT-03193,2024-12-13 16:07:00,2024-12-13 16:59:00,CREW-01,VEH-022
OUT-03194,2024-12-14 03:13:00,2024-12-14 04:04:00,CREW-13,VEH-027
OUT-03195,2024-12-15 20:07:00,2024-12-15 20:51:00,CREW-11,VEH-040
OUT-03196,2024-12-16 10:06:00,2024-12-16 10:54:00,CREW-12,VEH-034
OUT-03197,2024-12-19 10:11:00,2024-12-19 11:00:00,CREW-10,VEH-019
OUT-03198,2024-12-20 05:09:00,2024-12-20 06:02:00,CREW-01,VEH-044
OUT-03199,2024-12-20 20:14:00,2024-12-20 20:56:00,CREW-05,VEH-048
OUT-03200,2024-12-21 06:10:00,2024-12-21 07:00:00,CREW-17,VEH-024
OUT-03201,2024-12-21 20:06:00,2024-12-21 20:22:00,CREW-12,VEH-033
OUT-03202,2024-12-22 05:15:00,2024-12-22 05:41:00,CREW-12,VEH-012
OUT-03203,2024-12-23 23:04:00,2024-12-23 23:42:00,CREW-11,VEH-013
OUT-03204,2024-12-28 17:12:00,2024-12-28 17:34:00,CREW-10,VEH-008
OUT-03205,2024-12-29 14:05:00,2024-12-29 14:27:00,CREW-09,VEH-007
OUT-03206,2024-12-29 17:15:00,2024-12-29 17:57:00,CREW-02,VEH-043
OUT-03207,2024-12-29 17:09:00,2024-12-29 17:36:00,CREW-15,VEH-028
OUT-03208,2024-12-29 17:04:00,2024-12-29 17:41:00,CREW-14,VEH-015
OUT-03209,2024-12-29 19:03:00,2024-12-29 19:29:00,CREW-20,VEH-036
OUT-03210,2024-12-30 12:04:00,2024-12-30 12:23:00,CREW-03,VEH-047
OUT-03211,2025-01-03 15:04:00,2025-01-03 15:20:00,CREW-12,VEH-037
OUT-03212,2025-01-09 17:07:00,2025-01-09 17:38:00,CREW-14,VEH-028
OUT-03213,2025-01-11 15:12:00,2025-01-11 15:36:00,CREW-03,VEH-036
OUT-03214,2025-01-14 17:07:00,2025-01-14 17:46:00,CREW-16,VEH-039
OUT-03215,2025-01-17 00:15:00,2025-01-17 00:50:00,CREW-20,VEH-026
OUT-03216,2025-01-22 14:12:00,2025-01-22 14:48:00,CREW-01,VEH-037
OUT-03217,2025-01-29 07:14:00,2025-01-29 07:49:00,CREW-14,VEH-009
OUT-03218,2025-02-07 14:02:00,2025-02-07 14:37:00,CREW-07,VEH-022
OUT-03219,2025-02-17 20:13:00,2025-02-17 20:33:00,CREW-16,VEH-026
OUT-03220,2025-02-19 14:06:00,2025-02-19 14:29:00,CREW-14,VEH-040
OUT-03221,2025-02-28 17:15:00,2025-02-28 18:13:00,CREW-10,VEH-030
OUT-03222,2025-03-12 12:05:00,2025-03-12 12:45:00,CREW-13,VEH-029
OUT-03223,2025-03-24 19:04:00,2025-03-24 19:26:00,CREW-10,VEH-035
OUT-03224,2025-03-29 13:06:00,2025-03-29 13:55:00,CREW-05,VEH-016
OUT-03225,2025-04-12 07:02:00,2025-04-12 07:48:00,CREW-06,VEH-032
OUT-03226,2025-05-17 13:05:00,2025-05-17 13:39:00,CREW-16,VEH-002
OUT-03227,2025-05-22 02:05:00,2025-05-22 02:37:00,CREW-01,VEH-029
OUT-03228,2025-06-01 13:14:00,2025-06-01 13:47:00,CREW-12,VEH-040
OUT-03229,2025-06-02 16:07:00,2025-06-02 17:05:00,CREW-07,VEH-050
OUT-03230,2025-06-10 17:07:00,2025-06-10 18:07:00,CREW-08,VEH-024
OUT-03231,2025-07-01 17:05:00,2025-07-01 17:33:00,CREW-05,VEH-041
OUT-03232,2025-07-15 06:09:00,2025-07-15 06:57:00,CREW-16,VEH-045
OUT-03233,2025-08-04 17:08:00,2025-08-04 17:38:00,CREW-07,VEH-027
OUT-03234,2025-08-04 19:15:00,2025-08-04 19:43:00,CREW-12,VEH-033
OUT-03235,2025-08-30 11:02:00,2025-08-30 12:00:00,CREW-20,VEH-047
OUT-03236,2025-10-05 15:05:00,2025-10-05 15:26:00,CREW-16,VEH-003
OUT-03237,2025-10-13 16:08:00,2025-10-13 16:51:00,CREW-06,VEH-048
OUT-03238,2025-10-22 14:09:00,2025-10-22 15:03:00,CREW-06,VEH-010
OUT-03239,2025-11-05 19:12:00,2025-11-05 19:58:00,CREW-13,VEH-006
OUT-03240,2025-11-13 15:09:00,2025-11-13 15:56:00,CREW-19,VEH-012
OUT-03241,2025-11-26 16:09:00,2025-11-26 16:50:00,CREW-06,VEH-018
OUT-03242,2026-01-05 19:14:00,2026-01-05 20:07:00,CREW-13,VEH-040
OUT-03243,2026-02-08 18:15:00,2026-02-08 19:10:00,CREW-20,VEH-013
OUT-03244,2026-03-09 08:03:00,2026-03-09 08:53:00,CREW-02,VEH-036
OUT-03245,2026-04-29 14:03:00,2026-04-29 14:22:00,CREW-19,VEH-042
OUT-03246,2026-05-26 09:03:00,2026-05-26 09:49:00,CREW-10,VEH-037
OUT-03247,2026-05-29 17:02:00,2026-05-29 17:38:00,CREW-13,VEH-017
