fault_detected,service_restored,cause_code,affected_customers,feeder_id,transformer_id
2015-08-26 10:00:00,2015-08-26 11:09:00,equipment_failure,152,FDR-0020,overhead line
2015-12-30 23:00:00,2015-12-31 03:09:00,equipment_failure,62,FDR-0018,transformer
2016-01-14 03:00:00,2016-01-14 03:40:00,equipment_failure,341,FDR-0029,cable
2016-02-01 20:00:00,2016-02-02 03:36:00,animal_contact,1025,FDR-0049,recloser
2016-02-21 03:00:00,2016-02-21 06:11:00,equipment_failure,201,FDR-0047,recloser
2016-02-22 04:00:00,2016-02-22 07:33:00,equipment_failure,397,FDR-0006,cable
2016-03-08 14:00:00,2016-03-08 15:56:00,equipment_failure,817,FDR-0009,switch
2016-03-28 15:00:00,2016-03-28 21:42:00,equipment_failure,359,FDR-0020,cable
2016-04-02 15:00:00,2016-04-02 17:49:00,overload,814,FDR-0004,cable
2016-05-08 07:00:00,2016-05-08 08:23:00,animal_contact,235,FDR-0043,fuse
2016-05-19 14:00:00,2016-05-20 06:54:00,weather,72,FDR-0047,transformer
2016-07-02 13:00:00,2016-07-02 20:02:00,equipment_failure,993,FDR-0036,cable
2016-07-21 20:00:00,2016-07-21 23:06:00,animal_contact,409,FDR-0059,cable
2016-07-23 18:00:00,2016-07-23 21:57:00,overload,43,FDR-0001,recloser
2016-07-24 09:00:00,2016-07-24 14:52:00,equipment_failure,466,FDR-0047,overhead line
2016-07-26 13:00:00,2016-07-26 18:25:00,equipment_failure,89,FDR-0003,recloser
2016-08-14 03:00:00,2016-08-14 03:40:00,equipment_failure,443,FDR-0041,cable
2016-08-19 18:00:00,2016-08-20 08:43:00,weather,797,FDR-0045,fuse
2016-09-11 03:00:00,2016-09-11 04:16:00,animal_contact,227,FDR-0039,transformer
2016-09-21 14:00:00,2016-09-21 19:58:00,equipment_failure,951,FDR-0040,recloser
2016-09-27 14:00:00,2016-09-27 18:04:00,equipment_failure,228,FDR-0054,recloser
2016-09-28 03:00:00,2016-09-28 08:39:00,equipment_failure,499,FDR-0050,switch
2016-09-29 15:00:00,2016-09-29 16:01:00,overload,58,FDR-0060,switch
2016-09-29 15:00:00,2016-09-29 16:01:00,overload,46,FDR-0060,switch
2016-11-12 18:00:00,2016-11-12 21:19:00,overload,1614,FDR-0025,recloser
2016-11-22 16:00:00,2016-11-22 19:27:00,equipment_failure,1382,FDR-0057,cable
2016-12-09 20:00:00,2016-12-10 08:22:00,vegetation,312,FDR-0014,fuse
2016-12-12 18:00:00,2016-12-12 21:19:00,overload,1706,FDR-0025,recloser
2016-12-14 17:00:00,2016-12-14 19:04:00,equipment_failure,226,FDR-0016,fuse
2016-12-21 03:00:00,2016-12-21 03:40:00,animal_contact,224,FDR-0037,recloser
2017-01-06 08:00:00,2017-01-06 12:33:00,equipment_failure,337,FDR-0052,cable
2017-01-10 13:00:00,2017-01-10 13:43:00,equipment_failure,233,FDR-0036,recloser
2017-01-11 19:00:00,2017-01-11 22:59:00,equipment_failure,392,FDR-0032,recloser
2017-01-12 15:00:00,2017-01-12 16:07:00,overload,139,FDR-0051,overhead line
2017-01-14 13:00:00,2017-01-14 19:10:00,equipment_failure,399,FDR-0018,overhead line
2017-01-17 20:00:00,2017-01-18 03:48:00,weather,1082,FDR-0016,overhead line
2017-01-25 16:00:00,2017-01-26 03:18:00,animal_contact,578,FDR-0052,fuse
2017-01-26 02:00:00,2017-01-26 03:56:00,equipment_failure,420,FDR-0002,recloser
2017-01-30 01:00:00,2017-01-30 06:45:00,equipment_failure,347,FDR-0055,transformer
2017-01-30 17:00:00,2017-01-30 18:34:00,overload,1022,FDR-0014,transformer
2017-01-30 18:00:00,2017-01-30 22:24:00,animal_contact,107,FDR-0026,fuse
2017-02-10 16:00:00,2017-02-10 16:55:00,equipment_failure,139,FDR-0046,overhead line
2017-02-10 18:00:00,2017-02-10 23:30:00,overload,964,FDR-0050,cable
2017-02-14 18:00:00,2017-02-15 00:07:00,overload,256,FDR-0002,transformer
2017-02-17 21:00:00,2017-02-18 00:37:00,equipment_failure,378,FDR-0063,recloser
2017-02-23 15:00:00,2017-02-23 16:02:00,weather,1366,FDR-0053,transformer
2017-03-11 15:00:00,2017-03-11 21:31:00,equipment_failure,376,FDR-0014,cable
2017-03-13 18:00:00,2017-03-14 10:48:00,weather,2034,FDR-0021,overhead line
2017-03-22 16:00:00,2017-03-22 22:01:00,overload,1706,FDR-0005,fuse
2017-04-02 15:00:00,2017-04-02 17:55:00,equipment_failure,53,FDR-0062,cable
2017-04-04 16:00:00,2017-04-04 17:57:00,overload,722,FDR-0020,cable
2017-04-06 16:00:00,2017-04-06 19:21:00,equipment_failure,422,FDR-0004,overhead line
2017-04-09 18:00:00,2017-04-10 10:55:00,weather,1947,FDR-0047,overhead line
2017-04-10 18:00:00,2017-04-11 05:00:00,weather,1938,FDR-0051,cable
2017-04-12 18:00:00,2017-04-12 21:19:00,overload,1540,FDR-0025,recloser
2017-04-16 17:00:00,2017-04-16 20:37:00,equipment_failure,176,FDR-0056,recloser
2017-04-19 01:00:00,2017-04-19 04:52:00,equipment_failure,325,FDR-0033,cable
2017-04-21 17:00:00,2017-04-21 19:07:00,animal_contact,429,FDR-0055,fuse
2017-04-23 23:00:00,2017-04-24 01:54:00,animal_contact,78,FDR-0041,transformer
2017-04-25 13:00:00,2017-04-25 15:17:00,overload,151,FDR-0013,transformer
2017-04-29 17:00:00,2017-04-29 18:39:00,equipment_failure,435,FDR-0030,transformer
2017-05-03 19:00:00,2017-05-03 22:49:00,equipment_failure,375,FDR-0046,recloser
2017-05-06 20:00:00,2017-05-06 20:46:00,equipment_failure,329,FDR-0026,fuse
2017-05-09 13:00:00,2017-05-09 14:18:00,equipment_failure,1054,FDR-0063,recloser
2017-05-13 19:00:00,2017-05-14 12:19:00,weather,1846,FDR-0003,switch
2017-05-14 01:00:00,2017-05-14 06:00:00,equipment_failure,67,FDR-0017,transformer
2017-05-17 12:00:00,2017-05-17 14:47:00,equipment_failure,205,FDR-0062,transformer
2017-06-04 00:00:00,2017-06-04 03:40:00,equipment_failure,209,FDR-0006,fuse
2017-06-08 14:00:00,2017-06-08 16:35:00,equipment_failure,576,FDR-0063,cable
2017-06-09 16:00:00,2017-06-09 17:27:00,equipment_failure,306,FDR-0014,transformer
2017-06-11 15:00:00,2017-06-11 20:27:00,equipment_failure,747,FDR-0012,overhead line
2017-06-14 04:00:00,2017-06-14 08:57:00,equipment_failure,4,FDR-0009,switch
2017-06-18 18:00:00,2017-06-18 22:20:00,animal_contact,418,FDR-0014,transformer
2017-06-19 18:00:00,2017-06-20 00:10:00,weather,1719,FDR-0065,switch
2017-06-23 17:00:00,2017-06-23 22:55:00,equipment_failure,1049,FDR-0003,cable
2017-07-03 02:00:00,2017-07-03 06:45:00,equipment_failure,264,FDR-0060,switch
2017-07-03 16:00:00,2017-07-03 19:42:00,equipment_failure,60,FDR-0043,overhead line
2017-07-09 14:00:00,2017-07-10 02:12:00,weather,412,FDR-0023,cable
2017-07-11 06:00:00,2017-07-11 08:55:00,equipment_failure,139,FDR-0060,fuse
2017-07-17 17:00:00,2017-07-17 23:06:00,equipment_failure,1667,FDR-0008,transformer
2017-07-18 15:00:00,2017-07-18 21:29:00,vegetation,978,FDR-0052,recloser
2017-07-18 18:00:00,2017-07-18 22:20:00,animal_contact,596,FDR-0060,transformer
2017-08-05 20:00:00,2017-08-06 03:22:00,vegetation,2220,FDR-0046,recloser
2017-08-13 15:00:00,2017-08-14 04:51:00,vegetation,298,FDR-0001,overhead line
2017-08-24 16:00:00,2017-08-25 05:25:00,animal_contact,157,FDR-0025,overhead line
2017-09-13 19:00:00,2017-09-14 12:19:00,weather,1498,FDR-0003,switch
2017-09-22 10:00:00,2017-09-22 13:08:00,equipment_failure,301,FDR-0023,switch
2017-09-24 18:00:00,2017-09-25 01:13:00,equipment_failure,935,FDR-0050,fuse
2017-09-28 21:00:00,2017-09-29 00:36:00,animal_contact,265,FDR-0016,switch
2017-10-17 20:00:00,2017-10-18 03:48:00,weather,1167,FDR-0016,overhead line
2017-10-20 17:00:00,2017-10-20 21:24:00,equipment_failure,536,FDR-0062,transformer
2017-10-28 18:00:00,2017-10-28 21:16:00,overload,1225,FDR-0059,overhead line
2017-10-29 16:00:00,2017-10-29 18:05:00,equipment_failure,945,FDR-0021,recloser
2017-10-30 16:00:00,2017-10-30 18:05:00,equipment_failure,829,FDR-0021,fuse
2017-11-02 15:00:00,2017-11-02 17:55:00,equipment_failure,58,FDR-0007,cable
2017-11-06 10:00:00,2017-11-06 12:21:00,equipment_failure,46,FDR-0047,transformer
2017-11-07 22:00:00,2017-11-08 01:28:00,animal_contact,465,FDR-0051,switch
2017-11-08 15:00:00,2017-11-08 15:58:00,equipment_failure,418,FDR-0052,fuse
2017-11-21 06:00:00,2017-11-21 10:17:00,equipment_failure,260,FDR-0030,overhead line
2017-11-27 23:00:00,2017-11-28 00:48:00,equipment_failure,153,FDR-0015,fuse
2017-12-16 05:00:00,2017-12-16 06:38:00,animal_contact,54,FDR-0050,fuse
2017-12-18 14:00:00,2017-12-18 20:54:00,equipment_failure,953,FDR-0009,overhead line
2017-12-18 18:00:00,2017-12-18 23:33:00,equipment_failure,219,FDR-0027,switch
2018-01-01 14:00:00,2018-01-02 06:48:00,weather,1362,FDR-0059,transformer
2018-01-10 16:00:00,2018-01-10 19:47:00,equipment_failure,1045,FDR-0029,cable
2018-01-14 06:00:00,2018-01-14 08:28:00,equipment_failure,108,FDR-0064,transformer
2018-01-26 03:00:00,2018-01-26 05:37:00,equipment_failure,218,FDR-0057,fuse
2018-01-30 17:00:00,2018-01-30 17:32:00,overload,1038,FDR-0012,fuse
2018-02-04 14:00:00,2018-02-05 03:30:00,weather,1547,FDR-0035,fuse
2018-02-08 07:00:00,2018-02-08 10:59:00,equipment_failure,79,FDR-0025,transformer
2018-02-16 15:00:00,2018-02-16 18:34:00,overload,1347,FDR-0054,overhead line
2018-02-18 13:00:00,2018-02-18 16:51:00,equipment_failure,666,FDR-0020,fuse
2018-02-27 11:00:00,2018-02-27 11:20:00,equipment_failure,388,FDR-0038,fuse
2018-02-28 16:00:00,2018-02-28 18:05:00,equipment_failure,1226,FDR-0021,recloser
2018-03-08 14:00:00,2018-03-08 18:49:00,vegetation,687,FDR-0026,fuse
2018-03-09 20:00:00,2018-03-10 08:22:00,vegetation,289,FDR-0021,fuse
2018-03-19 12:00:00,2018-03-19 14:49:00,equipment_failure,275,FDR-0041,overhead line
2018-03-19 16:00:00,2018-03-19 18:00:00,weather,1385,FDR-0018,cable
2018-03-19 20:00:00,2018-03-19 20:22:00,animal_contact,479,FDR-0028,cable
2018-03-21 18:00:00,2018-03-21 21:24:00,overload,220,FDR-0007,transformer
2018-03-26 18:00:00,2018-03-27 05:00:00,vegetation,625,FDR-0045,transformer
2018-04-01 02:00:00,2018-04-01 04:15:00,equipment_failure,158,FDR-0040,fuse
2018-04-01 14:00:00,2018-04-02 03:25:00,vegetation,875,FDR-0063,transformer
2018-04-02 17:00:00,2018-04-02 23:28:00,overload,839,FDR-0054,cable
2018-04-02 20:00:00,2018-04-03 00:24:00,equipment_failure,52,FDR-0058,fuse
2018-04-03 14:00:00,2018-04-03 20:39:00,equipment_failure,508,FDR-0038,fuse
2018-04-10 09:00:00,2018-04-10 14:21:00,equipment_failure,56,FDR-0025,switch
2018-04-13 17:00:00,2018-04-14 04:39:00,weather,960,FDR-0020,switch
2018-04-19 20:00:00,2018-04-19 20:22:00,animal_contact,383,FDR-0028,cable
2018-04-20 09:00:00,2018-04-20 13:31:00,animal_contact,240,FDR-0012,recloser
2018-04-26 10:00:00,2018-04-26 11:09:00,equipment_failure,130,FDR-0020,overhead line
2018-05-07 22:00:00,2018-05-08 01:28:00,animal_contact,465,FDR-0051,switch
2018-05-17 18:00:00,2018-05-17 19:08:00,animal_contact,3354,FDR-0042,fuse
2018-05-19 14:00:00,2018-05-20 06:54:00,weather,73,FDR-0014,transformer
2018-05-22 14:00:00,2018-05-22 17:22:00,equipment_failure,975,FDR-0003,overhead line
2018-05-22 14:00:00,2018-05-22 18:32:00,equipment_failure,376,FDR-0026,fuse
2018-05-25 19:00:00,2018-05-25 20:13:00,animal_contact,222,FDR-0009,overhead line
2018-05-29 14:00:00,2018-05-29 19:06:00,equipment_failure,317,FDR-0007,transformer
2018-05-30 15:00:00,2018-05-30 21:07:00,equipment_failure,131,FDR-0047,cable
2018-06-07 18:00:00,2018-06-08 08:45:00,animal_contact,179,FDR-0060,transformer
2018-06-10 18:00:00,2018-06-10 23:30:00,overload,1079,FDR-0050,cable
2018-06-16 20:00:00,2018-06-16 21:50:00,equipment_failure,526,FDR-0039,fuse
2018-06-19 22:00:00,2018-06-20 03:48:00,equipment_failure,85,FDR-0041,transformer
2018-06-28 02:00:00,2018-06-28 07:39:00,equipment_failure,50,FDR-0001,transformer
2018-06-30 18:00:00,2018-06-30 22:24:00,animal_contact,95,FDR-0026,fuse
2018-07-08 16:00:00,2018-07-08 19:12:00,weather,336,FDR-0007,cable
2018-07-11 03:00:00,2018-07-11 04:16:00,animal_contact,161,FDR-0039,transformer
2018-07-26 19:00:00,2018-07-27 03:14:00,weather,2041,FDR-0003,recloser
2018-08-01 16:00:00,2018-08-01 22:54:00,overload,394,FDR-0038,fuse
2018-08-02 14:00:00,2018-08-02 16:06:00,equipment_failure,51,FDR-0061,transformer
2018-08-05 16:00:00,2018-08-05 20:15:00,equipment_failure,105,FDR-0002,fuse
2018-09-11 14:00:00,2018-09-11 16:16:00,overload,402,FDR-0006,switch
2018-09-13 17:00:00,2018-09-13 22:54:00,overload,1739,FDR-0018,overhead line
2018-09-22 13:00:00,2018-09-22 14:35:00,equipment_failure,1127,FDR-0041,transformer
2018-09-24 13:00:00,2018-09-24 17:20:00,overload,1161,FDR-0010,transformer
2018-09-25 18:00:00,2018-09-25 19:47:00,equipment_failure,1771,FDR-0025,transformer
2018-10-01 02:00:00,2018-10-01 04:15:00,equipment_failure,161,FDR-0040,fuse
2018-10-03 21:00:00,2018-10-04 00:13:00,equipment_failure,55,FDR-0048,transformer
2018-10-05 05:00:00,2018-10-05 06:57:00,animal_contact,193,FDR-0051,cable
2018-10-05 17:00:00,2018-10-05 18:27:00,equipment_failure,154,FDR-0006,overhead line
2018-10-08 12:00:00,2018-10-08 15:56:00,animal_contact,196,FDR-0011,cable
2018-10-08 15:00:00,2018-10-08 20:05:00,overload,1207,FDR-0020,cable
2018-10-09 16:00:00,2018-10-09 17:27:00,equipment_failure,242,FDR-0014,transformer
2018-10-12 15:00:00,2018-10-12 18:45:00,equipment_failure,139,FDR-0017,overhead line
2018-10-19 17:00:00,2018-10-19 21:36:00,equipment_failure,786,FDR-0045,cable
2018-10-23 16:00:00,2018-10-23 23:42:00,equipment_failure,157,FDR-0039,switch
2018-11-02 14:00:00,2018-11-02 15:29:00,equipment_failure,72,FDR-0035,switch
2018-11-04 17:00:00,2018-11-04 17:31:00,equipment_failure,170,FDR-0009,overhead line
2018-11-08 15:00:00,2018-11-08 18:10:00,animal_contact,372,FDR-0026,switch
2018-11-10 14:00:00,2018-11-10 20:50:00,overload,829,FDR-0057,fuse
2018-11-12 01:00:00,2018-11-12 01:53:00,equipment_failure,307,FDR-0059,overhead line
2018-11-15 15:00:00,2018-11-15 21:07:00,equipment_failure,286,FDR-0057,cable
2018-11-20 06:00:00,2018-11-20 07:43:00,equipment_failure,4,FDR-0010,cable
2018-11-27 17:00:00,2018-11-27 22:00:00,equipment_failure,1409,FDR-0037,fuse
2018-12-03 14:00:00,2018-12-04 07:44:00,vegetation,1096,FDR-0006,fuse
2018-12-08 16:00:00,2018-12-09 05:21:00,vegetation,2142,FDR-0005,recloser
2018-12-12 15:00:00,2018-12-12 22:43:00,equipment_failure,902,FDR-0027,switch
2018-12-18 18:00:00,2018-12-19 00:13:00,overload,1117,FDR-0061,recloser
2018-12-20 08:00:00,2018-12-20 09:39:00,equipment_failure,86,FDR-0004,transformer
2018-12-22 15:00:00,2018-12-22 16:10:00,overload,282,FDR-0051,recloser
2019-01-03 15:00:00,2019-01-03 16:06:00,equipment_failure,396,FDR-0010,overhead line
2019-01-12 23:00:00,2019-01-13 02:10:00,equipment_failure,555,FDR-0060,cable
2019-01-13 17:00:00,2019-01-14 04:39:00,weather,1033,FDR-0033,switch
2019-01-16 02:00:00,2019-01-16 04:21:00,animal_contact,334,FDR-0054,fuse
2019-01-16 14:00:00,2019-01-16 14:44:00,equipment_failure,183,FDR-0045,overhead line
2019-01-30 06:00:00,2019-01-30 10:27:00,equipment_failure,33,FDR-0038,cable
2019-01-30 18:00:00,2019-01-30 21:54:00,equipment_failure,277,FDR-0053,recloser
2019-02-04 16:00:00,2019-02-04 16:33:00,overload,1203,FDR-0027,fuse
2019-02-08 16:00:00,2019-02-08 18:02:00,equipment_failure,340,FDR-0017,cable
2019-02-12 17:00:00,2019-02-12 20:23:00,overload,142,FDR-0052,fuse
2019-02-13 19:00:00,2019-02-14 12:19:00,weather,1915,FDR-0062,switch
2019-02-17 16:00:00,2019-02-17 19:45:00,vegetation,239,FDR-0007,transformer
2019-02-22 17:00:00,2019-02-22 17:43:00,equipment_failure,415,FDR-0054,transformer
2019-02-25 16:00:00,2019-02-25 23:12:00,weather,2326,FDR-0056,cable
2019-02-28 15:00:00,2019-02-28 20:43:00,overload,326,FDR-0058,switch
2019-02-28 20:00:00,2019-03-01 02:21:00,weather,2040,FDR-0029,cable
2019-03-04 15:00:00,2019-03-04 20:15:00,equipment_failure,639,FDR-0028,overhead line
2019-03-07 19:00:00,2019-03-08 08:51:00,animal_contact,656,FDR-0015,cable
2019-03-10 21:00:00,2019-03-11 01:32:00,equipment_failure,86,FDR-0034,cable
2019-03-13 19:00:00,2019-03-13 23:38:00,vegetation,60,FDR-0038,cable
2019-03-19 14:00:00,2019-03-20 06:30:00,weather,2024,FDR-0008,fuse
2019-03-20 18:00:00,2019-03-21 00:55:00,equipment_failure,158,FDR-0021,transformer
2019-03-21 03:00:00,2019-03-21 06:11:00,equipment_failure,237,FDR-0047,recloser
2019-03-21 16:00:00,2019-03-21 23:07:00,equipment_failure,155,FDR-0008,switch
2019-03-23 14:00:00,2019-03-23 14:55:00,equipment_failure,990,FDR-0009,overhead line
2019-03-26 16:00:00,2019-03-26 17:49:00,overload,659,FDR-0022,switch
2019-03-29 15:00:00,2019-03-29 20:13:00,equipment_failure,1393,FDR-0051,cable
2019-04-04 07:00:00,2019-04-04 11:27:00,animal_contact,191,FDR-0016,fuse
2019-04-13 19:00:00,2019-04-14 04:13:00,weather,1533,FDR-0019,cable
2019-04-14 17:00:00,2019-04-14 20:45:00,overload,427,FDR-0065,transformer
2019-04-15 18:00:00,2019-04-16 00:02:00,weather,2357,FDR-0023,switch
2019-04-23 19:00:00,2019-04-23 23:42:00,equipment_failure,100,FDR-0035,recloser
2019-04-29 18:00:00,2019-04-29 22:39:00,equipment_failure,1041,FDR-0056,recloser
2019-04-29 21:00:00,2019-04-30 00:21:00,equipment_failure,491,FDR-0032,switch
2019-05-03 16:00:00,2019-05-03 20:43:00,equipment_failure,232,FDR-0057,fuse
2019-05-06 05:00:00,2019-05-06 05:36:00,equipment_failure,189,FDR-0005,overhead line
2019-05-06 11:00:00,2019-05-06 13:39:00,equipment_failure,298,FDR-0043,cable
2019-05-08 13:00:00,2019-05-08 16:42:00,overload,189,FDR-0057,transformer
2019-05-08 17:00:00,2019-05-08 21:26:00,equipment_failure,130,FDR-0013,switch
2019-05-13 00:00:00,2019-05-13 01:27:00,equipment_failure,67,FDR-0014,transformer
2019-05-14 17:00:00,2019-05-14 21:01:00,equipment_failure,382,FDR-0003,fuse
2019-05-15 19:00:00,2019-05-16 02:15:00,weather,809,FDR-0031,transformer
2019-05-20 01:00:00,2019-05-20 04:46:00,equipment_failure,333,FDR-0024,recloser
2019-05-20 16:00:00,2019-05-20 20:40:00,weather,1500,FDR-0037,transformer
2019-05-22 17:00:00,2019-05-22 22:35:00,equipment_failure,478,FDR-0044,overhead line
2019-05-24 14:00:00,2019-05-24 16:04:00,overload,993,FDR-0059,switch
2019-05-25 15:00:00,2019-05-25 18:33:00,weather,1878,FDR-0063,transformer
2019-05-26 16:00:00,2019-05-27 00:54:00,weather,704,FDR-0034,overhead line
2019-05-28 14:00:00,2019-05-28 15:47:00,weather,879,FDR-0036,recloser
2019-06-10 08:00:00,2019-06-10 09:18:00,equipment_failure,32,FDR-0031,cable
2019-06-10 14:00:00,2019-06-10 14:46:00,equipment_failure,310,FDR-0001,recloser
2019-06-11 16:00:00,2019-06-11 22:46:00,vegetation,1823,FDR-0028,recloser
2019-06-15 17:00:00,2019-06-15 22:19:00,equipment_failure,243,FDR-0009,switch
2019-06-17 20:00:00,2019-06-18 01:01:00,vegetation,2100,FDR-0054,transformer
2019-06-18 13:00:00,2019-06-18 16:54:00,overload,1031,FDR-0033,transformer
2019-06-24 01:00:00,2019-06-24 05:25:00,equipment_failure,183,FDR-0063,recloser
2019-06-24 07:00:00,2019-06-24 11:01:00,equipment_failure,420,FDR-0005,overhead line
2019-06-26 15:00:00,2019-06-27 08:28:00,vegetation,2243,FDR-0015,recloser
2019-07-09 16:00:00,2019-07-09 20:58:00,weather,687,FDR-0030,switch
2019-07-09 16:00:00,2019-07-09 19:09:00,equipment_failure,750,FDR-0026,transformer
2019-07-13 08:00:00,2019-07-13 11:03:00,equipment_failure,63,FDR-0002,switch
2019-07-24 15:00:00,2019-07-25 04:16:00,weather,541,FDR-0017,recloser
2019-07-24 18:00:00,2019-07-24 22:36:00,overload,1018,FDR-0064,switch
2019-07-25 18:00:00,2019-07-25 19:23:00,equipment_failure,461,FDR-0012,transformer
2019-08-02 15:00:00,2019-08-02 20:04:00,weather,367,FDR-0021,recloser
2019-08-02 17:00:00,2019-08-02 23:28:00,overload,938,FDR-0033,cable
2019-08-02 17:00:00,2019-08-02 19:22:00,equipment_failure,632,FDR-0022,switch
2019-08-04 17:00:00,2019-08-04 20:59:00,overload,923,FDR-0064,recloser
2019-08-07 16:00:00,2019-08-07 22:33:00,equipment_failure,779,FDR-0046,recloser
2019-08-07 20:00:00,2019-08-08 04:09:00,weather,549,FDR-0038,fuse
2019-08-09 17:00:00,2019-08-09 22:26:00,overload,706,FDR-0004,recloser
2019-08-11 15:00:00,2019-08-11 20:27:00,equipment_failure,912,FDR-0012,overhead line
2019-08-13 18:00:00,2019-08-13 19:42:00,weather,921,FDR-0047,cable
2019-08-17 17:00:00,2019-08-18 00:36:00,overload,637,FDR-0024,overhead line
2019-08-20 16:00:00,2019-08-20 20:40:00,weather,1797,FDR-0048,transformer
2019-08-26 15:00:00,2019-08-26 22:08:00,animal_contact,555,FDR-0033,cable
2019-08-28 06:00:00,2019-08-28 09:33:00,equipment_failure,17,FDR-0017,recloser
2019-08-29 18:00:00,2019-08-29 20:32:00,equipment_failure,293,FDR-0033,fuse
2019-08-31 17:00:00,2019-08-31 23:01:00,equipment_failure,1050,FDR-0040,fuse
2019-09-07 23:00:00,2019-09-08 00:13:00,equipment_failure,150,FDR-0061,fuse
2019-09-10 18:00:00,2019-09-10 19:58:00,equipment_failure,939,FDR-0037,transformer
2019-09-11 17:00:00,2019-09-12 01:03:00,weather,505,FDR-0046,fuse
2019-09-11 18:00:00,2019-09-11 23:29:00,vegetation,613,FDR-0036,switch
2019-09-14 18:00:00,2019-09-14 22:45:00,weather,413,FDR-0047,fuse
2019-09-18 17:00:00,2019-09-18 21:55:00,overload,800,FDR-0040,overhead line
2019-09-28 17:00:00,2019-09-28 17:54:00,overload,362,FDR-0009,overhead line
2019-09-28 20:00:00,2019-09-29 03:46:00,vegetation,401,FDR-0016,recloser
2019-10-03 22:00:00,2019-10-03 23:39:00,animal_contact,391,FDR-0043,recloser
2019-10-08 07:00:00,2019-10-08 08:51:00,equipment_failure,272,FDR-0015,switch
2019-10-09 17:00:00,2019-10-09 21:06:00,equipment_failure,202,FDR-0001,recloser
2019-10-09 20:00:00,2019-10-09 21:40:00,equipment_failure,109,FDR-0019,overhead line
2019-10-10 14:00:00,2019-10-11 02:57:00,weather,44,FDR-0029,overhead line
2019-10-10 15:00:00,2019-10-10 16:36:00,equipment_failure,1671,FDR-0010,cable
2019-10-14 17:00:00,2019-10-15 06:51:00,animal_contact,300,FDR-0024,recloser
2019-10-15 17:00:00,2019-10-15 18:53:00,equipment_failure,1006,FDR-0038,transformer
2019-10-17 14:00:00,2019-10-18 07:01:00,weather,804,FDR-0004,cable
2019-10-22 00:00:00,2019-10-22 01:28:00,equipment_failure,148,FDR-0059,fuse
2019-10-26 22:00:00,2019-10-27 02:36:00,equipment_failure,17,FDR-0016,switch
2019-11-02 15:00:00,2019-11-02 19:24:00,equipment_failure,307,FDR-0001,transformer
2019-11-04 16:00:00,2019-11-04 18:35:00,equipment_failure,820,FDR-0037,cable
2019-11-07 16:00:00,2019-11-07 18:22:00,equipment_failure,1251,FDR-0048,cable
2019-11-08 15:00:00,2019-11-08 22:40:00,equipment_failure,497,FDR-0048,fuse
2019-11-10 01:00:00,2019-11-10 03:58:00,equipment_failure,22,FDR-0013,cable
2019-11-12 15:00:00,2019-11-12 18:45:00,equipment_failure,160,FDR-0017,overhead line
2019-11-13 02:00:00,2019-11-13 07:15:00,animal_contact,222,FDR-0059,fuse
2019-11-15 15:00:00,2019-11-15 23:15:00,vegetation,129,FDR-0015,fuse
2019-11-18 14:00:00,2019-11-18 16:16:00,overload,503,FDR-0033,overhead line
2019-11-20 13:00:00,2019-11-20 14:49:00,overload,41,FDR-0033,transformer
2019-11-22 13:00:00,2019-11-22 15:25:00,equipment_failure,356,FDR-0024,overhead line
2019-11-27 17:00:00,2019-11-28 00:11:00,overload,1346,FDR-0037,cable
2019-12-02 17:00:00,2019-12-02 23:28:00,overload,727,FDR-0003,cable
2019-12-06 14:00:00,2019-12-06 18:24:00,overload,530,FDR-0009,cable
2019-12-13 18:00:00,2019-12-13 23:07:00,weather,1493,FDR-0005,recloser
2019-12-17 16:00:00,2019-12-17 20:20:00,equipment_failure,367,FDR-0026,overhead line
2019-12-19 17:00:00,2019-12-20 00:22:00,weather,2312,FDR-0023,switch
2019-12-20 15:00:00,2019-12-20 16:01:00,equipment_failure,271,FDR-0021,transformer
2019-12-24 15:00:00,2019-12-24 21:43:00,overload,1645,FDR-0049,recloser
2019-12-27 15:00:00,2019-12-27 19:58:00,equipment_failure,349,FDR-0015,switch
2020-01-01 14:00:00,2020-01-01 23:21:00,weather,687,FDR-0031,fuse
2020-01-01 15:00:00,2020-01-01 20:54:00,equipment_failure,288,FDR-0042,cable
2020-01-01 19:00:00,2020-01-02 06:19:00,weather,1271,FDR-0035,overhead line
2020-01-01 19:00:00,2020-01-01 22:04:00,animal_contact,403,FDR-0025,overhead line
2020-01-03 15:00:00,2020-01-03 21:06:00,equipment_failure,1050,FDR-0040,recloser
2020-01-03 16:00:00,2020-01-03 19:42:00,equipment_failure,49,FDR-0043,overhead line
2020-01-04 07:00:00,2020-01-04 11:27:00,animal_contact,204,FDR-0016,fuse
2020-01-06 09:00:00,2020-01-06 11:18:00,equipment_failure,427,FDR-0059,fuse
2020-01-06 10:00:00,2020-01-06 11:23:00,animal_contact,259,FDR-0022,switch
2020-01-11 03:00:00,2020-01-11 04:16:00,animal_contact,190,FDR-0039,transformer
2020-01-11 15:00:00,2020-01-11 19:18:00,animal_contact,752,FDR-0033,recloser
2020-01-11 18:00:00,2020-01-12 00:13:00,animal_contact,1294,FDR-0008,switch
2020-01-11 22:00:00,2020-01-12 02:47:00,equipment_failure,417,FDR-0010,transformer
2020-01-13 19:00:00,2020-01-14 00:30:00,equipment_failure,35,FDR-0003,recloser
2020-01-13 19:00:00,2020-01-13 21:18:00,weather,874,FDR-0051,recloser
2020-01-14 05:00:00,2020-01-14 05:37:00,equipment_failure,374,FDR-0019,switch
2020-01-14 14:00:00,2020-01-14 18:10:00,equipment_failure,144,FDR-0057,switch
2020-01-17 07:00:00,2020-01-17 07:38:00,equipment_failure,426,FDR-0055,fuse
2020-01-17 11:00:00,2020-01-17 14:54:00,equipment_failure,13,FDR-0013,recloser
2020-01-18 11:00:00,2020-01-18 16:31:00,equipment_failure,170,FDR-0063,overhead line
2020-01-18 17:00:00,2020-01-18 23:20:00,equipment_failure,732,FDR-0042,overhead line
2020-01-19 04:00:00,2020-01-19 05:02:00,equipment_failure,69,FDR-0051,transformer
2020-01-20 15:00:00,2020-01-20 22:31:00,equipment_failure,194,FDR-0055,switch
2020-01-20 16:00:00,2020-01-20 18:37:00,equipment_failure,975,FDR-0032,cable
2020-01-21 03:00:00,2020-01-21 06:11:00,equipment_failure,226,FDR-0047,recloser
2020-01-21 07:00:00,2020-01-21 07:27:00,animal_contact,57,FDR-0024,fuse
2020-01-23 14:00:00,2020-01-23 17:41:00,overload,393,FDR-0059,switch
2020-01-23 15:00:00,2020-01-23 17:09:00,equipment_failure,1414,FDR-0002,transformer
2020-01-23 20:00:00,2020-01-23 22:51:00,animal_contact,275,FDR-0020,recloser
2020-01-24 17:00:00,2020-01-24 22:25:00,equipment_failure,18,FDR-0048,transformer
2020-01-24 23:00:00,2020-01-25 03:40:00,equipment_failure,116,FDR-0034,transformer
2020-01-25 14:00:00,2020-01-25 16:14:00,animal_contact,1526,FDR-0036,switch
2020-01-25 15:00:00,2020-01-26 02:06:00,weather,76,FDR-0048,overhead line
2020-01-25 17:00:00,2020-01-26 04:45:00,vegetation,257,FDR-0055,switch
2020-01-25 18:00:00,2020-01-26 04:19:00,weather,2630,FDR-0064,recloser
2020-01-25 18:00:00,2020-01-26 11:01:00,weather,1301,FDR-0005,fuse
2020-01-25 19:00:00,2020-01-25 20:13:00,animal_contact,229,FDR-0041,overhead line
2020-01-26 15:00:00,2020-01-27 05:36:00,weather,723,FDR-0010,transformer
2020-01-27 18:00:00,2020-01-27 23:03:00,equipment_failure,435,FDR-0056,fuse
2020-01-28 20:00:00,2020-01-29 10:06:00,vegetation,196,FDR-0024,recloser
2020-01-29 13:00:00,2020-01-29 19:05:00,equipment_failure,1458,FDR-0037,recloser
2020-01-29 17:00:00,2020-01-29 22:16:00,overload,664,FDR-0033,recloser
2020-02-01 15:00:00,2020-02-02 06:24:00,weather,164,FDR-0044,overhead line
2020-02-01 15:00:00,2020-02-02 04:06:00,weather,1900,FDR-0011,fuse
2020-02-01 16:00:00,2020-02-01 20:07:00,animal_contact,925,FDR-0034,overhead line
2020-02-01 16:00:00,2020-02-01 21:50:00,weather,463,FDR-0017,transformer
2020-02-01 18:00:00,2020-02-01 23:25:00,weather,1389,FDR-0055,cable
2020-02-01 19:00:00,2020-02-02 06:19:00,weather,1536,FDR-0035,overhead line
2020-02-01 19:00:00,2020-02-02 09:09:00,vegetation,2262,FDR-0028,switch
2020-02-01 20:00:00,2020-02-02 13:25:00,animal_contact,809,FDR-0010,cable
2020-02-01 20:00:00,2020-02-02 08:42:00,animal_contact,597,FDR-0001,recloser
2020-02-01 20:00:00,2020-02-02 03:36:00,animal_contact,940,FDR-0033,recloser
2020-02-02 13:00:00,2020-02-02 16:47:00,equipment_failure,160,FDR-0032,overhead line
2020-02-02 15:00:00,2020-02-02 20:20:00,overload,909,FDR-0049,recloser
2020-02-03 02:00:00,2020-02-03 06:45:00,equipment_failure,264,FDR-0016,switch
2020-02-04 00:00:00,2020-02-04 03:40:00,equipment_failure,185,FDR-0048,fuse
2020-02-04 16:00:00,2020-02-04 18:35:00,equipment_failure,794,FDR-0037,cable
2020-02-06 04:00:00,2020-02-06 06:21:00,equipment_failure,152,FDR-0055,recloser
2020-02-08 12:00:00,2020-02-08 14:38:00,equipment_failure,242,FDR-0045,overhead line
2020-02-08 15:00:00,2020-02-08 16:03:00,equipment_failure,302,FDR-0061,transformer
2020-02-09 17:00:00,2020-02-09 22:02:00,equipment_failure,394,FDR-0008,fuse
2020-02-10 18:00:00,2020-02-10 22:13:00,equipment_failure,348,FDR-0052,overhead line
2020-02-10 19:00:00,2020-02-11 02:57:00,weather,71,FDR-0037,switch
2020-02-10 22:00:00,2020-02-11 00:37:00,equipment_failure,286,FDR-0050,switch
2020-02-11 23:00:00,2020-02-11 23:58:00,equipment_failure,82,FDR-0004,overhead line
2020-02-14 01:00:00,2020-02-14 06:00:00,equipment_failure,74,FDR-0017,transformer
2020-02-14 03:00:00,2020-02-14 03:40:00,equipment_failure,416,FDR-0029,cable
2020-02-14 16:00:00,2020-02-15 08:31:00,animal_contact,215,FDR-0014,cable
2020-02-15 18:00:00,2020-02-15 23:24:00,equipment_failure,113,FDR-0056,fuse
2020-02-17 15:00:00,2020-02-17 18:53:00,animal_contact,790,FDR-0040,cable
2020-02-17 16:00:00,2020-02-17 19:45:00,vegetation,271,FDR-0007,transformer
2020-02-17 21:00:00,2020-02-18 00:37:00,equipment_failure,356,FDR-0044,recloser
2020-02-20 01:00:00,2020-02-20 06:18:00,equipment_failure,202,FDR-0014,fuse
2020-02-20 10:00:00,2020-02-20 11:22:00,equipment_failure,344,FDR-0065,overhead line
2020-02-20 18:00:00,2020-02-21 01:11:00,overload,548,FDR-0065,fuse
2020-02-21 10:00:00,2020-02-21 13:01:00,equipment_failure,266,FDR-0023,switch
2020-02-21 15:00:00,2020-02-22 06:21:00,vegetation,1302,FDR-0034,switch
2020-02-21 20:00:00,2020-02-21 23:06:00,animal_contact,345,FDR-0025,cable
2020-02-25 14:00:00,2020-02-25 17:33:00,weather,1767,FDR-0043,recloser
2020-02-25 15:00:00,2020-02-25 18:33:00,weather,1730,FDR-0063,transformer
2020-02-25 15:00:00,2020-02-26 02:25:00,weather,123,FDR-0041,recloser
2020-02-25 16:00:00,2020-02-26 03:18:00,animal_contact,522,FDR-0052,fuse
2020-02-25 16:00:00,2020-02-25 23:12:00,weather,2796,FDR-0056,cable
2020-02-25 17:00:00,2020-02-25 19:44:00,weather,503,FDR-0051,transformer
2020-02-25 18:00:00,2020-02-25 23:31:00,weather,1260,FDR-0027,switch
2020-02-25 18:00:00,2020-02-26 05:31:00,weather,2940,FDR-0037,fuse
2020-02-25 18:00:00,2020-02-26 09:20:00,vegetation,172,FDR-0013,overhead line
2020-02-25 20:00:00,2020-02-25 23:33:00,animal_contact,625,FDR-0047,switch
2020-02-25 20:00:00,2020-02-25 21:28:00,vegetation,464,FDR-0049,switch
2020-02-26 10:00:00,2020-02-26 11:09:00,equipment_failure,137,FDR-0020,overhead line
2020-02-26 13:00:00,2020-02-26 17:10:00,equipment_failure,990,FDR-0036,switch
2020-02-27 14:00:00,2020-02-27 15:51:00,animal_contact,203,FDR-0037,transformer
2020-02-28 16:00:00,2020-02-28 19:18:00,equipment_failure,1099,FDR-0015,fuse
2020-02-29 05:00:00,2020-02-29 08:58:00,equipment_failure,137,FDR-0011,fuse
2020-03-01 21:00:00,2020-03-02 01:37:00,equipment_failure,255,FDR-0028,recloser
2020-03-03 17:00:00,2020-03-03 19:27:00,equipment_failure,347,FDR-0036,switch
2020-03-04 04:00:00,2020-03-04 09:51:00,equipment_failure,183,FDR-0025,overhead line
2020-03-06 05:00:00,2020-03-06 05:36:00,equipment_failure,186,FDR-0005,overhead line
2020-03-06 15:00:00,2020-03-07 02:26:00,weather,261,FDR-0060,overhead line
2020-03-07 07:00:00,2020-03-07 09:58:00,equipment_failure,334,FDR-0028,fuse
2020-03-07 18:00:00,2020-03-07 22:42:00,equipment_failure,792,FDR-0016,overhead line
2020-03-08 06:00:00,2020-03-08 09:59:00,equipment_failure,102,FDR-0026,recloser
2020-03-08 07:00:00,2020-03-08 10:59:00,equipment_failure,75,FDR-0050,transformer
2020-03-08 15:00:00,2020-03-08 15:58:00,equipment_failure,365,FDR-0026,fuse
2020-03-08 17:00:00,2020-03-09 01:32:00,weather,891,FDR-0054,switch
2020-03-09 12:00:00,2020-03-09 13:18:00,equipment_failure,252,FDR-0019,cable
2020-03-10 08:00:00,2020-03-10 10:58:00,equipment_failure,167,FDR-0063,transformer
2020-03-10 15:00:00,2020-03-10 22:49:00,equipment_failure,407,FDR-0008,cable
2020-03-11 06:00:00,2020-03-11 08:55:00,equipment_failure,140,FDR-0060,fuse
2020-03-11 13:00:00,2020-03-11 17:05:00,equipment_failure,62,FDR-0006,transformer
2020-03-15 20:00:00,2020-03-15 23:13:00,equipment_failure,264,FDR-0034,cable
2020-03-16 01:00:00,2020-03-16 05:49:00,equipment_failure,137,FDR-0044,cable
2020-03-16 09:00:00,2020-03-16 09:15:00,equipment_failure,134,FDR-0049,recloser
2020-03-16 11:00:00,2020-03-16 14:31:00,equipment_failure,29,FDR-0022,switch
2020-03-17 12:00:00,2020-03-17 14:47:00,equipment_failure,235,FDR-0030,transformer
2020-03-18 17:00:00,2020-03-18 22:01:00,equipment_failure,299,FDR-0005,transformer
2020-03-19 11:00:00,2020-03-19 14:03:00,equipment_failure,250,FDR-0029,cable
2020-03-21 14:00:00,2020-03-21 19:41:00,equipment_failure,970,FDR-0042,fuse
2020-03-22 03:00:00,2020-03-22 03:29:00,equipment_failure,260,FDR-0047,cable
2020-03-23 18:00:00,2020-03-23 19:36:00,equipment_failure,342,FDR-0041,recloser
2020-03-23 20:00:00,2020-03-24 00:13:00,vegetation,526,FDR-0031,recloser
2020-03-25 15:00:00,2020-03-26 02:06:00,weather,65,FDR-0048,overhead line
2020-03-25 20:00:00,2020-03-26 06:01:00,vegetation,882,FDR-0018,switch
2020-03-30 23:00:00,2020-03-31 03:09:00,equipment_failure,58,FDR-0018,transformer
2020-04-03 16:00:00,2020-04-03 23:31:00,overload,200,FDR-0034,cable
2020-04-03 17:00:00,2020-04-03 20:25:00,animal_contact,445,FDR-0046,fuse
2020-04-05 05:00:00,2020-04-05 10:33:00,animal_contact,2,FDR-0035,recloser
2020-04-06 08:00:00,2020-04-06 12:33:00,equipment_failure,383,FDR-0052,cable
2020-04-07 10:00:00,2020-04-07 15:36:00,equipment_failure,43,FDR-0039,cable
2020-04-07 23:00:00,2020-04-08 00:13:00,equipment_failure,109,FDR-0061,fuse
2020-04-09 06:00:00,2020-04-09 09:21:00,equipment_failure,141,FDR-0040,transformer
2020-04-10 15:00:00,2020-04-10 16:53:00,vegetation,2734,FDR-0042,fuse
2020-04-10 16:00:00,2020-04-10 16:55:00,equipment_failure,141,FDR-0046,overhead line
2020-04-12 18:00:00,2020-04-12 21:49:00,overload,418,FDR-0011,switch
2020-04-13 03:00:00,2020-04-13 07:32:00,equipment_failure,59,FDR-0001,cable
2020-04-13 18:00:00,2020-04-14 10:48:00,weather,1649,FDR-0021,overhead line
2020-04-15 00:00:00,2020-04-15 04:33:00,equipment_failure,216,FDR-0033,cable
2020-04-15 12:00:00,2020-04-15 13:00:00,animal_contact,320,FDR-0034,cable
2020-04-15 13:00:00,2020-04-15 19:04:00,equipment_failure,1086,FDR-0006,cable
2020-04-15 17:00:00,2020-04-16 08:39:00,weather,423,FDR-0001,switch
2020-04-16 16:00:00,2020-04-16 21:32:00,overload,841,FDR-0052,fuse
2020-04-18 18:00:00,2020-04-18 21:39:00,equipment_failure,476,FDR-0065,transformer
2020-04-20 11:00:00,2020-04-20 13:31:00,equipment_failure,197,FDR-0027,overhead line
2020-04-20 13:00:00,2020-04-20 13:15:00,equipment_failure,178,FDR-0008,fuse
2020-04-22 04:00:00,2020-04-22 07:33:00,equipment_failure,456,FDR-0006,cable
2020-04-22 19:00:00,2020-04-22 22:34:00,animal_contact,348,FDR-0037,transformer
2020-04-26 14:00:00,2020-04-26 18:21:00,equipment_failure,382,FDR-0040,switch
2020-04-26 18:00:00,2020-04-27 09:34:00,weather,166,FDR-0030,switch
2020-04-27 02:00:00,2020-04-27 02:43:00,equipment_failure,439,FDR-0051,switch
2020-04-27 23:00:00,2020-04-28 00:48:00,equipment_failure,171,FDR-0015,fuse
2020-04-28 03:00:00,2020-04-28 08:39:00,equipment_failure,463,FDR-0050,switch
2020-04-30 01:00:00,2020-04-30 06:45:00,equipment_failure,417,FDR-0037,transformer
2020-05-03 16:00:00,2020-05-03 19:42:00,equipment_failure,51,FDR-0016,overhead line
2020-05-05 18:00:00,2020-05-05 22:24:00,overload,477,FDR-0008,transformer
2020-05-07 09:00:00,2020-05-07 13:46:00,equipment_failure,129,FDR-0057,switch
2020-05-07 22:00:00,2020-05-08 01:28:00,animal_contact,427,FDR-0051,switch
2020-05-08 04:00:00,2020-05-08 08:51:00,equipment_failure,384,FDR-0058,fuse
2020-05-10 07:00:00,2020-05-10 11:37:00,equipment_failure,393,FDR-0053,fuse
2020-05-10 16:00:00,2020-05-10 18:49:00,equipment_failure,1185,FDR-0049,overhead line
2020-05-14 17:00:00,2020-05-14 19:04:00,equipment_failure,191,FDR-0045,fuse
2020-05-15 00:00:00,2020-05-15 04:33:00,equipment_failure,250,FDR-0033,cable
2020-05-15 18:00:00,2020-05-16 00:02:00,weather,2000,FDR-0023,switch
2020-05-19 01:00:00,2020-05-19 04:52:00,equipment_failure,398,FDR-0033,cable
2020-05-19 12:00:00,2020-05-19 14:49:00,equipment_failure,299,FDR-0012,overhead line
2020-05-21 15:00:00,2020-05-21 18:34:00,equipment_failure,201,FDR-0009,transformer
2020-05-23 15:00:00,2020-05-23 17:09:00,equipment_failure,1380,FDR-0002,transformer
2020-05-24 18:00:00,2020-05-24 23:05:00,equipment_failure,715,FDR-0028,overhead line
2020-05-26 17:00:00,2020-05-26 23:51:00,overload,1125,FDR-0004,switch
2020-05-26 21:00:00,2020-05-27 00:31:00,equipment_failure,47,FDR-0045,fuse
2020-05-27 05:00:00,2020-05-27 08:00:00,animal_contact,459,FDR-0051,recloser
2020-05-27 08:00:00,2020-05-27 12:25:00,animal_contact,75,FDR-0020,switch
2020-05-27 11:00:00,2020-05-27 11:20:00,equipment_failure,462,FDR-0038,fuse
2020-05-29 10:00:00,2020-05-29 14:36:00,equipment_failure,432,FDR-0032,overhead line
2020-05-29 13:00:00,2020-05-29 16:28:00,equipment_failure,216,FDR-0001,cable
2020-05-30 08:00:00,2020-05-30 08:55:00,equipment_failure,128,FDR-0061,switch
2020-06-01 22:00:00,2020-06-02 03:54:00,equipment_failure,124,FDR-0027,overhead line
2020-06-02 13:00:00,2020-06-02 16:47:00,equipment_failure,141,FDR-0019,overhead line
2020-06-04 16:00:00,2020-06-04 18:35:00,equipment_failure,928,FDR-0037,cable
2020-06-04 16:00:00,2020-06-04 17:46:00,animal_contact,225,FDR-0014,recloser
2020-06-04 18:00:00,2020-06-05 01:31:00,equipment_failure,645,FDR-0050,fuse
2020-06-05 18:00:00,2020-06-06 01:12:00,overload,132,FDR-0014,transformer
2020-06-06 13:00:00,2020-06-06 16:13:00,equipment_failure,574,FDR-0029,switch
2020-06-07 15:00:00,2020-06-07 21:37:00,equipment_failure,678,FDR-0010,transformer
2020-06-07 17:00:00,2020-06-08 00:21:00,equipment_failure,658,FDR-0010,recloser
2020-06-09 13:00:00,2020-06-09 15:55:00,overload,528,FDR-0017,switch
2020-06-10 15:00:00,2020-06-10 21:59:00,equipment_failure,1153,FDR-0005,transformer
2020-06-10 17:00:00,2020-06-10 18:34:00,equipment_failure,278,FDR-0027,transformer
2020-06-11 13:00:00,2020-06-11 16:30:00,equipment_failure,858,FDR-0019,overhead line
2020-06-11 13:00:00,2020-06-11 15:49:00,overload,540,FDR-0052,switch
2020-06-11 17:00:00,2020-06-12 00:32:00,equipment_failure,1061,FDR-0038,transformer
2020-06-14 14:00:00,2020-06-14 14:55:00,overload,1080,FDR-0044,switch
2020-06-15 17:00:00,2020-06-16 09:55:00,vegetation,115,FDR-0002,transformer
2020-06-16 13:00:00,2020-06-16 14:33:00,equipment_failure,403,FDR-0043,overhead line
2020-06-17 16:00:00,2020-06-17 23:12:00,equipment_failure,364,FDR-0002,switch
2020-06-19 13:00:00,2020-06-19 14:22:00,equipment_failure,240,FDR-0020,transformer
2020-06-19 14:00:00,2020-06-19 21:34:00,equipment_failure,1189,FDR-0018,cable
2020-06-19 16:00:00,2020-06-19 22:24:00,equipment_failure,894,FDR-0021,fuse
2020-06-21 03:00:00,2020-06-21 07:38:00,equipment_failure,230,FDR-0047,transformer
2020-06-21 13:00:00,2020-06-21 14:33:00,equipment_failure,93,FDR-0064,fuse
2020-06-21 15:00:00,2020-06-21 18:10:00,equipment_failure,702,FDR-0047,switch
2020-06-21 18:00:00,2020-06-21 20:34:00,overload,338,FDR-0036,recloser
2020-06-22 16:00:00,2020-06-22 17:33:00,equipment_failure,790,FDR-0024,fuse
2020-06-22 16:00:00,2020-06-22 19:27:00,equipment_failure,1270,FDR-0057,cable
2020-06-22 18:00:00,2020-06-23 01:33:00,equipment_failure,1050,FDR-0002,recloser
2020-06-23 15:00:00,2020-06-23 20:27:00,equipment_failure,541,FDR-0039,switch
2020-06-23 18:00:00,2020-06-24 01:20:00,equipment_failure,1356,FDR-0051,cable
2020-06-24 17:00:00,2020-06-24 18:28:00,equipment_failure,311,FDR-0026,overhead line
2020-06-24 17:00:00,2020-06-24 19:19:00,equipment_failure,348,FDR-0039,overhead line
2020-06-25 14:00:00,2020-06-25 17:33:00,weather,1460,FDR-0043,recloser
2020-06-26 13:00:00,2020-06-26 13:55:00,equipment_failure,269,FDR-0028,overhead line
2020-06-26 13:00:00,2020-06-26 18:25:00,equipment_failure,84,FDR-0003,recloser
2020-06-26 14:00:00,2020-06-26 14:36:00,equipment_failure,1035,FDR-0047,recloser
2020-06-26 16:00:00,2020-06-26 17:49:00,overload,739,FDR-0022,switch
2020-06-27 14:00:00,2020-06-27 18:04:00,equipment_failure,203,FDR-0054,recloser
2020-06-27 17:00:00,2020-06-27 20:46:00,overload,967,FDR-0058,fuse
2020-06-28 14:00:00,2020-06-28 18:23:00,equipment_failure,866,FDR-0033,transformer
2020-06-28 15:00:00,2020-06-28 21:28:00,equipment_failure,1290,FDR-0011,transformer
2020-06-28 18:00:00,2020-06-28 21:16:00,overload,1108,FDR-0059,overhead line
2020-06-29 13:00:00,2020-06-29 17:09:00,equipment_failure,517,FDR-0053,switch
2020-06-29 15:00:00,2020-06-29 21:24:00,equipment_failure,550,FDR-0054,cable
2020-06-29 17:00:00,2020-06-29 18:39:00,equipment_failure,542,FDR-0030,transformer
2020-06-30 13:00:00,2020-06-30 13:33:00,equipment_failure,484,FDR-0041,switch
2020-06-30 13:00:00,2020-06-30 17:51:00,equipment_failure,669,FDR-0037,transformer
2020-06-30 18:00:00,2020-06-30 19:12:00,overload,957,FDR-0036,fuse
2020-07-01 16:00:00,2020-07-01 17:04:00,equipment_failure,1057,FDR-0002,cable
2020-07-02 13:00:00,2020-07-02 14:37:00,overload,703,FDR-0029,overhead line
2020-07-02 15:00:00,2020-07-02 17:49:00,overload,913,FDR-0004,cable
2020-07-03 13:00:00,2020-07-03 18:31:00,equipment_failure,1210,FDR-0061,fuse
2020-07-05 14:00:00,2020-07-06 03:52:00,vegetation,2106,FDR-0006,switch
2020-07-05 14:00:00,2020-07-06 00:30:00,weather,1004,FDR-0047,overhead line
2020-07-05 16:00:00,2020-07-05 17:54:00,weather,828,FDR-0024,recloser
2020-07-05 16:00:00,2020-07-06 04:25:00,weather,1590,FDR-0031,switch
2020-07-05 16:00:00,2020-07-06 07:00:00,weather,2715,FDR-0019,transformer
2020-07-05 16:00:00,2020-07-06 01:01:00,weather,585,FDR-0002,transformer
2020-07-05 18:00:00,2020-07-06 08:25:00,weather,1200,FDR-0054,switch
2020-07-05 19:00:00,2020-07-06 07:30:00,weather,997,FDR-0045,transformer
2020-07-05 19:00:00,2020-07-06 04:14:00,vegetation,262,FDR-0052,recloser
2020-07-05 20:00:00,2020-07-06 13:52:00,weather,245,FDR-0060,switch
2020-07-05 20:00:00,2020-07-05 23:15:00,vegetation,1362,FDR-0052,switch
2020-07-05 20:00:00,2020-07-06 03:22:00,vegetation,2187,FDR-0046,recloser
2020-07-06 10:00:00,2020-07-06 11:23:00,animal_contact,235,FDR-0022,switch
2020-07-06 17:00:00,2020-07-06 17:50:00,overload,665,FDR-0027,recloser
2020-07-09 14:00:00,2020-07-09 23:40:00,vegetation,78,FDR-0061,switch
2020-07-09 14:00:00,2020-07-09 21:24:00,equipment_failure,642,FDR-0037,transformer
2020-07-09 14:00:00,2020-07-09 15:42:00,equipment_failure,1019,FDR-0065,overhead line
2020-07-09 15:00:00,2020-07-09 18:39:00,weather,1078,FDR-0062,recloser
2020-07-09 16:00:00,2020-07-09 20:58:00,weather,626,FDR-0030,switch
2020-07-09 16:00:00,2020-07-09 18:41:00,vegetation,1696,FDR-0008,cable
2020-07-09 17:00:00,2020-07-09 18:46:00,vegetation,184,FDR-0020,transformer
2020-07-09 17:00:00,2020-07-10 04:12:00,animal_contact,1593,FDR-0008,cable
2020-07-09 19:00:00,2020-07-10 08:42:00,vegetation,364,FDR-0011,cable
2020-07-09 20:00:00,2020-07-10 06:52:00,weather,356,FDR-0002,transformer
2020-07-10 15:00:00,2020-07-10 16:47:00,equipment_failure,217,FDR-0064,fuse
2020-07-13 13:00:00,2020-07-13 14:52:00,equipment_failure,92,FDR-0048,overhead line
2020-07-13 14:00:00,2020-07-13 19:04:00,overload,451,FDR-0034,cable
2020-07-13 14:00:00,2020-07-13 17:19:00,overload,880,FDR-0034,fuse
2020-07-13 17:00:00,2020-07-13 18:31:00,equipment_failure,485,FDR-0017,recloser
2020-07-14 16:00:00,2020-07-14 21:25:00,equipment_failure,390,FDR-0031,overhead line
2020-07-14 17:00:00,2020-07-14 19:24:00,equipment_failure,746,FDR-0027,fuse
2020-07-14 18:00:00,2020-07-15 00:07:00,overload,238,FDR-0002,transformer
2020-07-14 18:00:00,2020-07-14 19:59:00,equipment_failure,169,FDR-0009,recloser
2020-07-15 15:00:00,2020-07-15 19:00:00,overload,883,FDR-0031,switch
2020-07-16 14:00:00,2020-07-16 14:44:00,equipment_failure,214,FDR-0045,overhead line
2020-07-16 18:00:00,2020-07-16 19:07:00,equipment_failure,1304,FDR-0039,recloser
2020-07-17 15:00:00,2020-07-17 18:53:00,animal_contact,837,FDR-0023,cable
2020-07-17 17:00:00,2020-07-18 00:36:00,overload,745,FDR-0060,overhead line
2020-07-19 01:00:00,2020-07-19 04:52:00,equipment_failure,324,FDR-0033,cable
2020-07-19 13:00:00,2020-07-19 15:39:00,overload,235,FDR-0040,cable
2020-07-20 08:00:00,2020-07-20 09:39:00,equipment_failure,90,FDR-0043,transformer
2020-07-21 17:00:00,2020-07-21 19:15:00,equipment_failure,38,FDR-0029,cable
2020-07-22 15:00:00,2020-07-22 20:57:00,equipment_failure,545,FDR-0008,recloser
2020-07-23 13:00:00,2020-07-23 14:04:00,overload,874,FDR-0047,overhead line
2020-07-23 14:00:00,2020-07-23 14:55:00,equipment_failure,1232,FDR-0049,overhead line
2020-07-23 16:00:00,2020-07-23 23:42:00,equipment_failure,193,FDR-0039,switch
2020-07-23 17:00:00,2020-07-24 10:15:00,weather,247,FDR-0034,transformer
2020-07-23 18:00:00,2020-07-23 21:57:00,overload,43,FDR-0001,recloser
2020-07-24 15:00:00,2020-07-24 18:02:00,equipment_failure,1034,FDR-0028,transformer
2020-07-24 18:00:00,2020-07-24 20:28:00,equipment_failure,150,FDR-0007,transformer
2020-07-25 13:00:00,2020-07-25 15:17:00,overload,169,FDR-0013,transformer
2020-07-26 13:00:00,2020-07-26 17:10:00,equipment_failure,874,FDR-0036,switch
2020-07-26 14:00:00,2020-07-26 15:20:00,overload,355,FDR-0016,switch
2020-07-27 15:00:00,2020-07-27 22:19:00,overload,1106,FDR-0032,recloser
2020-07-27 16:00:00,2020-07-27 17:57:00,equipment_failure,602,FDR-0052,recloser
2020-07-29 15:00:00,2020-07-29 16:01:00,overload,53,FDR-0060,switch
2020-07-30 01:00:00,2020-07-30 04:48:00,equipment_failure,257,FDR-0061,switch
2020-07-30 16:00:00,2020-07-30 18:05:00,equipment_failure,787,FDR-0021,fuse
2020-07-30 17:00:00,2020-07-30 18:34:00,overload,1055,FDR-0028,transformer
2020-07-31 17:00:00,2020-07-31 23:01:00,equipment_failure,953,FDR-0015,fuse
2020-08-01 13:00:00,2020-08-01 17:27:00,overload,1003,FDR-0032,recloser
2020-08-01 16:00:00,2020-08-01 19:15:00,overload,722,FDR-0038,cable
2020-08-02 15:00:00,2020-08-02 20:20:00,overload,1137,FDR-0056,recloser
2020-08-02 15:00:00,2020-08-02 20:04:00,weather,342,FDR-0010,recloser
2020-08-02 16:00:00,2020-08-02 18:28:00,equipment_failure,941,FDR-0063,switch
2020-08-04 16:00:00,2020-08-04 22:39:00,overload,234,FDR-0003,overhead line
2020-08-05 16:00:00,2020-08-05 23:13:00,overload,583,FDR-0061,recloser
2020-08-08 13:00:00,2020-08-08 18:26:00,overload,1219,FDR-0057,switch
2020-08-10 13:00:00,2020-08-10 20:51:00,equipment_failure,478,FDR-0046,cable
2020-08-10 15:00:00,2020-08-10 16:53:00,vegetation,2324,FDR-0042,fuse
2020-08-10 16:00:00,2020-08-10 22:29:00,equipment_failure,329,FDR-0034,switch
2020-08-10 16:00:00,2020-08-10 18:06:00,vegetation,2876,FDR-0023,fuse
2020-08-10 16:00:00,2020-08-10 18:49:00,equipment_failure,1444,FDR-0049,overhead line
2020-08-10 16:00:00,2020-08-10 16:54:00,equipment_failure,439,FDR-0001,switch
2020-08-10 18:00:00,2020-08-10 18:34:00,equipment_failure,1403,FDR-0019,fuse
2020-08-10 18:00:00,2020-08-10 23:30:00,overload,1001,FDR-0050,cable
2020-08-11 17:00:00,2020-08-11 23:13:00,overload,739,FDR-0026,cable
2020-08-11 17:00:00,2020-08-11 20:36:00,equipment_failure,507,FDR-0057,cable
2020-08-11 17:00:00,2020-08-12 00:10:00,equipment_failure,657,FDR-0023,overhead line
2020-08-12 13:00:00,2020-08-12 17:02:00,equipment_failure,1358,FDR-0016,fuse
2020-08-12 18:00:00,2020-08-12 21:19:00,overload,1481,FDR-0025,recloser
2020-08-13 14:00:00,2020-08-14 02:35:00,weather,966,FDR-0064,fuse
2020-08-13 15:00:00,2020-08-14 04:51:00,vegetation,293,FDR-0001,overhead line
2020-08-13 15:00:00,2020-08-14 06:29:00,animal_contact,525,FDR-0049,switch
2020-08-13 15:00:00,2020-08-13 16:49:00,animal_contact,168,FDR-0026,overhead line
2020-08-13 18:00:00,2020-08-14 11:30:00,vegetation,707,FDR-0026,recloser
2020-08-13 19:00:00,2020-08-13 20:51:00,weather,1260,FDR-0041,overhead line
2020-08-13 19:00:00,2020-08-14 12:19:00,weather,1859,FDR-0003,switch
2020-08-13 19:00:00,2020-08-14 08:57:00,vegetation,246,FDR-0063,recloser
2020-08-13 20:00:00,2020-08-14 08:31:00,animal_contact,272,FDR-0038,fuse
2020-08-14 13:00:00,2020-08-14 17:00:00,equipment_failure,390,FDR-0026,transformer
2020-08-14 13:00:00,2020-08-14 19:10:00,equipment_failure,488,FDR-0018,overhead line
2020-08-15 17:00:00,2020-08-15 20:08:00,overload,988,FDR-0059,transformer
2020-08-16 15:00:00,2020-08-16 18:34:00,overload,1153,FDR-0046,overhead line
2020-08-17 14:00:00,2020-08-17 16:57:00,equipment_failure,1224,FDR-0012,switch
2020-08-17 16:00:00,2020-08-17 20:20:00,equipment_failure,389,FDR-0026,overhead line
2020-08-17 17:00:00,2020-08-17 23:06:00,equipment_failure,1390,FDR-0008,transformer
2020-08-18 17:00:00,2020-08-18 23:20:00,equipment_failure,831,FDR-0042,overhead line
2020-08-18 18:00:00,2020-08-19 00:03:00,equipment_failure,114,FDR-0020,overhead line
2020-08-20 13:00:00,2020-08-20 14:49:00,overload,44,FDR-0033,transformer
2020-08-20 16:00:00,2020-08-21 05:19:00,weather,1488,FDR-0006,transformer
2020-08-20 16:00:00,2020-08-21 05:31:00,animal_contact,239,FDR-0014,cable
2020-08-20 16:00:00,2020-08-21 00:57:00,weather,1341,FDR-0025,cable
2020-08-20 17:00:00,2020-08-20 17:35:00,overload,949,FDR-0041,overhead line
2020-08-20 18:00:00,2020-08-21 05:16:00,weather,757,FDR-0012,switch
2020-08-20 19:00:00,2020-08-21 12:58:00,weather,732,FDR-0038,cable
2020-08-20 19:00:00,2020-08-20 21:30:00,animal_contact,263,FDR-0061,switch
2020-08-20 20:00:00,2020-08-21 09:20:00,weather,1458,FDR-0039,fuse
2020-08-20 20:00:00,2020-08-21 03:40:00,weather,434,FDR-0040,switch
2020-08-21 13:00:00,2020-08-21 14:33:00,equipment_failure,105,FDR-0064,fuse
2020-08-21 17:00:00,2020-08-21 19:51:00,equipment_failure,454,FDR-0056,overhead line
2020-08-22 13:00:00,2020-08-22 20:31:00,overload,1389,FDR-0049,fuse
2020-08-22 13:00:00,2020-08-22 14:35:00,equipment_failure,1407,FDR-0041,transformer
2020-08-22 15:00:00,2020-08-22 16:59:00,equipment_failure,518,FDR-0006,fuse
2020-08-22 17:00:00,2020-08-22 23:29:00,equipment_failure,982,FDR-0011,overhead line
2020-08-23 15:00:00,2020-08-23 17:33:00,vegetation,305,FDR-0053,switch
2020-08-23 15:00:00,2020-08-23 22:09:00,animal_contact,2824,FDR-0015,fuse
2020-08-23 17:00:00,2020-08-23 22:55:00,equipment_failure,1005,FDR-0003,cable
2020-08-23 17:00:00,2020-08-24 07:22:00,animal_contact,933,FDR-0058,transformer
2020-08-23 18:00:00,2020-08-24 08:21:00,weather,1353,FDR-0040,fuse
2020-08-23 18:00:00,2020-08-23 20:09:00,overload,78,FDR-0011,transformer
2020-08-23 19:00:00,2020-08-23 22:45:00,weather,1743,FDR-0010,transformer
2020-08-23 19:00:00,2020-08-24 05:40:00,vegetation,71,FDR-0016,recloser
2020-08-23 19:00:00,2020-08-24 00:09:00,vegetation,778,FDR-0031,switch
2020-08-24 15:00:00,2020-08-24 15:43:00,equipment_failure,425,FDR-0040,cable
2020-08-25 00:00:00,2020-08-25 05:49:00,equipment_failure,147,FDR-0006,cable
2020-08-25 13:00:00,2020-08-25 16:40:00,overload,1241,FDR-0055,transformer
2020-08-25 13:00:00,2020-08-25 16:34:00,overload,618,FDR-0061,recloser
2020-08-25 14:00:00,2020-08-25 17:38:00,overload,522,FDR-0038,fuse
2020-08-26 14:00:00,2020-08-26 21:15:00,weather,344,FDR-0016,overhead line
2020-08-26 14:00:00,2020-08-26 23:04:00,weather,1023,FDR-0032,cable
2020-08-26 15:00:00,2020-08-26 17:00:00,vegetation,426,FDR-0048,overhead line
2020-08-26 15:00:00,2020-08-26 21:58:00,vegetation,1187,FDR-0002,transformer
2020-08-26 16:00:00,2020-08-26 22:54:00,equipment_failure,980,FDR-0021,fuse
2020-08-26 19:00:00,2020-08-26 22:25:00,weather,366,FDR-0050,switch
2020-08-26 19:00:00,2020-08-27 03:14:00,weather,1895,FDR-0003,recloser
2020-08-28 13:00:00,2020-08-28 19:33:00,equipment_failure,1292,FDR-0050,cable
2020-08-28 14:00:00,2020-08-28 16:26:00,equipment_failure,1410,FDR-0063,transformer
2020-08-28 15:00:00,2020-08-28 18:11:00,animal_contact,637,FDR-0028,cable
2020-08-28 15:00:00,2020-08-29 07:51:00,vegetation,155,FDR-0009,overhead line
2020-08-28 15:00:00,2020-08-28 20:35:00,weather,610,FDR-0019,switch
2020-08-28 16:00:00,2020-08-28 23:24:00,weather,1556,FDR-0004,switch
2020-08-28 16:00:00,2020-08-29 00:18:00,vegetation,1035,FDR-0029,recloser
2020-08-28 17:00:00,2020-08-29 00:22:00,weather,1902,FDR-0021,transformer
2020-08-28 17:00:00,2020-08-28 21:31:00,vegetation,518,FDR-0060,overhead line
2020-08-28 18:00:00,2020-08-28 19:00:00,weather,226,FDR-0044,switch
2020-08-28 20:00:00,2020-08-29 03:46:00,vegetation,499,FDR-0058,recloser
2020-08-29 15:00:00,2020-08-29 17:57:00,animal_contact,501,FDR-0027,fuse
2020-08-29 16:00:00,2020-08-29 18:05:00,equipment_failure,1095,FDR-0021,recloser
2020-08-30 03:00:00,2020-08-30 06:09:00,equipment_failure,183,FDR-0034,recloser
2020-08-30 15:00:00,2020-08-31 07:41:00,animal_contact,2746,FDR-0061,overhead line
2020-08-31 14:00:00,2020-08-31 19:10:00,equipment_failure,1027,FDR-0012,switch
2020-08-31 15:00:00,2020-08-31 17:54:00,equipment_failure,1118,FDR-0062,recloser
2020-08-31 17:00:00,2020-08-31 22:16:00,overload,816,FDR-0012,overhead line
2020-09-01 18:00:00,2020-09-01 23:30:00,equipment_failure,524,FDR-0055,recloser
2020-09-02 13:00:00,2020-09-02 20:02:00,equipment_failure,1080,FDR-0016,cable
2020-09-02 15:00:00,2020-09-02 17:55:00,equipment_failure,58,FDR-0007,cable
2020-09-04 18:00:00,2020-09-04 19:29:00,equipment_failure,334,FDR-0045,switch
2020-09-05 14:00:00,2020-09-05 14:40:00,overload,757,FDR-0008,transformer
2020-09-05 18:00:00,2020-09-06 00:59:00,overload,1180,FDR-0042,fuse
2020-09-05 18:00:00,2020-09-05 23:08:00,overload,161,FDR-0041,recloser
2020-09-08 14:00:00,2020-09-08 15:56:00,equipment_failure,1017,FDR-0009,switch
2020-09-08 16:00:00,2020-09-08 19:49:00,equipment_failure,643,FDR-0035,fuse
2020-09-08 17:00:00,2020-09-08 20:33:00,overload,1376,FDR-0048,overhead line
2020-09-09 13:00:00,2020-09-09 14:18:00,equipment_failure,930,FDR-0063,recloser
2020-09-09 13:00:00,2020-09-09 14:41:00,equipment_failure,677,FDR-0051,switch
2020-09-09 17:00:00,2020-09-09 18:59:00,overload,676,FDR-0024,cable
2020-09-10 13:00:00,2020-09-10 14:44:00,overload,1029,FDR-0058,overhead line
2020-09-10 15:00:00,2020-09-10 17:56:00,overload,1409,FDR-0010,switch
2020-09-11 15:00:00,2020-09-11 21:31:00,equipment_failure,463,FDR-0014,cable
2020-09-11 15:00:00,2020-09-11 18:34:00,overload,720,FDR-0061,recloser
2020-09-12 15:00:00,2020-09-12 16:07:00,overload,159,FDR-0060,overhead line
2020-09-12 17:00:00,2020-09-12 21:16:00,equipment_failure,587,FDR-0003,transformer
2020-09-12 17:00:00,2020-09-12 21:16:00,equipment_failure,566,FDR-0022,transformer
2020-09-12 18:00:00,2020-09-12 23:05:00,equipment_failure,33,FDR-0060,switch
2020-09-12 18:00:00,2020-09-13 01:29:00,equipment_failure,183,FDR-0014,recloser
2020-09-13 14:00:00,2020-09-14 07:58:00,weather,364,FDR-0007,cable
2020-09-13 15:00:00,2020-09-14 01:39:00,weather,837,FDR-0039,cable
2020-09-13 16:00:00,2020-09-13 21:34:00,weather,2785,FDR-0037,cable
2020-09-13 16:00:00,2020-09-14 05:34:00,weather,876,FDR-0057,overhead line
2020-09-13 17:00:00,2020-09-13 22:57:00,weather,2507,FDR-0005,recloser
2020-09-13 17:00:00,2020-09-14 04:39:00,weather,1073,FDR-0033,switch
2020-09-13 18:00:00,2020-09-13 23:17:00,animal_contact,171,FDR-0020,overhead line
2020-09-13 18:00:00,2020-09-14 10:48:00,weather,1809,FDR-0021,overhead line
2020-09-13 19:00:00,2020-09-13 23:38:00,vegetation,58,FDR-0057,cable
2020-09-13 19:00:00,2020-09-14 07:45:00,weather,606,FDR-0022,transformer
2020-09-14 13:00:00,2020-09-14 14:45:00,equipment_failure,1175,FDR-0032,switch
2020-09-17 15:00:00,2020-09-17 16:24:00,equipment_failure,111,FDR-0051,transformer
2020-09-18 19:00:00,2020-09-19 07:11:00,weather,1542,FDR-0047,overhead line
2020-09-19 14:00:00,2020-09-20 06:54:00,weather,68,FDR-0014,transformer
2020-09-19 14:00:00,2020-09-20 06:30:00,weather,1758,FDR-0008,fuse
2020-09-19 14:00:00,2020-09-19 18:40:00,weather,342,FDR-0007,cable
2020-09-19 15:00:00,2020-09-20 00:12:00,vegetation,366,FDR-0024,transformer
2020-09-19 16:00:00,2020-09-20 06:39:00,vegetation,1410,FDR-0012,cable
2020-09-19 16:00:00,2020-09-20 04:43:00,animal_contact,665,FDR-0027,cable
2020-09-19 16:00:00,2020-09-20 09:39:00,animal_contact,199,FDR-0025,transformer
2020-09-19 16:00:00,2020-09-19 18:00:00,weather,1238,FDR-0018,cable
2020-09-19 17:00:00,2020-09-20 02:57:00,vegetation,121,FDR-0051,overhead line
2020-09-19 17:00:00,2020-09-20 00:22:00,weather,2581,FDR-0050,switch
2020-09-19 18:00:00,2020-09-20 00:10:00,weather,1811,FDR-0065,switch
2020-09-19 18:00:00,2020-09-20 08:43:00,weather,705,FDR-0045,fuse
2020-09-20 15:00:00,2020-09-20 16:01:00,equipment_failure,560,FDR-0001,recloser
2020-09-21 13:00:00,2020-09-21 16:37:00,equipment_failure,658,FDR-0045,overhead line
2020-09-21 14:00:00,2020-09-21 19:58:00,equipment_failure,876,FDR-0040,recloser
2020-09-21 16:00:00,2020-09-21 23:07:00,equipment_failure,166,FDR-0008,switch
2020-09-21 18:00:00,2020-09-21 19:07:00,equipment_failure,799,FDR-0029,overhead line
2020-09-22 18:00:00,2020-09-23 10:42:00,vegetation,1650,FDR-0038,overhead line
2020-09-23 09:00:00,2020-09-23 10:25:00,equipment_failure,347,FDR-0008,switch
2020-09-23 14:00:00,2020-09-23 14:45:00,equipment_failure,411,FDR-0044,transformer
2020-09-23 16:00:00,2020-09-23 19:04:00,equipment_failure,1389,FDR-0048,transformer
2020-09-24 15:00:00,2020-09-24 22:42:00,equipment_failure,482,FDR-0025,recloser
2020-09-24 18:00:00,2020-09-24 20:40:00,equipment_failure,782,FDR-0015,transformer
2020-09-25 14:00:00,2020-09-25 16:12:00,equipment_failure,759,FDR-0040,overhead line
2020-09-26 15:00:00,2020-09-26 15:30:00,equipment_failure,1082,FDR-0055,transformer
2020-09-26 18:00:00,2020-09-26 22:22:00,overload,1132,FDR-0044,overhead line
2020-09-27 15:00:00,2020-09-27 19:58:00,equipment_failure,327,FDR-0005,switch
2020-09-27 17:00:00,2020-09-27 19:44:00,equipment_failure,400,FDR-0028,fuse
2020-09-28 15:00:00,2020-09-28 21:42:00,equipment_failure,345,FDR-0020,cable
2020-09-29 15:00:00,2020-09-29 17:18:00,overload,287,FDR-0006,overhead line
2020-09-29 15:00:00,2020-09-29 20:13:00,equipment_failure,1218,FDR-0008,cable
2020-09-29 16:00:00,2020-09-29 18:05:00,equipment_failure,1169,FDR-0021,recloser
2020-09-30 15:00:00,2020-10-01 05:53:00,animal_contact,1717,FDR-0046,switch
2020-09-30 15:00:00,2020-09-30 22:56:00,weather,1513,FDR-0018,cable
2020-09-30 15:00:00,2020-09-30 21:28:00,equipment_failure,162,FDR-0027,switch
2020-09-30 17:00:00,2020-10-01 00:02:00,weather,2305,FDR-0059,recloser
2020-09-30 18:00:00,2020-09-30 20:01:00,weather,538,FDR-0021,overhead line
2020-09-30 18:00:00,2020-09-30 22:24:00,animal_contact,97,FDR-0026,fuse
2020-09-30 19:00:00,2020-09-30 22:04:00,animal_contact,779,FDR-0022,fuse
2020-09-30 19:00:00,2020-10-01 06:24:00,weather,267,FDR-0029,fuse
2020-10-02 04:00:00,2020-10-02 06:12:00,equipment_failure,397,FDR-0037,transformer
2020-10-03 17:00:00,2020-10-03 23:55:00,equipment_failure,1012,FDR-0028,transformer
2020-10-04 13:00:00,2020-10-04 16:20:00,equipment_failure,35,FDR-0014,cable
2020-10-04 16:00:00,2020-10-05 00:25:00,animal_contact,1692,FDR-0031,fuse
2020-10-05 19:00:00,2020-10-06 02:07:00,vegetation,1484,FDR-0025,overhead line
2020-10-08 15:00:00,2020-10-08 18:09:00,equipment_failure,1369,FDR-0041,overhead line
2020-10-11 19:00:00,2020-10-12 07:47:00,weather,1328,FDR-0010,cable
2020-10-12 16:00:00,2020-10-12 17:48:00,overload,1196,FDR-0018,cable
2020-10-13 05:00:00,2020-10-13 06:18:00,equipment_failure,125,FDR-0021,overhead line
2020-10-13 10:00:00,2020-10-13 12:29:00,equipment_failure,500,FDR-0014,cable
2020-10-17 19:00:00,2020-10-18 04:43:00,weather,1405,FDR-0037,transformer
2020-10-19 15:00:00,2020-10-19 18:45:00,equipment_failure,1081,FDR-0058,overhead line
2020-10-20 07:00:00,2020-10-20 07:48:00,equipment_failure,132,FDR-0031,recloser
2020-10-20 20:00:00,2020-10-20 21:55:00,equipment_failure,29,FDR-0019,fuse
2020-10-21 16:00:00,2020-10-21 19:34:00,equipment_failure,314,FDR-0012,switch
2020-10-22 07:00:00,2020-10-22 12:03:00,equipment_failure,124,FDR-0027,transformer
2020-10-23 14:00:00,2020-10-23 16:00:00,overload,801,FDR-0016,fuse
2020-10-23 23:00:00,2020-10-24 01:54:00,animal_contact,85,FDR-0041,transformer
2020-10-24 09:00:00,2020-10-24 14:52:00,equipment_failure,394,FDR-0047,overhead line
2020-10-26 02:00:00,2020-10-26 03:56:00,equipment_failure,500,FDR-0002,recloser
2020-10-26 13:00:00,2020-10-26 19:25:00,equipment_failure,1664,FDR-0046,cable
2020-10-30 06:00:00,2020-10-30 10:27:00,equipment_failure,36,FDR-0038,cable
2020-11-01 06:00:00,2020-11-01 10:54:00,equipment_failure,104,FDR-0047,transformer
2020-11-02 16:00:00,2020-11-02 17:37:00,equipment_failure,478,FDR-0049,transformer
2020-11-03 15:00:00,2020-11-03 21:06:00,equipment_failure,805,FDR-0047,recloser
2020-11-04 16:00:00,2020-11-04 17:57:00,overload,606,FDR-0043,cable
2020-11-04 19:00:00,2020-11-05 09:10:00,animal_contact,1616,FDR-0051,fuse
2020-11-06 11:00:00,2020-11-06 13:39:00,equipment_failure,281,FDR-0043,cable
2020-11-06 23:00:00,2020-11-07 02:34:00,equipment_failure,389,FDR-0045,transformer
2020-11-08 07:00:00,2020-11-08 08:23:00,animal_contact,233,FDR-0060,fuse
2020-11-08 07:00:00,2020-11-08 11:13:00,equipment_failure,96,FDR-0058,recloser
2020-11-09 17:00:00,2020-11-09 22:02:00,equipment_failure,469,FDR-0008,fuse
2020-11-10 04:00:00,2020-11-10 09:25:00,equipment_failure,126,FDR-0007,switch
2020-11-12 16:00:00,2020-11-12 17:37:00,animal_contact,2,FDR-0057,switch
2020-11-13 09:00:00,2020-11-13 09:42:00,equipment_failure,58,FDR-0062,fuse
2020-11-14 18:00:00,2020-11-15 01:11:00,equipment_failure,590,FDR-0051,switch
2020-11-16 01:00:00,2020-11-16 05:49:00,equipment_failure,136,FDR-0044,cable
2020-11-16 18:00:00,2020-11-16 19:57:00,overload,1199,FDR-0060,recloser
2020-11-17 08:00:00,2020-11-17 10:54:00,equipment_failure,155,FDR-0040,transformer
2020-11-19 16:00:00,2020-11-20 09:39:00,animal_contact,172,FDR-0025,transformer
2020-11-20 09:00:00,2020-11-20 13:31:00,animal_contact,283,FDR-0012,recloser
2020-11-23 17:00:00,2020-11-23 18:58:00,equipment_failure,66,FDR-0042,transformer
2020-11-23 18:00:00,2020-11-23 21:30:00,equipment_failure,351,FDR-0001,transformer
2020-11-25 18:00:00,2020-11-25 23:31:00,weather,1386,FDR-0042,switch
2020-11-26 18:00:00,2020-11-26 20:55:00,animal_contact,1275,FDR-0053,transformer
2020-11-27 22:00:00,2020-11-27 22:53:00,equipment_failure,26,FDR-0024,overhead line
2020-11-30 08:00:00,2020-11-30 08:55:00,equipment_failure,111,FDR-0061,switch
2020-11-30 10:00:00,2020-11-30 12:50:00,equipment_failure,272,FDR-0036,fuse
2020-12-01 14:00:00,2020-12-02 07:08:00,weather,739,FDR-0058,fuse
2020-12-01 20:00:00,2020-12-02 10:57:00,weather,2479,FDR-0046,switch
2020-12-03 20:00:00,2020-12-04 00:09:00,equipment_failure,362,FDR-0021,switch
2020-12-04 17:00:00,2020-12-04 21:55:00,vegetation,1749,FDR-0027,cable
2020-12-05 15:00:00,2020-12-05 16:22:00,equipment_failure,424,FDR-0010,cable
2020-12-08 04:00:00,2020-12-08 09:49:00,animal_contact,356,FDR-0018,transformer
2020-12-10 08:00:00,2020-12-10 11:39:00,equipment_failure,468,FDR-0002,fuse
2020-12-14 14:00:00,2020-12-14 14:36:00,overload,519,FDR-0041,cable
2020-12-15 15:00:00,2020-12-15 18:12:00,weather,2161,FDR-0064,recloser
2020-12-16 20:00:00,2020-12-16 21:50:00,equipment_failure,481,FDR-0039,fuse
2020-12-17 16:00:00,2020-12-18 00:40:00,weather,1577,FDR-0021,cable
2020-12-17 19:00:00,2020-12-18 04:43:00,weather,1905,FDR-0037,transformer
2020-12-19 08:00:00,2020-12-19 08:40:00,animal_contact,256,FDR-0010,overhead line
2020-12-19 19:00:00,2020-12-19 20:28:00,equipment_failure,448,FDR-0031,overhead line
2020-12-19 23:00:00,2020-12-20 03:33:00,equipment_failure,337,FDR-0064,fuse
2020-12-22 07:00:00,2020-12-22 09:42:00,equipment_failure,292,FDR-0057,fuse
2020-12-22 17:00:00,2020-12-22 17:43:00,equipment_failure,365,FDR-0054,transformer
2020-12-25 18:00:00,2020-12-26 11:01:00,weather,1236,FDR-0006,fuse
2020-12-25 18:00:00,2020-12-26 11:01:00,weather,1060,FDR-0005,fuse
2020-12-26 14:00:00,2020-12-26 16:19:00,vegetation,1309,FDR-0062,cable
2020-12-26 20:00:00,2020-12-27 01:57:00,equipment_failure,25,FDR-0062,fuse
2020-12-27 08:00:00,2020-12-27 12:25:00,animal_contact,87,FDR-0045,switch
2020-12-28 02:00:00,2020-12-28 07:39:00,equipment_failure,57,FDR-0001,transformer
2020-12-29 05:00:00,2020-12-29 08:01:00,equipment_failure,51,FDR-0010,switch
2020-12-29 07:00:00,2020-12-29 12:21:00,animal_contact,314,FDR-0053,transformer
2020-12-30 11:00:00,2020-12-30 14:28:00,equipment_failure,304,FDR-0011,switch
2020-12-30 18:00:00,2020-12-30 21:54:00,equipment_failure,269,FDR-0060,recloser
2020-12-30 20:00:00,2020-12-31 08:42:00,weather,2801,FDR-0042,cable
2020-12-31 08:00:00,2020-12-31 09:55:00,equipment_failure,213,FDR-0021,fuse
2021-01-02 15:00:00,2021-01-02 21:09:00,equipment_failure,1239,FDR-0039,switch
2021-01-02 19:00:00,2021-01-03 03:45:00,weather,2085,FDR-0019,cable
2021-01-04 07:00:00,2021-01-04 11:27:00,animal_contact,216,FDR-0020,fuse
2021-01-04 13:00:00,2021-01-04 16:20:00,equipment_failure,41,FDR-0034,cable
2021-01-09 18:00:00,2021-01-09 20:15:00,equipment_failure,721,FDR-0034,recloser
2021-01-13 14:00:00,2021-01-14 03:22:00,vegetation,1389,FDR-0059,overhead line
2021-01-13 14:00:00,2021-01-14 06:30:00,vegetation,2085,FDR-0029,recloser
2021-01-13 16:00:00,2021-01-14 04:04:00,weather,473,FDR-0022,transformer
2021-01-13 16:00:00,2021-01-14 08:00:00,vegetation,674,FDR-0021,overhead line
2021-01-13 17:00:00,2021-01-13 22:01:00,overload,625,FDR-0051,recloser
2021-01-13 17:00:00,2021-01-14 00:20:00,vegetation,873,FDR-0039,cable
2021-01-13 20:00:00,2021-01-14 05:31:00,vegetation,2533,FDR-0065,transformer
2021-01-14 04:00:00,2021-01-14 05:18:00,equipment_failure,420,FDR-0025,cable
2021-01-15 07:00:00,2021-01-15 09:46:00,equipment_failure,38,FDR-0031,fuse
2021-01-16 00:00:00,2021-01-16 05:16:00,equipment_failure,499,FDR-0014,fuse
2021-01-17 18:00:00,2021-01-17 19:08:00,animal_contact,2967,FDR-0042,fuse
2021-01-17 18:00:00,2021-01-18 06:59:00,weather,1596,FDR-0064,transformer
2021-01-17 20:00:00,2021-01-18 03:48:00,weather,1035,FDR-0016,overhead line
2021-01-18 14:00:00,2021-01-18 17:10:00,animal_contact,1025,FDR-0057,switch
2021-01-18 15:00:00,2021-01-18 21:29:00,vegetation,1175,FDR-0052,recloser
2021-01-18 17:00:00,2021-01-19 03:56:00,weather,1153,FDR-0055,switch
2021-01-18 18:00:00,2021-01-19 04:56:00,vegetation,358,FDR-0024,recloser
2021-01-18 18:00:00,2021-01-18 22:20:00,animal_contact,523,FDR-0060,transformer
2021-01-18 18:00:00,2021-01-19 06:45:00,weather,195,FDR-0063,switch
2021-01-18 19:00:00,2021-01-19 07:11:00,weather,1682,FDR-0047,overhead line
2021-01-18 19:00:00,2021-01-19 06:52:00,vegetation,513,FDR-0048,cable
2021-01-18 19:00:00,2021-01-19 04:56:00,weather,2125,FDR-0008,cable
2021-01-18 20:00:00,2021-01-19 04:53:00,weather,434,FDR-0019,fuse
2021-01-19 18:00:00,2021-01-19 19:12:00,animal_contact,570,FDR-0062,cable
2021-01-19 19:00:00,2021-01-19 23:39:00,equipment_failure,415,FDR-0040,switch
2021-01-20 21:00:00,2021-01-21 01:11:00,equipment_failure,233,FDR-0018,overhead line
2021-01-21 00:00:00,2021-01-21 05:03:00,equipment_failure,353,FDR-0043,recloser
2021-01-21 18:00:00,2021-01-21 19:34:00,equipment_failure,192,FDR-0018,transformer
2021-01-25 13:00:00,2021-01-25 13:45:00,equipment_failure,119,FDR-0013,switch
2021-01-27 17:00:00,2021-01-27 21:29:00,equipment_failure,79,FDR-0019,recloser
2021-01-30 16:00:00,2021-01-30 18:58:00,equipment_failure,748,FDR-0056,transformer
2021-01-31 08:00:00,2021-01-31 09:55:00,equipment_failure,218,FDR-0021,fuse
2021-02-01 17:00:00,2021-02-01 22:03:00,equipment_failure,309,FDR-0019,switch
2021-02-03 03:00:00,2021-02-03 07:14:00,equipment_failure,15,FDR-0030,fuse
2021-02-03 19:00:00,2021-02-03 22:49:00,equipment_failure,319,FDR-0046,recloser
2021-02-04 14:00:00,2021-02-04 15:34:00,equipment_failure,739,FDR-0039,transformer
2021-02-04 14:00:00,2021-02-04 17:20:00,overload,534,FDR-0032,fuse
2021-02-05 20:00:00,2021-02-06 13:52:00,weather,226,FDR-0060,switch
2021-02-06 10:00:00,2021-02-06 12:21:00,equipment_failure,41,FDR-0047,transformer
2021-02-07 01:00:00,2021-02-07 05:16:00,equipment_failure,349,FDR-0038,fuse
2021-02-08 13:00:00,2021-02-08 17:33:00,equipment_failure,127,FDR-0021,transformer
2021-02-09 14:00:00,2021-02-10 01:28:00,vegetation,2105,FDR-0050,recloser
2021-02-09 14:00:00,2021-02-10 02:12:00,weather,369,FDR-0023,cable
2021-02-09 15:00:00,2021-02-09 20:15:00,weather,559,FDR-0045,cable
2021-02-09 16:00:00,2021-02-09 20:58:00,animal_contact,1218,FDR-0016,recloser
2021-02-09 16:00:00,2021-02-09 21:50:00,equipment_failure,124,FDR-0007,cable
2021-02-09 18:00:00,2021-02-10 10:55:00,weather,1647,FDR-0047,overhead line
2021-02-09 19:00:00,2021-02-10 00:50:00,animal_contact,1753,FDR-0015,overhead line
2021-02-09 20:00:00,2021-02-10 08:22:00,vegetation,301,FDR-0014,fuse
2021-02-10 16:00:00,2021-02-10 19:47:00,equipment_failure,1459,FDR-0038,cable
2021-02-11 18:00:00,2021-02-12 03:23:00,vegetation,508,FDR-0036,transformer
2021-02-11 18:00:00,2021-02-11 23:29:00,vegetation,607,FDR-0036,switch
2021-02-11 18:00:00,2021-02-12 03:23:00,vegetation,541,FDR-0036,transformer
2021-02-11 19:00:00,2021-02-12 07:47:00,weather,1217,FDR-0010,cable
2021-02-11 20:00:00,2021-02-12 00:11:00,weather,596,FDR-0060,cable
2021-02-13 16:00:00,2021-02-14 08:00:00,vegetation,727,FDR-0021,overhead line
2021-02-14 15:00:00,2021-02-14 18:22:00,vegetation,1347,FDR-0029,recloser
2021-02-16 13:00:00,2021-02-16 20:12:00,overload,963,FDR-0030,switch
2021-02-17 07:00:00,2021-02-17 08:40:00,animal_contact,260,FDR-0003,cable
2021-02-19 16:00:00,2021-02-19 21:40:00,animal_contact,91,FDR-0064,switch
2021-02-21 16:00:00,2021-02-21 19:47:00,animal_contact,275,FDR-0055,switch
2021-02-23 10:00:00,2021-02-23 15:00:00,equipment_failure,409,FDR-0023,fuse
2021-02-24 15:00:00,2021-02-24 15:43:00,equipment_failure,429,FDR-0040,cable
2021-02-25 14:00:00,2021-02-26 01:25:00,animal_contact,72,FDR-0012,cable
2021-02-25 16:00:00,2021-02-26 03:18:00,animal_contact,482,FDR-0052,fuse
2021-02-28 17:00:00,2021-02-28 21:31:00,vegetation,507,FDR-0060,overhead line
2021-02-28 20:00:00,2021-03-01 08:42:00,weather,2638,FDR-0043,cable
2021-02-28 21:00:00,2021-03-01 00:36:00,animal_contact,278,FDR-0016,switch
2021-03-01 18:00:00,2021-03-02 06:42:00,vegetation,2063,FDR-0061,fuse
2021-03-02 16:00:00,2021-03-02 22:39:00,equipment_failure,851,FDR-0047,switch
2021-03-03 18:00:00,2021-03-04 10:14:00,animal_contact,2048,FDR-0003,cable
2021-03-04 04:00:00,2021-03-04 04:15:00,equipment_failure,492,FDR-0052,switch
2021-03-04 18:00:00,2021-03-04 19:45:00,equipment_failure,445,FDR-0042,fuse
2021-03-05 05:00:00,2021-03-05 06:57:00,animal_contact,241,FDR-0051,cable
2021-03-05 18:00:00,2021-03-06 00:59:00,overload,1368,FDR-0042,fuse
2021-03-06 14:00:00,2021-03-06 14:48:00,equipment_failure,5,FDR-0011,cable
2021-03-06 14:00:00,2021-03-06 14:48:00,equipment_failure,6,FDR-0011,cable
2021-03-10 16:00:00,2021-03-10 22:29:00,equipment_failure,301,FDR-0034,switch
2021-03-10 19:00:00,2021-03-11 02:57:00,weather,101,FDR-0059,switch
2021-03-13 03:00:00,2021-03-13 07:32:00,equipment_failure,52,FDR-0006,cable
2021-03-14 03:00:00,2021-03-14 07:41:00,equipment_failure,83,FDR-0022,switch
2021-03-14 17:00:00,2021-03-14 21:18:00,equipment_failure,296,FDR-0031,overhead line
2021-03-15 13:00:00,2021-03-15 15:34:00,equipment_failure,821,FDR-0055,transformer
2021-03-16 05:00:00,2021-03-16 09:57:00,equipment_failure,11,FDR-0049,recloser
2021-03-16 17:00:00,2021-03-16 20:37:00,equipment_failure,144,FDR-0059,recloser
2021-03-17 12:00:00,2021-03-17 12:34:00,equipment_failure,478,FDR-0032,fuse
2021-03-18 16:00:00,2021-03-18 18:14:00,equipment_failure,546,FDR-0001,transformer
2021-03-18 19:00:00,2021-03-19 04:56:00,weather,1945,FDR-0008,cable
2021-03-18 23:00:00,2021-03-18 23:22:00,equipment_failure,214,FDR-0014,switch
2021-03-24 14:00:00,2021-03-24 14:30:00,equipment_failure,170,FDR-0006,recloser
2021-03-25 13:00:00,2021-03-25 16:40:00,overload,1125,FDR-0055,transformer
2021-03-26 03:00:00,2021-03-26 05:37:00,equipment_failure,261,FDR-0057,fuse
2021-03-27 01:00:00,2021-03-27 04:06:00,equipment_failure,267,FDR-0008,transformer
2021-03-27 05:00:00,2021-03-27 05:54:00,animal_contact,381,FDR-0019,transformer
2021-03-29 19:00:00,2021-03-30 00:38:00,weather,182,FDR-0022,recloser
2021-03-30 00:00:00,2021-03-30 02:28:00,equipment_failure,195,FDR-0005,switch
2021-03-30 04:00:00,2021-03-30 07:05:00,animal_contact,253,FDR-0056,cable
2021-03-31 00:00:00,2021-03-31 02:13:00,equipment_failure,219,FDR-0026,cable
2021-03-31 07:00:00,2021-03-31 10:46:00,equipment_failure,113,FDR-0027,transformer
2021-04-01 22:00:00,2021-04-02 03:54:00,equipment_failure,130,FDR-0027,overhead line
2021-04-03 15:00:00,2021-04-03 19:24:00,equipment_failure,275,FDR-0024,overhead line
2021-04-05 03:00:00,2021-04-05 04:01:00,equipment_failure,346,FDR-0025,fuse
2021-04-05 05:00:00,2021-04-05 06:57:00,animal_contact,225,FDR-0051,cable
2021-04-06 14:00:00,2021-04-06 21:57:00,equipment_failure,711,FDR-0030,recloser
2021-04-07 00:00:00,2021-04-07 04:08:00,animal_contact,68,FDR-0012,recloser
2021-04-08 02:00:00,2021-04-08 07:16:00,equipment_failure,197,FDR-0034,switch
2021-04-08 08:00:00,2021-04-08 10:52:00,equipment_failure,420,FDR-0065,recloser
2021-04-09 15:00:00,2021-04-09 20:52:00,equipment_failure,329,FDR-0001,fuse
2021-04-10 15:00:00,2021-04-10 17:56:00,overload,1415,FDR-0010,switch
2021-04-10 15:00:00,2021-04-10 20:22:00,equipment_failure,307,FDR-0029,recloser
2021-04-11 19:00:00,2021-04-11 22:59:00,equipment_failure,401,FDR-0032,recloser
2021-04-12 01:00:00,2021-04-12 01:53:00,equipment_failure,344,FDR-0059,overhead line
2021-04-12 02:00:00,2021-04-12 03:39:00,equipment_failure,173,FDR-0036,transformer
2021-04-13 18:00:00,2021-04-13 19:42:00,weather,936,FDR-0031,cable
2021-04-14 07:00:00,2021-04-14 12:55:00,equipment_failure,193,FDR-0060,switch
2021-04-14 13:00:00,2021-04-14 17:15:00,equipment_failure,1503,FDR-0049,overhead line
2021-04-15 12:00:00,2021-04-15 15:12:00,equipment_failure,391,FDR-0058,cable
2021-04-16 05:00:00,2021-04-16 06:38:00,animal_contact,65,FDR-0050,fuse
2021-04-16 06:00:00,2021-04-16 09:06:00,equipment_failure,22,FDR-0049,fuse
2021-04-21 07:00:00,2021-04-21 08:09:00,animal_contact,291,FDR-0027,transformer
2021-04-21 10:00:00,2021-04-21 15:59:00,equipment_failure,18,FDR-0055,recloser
2021-04-21 15:00:00,2021-04-21 17:16:00,overload,73,FDR-0001,recloser
2021-04-23 01:00:00,2021-04-23 06:24:00,equipment_failure,183,FDR-0045,cable
2021-04-23 09:00:00,2021-04-23 10:25:00,equipment_failure,430,FDR-0008,switch
2021-04-23 23:00:00,2021-04-24 01:48:00,equipment_failure,90,FDR-0005,overhead line
2021-04-24 06:00:00,2021-04-24 08:06:00,equipment_failure,342,FDR-0058,fuse
2021-04-25 18:00:00,2021-04-25 18:59:00,equipment_failure,257,FDR-0016,overhead line
2021-04-27 19:00:00,2021-04-27 22:31:00,equipment_failure,124,FDR-0057,recloser
2021-04-28 17:00:00,2021-04-28 21:31:00,vegetation,465,FDR-0014,overhead line
2021-04-29 13:00:00,2021-04-29 13:40:00,equipment_failure,265,FDR-0047,cable
2021-04-29 22:00:00,2021-04-29 23:40:00,equipment_failure,68,FDR-0054,overhead line
2021-04-30 15:00:00,2021-04-30 18:30:00,equipment_failure,10,FDR-0036,cable
2021-05-02 15:00:00,2021-05-02 16:27:00,animal_contact,420,FDR-0056,fuse
2021-05-02 16:00:00,2021-05-02 17:37:00,equipment_failure,444,FDR-0049,transformer
2021-05-04 20:00:00,2021-05-04 23:16:00,equipment_failure,235,FDR-0033,recloser
2021-05-06 14:00:00,2021-05-06 18:26:00,equipment_failure,430,FDR-0042,overhead line
2021-05-07 05:00:00,2021-05-07 10:42:00,equipment_failure,411,FDR-0042,recloser
2021-05-07 18:00:00,2021-05-07 20:18:00,equipment_failure,1022,FDR-0051,recloser
2021-05-08 20:00:00,2021-05-09 00:36:00,equipment_failure,459,FDR-0057,recloser
2021-05-09 11:00:00,2021-05-09 14:42:00,equipment_failure,474,FDR-0058,recloser
2021-05-11 16:00:00,2021-05-11 22:46:00,vegetation,1569,FDR-0028,recloser
2021-05-11 16:00:00,2021-05-12 04:38:00,weather,372,FDR-0031,fuse
2021-05-13 02:00:00,2021-05-13 07:57:00,equipment_failure,458,FDR-0030,recloser
2021-05-13 14:00:00,2021-05-14 05:30:00,vegetation,170,FDR-0009,fuse
2021-05-14 01:00:00,2021-05-14 06:24:00,equipment_failure,64,FDR-0030,cable
2021-05-15 15:00:00,2021-05-15 19:38:00,overload,556,FDR-0024,cable
2021-05-17 18:00:00,2021-05-18 06:59:00,weather,1406,FDR-0064,transformer
2021-05-18 14:00:00,2021-05-18 16:16:00,overload,537,FDR-0033,overhead line
2021-05-19 15:00:00,2021-05-19 15:41:00,equipment_failure,173,FDR-0029,fuse
2021-05-21 03:00:00,2021-05-21 03:40:00,animal_contact,220,FDR-0037,recloser
2021-05-21 22:00:00,2021-05-21 23:09:00,equipment_failure,211,FDR-0001,switch
2021-05-22 10:00:00,2021-05-22 13:08:00,equipment_failure,313,FDR-0023,switch
2021-05-24 14:00:00,2021-05-24 15:36:00,equipment_failure,81,FDR-0043,switch
2021-05-25 01:00:00,2021-05-25 05:03:00,animal_contact,444,FDR-0008,transformer
2021-05-28 12:00:00,2021-05-28 17:04:00,equipment_failure,387,FDR-0018,overhead line
2021-05-29 14:00:00,2021-05-29 17:15:00,equipment_failure,648,FDR-0065,transformer
2021-05-30 21:00:00,2021-05-31 00:45:00,animal_contact,164,FDR-0039,fuse
2021-05-31 18:00:00,2021-05-31 19:06:00,equipment_failure,212,FDR-0022,cable
2021-06-02 18:00:00,2021-06-02 20:09:00,overload,1246,FDR-0015,cable
2021-06-03 14:00:00,2021-06-03 20:39:00,equipment_failure,450,FDR-0027,fuse
2021-06-04 16:00:00,2021-06-04 16:49:00,overload,621,FDR-0041,switch
2021-06-05 07:00:00,2021-06-05 08:32:00,equipment_failure,317,FDR-0020,transformer
2021-06-05 14:00:00,2021-06-05 14:47:00,overload,366,FDR-0049,recloser
2021-06-06 14:00:00,2021-06-06 21:57:00,equipment_failure,878,FDR-0039,recloser
2021-06-07 15:00:00,2021-06-07 19:08:00,equipment_failure,158,FDR-0018,transformer
2021-06-08 15:00:00,2021-06-08 18:09:00,equipment_failure,1392,FDR-0041,overhead line
2021-06-08 18:00:00,2021-06-08 20:48:00,equipment_failure,843,FDR-0020,fuse
2021-06-09 16:00:00,2021-06-09 17:27:00,equipment_failure,301,FDR-0014,transformer
2021-06-10 13:00:00,2021-06-10 13:43:00,equipment_failure,259,FDR-0023,recloser
2021-06-10 13:00:00,2021-06-10 19:43:00,equipment_failure,233,FDR-0022,transformer
2021-06-10 17:00:00,2021-06-10 20:35:00,equipment_failure,389,FDR-0052,switch
2021-06-11 14:00:00,2021-06-11 18:35:00,equipment_failure,62,FDR-0029,transformer
2021-06-11 14:00:00,2021-06-11 18:28:00,overload,251,FDR-0046,transformer
2021-06-11 15:00:00,2021-06-11 21:42:00,equipment_failure,941,FDR-0010,cable
2021-06-11 16:00:00,2021-06-11 17:02:00,vegetation,869,FDR-0008,recloser
2021-06-12 15:00:00,2021-06-12 22:43:00,equipment_failure,768,FDR-0030,switch
2021-06-13 13:00:00,2021-06-13 14:45:00,overload,1181,FDR-0065,recloser
2021-06-13 17:00:00,2021-06-13 22:54:00,overload,1473,FDR-0018,overhead line
2021-06-13 18:00:00,2021-06-13 23:18:00,equipment_failure,1244,FDR-0016,overhead line
2021-06-14 13:00:00,2021-06-14 17:32:00,equipment_failure,1097,FDR-0043,overhead line
2021-06-14 14:00:00,2021-06-14 16:11:00,overload,1297,FDR-0039,recloser
2021-06-14 15:00:00,2021-06-15 06:40:00,animal_contact,84,FDR-0018,overhead line
2021-06-14 16:00:00,2021-06-14 19:12:00,overload,365,FDR-0053,switch
2021-06-16 16:00:00,2021-06-16 17:00:00,equipment_failure,718,FDR-0055,switch
2021-06-16 17:00:00,2021-06-16 23:25:00,equipment_failure,625,FDR-0054,cable
2021-06-16 17:00:00,2021-06-16 20:37:00,equipment_failure,175,FDR-0059,recloser
2021-06-17 13:00:00,2021-06-17 14:54:00,equipment_failure,373,FDR-0064,transformer
2021-06-18 16:00:00,2021-06-18 23:34:00,equipment_failure,142,FDR-0050,overhead line
2021-06-18 17:00:00,2021-06-18 21:55:00,overload,728,FDR-0031,overhead line
2021-06-19 13:00:00,2021-06-19 20:33:00,equipment_failure,699,FDR-0064,cable
2021-06-19 14:00:00,2021-06-19 20:43:00,overload,295,FDR-0011,recloser
2021-06-19 14:00:00,2021-06-19 15:36:00,equipment_failure,1018,FDR-0061,switch
2021-06-19 15:00:00,2021-06-19 18:45:00,equipment_failure,997,FDR-0058,overhead line
2021-06-21 03:00:00,2021-06-21 07:38:00,equipment_failure,193,FDR-0033,transformer
2021-06-21 14:00:00,2021-06-21 20:17:00,equipment_failure,431,FDR-0065,overhead line
2021-06-21 17:00:00,2021-06-21 20:30:00,equipment_failure,579,FDR-0064,transformer
2021-06-22 15:00:00,2021-06-22 16:02:00,equipment_failure,734,FDR-0049,transformer
2021-06-24 14:00:00,2021-06-24 20:39:00,equipment_failure,745,FDR-0039,fuse
2021-06-27 17:00:00,2021-06-27 22:00:00,equipment_failure,1202,FDR-0037,fuse
2021-06-28 13:00:00,2021-06-28 20:12:00,equipment_failure,851,FDR-0008,fuse
2021-06-28 13:00:00,2021-06-28 19:20:00,equipment_failure,413,FDR-0002,switch
2021-06-29 13:00:00,2021-06-29 19:05:00,equipment_failure,1444,FDR-0054,recloser
2021-06-29 17:00:00,2021-06-29 19:37:00,overload,1275,FDR-0043,overhead line
2021-06-29 18:00:00,2021-06-29 20:27:00,equipment_failure,500,FDR-0010,switch
2021-06-29 18:00:00,2021-06-29 20:27:00,equipment_failure,625,FDR-0010,switch
2021-06-30 14:00:00,2021-06-30 21:40:00,equipment_failure,654,FDR-0033,overhead line
2021-06-30 18:00:00,2021-06-30 22:28:00,overload,416,FDR-0011,overhead line
2021-07-01 13:00:00,2021-07-01 20:01:00,equipment_failure,1359,FDR-0004,transformer
2021-07-01 17:00:00,2021-07-01 23:23:00,equipment_failure,1242,FDR-0003,recloser
2021-07-01 17:00:00,2021-07-01 21:59:00,overload,634,FDR-0042,recloser
2021-07-01 18:00:00,2021-07-01 20:03:00,equipment_failure,1007,FDR-0058,switch
2021-07-03 10:00:00,2021-07-03 12:33:00,animal_contact,230,FDR-0053,cable
2021-07-03 14:00:00,2021-07-04 07:44:00,vegetation,1035,FDR-0006,fuse
2021-07-03 15:00:00,2021-07-03 21:13:00,weather,824,FDR-0034,fuse
2021-07-03 16:00:00,2021-07-04 08:27:00,weather,71,FDR-0051,fuse
2021-07-03 16:00:00,2021-07-03 20:43:00,equipment_failure,229,FDR-0057,fuse
2021-07-03 16:00:00,2021-07-03 17:16:00,weather,664,FDR-0025,overhead line
2021-07-03 18:00:00,2021-07-04 06:53:00,animal_contact,369,FDR-0036,transformer
2021-07-03 18:00:00,2021-07-04 10:14:00,animal_contact,2123,FDR-0003,cable
2021-07-04 16:00:00,2021-07-04 17:57:00,overload,645,FDR-0043,cable
2021-07-04 17:00:00,2021-07-04 17:31:00,overload,170,FDR-0057,recloser
2021-07-05 18:00:00,2021-07-06 00:01:00,equipment_failure,262,FDR-0060,overhead line
2021-07-06 13:00:00,2021-07-06 14:18:00,overload,32,FDR-0017,overhead line
2021-07-06 14:00:00,2021-07-06 15:39:00,equipment_failure,1021,FDR-0055,switch
2021-07-06 16:00:00,2021-07-06 19:21:00,equipment_failure,398,FDR-0004,overhead line
2021-07-06 18:00:00,2021-07-07 01:15:00,overload,501,FDR-0002,recloser
2021-07-08 13:00:00,2021-07-08 14:05:00,equipment_failure,861,FDR-0035,recloser
2021-07-08 14:00:00,2021-07-08 17:30:00,weather,197,FDR-0041,transformer
2021-07-08 14:00:00,2021-07-08 23:21:00,weather,395,FDR-0043,recloser
2021-07-08 14:00:00,2021-07-08 21:17:00,equipment_failure,1420,FDR-0035,transformer
2021-07-08 14:00:00,2021-07-08 16:35:00,equipment_failure,529,FDR-0063,cable
2021-07-08 15:00:00,2021-07-09 07:45:00,vegetation,1501,FDR-0042,cable
2021-07-08 15:00:00,2021-07-08 19:42:00,animal_contact,2465,FDR-0059,cable
2021-07-08 15:00:00,2021-07-08 18:10:00,animal_contact,460,FDR-0026,switch
2021-07-08 16:00:00,2021-07-09 09:07:00,animal_contact,1017,FDR-0018,overhead line
2021-07-08 16:00:00,2021-07-08 23:16:00,vegetation,194,FDR-0016,fuse
2021-07-10 15:00:00,2021-07-10 16:36:00,equipment_failure,1404,FDR-0010,cable
2021-07-10 16:00:00,2021-07-10 19:47:00,equipment_failure,1273,FDR-0029,cable
2021-07-11 14:00:00,2021-07-11 19:30:00,animal_contact,2029,FDR-0042,cable
2021-07-11 15:00:00,2021-07-12 01:44:00,weather,217,FDR-0034,transformer
2021-07-11 15:00:00,2021-07-11 19:18:00,animal_contact,908,FDR-0033,recloser
2021-07-11 15:00:00,2021-07-12 02:52:00,weather,547,FDR-0046,cable
2021-07-11 15:00:00,2021-07-11 16:22:00,equipment_failure,1195,FDR-0016,fuse
2021-07-11 15:00:00,2021-07-11 18:23:00,equipment_failure,159,FDR-0052,cable
2021-07-11 16:00:00,2021-07-11 17:02:00,vegetation,793,FDR-0010,recloser
2021-07-11 16:00:00,2021-07-12 04:26:00,weather,867,FDR-0050,fuse
2021-07-11 16:00:00,2021-07-12 06:02:00,weather,382,FDR-0057,recloser
2021-07-11 17:00:00,2021-07-11 21:04:00,weather,86,FDR-0008,cable
2021-07-11 18:00:00,2021-07-12 00:13:00,animal_contact,1486,FDR-0008,switch
2021-07-12 15:00:00,2021-07-12 16:22:00,equipment_failure,451,FDR-0045,recloser
2021-07-13 17:00:00,2021-07-13 23:32:00,equipment_failure,631,FDR-0030,transformer
2021-07-14 23:00:00,2021-07-15 01:28:00,equipment_failure,331,FDR-0043,cable
2021-07-16 13:00:00,2021-07-16 20:12:00,overload,1047,FDR-0030,switch
2021-07-17 14:00:00,2021-07-17 20:48:00,animal_contact,257,FDR-0013,fuse
2021-07-17 15:00:00,2021-07-17 18:53:00,animal_contact,851,FDR-0023,cable
2021-07-17 15:00:00,2021-07-18 02:33:00,vegetation,102,FDR-0001,switch
2021-07-17 18:00:00,2021-07-18 11:09:00,animal_contact,658,FDR-0039,fuse
2021-07-17 19:00:00,2021-07-18 04:43:00,vegetation,2866,FDR-0065,switch
2021-07-17 19:00:00,2021-07-18 10:25:00,weather,756,FDR-0025,transformer
2021-07-17 19:00:00,2021-07-18 00:21:00,vegetation,582,FDR-0054,cable
2021-07-18 14:00:00,2021-07-18 20:54:00,equipment_failure,909,FDR-0009,overhead line
2021-07-18 15:00:00,2021-07-18 19:03:00,equipment_failure,1088,FDR-0016,recloser
2021-07-19 14:00:00,2021-07-19 18:37:00,equipment_failure,794,FDR-0057,fuse
2021-07-19 15:00:00,2021-07-19 18:21:00,equipment_failure,1322,FDR-0050,transformer
2021-07-19 16:00:00,2021-07-19 22:24:00,equipment_failure,1100,FDR-0021,fuse
2021-07-21 13:00:00,2021-07-21 18:10:00,equipment_failure,715,FDR-0032,switch
2021-07-21 18:00:00,2021-07-21 19:17:00,equipment_failure,971,FDR-0045,switch
2021-07-22 15:00:00,2021-07-22 21:54:00,equipment_failure,514,FDR-0051,recloser
2021-07-22 16:00:00,2021-07-22 23:49:00,equipment_failure,1210,FDR-0029,switch
2021-07-23 13:00:00,2021-07-23 18:15:00,equipment_failure,41,FDR-0035,transformer
2021-07-23 15:00:00,2021-07-23 16:02:00,weather,1484,FDR-0053,transformer
2021-07-23 17:00:00,2021-07-23 19:13:00,weather,1269,FDR-0043,recloser
2021-07-23 17:00:00,2021-07-23 18:34:00,equipment_failure,1363,FDR-0012,recloser
2021-07-23 19:00:00,2021-07-23 20:50:00,animal_contact,2665,FDR-0061,overhead line
2021-07-24 15:00:00,2021-07-24 22:42:00,equipment_failure,428,FDR-0025,recloser
2021-07-24 18:00:00,2021-07-24 23:05:00,equipment_failure,603,FDR-0058,overhead line
2021-07-25 15:00:00,2021-07-25 19:11:00,equipment_failure,625,FDR-0032,overhead line
2021-07-25 16:00:00,2021-07-25 19:50:00,equipment_failure,784,FDR-0042,overhead line
2021-07-29 18:00:00,2021-07-29 20:40:00,equipment_failure,689,FDR-0036,overhead line
2021-07-30 14:00:00,2021-07-30 17:18:00,overload,867,FDR-0039,recloser
2021-07-30 15:00:00,2021-07-30 21:07:00,equipment_failure,142,FDR-0047,cable
2021-07-30 16:00:00,2021-07-30 23:06:00,equipment_failure,442,FDR-0052,cable
2021-07-30 17:00:00,2021-07-30 17:32:00,overload,1006,FDR-0012,fuse
2021-07-30 17:00:00,2021-07-30 21:48:00,equipment_failure,510,FDR-0018,overhead line
2021-07-30 18:00:00,2021-07-30 20:01:00,weather,397,FDR-0021,overhead line
2021-07-30 18:00:00,2021-07-30 22:28:00,overload,411,FDR-0011,overhead line
2021-07-30 18:00:00,2021-07-30 19:12:00,overload,844,FDR-0036,fuse
2021-08-01 16:00:00,2021-08-01 19:37:00,weather,47,FDR-0051,switch
2021-08-01 16:00:00,2021-08-01 19:37:00,equipment_failure,399,FDR-0008,recloser
2021-08-01 18:00:00,2021-08-02 11:15:00,animal_contact,355,FDR-0045,switch
2021-08-01 18:00:00,2021-08-01 22:43:00,equipment_failure,146,FDR-0046,cable
2021-08-03 14:00:00,2021-08-03 20:31:00,equipment_failure,883,FDR-0064,transformer
2021-08-04 15:00:00,2021-08-04 22:39:00,overload,1220,FDR-0065,switch
2021-08-05 18:00:00,2021-08-06 01:33:00,overload,1214,FDR-0036,fuse
2021-08-08 14:00:00,2021-08-08 18:49:00,vegetation,580,FDR-0026,fuse
2021-08-08 14:00:00,2021-08-09 06:28:00,weather,1740,FDR-0012,transformer
2021-08-08 15:00:00,2021-08-08 16:40:00,weather,2112,FDR-0002,cable
2021-08-08 16:00:00,2021-08-08 19:12:00,weather,404,FDR-0007,cable
2021-08-08 16:00:00,2021-08-08 22:39:00,overload,1079,FDR-0019,overhead line
2021-08-08 16:00:00,2021-08-09 05:21:00,vegetation,2033,FDR-0005,recloser
2021-08-08 16:00:00,2021-08-09 03:28:00,weather,1399,FDR-0023,transformer
2021-08-08 17:00:00,2021-08-09 01:32:00,weather,909,FDR-0054,switch
2021-08-08 18:00:00,2021-08-08 19:08:00,animal_contact,188,FDR-0040,fuse
2021-08-08 19:00:00,2021-08-08 21:18:00,weather,1535,FDR-0065,recloser
2021-08-08 20:00:00,2021-08-09 13:12:00,vegetation,740,FDR-0046,fuse
2021-08-09 13:00:00,2021-08-09 17:58:00,equipment_failure,388,FDR-0030,transformer
2021-08-10 13:00:00,2021-08-10 17:54:00,equipment_failure,127,FDR-0036,fuse
2021-08-10 14:00:00,2021-08-10 21:21:00,equipment_failure,332,FDR-0050,switch
2021-08-10 15:00:00,2021-08-11 03:07:00,weather,1407,FDR-0064,switch
2021-08-10 16:00:00,2021-08-10 16:55:00,equipment_failure,131,FDR-0042,overhead line
2021-08-10 16:00:00,2021-08-11 09:58:00,weather,2010,FDR-0033,transformer
2021-08-10 17:00:00,2021-08-10 19:00:00,weather,195,FDR-0045,cable
2021-08-10 17:00:00,2021-08-11 04:32:00,weather,909,FDR-0062,fuse
2021-08-10 18:00:00,2021-08-11 05:00:00,weather,1800,FDR-0005,cable
2021-08-10 18:00:00,2021-08-11 01:48:00,weather,2695,FDR-0056,cable
2021-08-10 18:00:00,2021-08-10 22:39:00,overload,769,FDR-0022,switch
2021-08-11 14:00:00,2021-08-11 18:37:00,equipment_failure,377,FDR-0034,overhead line
2021-08-11 14:00:00,2021-08-11 19:30:00,animal_contact,2068,FDR-0042,cable
2021-08-11 18:00:00,2021-08-11 23:24:00,equipment_failure,635,FDR-0040,switch
2021-08-12 15:00:00,2021-08-12 22:22:00,overload,29,FDR-0056,transformer
2021-08-12 15:00:00,2021-08-12 22:22:00,overload,33,FDR-0056,transformer
2021-08-12 17:00:00,2021-08-12 22:49:00,equipment_failure,982,FDR-0034,switch
2021-08-13 19:00:00,2021-08-13 23:38:00,vegetation,63,FDR-0057,cable
2021-08-14 13:00:00,2021-08-14 17:39:00,equipment_failure,824,FDR-0024,overhead line
2021-08-14 15:00:00,2021-08-14 20:13:00,equipment_failure,122,FDR-0061,overhead line
2021-08-14 20:00:00,2021-08-14 23:07:00,weather,2502,FDR-0035,switch
2021-08-15 04:00:00,2021-08-15 05:11:00,equipment_failure,205,FDR-0029,switch
2021-08-15 14:00:00,2021-08-15 19:16:00,overload,941,FDR-0023,recloser
2021-08-16 16:00:00,2021-08-16 17:00:00,equipment_failure,642,FDR-0009,switch
2021-08-17 14:00:00,2021-08-17 16:54:00,weather,1025,FDR-0029,recloser
2021-08-17 14:00:00,2021-08-18 01:52:00,weather,923,FDR-0011,switch
2021-08-17 15:00:00,2021-08-17 18:53:00,animal_contact,899,FDR-0023,cable
2021-08-17 16:00:00,2021-08-17 19:45:00,vegetation,301,FDR-0007,transformer
2021-08-17 16:00:00,2021-08-18 06:14:00,weather,1698,FDR-0018,transformer
2021-08-17 17:00:00,2021-08-18 03:55:00,animal_contact,949,FDR-0009,overhead line
2021-08-17 18:00:00,2021-08-18 11:09:00,animal_contact,689,FDR-0039,fuse
2021-08-17 18:00:00,2021-08-18 06:22:00,weather,703,FDR-0063,switch
2021-08-17 19:00:00,2021-08-17 20:51:00,vegetation,192,FDR-0038,transformer
2021-08-17 19:00:00,2021-08-18 09:55:00,animal_contact,766,FDR-0009,recloser
2021-08-17 20:00:00,2021-08-18 11:21:00,weather,683,FDR-0044,switch
2021-08-18 07:00:00,2021-08-18 10:42:00,animal_contact,318,FDR-0061,switch
2021-08-18 14:00:00,2021-08-18 15:07:00,overload,512,FDR-0001,fuse
2021-08-18 18:00:00,2021-08-19 00:13:00,overload,1102,FDR-0061,recloser
2021-08-19 13:00:00,2021-08-19 15:39:00,overload,207,FDR-0040,cable
2021-08-19 14:00:00,2021-08-19 17:31:00,equipment_failure,1491,FDR-0050,switch
2021-08-19 14:00:00,2021-08-19 18:37:00,equipment_failure,896,FDR-0057,fuse
2021-08-20 13:00:00,2021-08-20 18:36:00,equipment_failure,1186,FDR-0008,cable
2021-08-20 18:00:00,2021-08-20 23:34:00,overload,1481,FDR-0047,fuse
2021-08-21 06:00:00,2021-08-21 10:17:00,equipment_failure,371,FDR-0023,overhead line
2021-08-21 17:00:00,2021-08-21 21:10:00,overload,1069,FDR-0063,switch
2021-08-21 17:00:00,2021-08-21 19:07:00,animal_contact,409,FDR-0055,fuse
2021-08-22 14:00:00,2021-08-22 14:34:00,equipment_failure,396,FDR-0007,overhead line
2021-08-23 15:00:00,2021-08-23 16:00:00,equipment_failure,1212,FDR-0003,recloser
2021-08-23 18:00:00,2021-08-23 18:55:00,overload,70,FDR-0054,cable
2021-08-24 18:00:00,2021-08-25 01:13:00,equipment_failure,867,FDR-0050,fuse
2021-08-25 15:00:00,2021-08-25 20:23:00,equipment_failure,1269,FDR-0018,transformer
2021-08-26 15:00:00,2021-08-26 15:50:00,equipment_failure,1293,FDR-0037,recloser
2021-08-26 17:00:00,2021-08-26 21:42:00,equipment_failure,427,FDR-0053,transformer
2021-08-28 16:00:00,2021-08-28 19:18:00,equipment_failure,924,FDR-0015,fuse
2021-08-28 16:00:00,2021-08-28 18:52:00,overload,525,FDR-0011,recloser
2021-08-29 13:00:00,2021-08-29 16:45:00,equipment_failure,919,FDR-0028,switch
2021-08-29 17:00:00,2021-08-29 21:26:00,overload,806,FDR-0063,cable
2021-08-30 11:00:00,2021-08-30 15:21:00,equipment_failure,281,FDR-0052,recloser
2021-08-30 14:00:00,2021-08-30 19:28:00,equipment_failure,1158,FDR-0023,overhead line
2021-08-30 15:00:00,2021-08-30 20:46:00,equipment_failure,315,FDR-0043,transformer
2021-09-01 15:00:00,2021-09-01 19:55:00,overload,413,FDR-0025,switch
2021-09-01 17:00:00,2021-09-01 18:30:00,equipment_failure,1326,FDR-0025,switch
2021-09-02 13:00:00,2021-09-02 14:22:00,overload,693,FDR-0008,fuse
2021-09-03 14:00:00,2021-09-03 19:49:00,equipment_failure,66,FDR-0007,fuse
2021-09-04 13:00:00,2021-09-04 18:06:00,equipment_failure,1281,FDR-0050,fuse
2021-09-04 13:00:00,2021-09-04 18:22:00,equipment_failure,31,FDR-0049,cable
2021-09-04 15:00:00,2021-09-04 20:15:00,equipment_failure,600,FDR-0031,overhead line
2021-09-04 16:00:00,2021-09-04 21:20:00,equipment_failure,1228,FDR-0051,fuse
2021-09-04 16:00:00,2021-09-04 21:49:00,equipment_failure,647,FDR-0025,recloser
2021-09-04 17:00:00,2021-09-04 17:31:00,equipment_failure,171,FDR-0009,overhead line
2021-09-04 18:00:00,2021-09-04 23:40:00,overload,636,FDR-0062,cable
2021-09-05 17:00:00,2021-09-06 00:00:00,equipment_failure,1260,FDR-0063,transformer
2021-09-06 14:00:00,2021-09-06 18:26:00,equipment_failure,362,FDR-0042,overhead line
2021-09-06 16:00:00,2021-09-06 19:58:00,overload,313,FDR-0054,fuse
2021-09-07 15:00:00,2021-09-07 20:09:00,equipment_failure,793,FDR-0016,recloser
2021-09-07 15:00:00,2021-09-07 22:22:00,equipment_failure,267,FDR-0013,fuse
2021-09-07 15:00:00,2021-09-07 19:08:00,equipment_failure,171,FDR-0027,transformer
2021-09-07 16:00:00,2021-09-07 17:54:00,equipment_failure,474,FDR-0023,switch
2021-09-07 16:00:00,2021-09-07 18:22:00,equipment_failure,1480,FDR-0048,cable
2021-09-07 17:00:00,2021-09-08 00:13:00,overload,846,FDR-0055,overhead line
2021-09-08 13:00:00,2021-09-08 18:31:00,equipment_failure,352,FDR-0032,overhead line
2021-09-08 15:00:00,2021-09-08 17:49:00,overload,557,FDR-0003,recloser
2021-09-08 15:00:00,2021-09-08 22:40:00,equipment_failure,566,FDR-0048,fuse
2021-09-08 17:00:00,2021-09-08 21:26:00,equipment_failure,110,FDR-0013,switch
2021-09-09 15:00:00,2021-09-09 20:52:00,equipment_failure,279,FDR-0001,fuse
2021-09-09 15:00:00,2021-09-09 16:55:00,equipment_failure,819,FDR-0010,transformer
2021-09-09 20:00:00,2021-09-09 21:40:00,equipment_failure,113,FDR-0055,overhead line
2021-09-10 13:00:00,2021-09-10 13:32:00,equipment_failure,1333,FDR-0044,recloser
2021-09-10 17:00:00,2021-09-11 00:46:00,equipment_failure,709,FDR-0043,transformer
2021-09-10 18:00:00,2021-09-10 19:58:00,equipment_failure,1091,FDR-0037,transformer
2021-09-10 20:00:00,2021-09-10 21:34:00,weather,1525,FDR-0054,recloser
2021-09-11 15:00:00,2021-09-11 20:27:00,equipment_failure,863,FDR-0012,overhead line
2021-09-11 16:00:00,2021-09-11 18:46:00,overload,960,FDR-0063,recloser
2021-09-12 12:00:00,2021-09-12 15:14:00,equipment_failure,311,FDR-0032,fuse
2021-09-12 15:00:00,2021-09-12 18:45:00,equipment_failure,165,FDR-0017,overhead line
2021-09-12 15:00:00,2021-09-12 18:59:00,equipment_failure,57,FDR-0014,fuse
2021-09-13 15:00:00,2021-09-13 21:00:00,overload,1293,FDR-0025,transformer
2021-09-14 13:00:00,2021-09-14 20:00:00,equipment_failure,802,FDR-0033,overhead line
2021-09-14 15:00:00,2021-09-15 05:32:00,animal_contact,568,FDR-0020,fuse
2021-09-14 15:00:00,2021-09-15 06:40:00,animal_contact,72,FDR-0017,overhead line
2021-09-14 17:00:00,2021-09-14 20:45:00,overload,450,FDR-0030,transformer
2021-09-15 13:00:00,2021-09-15 19:04:00,equipment_failure,992,FDR-0006,cable
2021-09-15 17:00:00,2021-09-15 22:19:00,equipment_failure,224,FDR-0020,switch
2021-09-16 17:00:00,2021-09-17 00:33:00,equipment_failure,359,FDR-0005,fuse
2021-09-17 13:00:00,2021-09-17 18:30:00,equipment_failure,926,FDR-0038,overhead line
2021-09-17 14:00:00,2021-09-17 15:03:00,equipment_failure,467,FDR-0036,overhead line
2021-09-17 17:00:00,2021-09-17 22:40:00,weather,165,FDR-0050,switch
2021-09-18 18:00:00,2021-09-18 23:33:00,equipment_failure,230,FDR-0027,switch
2021-09-20 17:00:00,2021-09-20 21:24:00,equipment_failure,563,FDR-0062,transformer
2021-09-21 13:00:00,2021-09-21 18:55:00,equipment_failure,39,FDR-0021,fuse
2021-09-22 14:00:00,2021-09-22 18:32:00,equipment_failure,408,FDR-0026,fuse
2021-09-22 14:00:00,2021-09-22 15:00:00,equipment_failure,337,FDR-0024,transformer
2021-09-22 16:00:00,2021-09-22 22:01:00,overload,1440,FDR-0005,fuse
2021-09-22 17:00:00,2021-09-22 22:35:00,equipment_failure,437,FDR-0044,overhead line
2021-09-22 18:00:00,2021-09-22 23:28:00,equipment_failure,542,FDR-0057,cable
2021-09-23 13:00:00,2021-09-23 13:36:00,overload,889,FDR-0055,recloser
2021-09-23 14:00:00,2021-09-23 17:17:00,overload,1239,FDR-0065,switch
2021-09-24 16:00:00,2021-09-24 19:10:00,equipment_failure,170,FDR-0006,fuse
2021-09-24 17:00:00,2021-09-25 10:30:00,weather,366,FDR-0017,switch
2021-09-24 18:00:00,2021-09-25 06:30:00,weather,712,FDR-0030,recloser
2021-09-24 18:00:00,2021-09-25 04:47:00,weather,618,FDR-0027,transformer
2021-09-26 14:00:00,2021-09-26 21:21:00,equipment_failure,38,FDR-0051,recloser
2021-09-26 14:00:00,2021-09-26 16:19:00,vegetation,1396,FDR-0049,cable
2021-09-26 14:00:00,2021-09-26 21:26:00,animal_contact,1240,FDR-0049,recloser
2021-09-26 15:00:00,2021-09-27 02:09:00,weather,767,FDR-0012,transformer
2021-09-26 15:00:00,2021-09-27 08:28:00,vegetation,2405,FDR-0015,recloser
2021-09-26 16:00:00,2021-09-27 00:47:00,weather,1398,FDR-0011,recloser
2021-09-26 17:00:00,2021-09-26 23:46:00,weather,1082,FDR-0051,cable
2021-09-26 17:00:00,2021-09-27 00:33:00,animal_contact,1785,FDR-0037,fuse
2021-09-26 18:00:00,2021-09-27 09:34:00,weather,202,FDR-0013,switch
2021-09-26 19:00:00,2021-09-27 00:45:00,vegetation,981,FDR-0030,switch
2021-09-26 19:00:00,2021-09-27 04:48:00,vegetation,835,FDR-0039,switch
2021-09-26 19:00:00,2021-09-27 04:57:00,vegetation,896,FDR-0009,fuse
2021-09-26 20:00:00,2021-09-27 10:22:00,animal_contact,631,FDR-0043,transformer
2021-09-27 13:00:00,2021-09-27 18:24:00,equipment_failure,294,FDR-0038,cable
2021-09-27 13:00:00,2021-09-27 15:12:00,overload,853,FDR-0009,overhead line
2021-09-27 15:00:00,2021-09-27 20:57:00,equipment_failure,524,FDR-0028,cable
2021-09-27 16:00:00,2021-09-27 17:57:00,equipment_failure,566,FDR-0052,recloser
2021-09-28 02:00:00,2021-09-28 07:39:00,equipment_failure,59,FDR-0011,transformer
2021-09-28 14:00:00,2021-09-28 16:43:00,equipment_failure,203,FDR-0033,switch
2021-09-28 17:00:00,2021-09-28 23:06:00,overload,119,FDR-0060,transformer
2021-09-29 14:00:00,2021-09-29 21:40:00,overload,796,FDR-0015,recloser
2021-09-29 15:00:00,2021-09-29 20:59:00,equipment_failure,1424,FDR-0031,switch
2021-09-29 15:00:00,2021-09-29 20:57:00,equipment_failure,874,FDR-0019,transformer
2021-09-29 17:00:00,2021-09-29 18:39:00,equipment_failure,543,FDR-0030,transformer
2021-09-29 18:00:00,2021-09-29 22:39:00,equipment_failure,1213,FDR-0056,recloser
2021-09-30 14:00:00,2021-09-30 16:11:00,overload,318,FDR-0026,cable
2021-09-30 15:00:00,2021-09-30 20:55:00,equipment_failure,772,FDR-0059,fuse
2021-10-01 02:00:00,2021-10-01 04:15:00,equipment_failure,165,FDR-0040,fuse
2021-10-02 15:00:00,2021-10-02 18:59:00,equipment_failure,1099,FDR-0015,transformer
2021-10-03 21:00:00,2021-10-04 00:13:00,equipment_failure,53,FDR-0048,transformer
2021-10-05 17:00:00,2021-10-06 00:00:00,equipment_failure,1264,FDR-0063,transformer
2021-10-06 07:00:00,2021-10-06 10:49:00,equipment_failure,488,FDR-0006,recloser
2021-10-06 14:00:00,2021-10-06 18:28:00,equipment_failure,598,FDR-0004,overhead line
2021-10-06 20:00:00,2021-10-07 02:45:00,weather,2633,FDR-0035,switch
2021-10-07 07:00:00,2021-10-07 08:18:00,animal_contact,416,FDR-0063,overhead line
2021-10-07 15:00:00,2021-10-07 16:24:00,vegetation,330,FDR-0040,transformer
2021-10-07 21:00:00,2021-10-07 22:51:00,equipment_failure,131,FDR-0003,recloser
2021-10-07 23:00:00,2021-10-08 00:13:00,equipment_failure,133,FDR-0061,fuse
2021-10-09 11:00:00,2021-10-09 12:58:00,equipment_failure,302,FDR-0059,fuse
2021-10-09 22:00:00,2021-10-10 03:46:00,equipment_failure,93,FDR-0032,overhead line
2021-10-10 10:00:00,2021-10-10 10:31:00,equipment_failure,340,FDR-0054,recloser
2021-10-10 15:00:00,2021-10-11 03:07:00,weather,1523,FDR-0010,switch
2021-10-11 03:00:00,2021-10-11 06:31:00,equipment_failure,273,FDR-0015,fuse
2021-10-11 11:00:00,2021-10-11 11:27:00,animal_contact,476,FDR-0063,overhead line
2021-10-12 15:00:00,2021-10-12 21:01:00,equipment_failure,401,FDR-0026,switch
2021-10-13 14:00:00,2021-10-13 16:19:00,animal_contact,356,FDR-0029,fuse
2021-10-14 14:00:00,2021-10-14 18:18:00,animal_contact,262,FDR-0051,switch
2021-10-15 07:00:00,2021-10-15 09:46:00,equipment_failure,44,FDR-0031,fuse
2021-10-19 14:00:00,2021-10-19 18:40:00,weather,309,FDR-0007,cable
2021-10-21 01:00:00,2021-10-21 01:22:00,equipment_failure,352,FDR-0050,cable
2021-10-21 17:00:00,2021-10-21 19:15:00,animal_contact,343,FDR-0011,transformer
2021-10-22 21:00:00,2021-10-22 22:43:00,equipment_failure,386,FDR-0063,overhead line
2021-10-26 10:00:00,2021-10-26 15:01:00,equipment_failure,123,FDR-0015,overhead line
2021-10-28 08:00:00,2021-10-28 09:28:00,equipment_failure,329,FDR-0029,recloser
2021-10-28 14:00:00,2021-10-28 15:58:00,weather,509,FDR-0008,overhead line
2021-10-30 11:00:00,2021-10-30 15:59:00,equipment_failure,268,FDR-0031,recloser
2021-11-01 18:00:00,2021-11-01 20:03:00,equipment_failure,824,FDR-0018,switch
2021-11-02 22:00:00,2021-11-03 03:54:00,equipment_failure,18,FDR-0010,recloser
2021-11-03 21:00:00,2021-11-04 02:57:00,equipment_failure,120,FDR-0010,recloser
2021-11-04 14:00:00,2021-11-04 18:15:00,equipment_failure,475,FDR-0007,transformer
2021-11-05 11:00:00,2021-11-05 13:15:00,equipment_failure,285,FDR-0013,fuse
2021-11-06 18:00:00,2021-11-06 20:13:00,weather,413,FDR-0020,fuse
2021-11-06 18:00:00,2021-11-06 21:47:00,weather,845,FDR-0024,recloser
2021-11-06 20:00:00,2021-11-06 20:46:00,equipment_failure,282,FDR-0026,fuse
2021-11-08 16:00:00,2021-11-08 22:39:00,overload,1102,FDR-0019,overhead line
2021-11-10 19:00:00,2021-11-11 02:57:00,weather,71,FDR-0016,switch
2021-11-10 21:00:00,2021-11-11 01:32:00,equipment_failure,79,FDR-0034,cable
2021-11-13 09:00:00,2021-11-13 09:42:00,equipment_failure,51,FDR-0009,fuse
2021-11-14 04:00:00,2021-11-14 08:57:00,equipment_failure,6,FDR-0009,switch
2021-11-14 08:00:00,2021-11-14 12:00:00,equipment_failure,424,FDR-0017,fuse
2021-11-14 10:00:00,2021-11-14 13:27:00,equipment_failure,349,FDR-0033,transformer
2021-11-14 23:00:00,2021-11-15 01:28:00,equipment_failure,347,FDR-0043,cable
2021-11-16 18:00:00,2021-11-16 23:44:00,overload,1310,FDR-0025,overhead line
2021-11-16 20:00:00,2021-11-16 22:02:00,equipment_failure,362,FDR-0064,fuse
2021-11-17 14:00:00,2021-11-17 17:47:00,equipment_failure,1075,FDR-0004,fuse
2021-11-18 18:00:00,2021-11-18 21:39:00,equipment_failure,421,FDR-0065,transformer
2021-11-18 18:00:00,2021-11-19 04:56:00,vegetation,296,FDR-0026,recloser
2021-11-18 23:00:00,2021-11-19 03:25:00,equipment_failure,208,FDR-0035,switch
2021-11-19 20:00:00,2021-11-19 20:22:00,animal_contact,438,FDR-0028,cable
2021-11-19 23:00:00,2021-11-20 03:09:00,equipment_failure,281,FDR-0020,fuse
2021-11-20 16:00:00,2021-11-20 18:57:00,overload,195,FDR-0014,transformer
2021-11-22 15:00:00,2021-11-22 16:40:00,equipment_failure,279,FDR-0018,overhead line
2021-11-23 14:00:00,2021-11-23 23:13:00,weather,2051,FDR-0042,transformer
2021-11-24 14:00:00,2021-11-24 15:36:00,equipment_failure,74,FDR-0044,switch
2021-11-24 22:00:00,2021-11-25 02:31:00,equipment_failure,327,FDR-0041,cable
2021-11-25 05:00:00,2021-11-25 07:11:00,equipment_failure,160,FDR-0018,recloser
2021-11-26 13:00:00,2021-11-26 19:25:00,equipment_failure,1527,FDR-0046,cable
2021-11-26 13:00:00,2021-11-26 16:54:00,overload,193,FDR-0002,recloser
2021-11-28 16:00:00,2021-11-28 17:45:00,weather,764,FDR-0002,cable
2021-11-29 06:00:00,2021-11-29 10:47:00,equipment_failure,259,FDR-0042,transformer
2021-11-29 18:00:00,2021-11-29 20:32:00,equipment_failure,280,FDR-0033,fuse
2021-11-30 16:00:00,2021-11-30 18:58:00,equipment_failure,823,FDR-0057,transformer
2021-12-01 14:00:00,2021-12-02 06:48:00,weather,1401,FDR-0032,transformer
2021-12-01 14:00:00,2021-12-01 23:21:00,weather,748,FDR-0031,fuse
2021-12-01 14:00:00,2021-12-02 03:25:00,vegetation,884,FDR-0025,transformer
2021-12-01 17:00:00,2021-12-02 00:03:00,vegetation,282,FDR-0058,cable
2021-12-04 14:00:00,2021-12-05 03:30:00,weather,1925,FDR-0035,fuse
2021-12-04 14:00:00,2021-12-04 16:37:00,equipment_failure,188,FDR-0021,switch
2021-12-04 14:00:00,2021-12-05 01:26:00,weather,433,FDR-0003,fuse
2021-12-04 14:00:00,2021-12-05 07:43:00,vegetation,2335,FDR-0010,switch
2021-12-04 15:00:00,2021-12-04 20:42:00,weather,211,FDR-0031,recloser
2021-12-04 16:00:00,2021-12-04 17:46:00,animal_contact,213,FDR-0014,recloser
2021-12-04 17:00:00,2021-12-05 05:15:00,weather,2733,FDR-0064,cable
2021-12-11 16:00:00,2021-12-12 01:07:00,vegetation,842,FDR-0033,overhead line
2021-12-11 16:00:00,2021-12-11 21:28:00,weather,613,FDR-0027,fuse
2021-12-11 16:00:00,2021-12-11 22:46:00,vegetation,1613,FDR-0028,recloser
2021-12-11 17:00:00,2021-12-11 21:37:00,weather,634,FDR-0019,transformer
2021-12-11 18:00:00,2021-12-11 20:15:00,weather,1607,FDR-0063,fuse
2021-12-12 16:00:00,2021-12-12 17:37:00,animal_contact,2,FDR-0057,switch
2021-12-12 16:00:00,2021-12-12 17:15:00,overload,144,FDR-0021,fuse
2021-12-13 02:00:00,2021-12-13 07:57:00,equipment_failure,499,FDR-0030,recloser
2021-12-15 01:00:00,2021-12-15 02:45:00,equipment_failure,57,FDR-0004,cable
2021-12-15 17:00:00,2021-12-15 20:43:00,equipment_failure,55,FDR-0012,transformer
2021-12-15 22:00:00,2021-12-16 01:36:00,equipment_failure,303,FDR-0062,overhead line
2021-12-17 01:00:00,2021-12-17 04:00:00,equipment_failure,223,FDR-0002,overhead line
2021-12-17 12:00:00,2021-12-17 12:36:00,equipment_failure,218,FDR-0025,transformer
2021-12-18 15:00:00,2021-12-18 16:54:00,equipment_failure,192,FDR-0047,transformer
2021-12-19 16:00:00,2021-12-20 03:24:00,vegetation,891,FDR-0061,transformer
2021-12-22 14:00:00,2021-12-22 19:19:00,animal_contact,552,FDR-0004,cable
2021-12-22 14:00:00,2021-12-22 21:43:00,animal_contact,1413,FDR-0032,recloser
2021-12-22 18:00:00,2021-12-23 10:42:00,vegetation,2059,FDR-0054,overhead line
2021-12-22 19:00:00,2021-12-22 22:21:00,vegetation,574,FDR-0056,cable
2021-12-23 15:00:00,2021-12-23 16:02:00,weather,1499,FDR-0055,transformer
2021-12-24 09:00:00,2021-12-24 09:33:00,equipment_failure,204,FDR-0055,transformer
2021-12-25 04:00:00,2021-12-25 07:28:00,equipment_failure,9,FDR-0005,switch
2021-12-25 06:00:00,2021-12-25 11:16:00,equipment_failure,365,FDR-0064,cable
2021-12-25 20:00:00,2021-12-26 01:25:00,equipment_failure,228,FDR-0015,recloser
2021-12-26 14:00:00,2021-12-27 00:10:00,animal_contact,227,FDR-0022,fuse
2021-12-26 17:00:00,2021-12-26 23:48:00,weather,865,FDR-0057,switch
2021-12-26 17:00:00,2021-12-27 10:25:00,weather,101,FDR-0050,overhead line
2021-12-27 23:00:00,2021-12-27 23:43:00,equipment_failure,289,FDR-0048,transformer
2021-12-28 09:00:00,2021-12-28 14:59:00,equipment_failure,272,FDR-0053,transformer
2021-12-28 14:00:00,2021-12-28 15:58:00,weather,654,FDR-0036,overhead line
2021-12-28 17:00:00,2021-12-28 19:34:00,equipment_failure,402,FDR-0010,overhead line
2021-12-28 23:00:00,2021-12-29 02:05:00,equipment_failure,314,FDR-0039,cable
2021-12-30 00:00:00,2021-12-30 02:28:00,equipment_failure,185,FDR-0005,switch
2022-01-02 15:00:00,2022-01-02 16:27:00,animal_contact,423,FDR-0056,fuse
2022-01-02 15:00:00,2022-01-02 20:20:00,overload,1256,FDR-0035,recloser
2022-01-04 14:00:00,2022-01-05 04:05:00,animal_contact,452,FDR-0058,fuse
2022-01-04 15:00:00,2022-01-04 22:32:00,weather,1599,FDR-0011,cable
2022-01-04 15:00:00,2022-01-05 05:38:00,animal_contact,1713,FDR-0047,switch
2022-01-04 16:00:00,2022-01-05 03:25:00,vegetation,1017,FDR-0033,cable
2022-01-04 17:00:00,2022-01-04 21:55:00,vegetation,1848,FDR-0027,cable
2022-01-04 18:00:00,2022-01-05 05:03:00,weather,1540,FDR-0034,transformer
2022-01-04 19:00:00,2022-01-05 09:10:00,animal_contact,1659,FDR-0051,fuse
2022-01-06 16:00:00,2022-01-06 17:32:00,equipment_failure,364,FDR-0021,overhead line
2022-01-06 16:00:00,2022-01-07 09:21:00,weather,1453,FDR-0020,recloser
2022-01-07 07:00:00,2022-01-07 11:30:00,animal_contact,247,FDR-0015,recloser
2022-01-07 15:00:00,2022-01-08 03:12:00,weather,1765,FDR-0035,cable
2022-01-07 16:00:00,2022-01-08 09:00:00,animal_contact,873,FDR-0024,cable
2022-01-07 17:00:00,2022-01-08 08:26:00,weather,1148,FDR-0025,recloser
2022-01-07 17:00:00,2022-01-07 18:36:00,weather,355,FDR-0022,overhead line
2022-01-07 18:00:00,2022-01-08 09:06:00,vegetation,312,FDR-0017,transformer
2022-01-07 18:00:00,2022-01-07 22:37:00,weather,427,FDR-0005,fuse
2022-01-07 20:00:00,2022-01-08 09:57:00,vegetation,546,FDR-0053,overhead line
2022-01-08 12:00:00,2022-01-08 15:56:00,animal_contact,197,FDR-0011,cable
2022-01-09 07:00:00,2022-01-09 08:47:00,equipment_failure,312,FDR-0045,cable
2022-01-10 03:00:00,2022-01-10 04:34:00,equipment_failure,171,FDR-0053,switch
2022-01-10 18:00:00,2022-01-10 18:34:00,equipment_failure,1395,FDR-0019,fuse
2022-01-11 18:00:00,2022-01-11 23:29:00,vegetation,687,FDR-0033,switch
2022-01-13 02:00:00,2022-01-13 07:15:00,animal_contact,222,FDR-0059,fuse
2022-01-13 22:00:00,2022-01-13 23:03:00,equipment_failure,296,FDR-0012,overhead line
2022-01-15 15:00:00,2022-01-15 18:12:00,weather,2261,FDR-0012,recloser
2022-01-15 15:00:00,2022-01-16 03:45:00,weather,85,FDR-0014,recloser
2022-01-15 15:00:00,2022-01-15 23:15:00,vegetation,126,FDR-0015,fuse
2022-01-15 15:00:00,2022-01-15 20:14:00,weather,1241,FDR-0041,recloser
2022-01-15 17:00:00,2022-01-16 06:40:00,weather,1882,FDR-0044,recloser
2022-01-15 17:00:00,2022-01-16 09:55:00,vegetation,105,FDR-0002,transformer
2022-01-15 18:00:00,2022-01-16 00:02:00,weather,2022,FDR-0023,switch
2022-01-16 03:00:00,2022-01-16 05:04:00,animal_contact,20,FDR-0020,switch
2022-01-16 05:00:00,2022-01-16 06:38:00,animal_contact,72,FDR-0050,fuse
2022-01-18 05:00:00,2022-01-18 09:15:00,equipment_failure,2,FDR-0025,switch
2022-01-18 15:00:00,2022-01-18 15:54:00,equipment_failure,931,FDR-0055,overhead line
2022-01-18 18:00:00,2022-01-18 22:20:00,animal_contact,565,FDR-0050,transformer
2022-01-19 07:00:00,2022-01-19 08:04:00,animal_contact,165,FDR-0048,switch
2022-01-19 18:00:00,2022-01-19 19:12:00,animal_contact,497,FDR-0062,cable
2022-01-19 22:00:00,2022-01-20 03:48:00,equipment_failure,100,FDR-0041,transformer
2022-01-20 07:00:00,2022-01-20 07:57:00,equipment_failure,529,FDR-0049,transformer
2022-01-20 17:00:00,2022-01-20 17:35:00,overload,1087,FDR-0041,overhead line
2022-01-20 18:00:00,2022-01-20 18:51:00,equipment_failure,469,FDR-0054,overhead line
2022-01-22 14:00:00,2022-01-23 05:45:00,weather,460,FDR-0062,transformer
2022-01-22 15:00:00,2022-01-23 03:43:00,animal_contact,1253,FDR-0038,switch
2022-01-22 18:00:00,2022-01-23 05:34:00,vegetation,634,FDR-0061,fuse
2022-01-22 19:00:00,2022-01-22 22:21:00,vegetation,583,FDR-0056,cable
2022-01-23 02:00:00,2022-01-23 03:11:00,equipment_failure,154,FDR-0030,switch
2022-01-23 03:00:00,2022-01-23 05:12:00,equipment_failure,84,FDR-0023,fuse
2022-01-23 03:00:00,2022-01-23 04:28:00,equipment_failure,453,FDR-0049,transformer
2022-01-24 15:00:00,2022-01-25 08:49:00,vegetation,753,FDR-0038,switch
2022-01-24 15:00:00,2022-01-25 04:16:00,weather,522,FDR-0017,recloser
2022-01-24 16:00:00,2022-01-24 20:45:00,weather,839,FDR-0002,recloser
2022-01-24 16:00:00,2022-01-25 05:25:00,animal_contact,132,FDR-0030,overhead line
2022-01-24 16:00:00,2022-01-25 04:46:00,vegetation,898,FDR-0029,cable
2022-01-24 17:00:00,2022-01-25 10:33:00,vegetation,636,FDR-0047,switch
2022-01-24 18:00:00,2022-01-25 11:52:00,vegetation,2453,FDR-0065,transformer
2022-01-24 20:00:00,2022-01-25 08:54:00,weather,649,FDR-0016,cable
2022-01-26 16:00:00,2022-01-26 21:42:00,equipment_failure,126,FDR-0051,switch
2022-01-29 13:00:00,2022-01-29 14:33:00,equipment_failure,186,FDR-0022,cable
2022-01-30 03:00:00,2022-01-30 06:09:00,equipment_failure,226,FDR-0034,recloser
2022-02-02 10:00:00,2022-02-02 15:31:00,equipment_failure,419,FDR-0002,transformer
2022-02-02 17:00:00,2022-02-02 21:45:00,equipment_failure,240,FDR-0013,cable
2022-02-04 14:00:00,2022-02-04 19:46:00,equipment_failure,1144,FDR-0018,cable
2022-02-05 15:00:00,2022-02-05 22:44:00,equipment_failure,82,FDR-0024,overhead line
2022-02-05 16:00:00,2022-02-05 20:15:00,equipment_failure,104,FDR-0002,fuse
2022-02-06 14:00:00,2022-02-07 01:19:00,vegetation,366,FDR-0014,transformer
2022-02-06 15:00:00,2022-02-07 07:55:00,animal_contact,1176,FDR-0063,transformer
2022-02-06 15:00:00,2022-02-07 02:26:00,weather,323,FDR-0004,overhead line
2022-02-06 15:00:00,2022-02-07 06:13:00,weather,1131,FDR-0055,switch
2022-02-06 16:00:00,2022-02-07 03:23:00,animal_contact,1214,FDR-0063,recloser
2022-02-06 18:00:00,2022-02-06 21:47:00,weather,862,FDR-0024,recloser
2022-02-06 19:00:00,2022-02-07 08:06:00,weather,421,FDR-0054,transformer
2022-02-07 07:00:00,2022-02-07 08:18:00,animal_contact,444,FDR-0063,overhead line
2022-02-07 14:00:00,2022-02-07 15:49:00,weather,213,FDR-0031,fuse
2022-02-07 15:00:00,2022-02-08 07:41:00,vegetation,458,FDR-0048,transformer
2022-02-07 20:00:00,2022-02-08 04:09:00,weather,674,FDR-0038,fuse
2022-02-08 07:00:00,2022-02-08 08:51:00,equipment_failure,335,FDR-0015,switch
2022-02-08 16:00:00,2022-02-09 03:28:00,weather,1221,FDR-0023,transformer
2022-02-11 00:00:00,2022-02-11 00:48:00,equipment_failure,2,FDR-0017,recloser
2022-02-12 18:00:00,2022-02-13 01:29:00,equipment_failure,164,FDR-0014,recloser
2022-02-13 15:00:00,2022-02-13 18:48:00,weather,860,FDR-0063,transformer
2022-02-13 16:00:00,2022-02-14 09:07:00,weather,138,FDR-0052,overhead line
2022-02-13 17:00:00,2022-02-14 02:17:00,vegetation,1043,FDR-0011,transformer
2022-02-13 18:00:00,2022-02-14 10:48:00,weather,1703,FDR-0021,overhead line
2022-02-13 18:00:00,2022-02-13 19:42:00,weather,1096,FDR-0052,cable
2022-02-13 18:00:00,2022-02-14 03:18:00,vegetation,2421,FDR-0050,cable
2022-02-13 19:00:00,2022-02-14 01:25:00,weather,1757,FDR-0036,fuse
2022-02-14 03:00:00,2022-02-14 07:03:00,equipment_failure,153,FDR-0025,fuse
2022-02-18 07:00:00,2022-02-18 10:42:00,animal_contact,323,FDR-0061,switch
2022-02-18 18:00:00,2022-02-18 19:50:00,equipment_failure,181,FDR-0041,recloser
2022-02-19 19:00:00,2022-02-19 21:34:00,animal_contact,573,FDR-0059,transformer
2022-02-20 16:00:00,2022-02-20 18:37:00,equipment_failure,1015,FDR-0032,cable
2022-02-21 15:00:00,2022-02-21 23:29:00,weather,1669,FDR-0008,fuse
2022-02-21 17:00:00,2022-02-21 21:01:00,equipment_failure,83,FDR-0036,cable
2022-02-21 20:00:00,2022-02-21 21:57:00,equipment_failure,280,FDR-0034,recloser
2022-02-27 04:00:00,2022-02-27 09:04:00,equipment_failure,363,FDR-0008,switch
2022-02-28 19:00:00,2022-02-28 19:33:00,equipment_failure,172,FDR-0048,switch
2022-03-01 13:00:00,2022-03-01 15:00:00,equipment_failure,59,FDR-0044,fuse
2022-03-02 09:00:00,2022-03-02 13:15:00,animal_contact,152,FDR-0042,cable
2022-03-02 16:00:00,2022-03-02 20:56:00,equipment_failure,201,FDR-0007,cable
2022-03-05 16:00:00,2022-03-05 20:25:00,equipment_failure,153,FDR-0054,transformer
2022-03-06 02:00:00,2022-03-06 05:06:00,equipment_failure,331,FDR-0034,switch
2022-03-09 09:00:00,2022-03-09 12:10:00,equipment_failure,8,FDR-0045,switch
2022-03-10 08:00:00,2022-03-10 11:39:00,equipment_failure,515,FDR-0021,fuse
2022-03-10 09:00:00,2022-03-10 14:21:00,equipment_failure,48,FDR-0047,switch
2022-03-14 01:00:00,2022-03-14 05:52:00,equipment_failure,194,FDR-0032,transformer
2022-03-14 06:00:00,2022-03-14 08:28:00,equipment_failure,124,FDR-0064,transformer
2022-03-15 04:00:00,2022-03-15 05:11:00,equipment_failure,215,FDR-0030,switch
2022-03-15 15:00:00,2022-03-15 20:14:00,weather,1067,FDR-0041,recloser
2022-03-15 20:00:00,2022-03-16 06:51:00,vegetation,725,FDR-0026,transformer
2022-03-16 02:00:00,2022-03-16 04:21:00,animal_contact,282,FDR-0037,fuse
2022-03-16 18:00:00,2022-03-16 21:00:00,equipment_failure,14,FDR-0015,fuse
2022-03-16 20:00:00,2022-03-16 23:16:00,equipment_failure,145,FDR-0058,cable
2022-03-17 00:00:00,2022-03-17 01:18:00,equipment_failure,297,FDR-0003,overhead line
2022-03-17 02:00:00,2022-03-17 03:48:00,animal_contact,462,FDR-0030,cable
2022-03-18 19:00:00,2022-03-18 20:34:00,animal_contact,457,FDR-0016,overhead line
2022-03-18 23:00:00,2022-03-19 02:24:00,equipment_failure,349,FDR-0042,fuse
2022-03-19 19:00:00,2022-03-19 19:42:00,equipment_failure,31,FDR-0056,fuse
2022-03-20 17:00:00,2022-03-20 21:24:00,equipment_failure,549,FDR-0062,transformer
2022-03-22 19:00:00,2022-03-23 11:52:00,weather,193,FDR-0055,overhead line
2022-03-24 18:00:00,2022-03-24 20:33:00,equipment_failure,158,FDR-0041,switch
2022-03-26 19:00:00,2022-03-26 22:28:00,equipment_failure,486,FDR-0032,cable
2022-03-26 20:00:00,2022-03-27 01:11:00,equipment_failure,468,FDR-0065,transformer
2022-03-29 18:00:00,2022-03-29 23:34:00,equipment_failure,412,FDR-0001,recloser
2022-03-30 05:00:00,2022-03-30 06:29:00,animal_contact,277,FDR-0050,overhead line
2022-03-30 23:00:00,2022-03-31 02:20:00,equipment_failure,129,FDR-0029,switch
2022-03-31 11:00:00,2022-03-31 11:37:00,animal_contact,426,FDR-0035,recloser
2022-04-01 05:00:00,2022-04-01 10:26:00,equipment_failure,133,FDR-0002,overhead line
2022-04-02 10:00:00,2022-04-02 15:31:00,equipment_failure,464,FDR-0002,transformer
2022-04-04 14:00:00,2022-04-04 16:37:00,equipment_failure,229,FDR-0021,switch
2022-04-04 15:00:00,2022-04-04 20:15:00,equipment_failure,439,FDR-0026,cable
2022-04-05 17:00:00,2022-04-05 18:27:00,equipment_failure,183,FDR-0006,overhead line
2022-04-07 17:00:00,2022-04-08 08:26:00,weather,1247,FDR-0025,recloser
2022-04-07 17:00:00,2022-04-07 18:36:00,weather,343,FDR-0022,overhead line
2022-04-09 04:00:00,2022-04-09 08:50:00,equipment_failure,271,FDR-0028,switch
2022-04-09 16:00:00,2022-04-09 19:06:00,equipment_failure,44,FDR-0047,overhead line
2022-04-10 07:00:00,2022-04-10 10:14:00,animal_contact,417,FDR-0020,recloser
2022-04-10 15:00:00,2022-04-11 03:07:00,weather,1459,FDR-0044,switch
2022-04-11 15:00:00,2022-04-11 21:13:00,overload,306,FDR-0064,overhead line
2022-04-13 14:00:00,2022-04-13 16:19:00,animal_contact,398,FDR-0043,fuse
2022-04-13 17:00:00,2022-04-13 22:30:00,overload,936,FDR-0028,recloser
2022-04-14 17:00:00,2022-04-14 20:20:00,weather,363,FDR-0006,recloser
2022-04-17 11:00:00,2022-04-17 11:27:00,equipment_failure,115,FDR-0014,fuse
2022-04-17 20:00:00,2022-04-17 22:24:00,equipment_failure,341,FDR-0011,cable
2022-04-18 19:00:00,2022-04-18 20:34:00,animal_contact,380,FDR-0016,overhead line
2022-04-20 07:00:00,2022-04-20 07:48:00,equipment_failure,122,FDR-0031,recloser
2022-04-21 06:00:00,2022-04-21 10:17:00,equipment_failure,323,FDR-0046,overhead line
2022-04-21 19:00:00,2022-04-21 23:27:00,vegetation,129,FDR-0002,switch
2022-04-21 20:00:00,2022-04-21 21:19:00,equipment_failure,153,FDR-0044,switch
2022-04-22 04:00:00,2022-04-22 06:33:00,equipment_failure,286,FDR-0033,overhead line
2022-04-23 08:00:00,2022-04-23 12:25:00,equipment_failure,297,FDR-0024,cable
2022-04-23 13:00:00,2022-04-23 14:10:00,equipment_failure,181,FDR-0038,fuse
2022-04-23 14:00:00,2022-04-23 17:44:00,equipment_failure,1444,FDR-0052,switch
2022-04-26 18:00:00,2022-04-26 20:07:00,overload,400,FDR-0048,fuse
2022-04-28 06:00:00,2022-04-28 09:33:00,equipment_failure,22,FDR-0019,recloser
2022-04-28 18:00:00,2022-04-29 05:03:00,vegetation,3085,FDR-0062,overhead line
2022-05-02 20:00:00,2022-05-03 00:24:00,equipment_failure,52,FDR-0024,fuse
2022-05-02 22:00:00,2022-05-03 01:24:00,equipment_failure,5,FDR-0013,recloser
2022-05-04 12:00:00,2022-05-04 14:31:00,equipment_failure,72,FDR-0035,fuse
2022-05-05 09:00:00,2022-05-05 14:33:00,equipment_failure,346,FDR-0060,recloser
2022-05-05 19:00:00,2022-05-06 01:09:00,animal_contact,1611,FDR-0039,cable
2022-05-08 16:00:00,2022-05-08 19:16:00,equipment_failure,358,FDR-0059,transformer
2022-05-09 18:00:00,2022-05-09 21:17:00,equipment_failure,249,FDR-0018,transformer
2022-05-11 11:00:00,2022-05-11 15:06:00,equipment_failure,346,FDR-0056,cable
2022-05-11 14:00:00,2022-05-11 23:46:00,animal_contact,839,FDR-0063,cable
2022-05-12 14:00:00,2022-05-12 18:59:00,animal_contact,204,FDR-0052,fuse
2022-05-13 07:00:00,2022-05-13 12:30:00,equipment_failure,304,FDR-0023,switch
2022-05-14 01:00:00,2022-05-14 05:52:00,equipment_failure,214,FDR-0032,transformer
2022-05-15 23:00:00,2022-05-16 02:58:00,equipment_failure,145,FDR-0009,transformer
2022-05-17 22:00:00,2022-05-18 00:57:00,equipment_failure,489,FDR-0008,overhead line
2022-05-18 18:00:00,2022-05-18 22:20:00,animal_contact,603,FDR-0028,transformer
2022-05-19 17:00:00,2022-05-20 06:18:00,vegetation,2338,FDR-0039,overhead line
2022-05-20 01:00:00,2022-05-20 04:46:00,equipment_failure,374,FDR-0024,recloser
2022-05-20 06:00:00,2022-05-20 07:43:00,equipment_failure,5,FDR-0010,cable
2022-05-20 08:00:00,2022-05-20 09:39:00,equipment_failure,92,FDR-0037,transformer
2022-05-21 21:00:00,2022-05-21 21:51:00,equipment_failure,31,FDR-0051,transformer
2022-05-23 23:00:00,2022-05-24 03:48:00,equipment_failure,11,FDR-0027,recloser
2022-05-25 08:00:00,2022-05-25 10:00:00,equipment_failure,401,FDR-0004,fuse
2022-05-26 15:00:00,2022-05-26 19:22:00,equipment_failure,754,FDR-0005,recloser
2022-05-28 16:00:00,2022-05-28 19:13:00,equipment_failure,439,FDR-0014,fuse
2022-05-29 05:00:00,2022-05-29 08:01:00,equipment_failure,50,FDR-0040,switch
2022-05-29 15:00:00,2022-05-29 17:57:00,animal_contact,494,FDR-0046,fuse
2022-06-02 15:00:00,2022-06-02 19:24:00,equipment_failure,274,FDR-0001,transformer
2022-06-02 18:00:00,2022-06-02 19:36:00,overload,624,FDR-0022,recloser
2022-06-03 13:00:00,2022-06-03 16:50:00,overload,1208,FDR-0052,fuse
2022-06-03 15:00:00,2022-06-03 21:06:00,equipment_failure,905,FDR-0040,recloser
2022-06-03 15:00:00,2022-06-03 22:47:00,equipment_failure,855,FDR-0044,recloser
2022-06-04 15:00:00,2022-06-04 22:29:00,overload,780,FDR-0064,cable
2022-06-05 05:00:00,2022-06-05 06:57:00,animal_contact,243,FDR-0051,cable
2022-06-05 15:00:00,2022-06-05 16:07:00,equipment_failure,228,FDR-0060,fuse
2022-06-05 15:00:00,2022-06-05 20:00:00,overload,968,FDR-0055,fuse
2022-06-07 18:00:00,2022-06-07 20:18:00,equipment_failure,969,FDR-0051,recloser
2022-06-08 07:00:00,2022-06-08 08:58:00,equipment_failure,440,FDR-0017,cable
2022-06-08 13:00:00,2022-06-08 17:24:00,overload,129,FDR-0018,overhead line
2022-06-08 15:00:00,2022-06-08 20:05:00,overload,1396,FDR-0048,cable
2022-06-09 17:00:00,2022-06-09 22:26:00,overload,652,FDR-0004,recloser
2022-06-10 14:00:00,2022-06-10 16:46:00,equipment_failure,308,FDR-0020,recloser
2022-06-10 14:00:00,2022-06-10 20:50:00,overload,911,FDR-0057,fuse
2022-06-10 16:00:00,2022-06-10 20:34:00,equipment_failure,462,FDR-0033,overhead line
2022-06-10 17:00:00,2022-06-10 17:52:00,equipment_failure,1353,FDR-0018,switch
2022-06-10 17:00:00,2022-06-11 03:58:00,weather,92,FDR-0013,transformer
2022-06-11 14:00:00,2022-06-11 16:16:00,overload,362,FDR-0058,switch
2022-06-11 15:00:00,2022-06-11 16:25:00,equipment_failure,374,FDR-0035,switch
2022-06-12 15:00:00,2022-06-12 15:57:00,equipment_failure,223,FDR-0063,transformer
2022-06-12 16:00:00,2022-06-12 18:36:00,equipment_failure,247,FDR-0017,overhead line
2022-06-12 17:00:00,2022-06-12 20:23:00,overload,124,FDR-0014,fuse
2022-06-13 16:00:00,2022-06-13 21:47:00,equipment_failure,1032,FDR-0055,overhead line
2022-06-13 16:00:00,2022-06-13 21:08:00,equipment_failure,514,FDR-0033,overhead line
2022-06-13 17:00:00,2022-06-13 17:32:00,equipment_failure,209,FDR-0026,recloser
2022-06-13 18:00:00,2022-06-13 21:52:00,equipment_failure,545,FDR-0039,transformer
2022-06-14 13:00:00,2022-06-14 17:43:00,overload,1196,FDR-0057,transformer
2022-06-15 17:00:00,2022-06-15 19:46:00,overload,1051,FDR-0012,recloser
2022-06-15 17:00:00,2022-06-15 21:39:00,equipment_failure,549,FDR-0053,overhead line
2022-06-16 13:00:00,2022-06-16 20:12:00,overload,927,FDR-0030,switch
2022-06-16 15:00:00,2022-06-16 20:40:00,equipment_failure,1224,FDR-0065,transformer
2022-06-17 13:00:00,2022-06-17 20:31:00,equipment_failure,144,FDR-0013,switch
2022-06-17 13:00:00,2022-06-17 14:21:00,equipment_failure,208,FDR-0020,switch
2022-06-17 15:00:00,2022-06-17 16:39:00,overload,1247,FDR-0034,cable
2022-06-17 18:00:00,2022-06-17 21:07:00,overload,1068,FDR-0015,transformer
2022-06-17 18:00:00,2022-06-17 20:34:00,equipment_failure,751,FDR-0041,switch
2022-06-18 13:00:00,2022-06-18 16:54:00,overload,926,FDR-0033,transformer
2022-06-18 16:00:00,2022-06-18 21:01:00,overload,298,FDR-0006,fuse
2022-06-19 14:00:00,2022-06-19 20:39:00,overload,1009,FDR-0006,fuse
2022-06-19 15:00:00,2022-06-19 16:10:00,equipment_failure,681,FDR-0022,cable
2022-06-19 15:00:00,2022-06-19 16:05:00,weather,933,FDR-0061,switch
2022-06-19 17:00:00,2022-06-19 22:18:00,equipment_failure,333,FDR-0062,cable
2022-06-20 13:00:00,2022-06-20 18:26:00,equipment_failure,389,FDR-0052,cable
2022-06-20 15:00:00,2022-06-20 16:01:00,equipment_failure,257,FDR-0021,transformer
2022-06-20 15:00:00,2022-06-20 18:23:00,overload,786,FDR-0024,switch
2022-06-21 17:00:00,2022-06-21 18:46:00,equipment_failure,1269,FDR-0035,cable
2022-06-21 18:00:00,2022-06-21 18:37:00,equipment_failure,384,FDR-0031,cable
2022-06-21 18:00:00,2022-06-21 22:25:00,overload,409,FDR-0052,fuse
2022-06-22 10:00:00,2022-06-22 13:08:00,equipment_failure,293,FDR-0023,switch
2022-06-22 15:00:00,2022-06-22 16:10:00,overload,237,FDR-0051,recloser
2022-06-23 13:00:00,2022-06-23 19:19:00,equipment_failure,132,FDR-0037,overhead line
2022-06-24 15:00:00,2022-06-24 19:45:00,overload,124,FDR-0023,switch
2022-06-24 17:00:00,2022-06-24 22:04:00,equipment_failure,401,FDR-0019,cable
2022-06-24 17:00:00,2022-06-24 19:36:00,equipment_failure,23,FDR-0041,fuse
2022-06-25 13:00:00,2022-06-25 16:18:00,equipment_failure,815,FDR-0050,recloser
2022-06-25 15:00:00,2022-06-25 16:01:00,overload,1447,FDR-0044,overhead line
2022-06-25 15:00:00,2022-06-25 22:58:00,equipment_failure,1091,FDR-0012,overhead line
2022-06-25 16:00:00,2022-06-26 04:55:00,animal_contact,244,FDR-0052,recloser
2022-06-27 14:00:00,2022-06-27 20:16:00,overload,313,FDR-0014,switch
2022-06-27 16:00:00,2022-06-27 19:55:00,equipment_failure,1080,FDR-0049,overhead line
2022-06-27 17:00:00,2022-06-27 22:06:00,overload,438,FDR-0041,switch
2022-06-27 17:00:00,2022-06-27 19:12:00,overload,490,FDR-0008,transformer
2022-06-29 13:00:00,2022-06-29 17:38:00,equipment_failure,163,FDR-0051,recloser
2022-06-29 14:00:00,2022-06-29 17:15:00,equipment_failure,677,FDR-0049,transformer
2022-06-29 15:00:00,2022-06-29 16:21:00,equipment_failure,757,FDR-0034,transformer
2022-06-30 16:00:00,2022-06-30 21:03:00,equipment_failure,756,FDR-0058,transformer
2022-06-30 21:00:00,2022-07-01 00:45:00,animal_contact,158,FDR-0048,fuse
2022-07-01 14:00:00,2022-07-01 20:23:00,overload,1406,FDR-0023,overhead line
2022-07-01 15:00:00,2022-07-01 20:07:00,vegetation,432,FDR-0002,recloser
2022-07-01 16:00:00,2022-07-01 19:37:00,weather,51,FDR-0008,switch
2022-07-01 16:00:00,2022-07-01 23:14:00,equipment_failure,242,FDR-0032,switch
2022-07-01 19:00:00,2022-07-01 23:34:00,animal_contact,912,FDR-0018,switch
2022-07-01 19:00:00,2022-07-01 22:33:00,weather,2001,FDR-0064,switch
2022-07-01 20:00:00,2022-07-02 13:06:00,weather,1052,FDR-0016,switch
2022-07-02 14:00:00,2022-07-02 16:06:00,equipment_failure,53,FDR-0038,transformer
2022-07-02 17:00:00,2022-07-02 19:22:00,equipment_failure,578,FDR-0059,switch
2022-07-02 18:00:00,2022-07-02 21:40:00,overload,920,FDR-0050,fuse
2022-07-03 13:00:00,2022-07-03 20:44:00,overload,460,FDR-0042,switch
2022-07-03 14:00:00,2022-07-03 18:12:00,equipment_failure,343,FDR-0005,recloser
2022-07-04 13:00:00,2022-07-04 18:22:00,equipment_failure,27,FDR-0049,cable
2022-07-05 17:00:00,2022-07-05 21:58:00,overload,656,FDR-0032,switch
2022-07-06 13:00:00,2022-07-06 14:48:00,equipment_failure,170,FDR-0013,recloser
2022-07-06 14:00:00,2022-07-06 17:22:00,overload,753,FDR-0032,switch
2022-07-07 11:00:00,2022-07-07 11:30:00,animal_contact,106,FDR-0025,recloser
2022-07-08 14:00:00,2022-07-08 23:21:00,weather,346,FDR-0043,recloser
2022-07-08 17:00:00,2022-07-08 22:37:00,overload,956,FDR-0056,transformer
2022-07-08 18:00:00,2022-07-08 21:24:00,equipment_failure,308,FDR-0014,recloser
2022-07-09 13:00:00,2022-07-09 17:58:00,equipment_failure,366,FDR-0030,transformer
2022-07-09 14:00:00,2022-07-09 15:22:00,equipment_failure,916,FDR-0021,cable
2022-07-09 16:00:00,2022-07-09 22:04:00,equipment_failure,222,FDR-0043,fuse
2022-07-09 16:00:00,2022-07-10 03:34:00,vegetation,1041,FDR-0037,recloser
2022-07-09 17:00:00,2022-07-09 20:46:00,equipment_failure,1121,FDR-0053,overhead line
2022-07-09 18:00:00,2022-07-09 22:29:00,weather,861,FDR-0012,transformer
2022-07-10 14:00:00,2022-07-10 14:46:00,equipment_failure,355,FDR-0001,recloser
2022-07-12 13:00:00,2022-07-12 17:36:00,equipment_failure,646,FDR-0060,transformer
2022-07-12 15:00:00,2022-07-12 21:09:00,equipment_failure,890,FDR-0038,fuse
2022-07-13 13:00:00,2022-07-13 15:19:00,overload,117,FDR-0056,transformer
2022-07-13 13:00:00,2022-07-13 15:19:00,overload,121,FDR-0041,transformer
2022-07-15 15:00:00,2022-07-16 03:45:00,weather,83,FDR-0014,recloser
2022-07-15 15:00:00,2022-07-16 01:58:00,vegetation,2340,FDR-0040,fuse
2022-07-15 15:00:00,2022-07-16 02:16:00,vegetation,1492,FDR-0046,fuse
2022-07-15 17:00:00,2022-07-16 08:39:00,weather,518,FDR-0001,switch
2022-07-15 18:00:00,2022-07-15 23:24:00,equipment_failure,146,FDR-0055,fuse
2022-07-15 18:00:00,2022-07-16 08:11:00,vegetation,1346,FDR-0054,cable
2022-07-15 18:00:00,2022-07-15 21:55:00,equipment_failure,585,FDR-0024,transformer
2022-07-15 20:00:00,2022-07-16 13:45:00,weather,472,FDR-0045,switch
2022-07-16 17:00:00,2022-07-16 23:20:00,equipment_failure,290,FDR-0033,switch
2022-07-16 18:00:00,2022-07-17 04:51:00,animal_contact,270,FDR-0054,switch
2022-07-16 20:00:00,2022-07-17 09:07:00,vegetation,1411,FDR-0032,transformer
2022-07-16 20:00:00,2022-07-17 07:53:00,animal_contact,542,FDR-0057,switch
2022-07-17 13:00:00,2022-07-17 20:20:00,equipment_failure,576,FDR-0023,switch
2022-07-17 15:00:00,2022-07-17 17:53:00,overload,141,FDR-0009,fuse
2022-07-17 18:00:00,2022-07-17 22:55:00,overload,788,FDR-0058,transformer
2022-07-17 18:00:00,2022-07-17 21:17:00,overload,673,FDR-0026,recloser
2022-07-18 17:00:00,2022-07-18 18:30:00,overload,1176,FDR-0015,switch
2022-07-18 18:00:00,2022-07-19 01:19:00,overload,1490,FDR-0054,transformer
2022-07-19 16:00:00,2022-07-19 21:00:00,equipment_failure,1322,FDR-0016,recloser
2022-07-21 18:00:00,2022-07-22 08:33:00,weather,774,FDR-0018,cable
2022-07-21 18:00:00,2022-07-21 21:24:00,overload,243,FDR-0007,transformer
2022-07-22 14:00:00,2022-07-22 17:22:00,equipment_failure,934,FDR-0056,overhead line
2022-07-22 15:00:00,2022-07-22 16:40:00,equipment_failure,269,FDR-0018,overhead line
2022-07-22 16:00:00,2022-07-22 18:39:00,equipment_failure,1386,FDR-0040,fuse
2022-07-23 15:00:00,2022-07-23 17:09:00,equipment_failure,1474,FDR-0002,transformer
2022-07-23 18:00:00,2022-07-23 21:59:00,overload,333,FDR-0027,transformer
2022-07-24 18:00:00,2022-07-24 22:19:00,equipment_failure,523,FDR-0018,fuse
2022-07-25 18:00:00,2022-07-25 19:47:00,equipment_failure,1497,FDR-0025,transformer
2022-07-25 18:00:00,2022-07-26 01:32:00,equipment_failure,1134,FDR-0061,overhead line
2022-07-25 18:00:00,2022-07-25 19:27:00,overload,100,FDR-0053,switch
2022-07-25 18:00:00,2022-07-25 19:23:00,equipment_failure,394,FDR-0061,transformer
2022-07-26 15:00:00,2022-07-26 19:51:00,equipment_failure,196,FDR-0019,switch
2022-07-26 15:00:00,2022-07-26 15:39:00,overload,1168,FDR-0036,overhead line
2022-07-26 18:00:00,2022-07-26 20:07:00,overload,489,FDR-0048,fuse
2022-07-27 14:00:00,2022-07-27 16:18:00,overload,610,FDR-0006,fuse
2022-07-27 17:00:00,2022-07-28 00:11:00,overload,1308,FDR-0037,cable
2022-07-27 18:00:00,2022-07-27 22:30:00,equipment_failure,572,FDR-0062,cable
2022-07-28 14:00:00,2022-07-28 18:11:00,equipment_failure,701,FDR-0022,transformer
2022-07-28 15:00:00,2022-07-29 00:24:00,weather,1655,FDR-0039,overhead line
2022-07-28 15:00:00,2022-07-29 01:25:00,weather,282,FDR-0028,switch
2022-07-28 15:00:00,2022-07-28 22:18:00,weather,190,FDR-0001,transformer
2022-07-28 15:00:00,2022-07-28 17:15:00,weather,2756,FDR-0040,cable
2022-07-28 18:00:00,2022-07-29 05:03:00,vegetation,2744,FDR-0061,overhead line
2022-07-28 19:00:00,2022-07-29 07:00:00,vegetation,511,FDR-0006,switch
2022-07-28 19:00:00,2022-07-29 00:33:00,vegetation,1323,FDR-0032,switch
2022-07-28 20:00:00,2022-07-29 01:12:00,animal_contact,1641,FDR-0044,recloser
2022-07-29 18:00:00,2022-07-29 23:52:00,equipment_failure,1453,FDR-0046,transformer
2022-07-29 18:00:00,2022-07-29 18:36:00,equipment_failure,779,FDR-0046,recloser
2022-07-29 18:00:00,2022-07-29 22:39:00,equipment_failure,1275,FDR-0056,recloser
2022-07-30 16:00:00,2022-07-30 23:57:00,overload,1268,FDR-0048,overhead line
2022-07-30 16:00:00,2022-07-30 23:42:00,equipment_failure,791,FDR-0010,overhead line
2022-07-30 16:00:00,2022-07-30 23:44:00,animal_contact,2743,FDR-0064,transformer
2022-07-30 16:00:00,2022-07-31 01:30:00,weather,275,FDR-0013,fuse
2022-07-30 17:00:00,2022-07-31 01:37:00,animal_contact,1602,FDR-0021,recloser
2022-07-31 17:00:00,2022-07-31 20:11:00,equipment_failure,961,FDR-0002,recloser
2022-07-31 19:00:00,2022-08-01 04:21:00,vegetation,1991,FDR-0008,fuse
2022-08-01 13:00:00,2022-08-01 14:12:00,equipment_failure,78,FDR-0063,transformer
2022-08-02 15:00:00,2022-08-02 18:59:00,equipment_failure,1131,FDR-0015,transformer
2022-08-02 15:00:00,2022-08-02 20:04:00,weather,383,FDR-0010,recloser
2022-08-02 19:00:00,2022-08-03 03:45:00,weather,2108,FDR-0019,cable
2022-08-03 14:00:00,2022-08-03 21:51:00,equipment_failure,39,FDR-0005,transformer
2022-08-03 17:00:00,2022-08-03 23:55:00,equipment_failure,883,FDR-0028,transformer
2022-08-04 06:00:00,2022-08-04 07:07:00,equipment_failure,369,FDR-0029,fuse
2022-08-04 16:00:00,2022-08-04 16:33:00,overload,1286,FDR-0027,fuse
2022-08-05 05:00:00,2022-08-05 06:57:00,animal_contact,248,FDR-0049,cable
2022-08-05 16:00:00,2022-08-05 20:19:00,equipment_failure,255,FDR-0063,recloser
2022-08-05 18:00:00,2022-08-06 02:00:00,equipment_failure,212,FDR-0014,overhead line
2022-08-06 14:00:00,2022-08-06 18:24:00,overload,495,FDR-0009,cable
2022-08-06 15:00:00,2022-08-07 04:16:00,weather,1910,FDR-0033,switch
2022-08-06 16:00:00,2022-08-07 03:56:00,weather,802,FDR-0012,fuse
2022-08-06 17:00:00,2022-08-07 06:39:00,vegetation,314,FDR-0062,fuse
2022-08-06 18:00:00,2022-08-07 01:20:00,weather,1710,FDR-0056,overhead line
2022-08-06 20:00:00,2022-08-07 08:16:00,weather,1981,FDR-0023,switch
2022-08-07 14:00:00,2022-08-07 16:10:00,animal_contact,2161,FDR-0043,fuse
2022-08-07 18:00:00,2022-08-08 08:45:00,animal_contact,188,FDR-0020,transformer
2022-08-07 18:00:00,2022-08-07 22:42:00,equipment_failure,873,FDR-0016,overhead line
2022-08-07 19:00:00,2022-08-08 08:51:00,animal_contact,680,FDR-0015,cable
2022-08-08 15:00:00,2022-08-08 19:42:00,animal_contact,2097,FDR-0059,cable
2022-08-09 15:00:00,2022-08-09 16:01:00,overload,71,FDR-0047,switch
2022-08-09 16:00:00,2022-08-09 23:26:00,equipment_failure,1088,FDR-0025,switch
2022-08-10 13:00:00,2022-08-10 18:45:00,equipment_failure,665,FDR-0044,transformer
2022-08-10 14:00:00,2022-08-10 23:00:00,animal_contact,1073,FDR-0059,fuse
2022-08-10 14:00:00,2022-08-11 02:57:00,weather,52,FDR-0007,overhead line
2022-08-10 15:00:00,2022-08-11 00:46:00,weather,257,FDR-0026,switch
2022-08-10 15:00:00,2022-08-11 03:55:00,vegetation,522,FDR-0060,fuse
2022-08-10 15:00:00,2022-08-11 03:10:00,weather,1536,FDR-0035,cable
2022-08-10 16:00:00,2022-08-10 22:33:00,equipment_failure,680,FDR-0045,fuse
2022-08-10 16:00:00,2022-08-11 02:45:00,weather,775,FDR-0045,switch
2022-08-10 17:00:00,2022-08-11 04:30:00,vegetation,360,FDR-0009,overhead line
2022-08-10 18:00:00,2022-08-10 23:48:00,weather,2121,FDR-0042,transformer
2022-08-10 19:00:00,2022-08-11 02:57:00,weather,89,FDR-0059,switch
2022-08-11 14:00:00,2022-08-11 23:46:00,animal_contact,965,FDR-0005,cable
2022-08-11 14:00:00,2022-08-11 17:38:00,weather,469,FDR-0036,overhead line
2022-08-11 16:00:00,2022-08-12 04:38:00,weather,393,FDR-0007,fuse
2022-08-11 16:00:00,2022-08-11 20:36:00,vegetation,1714,FDR-0051,fuse
2022-08-11 17:00:00,2022-08-12 01:03:00,weather,537,FDR-0026,fuse
2022-08-11 17:00:00,2022-08-11 18:07:00,overload,479,FDR-0017,transformer
2022-08-11 18:00:00,2022-08-12 09:02:00,animal_contact,2819,FDR-0028,switch
2022-08-11 20:00:00,2022-08-12 09:17:00,animal_contact,959,FDR-0025,fuse
2022-08-11 20:00:00,2022-08-12 10:46:00,weather,390,FDR-0030,switch
2022-08-11 20:00:00,2022-08-12 09:17:00,animal_contact,1071,FDR-0019,fuse
2022-08-12 14:00:00,2022-08-12 16:21:00,vegetation,1261,FDR-0041,overhead line
2022-08-12 18:00:00,2022-08-12 22:59:00,weather,928,FDR-0049,switch
2022-08-12 18:00:00,2022-08-12 23:34:00,overload,116,FDR-0028,switch
2022-08-12 18:00:00,2022-08-12 23:40:00,animal_contact,1169,FDR-0025,overhead line
2022-08-12 18:00:00,2022-08-13 10:20:00,animal_contact,283,FDR-0060,cable
2022-08-13 16:00:00,2022-08-13 17:09:00,overload,267,FDR-0028,cable
2022-08-13 17:00:00,2022-08-13 22:01:00,overload,776,FDR-0051,recloser
2022-08-13 17:00:00,2022-08-13 22:30:00,overload,909,FDR-0028,recloser
2022-08-13 18:00:00,2022-08-13 21:04:00,overload,1135,FDR-0049,fuse
2022-08-14 17:00:00,2022-08-14 20:20:00,weather,424,FDR-0006,recloser
2022-08-14 17:00:00,2022-08-15 06:51:00,animal_contact,298,FDR-0024,recloser
2022-08-14 18:00:00,2022-08-15 10:00:00,weather,178,FDR-0003,switch
2022-08-14 20:00:00,2022-08-14 23:07:00,weather,2832,FDR-0035,switch
2022-08-15 15:00:00,2022-08-15 21:07:00,equipment_failure,254,FDR-0024,cable
2022-08-15 17:00:00,2022-08-15 21:57:00,overload,1003,FDR-0030,recloser
2022-08-16 18:00:00,2022-08-16 20:25:00,equipment_failure,1130,FDR-0029,transformer
2022-08-17 14:00:00,2022-08-17 15:03:00,equipment_failure,441,FDR-0063,overhead line
2022-08-18 13:00:00,2022-08-18 16:51:00,equipment_failure,602,FDR-0020,fuse
2022-08-18 17:00:00,2022-08-18 18:04:00,equipment_failure,1091,FDR-0054,transformer
2022-08-18 18:00:00,2022-08-19 01:09:00,equipment_failure,986,FDR-0047,recloser
2022-08-19 07:00:00,2022-08-19 08:04:00,animal_contact,191,FDR-0048,switch
2022-08-19 15:00:00,2022-08-19 17:04:00,overload,343,FDR-0043,cable
2022-08-19 18:00:00,2022-08-19 20:40:00,equipment_failure,1377,FDR-0042,cable
2022-08-20 18:00:00,2022-08-21 00:55:00,equipment_failure,145,FDR-0054,transformer
2022-08-21 15:00:00,2022-08-21 17:16:00,overload,85,FDR-0001,recloser
2022-08-21 15:00:00,2022-08-21 22:49:00,equipment_failure,1271,FDR-0052,switch
2022-08-21 16:00:00,2022-08-21 16:54:00,equipment_failure,1391,FDR-0040,transformer
2022-08-23 13:00:00,2022-08-23 19:58:00,equipment_failure,1118,FDR-0005,overhead line
2022-08-23 14:00:00,2022-08-23 21:57:00,equipment_failure,211,FDR-0035,switch
2022-08-26 13:00:00,2022-08-26 16:54:00,overload,193,FDR-0045,recloser
2022-08-26 14:00:00,2022-08-26 21:32:00,overload,1297,FDR-0065,cable
2022-08-26 14:00:00,2022-08-26 23:51:00,vegetation,337,FDR-0048,recloser
2022-08-26 18:00:00,2022-08-26 20:48:00,weather,1509,FDR-0053,cable
2022-08-27 14:00:00,2022-08-27 20:16:00,overload,286,FDR-0014,switch
2022-08-27 18:00:00,2022-08-27 19:57:00,overload,1192,FDR-0011,recloser
2022-08-28 14:00:00,2022-08-28 17:15:00,equipment_failure,1273,FDR-0059,overhead line
2022-08-28 16:00:00,2022-08-28 23:25:00,equipment_failure,56,FDR-0038,overhead line
2022-08-28 18:00:00,2022-08-29 01:17:00,equipment_failure,234,FDR-0008,recloser
2022-08-29 14:00:00,2022-08-29 19:06:00,equipment_failure,305,FDR-0007,transformer
2022-08-29 21:00:00,2022-08-29 22:07:00,equipment_failure,249,FDR-0036,overhead line
2022-09-01 16:00:00,2022-09-01 22:06:00,equipment_failure,723,FDR-0050,transformer
2022-09-01 16:00:00,2022-09-01 16:56:00,equipment_failure,807,FDR-0039,fuse
2022-09-01 16:00:00,2022-09-01 22:54:00,overload,446,FDR-0038,fuse
2022-09-02 16:00:00,2022-09-02 22:39:00,equipment_failure,747,FDR-0047,switch
2022-09-02 17:00:00,2022-09-02 22:14:00,equipment_failure,575,FDR-0063,overhead line
2022-09-02 17:00:00,2022-09-02 23:28:00,overload,796,FDR-0054,cable
2022-09-04 17:00:00,2022-09-04 20:59:00,overload,843,FDR-0064,recloser
2022-09-05 15:00:00,2022-09-05 22:44:00,equipment_failure,76,FDR-0024,overhead line
2022-09-05 16:00:00,2022-09-05 20:19:00,equipment_failure,267,FDR-0012,recloser
2022-09-05 17:00:00,2022-09-06 00:00:00,equipment_failure,1071,FDR-0063,transformer
2022-09-05 17:00:00,2022-09-06 00:48:00,overload,1473,FDR-0053,overhead line
2022-09-06 14:00:00,2022-09-06 15:22:00,equipment_failure,329,FDR-0009,overhead line
2022-09-06 14:00:00,2022-09-07 01:19:00,vegetation,393,FDR-0014,transformer
2022-09-07 15:00:00,2022-09-07 18:15:00,equipment_failure,592,FDR-0009,fuse
2022-09-07 15:00:00,2022-09-07 22:24:00,equipment_failure,1173,FDR-0003,transformer
2022-09-07 15:00:00,2022-09-07 20:34:00,overload,579,FDR-0011,switch
2022-09-07 17:00:00,2022-09-08 00:21:00,equipment_failure,550,FDR-0001,recloser
2022-09-08 17:00:00,2022-09-09 00:50:00,overload,509,FDR-0060,cable
2022-09-09 14:00:00,2022-09-09 18:34:00,equipment_failure,352,FDR-0037,transformer
2022-09-10 15:00:00,2022-09-10 22:49:00,equipment_failure,380,FDR-0008,cable
2022-09-10 16:00:00,2022-09-11 09:58:00,weather,306,FDR-0062,switch
2022-09-10 17:00:00,2022-09-10 22:11:00,vegetation,1340,FDR-0015,transformer
2022-09-11 13:00:00,2022-09-11 19:06:00,equipment_failure,1448,FDR-0036,fuse
2022-09-11 13:00:00,2022-09-11 16:39:00,overload,834,FDR-0026,recloser
2022-09-11 14:00:00,2022-09-11 17:33:00,weather,1027,FDR-0062,switch
2022-09-11 14:00:00,2022-09-11 15:48:00,vegetation,1142,FDR-0065,overhead line
2022-09-11 16:00:00,2022-09-12 01:15:00,weather,2668,FDR-0056,fuse
2022-09-11 18:00:00,2022-09-11 22:05:00,weather,518,FDR-0035,switch
2022-09-11 18:00:00,2022-09-12 00:43:00,equipment_failure,1237,FDR-0003,recloser
2022-09-12 14:00:00,2022-09-12 20:44:00,overload,268,FDR-0025,overhead line
2022-09-12 17:00:00,2022-09-12 22:06:00,equipment_failure,367,FDR-0033,switch
2022-09-12 17:00:00,2022-09-12 20:23:00,overload,135,FDR-0014,fuse
2022-09-13 14:00:00,2022-09-14 05:30:00,vegetation,181,FDR-0009,fuse
2022-09-13 14:00:00,2022-09-14 00:48:00,weather,879,FDR-0021,overhead line
2022-09-13 14:00:00,2022-09-13 19:46:00,equipment_failure,861,FDR-0041,switch
2022-09-13 16:00:00,2022-09-14 00:38:00,vegetation,590,FDR-0042,cable
2022-09-13 16:00:00,2022-09-13 18:45:00,animal_contact,103,FDR-0009,fuse
2022-09-13 16:00:00,2022-09-14 03:49:00,weather,2554,FDR-0037,overhead line
2022-09-13 19:00:00,2022-09-14 04:13:00,weather,1915,FDR-0003,cable
2022-09-15 13:00:00,2022-09-15 18:01:00,overload,146,FDR-0031,recloser
2022-09-15 22:00:00,2022-09-16 01:03:00,equipment_failure,149,FDR-0062,switch
2022-09-17 16:00:00,2022-09-17 21:05:00,equipment_failure,224,FDR-0007,switch
2022-09-17 17:00:00,2022-09-17 22:37:00,equipment_failure,561,FDR-0002,overhead line
2022-09-17 18:00:00,2022-09-17 20:02:00,overload,187,FDR-0013,transformer
2022-09-18 13:00:00,2022-09-18 16:57:00,equipment_failure,721,FDR-0029,overhead line
2022-09-18 13:00:00,2022-09-18 16:12:00,equipment_failure,1437,FDR-0002,recloser
2022-09-19 17:00:00,2022-09-19 21:36:00,equipment_failure,879,FDR-0045,cable
2022-09-20 17:00:00,2022-09-20 22:34:00,equipment_failure,461,FDR-0017,recloser
2022-09-21 05:00:00,2022-09-21 09:40:00,equipment_failure,45,FDR-0023,cable
2022-09-21 14:00:00,2022-09-21 19:41:00,equipment_failure,915,FDR-0042,fuse
2022-09-21 15:00:00,2022-09-21 17:42:00,overload,216,FDR-0021,cable
2022-09-21 15:00:00,2022-09-21 22:39:00,overload,894,FDR-0045,fuse
2022-09-21 17:00:00,2022-09-21 18:19:00,equipment_failure,244,FDR-0035,transformer
2022-09-22 15:00:00,2022-09-22 21:49:00,overload,26,FDR-0062,overhead line
2022-09-22 16:00:00,2022-09-22 22:06:00,equipment_failure,923,FDR-0004,cable
2022-09-23 01:00:00,2022-09-23 05:45:00,equipment_failure,499,FDR-0052,recloser
2022-09-23 13:00:00,2022-09-23 14:10:00,equipment_failure,211,FDR-0056,fuse
2022-09-23 14:00:00,2022-09-23 16:00:00,overload,922,FDR-0016,fuse
2022-09-24 13:00:00,2022-09-24 17:20:00,overload,1399,FDR-0010,transformer
2022-09-24 13:00:00,2022-09-24 19:49:00,overload,116,FDR-0042,transformer
2022-09-24 14:00:00,2022-09-24 16:04:00,overload,1195,FDR-0059,switch
2022-09-24 17:00:00,2022-09-25 00:34:00,equipment_failure,972,FDR-0044,overhead line
2022-09-24 18:00:00,2022-09-24 23:05:00,equipment_failure,745,FDR-0012,overhead line
2022-09-25 14:00:00,2022-09-25 16:30:00,equipment_failure,1337,FDR-0034,transformer
2022-09-25 19:00:00,2022-09-25 23:11:00,vegetation,1247,FDR-0047,transformer
2022-09-26 15:00:00,2022-09-26 22:08:00,animal_contact,620,FDR-0033,cable
2022-09-26 15:00:00,2022-09-27 05:36:00,weather,614,FDR-0010,transformer
2022-09-26 16:00:00,2022-09-27 00:54:00,weather,732,FDR-0034,overhead line
2022-09-26 16:00:00,2022-09-26 23:22:00,weather,2143,FDR-0042,overhead line
2022-09-26 17:00:00,2022-09-26 23:46:00,weather,916,FDR-0051,cable
2022-09-26 17:00:00,2022-09-26 22:46:00,equipment_failure,1265,FDR-0065,switch
2022-09-26 18:00:00,2022-09-27 04:54:00,weather,547,FDR-0001,fuse
2022-09-26 18:00:00,2022-09-26 20:55:00,animal_contact,1358,FDR-0053,transformer
2022-09-26 18:00:00,2022-09-27 08:07:00,weather,662,FDR-0018,fuse
2022-09-26 18:00:00,2022-09-27 05:00:00,vegetation,653,FDR-0045,transformer
2022-09-29 13:00:00,2022-09-29 20:47:00,overload,108,FDR-0062,cable
2022-09-30 16:00:00,2022-09-30 23:44:00,animal_contact,3030,FDR-0013,transformer
2022-09-30 16:00:00,2022-09-30 17:25:00,equipment_failure,705,FDR-0034,transformer
2022-09-30 17:00:00,2022-09-30 22:48:00,animal_contact,3053,FDR-0019,recloser
2022-10-01 03:00:00,2022-10-01 08:15:00,equipment_failure,228,FDR-0021,cable
2022-10-01 18:00:00,2022-10-01 23:27:00,equipment_failure,487,FDR-0005,overhead line
2022-10-01 19:00:00,2022-10-02 05:42:00,vegetation,797,FDR-0055,cable
2022-10-02 13:00:00,2022-10-02 18:53:00,equipment_failure,100,FDR-0035,fuse
2022-10-04 12:00:00,2022-10-04 12:27:00,equipment_failure,230,FDR-0049,switch
2022-10-05 09:00:00,2022-10-05 10:42:00,equipment_failure,131,FDR-0063,fuse
2022-10-06 01:00:00,2022-10-06 01:24:00,animal_contact,259,FDR-0035,switch
2022-10-07 13:00:00,2022-10-07 17:35:00,equipment_failure,199,FDR-0007,transformer
2022-10-11 14:00:00,2022-10-11 18:35:00,equipment_failure,1028,FDR-0061,switch
2022-10-11 14:00:00,2022-10-11 14:50:00,equipment_failure,314,FDR-0010,switch
2022-10-12 01:00:00,2022-10-12 01:39:00,equipment_failure,181,FDR-0053,switch
2022-10-12 18:00:00,2022-10-12 21:49:00,overload,460,FDR-0030,switch
2022-10-12 23:00:00,2022-10-13 02:10:00,equipment_failure,476,FDR-0026,cable
2022-10-16 18:00:00,2022-10-16 21:31:00,equipment_failure,76,FDR-0064,switch
2022-10-17 15:00:00,2022-10-17 19:01:00,weather,1095,FDR-0044,recloser
2022-10-17 16:00:00,2022-10-18 06:14:00,weather,1410,FDR-0018,transformer
2022-10-18 19:00:00,2022-10-18 23:36:00,equipment_failure,80,FDR-0006,overhead line
2022-10-19 17:00:00,2022-10-19 21:36:00,equipment_failure,994,FDR-0045,cable
2022-10-22 16:00:00,2022-10-23 01:52:00,weather,1664,FDR-0019,switch
2022-10-23 13:00:00,2022-10-23 17:48:00,equipment_failure,359,FDR-0023,fuse
2022-10-24 19:00:00,2022-10-24 23:31:00,equipment_failure,10,FDR-0052,cable
2022-10-24 20:00:00,2022-10-24 23:12:00,equipment_failure,451,FDR-0043,switch
2022-10-29 22:00:00,2022-10-30 01:48:00,equipment_failure,465,FDR-0050,overhead line
2022-10-31 00:00:00,2022-10-31 02:13:00,equipment_failure,257,FDR-0054,cable
2022-10-31 07:00:00,2022-10-31 07:59:00,equipment_failure,430,FDR-0016,recloser
2022-10-31 08:00:00,2022-10-31 12:45:00,equipment_failure,225,FDR-0062,recloser
2022-11-01 03:00:00,2022-11-01 08:15:00,equipment_failure,193,FDR-0021,cable
2022-11-01 06:00:00,2022-11-01 08:53:00,equipment_failure,187,FDR-0038,fuse
2022-11-01 14:00:00,2022-11-01 20:23:00,overload,1268,FDR-0015,overhead line
2022-11-01 15:00:00,2022-11-01 19:09:00,equipment_failure,231,FDR-0038,cable
2022-11-01 17:00:00,2022-11-01 22:03:00,equipment_failure,355,FDR-0009,switch
2022-11-03 20:00:00,2022-11-04 00:09:00,equipment_failure,433,FDR-0018,switch
2022-11-05 07:00:00,2022-11-05 08:32:00,equipment_failure,268,FDR-0033,transformer
2022-11-05 09:00:00,2022-11-05 09:50:00,equipment_failure,370,FDR-0059,switch
2022-11-05 18:00:00,2022-11-05 23:38:00,equipment_failure,416,FDR-0007,cable
2022-11-06 18:00:00,2022-11-06 21:58:00,animal_contact,213,FDR-0043,switch
2022-11-07 05:00:00,2022-11-07 10:42:00,equipment_failure,500,FDR-0042,recloser
2022-11-07 15:00:00,2022-11-07 20:24:00,overload,542,FDR-0043,cable
2022-11-08 09:00:00,2022-11-08 11:33:00,animal_contact,418,FDR-0028,switch
2022-11-09 02:00:00,2022-11-09 06:15:00,equipment_failure,47,FDR-0065,cable
2022-11-09 18:00:00,2022-11-09 18:34:00,equipment_failure,421,FDR-0017,transformer
2022-11-09 20:00:00,2022-11-09 21:40:00,equipment_failure,115,FDR-0055,overhead line
2022-11-11 18:00:00,2022-11-11 23:15:00,equipment_failure,879,FDR-0005,transformer
2022-11-12 14:00:00,2022-11-12 18:59:00,animal_contact,202,FDR-0052,fuse
2022-11-17 17:00:00,2022-11-17 20:47:00,equipment_failure,357,FDR-0001,recloser
2022-11-17 18:00:00,2022-11-18 00:03:00,animal_contact,488,FDR-0060,transformer
2022-11-17 18:00:00,2022-11-17 20:34:00,equipment_failure,806,FDR-0041,switch
2022-11-19 14:00:00,2022-11-19 18:06:00,equipment_failure,100,FDR-0012,cable
2022-11-22 23:00:00,2022-11-23 04:21:00,equipment_failure,374,FDR-0032,transformer
2022-11-24 01:00:00,2022-11-24 05:25:00,equipment_failure,204,FDR-0063,recloser
2022-11-24 06:00:00,2022-11-24 08:06:00,equipment_failure,337,FDR-0058,fuse
2022-11-25 05:00:00,2022-11-25 07:12:00,equipment_failure,395,FDR-0052,overhead line
2022-11-25 15:00:00,2022-11-25 22:58:00,equipment_failure,1198,FDR-0061,overhead line
2022-11-26 14:00:00,2022-11-26 20:19:00,animal_contact,292,FDR-0011,recloser
2022-11-27 09:00:00,2022-11-27 10:23:00,equipment_failure,128,FDR-0040,overhead line
2022-11-30 10:00:00,2022-11-30 13:07:00,equipment_failure,281,FDR-0012,overhead line
2022-11-30 13:00:00,2022-11-30 18:33:00,equipment_failure,84,FDR-0057,fuse
2022-12-02 10:00:00,2022-12-02 12:07:00,equipment_failure,334,FDR-0029,cable
2022-12-04 02:00:00,2022-12-04 06:23:00,equipment_failure,86,FDR-0053,recloser
2022-12-04 19:00:00,2022-12-04 23:27:00,equipment_failure,427,FDR-0063,fuse
2022-12-05 05:00:00,2022-12-05 06:57:00,animal_contact,211,FDR-0051,cable
2022-12-05 13:00:00,2022-12-05 16:26:00,equipment_failure,37,FDR-0050,transformer
2022-12-06 13:00:00,2022-12-06 15:06:00,equipment_failure,471,FDR-0019,overhead line
2022-12-07 17:00:00,2022-12-07 19:48:00,equipment_failure,364,FDR-0039,recloser
2022-12-09 17:00:00,2022-12-09 21:06:00,equipment_failure,216,FDR-0001,recloser
2022-12-10 08:00:00,2022-12-10 09:18:00,equipment_failure,32,FDR-0031,cable
2022-12-11 00:00:00,2022-12-11 00:48:00,equipment_failure,2,FDR-0017,recloser
2022-12-12 18:00:00,2022-12-12 23:05:00,equipment_failure,41,FDR-0060,switch
2022-12-13 20:00:00,2022-12-14 11:25:00,animal_contact,68,FDR-0064,transformer
2022-12-14 05:00:00,2022-12-14 05:52:00,equipment_failure,436,FDR-0006,overhead line
2022-12-14 07:00:00,2022-12-14 08:30:00,equipment_failure,39,FDR-0003,switch
2022-12-15 15:00:00,2022-12-16 01:58:00,vegetation,2636,FDR-0025,fuse
2022-12-15 17:00:00,2022-12-15 21:39:00,equipment_failure,603,FDR-0053,overhead line
2022-12-18 15:00:00,2022-12-18 17:01:00,weather,562,FDR-0041,recloser
2022-12-18 16:00:00,2022-12-18 19:28:00,animal_contact,172,FDR-0013,switch
2022-12-18 18:00:00,2022-12-19 01:17:00,animal_contact,1166,FDR-0052,switch
2022-12-18 18:00:00,2022-12-19 11:50:00,weather,493,FDR-0050,switch
2022-12-18 20:00:00,2022-12-19 06:30:00,vegetation,645,FDR-0020,switch
2022-12-18 20:00:00,2022-12-18 22:00:00,animal_contact,1202,FDR-0028,cable
2022-12-20 13:00:00,2022-12-20 18:21:00,equipment_failure,159,FDR-0048,cable
2022-12-20 18:00:00,2022-12-20 23:34:00,overload,1333,FDR-0018,fuse
2022-12-22 02:00:00,2022-12-22 07:53:00,equipment_failure,128,FDR-0038,recloser
2022-12-22 18:00:00,2022-12-23 05:34:00,vegetation,744,FDR-0015,fuse
2022-12-24 07:00:00,2022-12-24 11:01:00,equipment_failure,383,FDR-0005,overhead line
2022-12-25 06:00:00,2022-12-25 10:58:00,equipment_failure,333,FDR-0054,switch
2022-12-26 15:00:00,2022-12-26 15:30:00,equipment_failure,1364,FDR-0055,transformer
2022-12-26 17:00:00,2022-12-27 02:57:00,vegetation,209,FDR-0022,switch
2022-12-26 23:00:00,2022-12-27 01:25:00,equipment_failure,288,FDR-0061,cable
2022-12-28 13:00:00,2022-12-28 16:15:00,equipment_failure,118,FDR-0008,transformer
2022-12-28 15:00:00,2022-12-28 19:01:00,weather,279,FDR-0014,cable
2022-12-30 17:00:00,2022-12-31 03:44:00,vegetation,452,FDR-0044,cable
2022-12-30 19:00:00,2022-12-31 00:09:00,weather,1282,FDR-0049,recloser
2022-12-30 19:00:00,2022-12-30 20:07:00,animal_contact,1449,FDR-0004,fuse
2022-12-30 20:00:00,2022-12-31 02:21:00,weather,2398,FDR-0029,cable
2022-12-30 20:00:00,2022-12-31 08:42:00,weather,2381,FDR-0046,cable
2023-01-01 23:00:00,2023-01-02 00:03:00,equipment_failure,443,FDR-0036,recloser
2023-01-03 10:00:00,2023-01-03 12:33:00,animal_contact,232,FDR-0053,cable
2023-01-03 17:00:00,2023-01-03 23:55:00,equipment_failure,715,FDR-0010,transformer
2023-01-03 22:00:00,2023-01-03 23:39:00,animal_contact,351,FDR-0011,recloser
2023-01-04 06:00:00,2023-01-04 07:07:00,equipment_failure,408,FDR-0029,fuse
2023-01-05 01:00:00,2023-01-05 01:41:00,animal_contact,476,FDR-0036,overhead line
2023-01-06 12:00:00,2023-01-06 15:07:00,equipment_failure,243,FDR-0026,cable
2023-01-07 11:00:00,2023-01-07 16:31:00,equipment_failure,56,FDR-0061,recloser
2023-01-07 15:00:00,2023-01-07 18:05:00,equipment_failure,574,FDR-0052,fuse
2023-01-08 23:00:00,2023-01-09 03:45:00,equipment_failure,478,FDR-0029,transformer
2023-01-09 13:00:00,2023-01-09 17:58:00,equipment_failure,302,FDR-0030,transformer
2023-01-10 03:00:00,2023-01-10 04:07:00,equipment_failure,20,FDR-0065,overhead line
2023-01-10 20:00:00,2023-01-11 01:42:00,animal_contact,387,FDR-0057,transformer
2023-01-11 18:00:00,2023-01-12 01:31:00,equipment_failure,980,FDR-0044,switch
2023-01-13 00:00:00,2023-01-13 01:27:00,equipment_failure,67,FDR-0014,transformer
2023-01-13 08:00:00,2023-01-13 11:03:00,equipment_failure,65,FDR-0002,switch
2023-01-13 15:00:00,2023-01-13 15:56:00,overload,383,FDR-0057,recloser
2023-01-14 14:00:00,2023-01-15 06:09:00,weather,329,FDR-0010,transformer
2023-01-14 15:00:00,2023-01-15 02:28:00,weather,2157,FDR-0029,fuse
2023-01-14 16:00:00,2023-01-15 04:43:00,vegetation,109,FDR-0017,cable
2023-01-14 17:00:00,2023-01-15 07:26:00,vegetation,547,FDR-0036,recloser
2023-01-14 17:00:00,2023-01-15 09:31:00,animal_contact,1259,FDR-0057,switch
2023-01-14 17:00:00,2023-01-15 04:21:00,vegetation,851,FDR-0032,fuse
2023-01-14 17:00:00,2023-01-14 23:00:00,weather,914,FDR-0049,fuse
2023-01-14 18:00:00,2023-01-14 22:45:00,weather,393,FDR-0047,fuse
2023-01-14 19:00:00,2023-01-15 10:36:00,weather,139,FDR-0033,switch
2023-01-14 19:00:00,2023-01-15 02:31:00,animal_contact,89,FDR-0038,recloser
2023-01-14 20:00:00,2023-01-15 03:37:00,weather,1121,FDR-0005,fuse
2023-01-14 20:00:00,2023-01-15 01:32:00,vegetation,121,FDR-0001,transformer
2023-01-15 14:00:00,2023-01-16 04:40:00,weather,2503,FDR-0035,switch
2023-01-15 16:00:00,2023-01-15 20:33:00,weather,894,FDR-0028,transformer
2023-01-15 17:00:00,2023-01-16 05:25:00,weather,1025,FDR-0064,cable
2023-01-15 18:00:00,2023-01-16 11:09:00,vegetation,2054,FDR-0032,fuse
2023-01-15 18:00:00,2023-01-15 22:56:00,animal_contact,678,FDR-0045,switch
2023-01-15 18:00:00,2023-01-15 19:32:00,vegetation,384,FDR-0033,switch
2023-01-15 19:00:00,2023-01-16 07:25:00,vegetation,397,FDR-0058,switch
2023-01-15 19:00:00,2023-01-16 02:15:00,weather,715,FDR-0031,transformer
2023-01-16 14:00:00,2023-01-16 17:51:00,equipment_failure,267,FDR-0002,cable
2023-01-17 15:00:00,2023-01-17 16:39:00,overload,1621,FDR-0034,cable
2023-01-17 20:00:00,2023-01-17 22:24:00,equipment_failure,316,FDR-0011,cable
2023-01-20 07:00:00,2023-01-20 07:57:00,equipment_failure,447,FDR-0054,transformer
2023-01-22 09:00:00,2023-01-22 12:19:00,animal_contact,442,FDR-0030,overhead line
2023-01-23 00:00:00,2023-01-23 01:43:00,animal_contact,387,FDR-0020,switch
2023-01-23 13:00:00,2023-01-23 18:15:00,equipment_failure,46,FDR-0035,transformer
2023-01-23 15:00:00,2023-01-23 17:09:00,equipment_failure,1608,FDR-0002,transformer
2023-01-23 21:00:00,2023-01-24 00:03:00,equipment_failure,198,FDR-0052,recloser
2023-01-26 17:00:00,2023-01-27 02:57:00,vegetation,259,FDR-0053,switch
2023-01-27 21:00:00,2023-01-28 00:56:00,equipment_failure,310,FDR-0044,switch
2023-01-28 15:00:00,2023-01-28 19:01:00,weather,211,FDR-0014,cable
2023-01-30 18:00:00,2023-01-30 21:02:00,equipment_failure,492,FDR-0019,cable
2023-02-01 04:00:00,2023-02-01 07:24:00,equipment_failure,57,FDR-0002,fuse
2023-02-02 05:00:00,2023-02-02 06:50:00,equipment_failure,89,FDR-0046,switch
2023-02-02 12:00:00,2023-02-02 13:55:00,equipment_failure,75,FDR-0039,recloser
2023-02-02 18:00:00,2023-02-02 20:40:00,equipment_failure,291,FDR-0016,recloser
2023-02-03 18:00:00,2023-02-03 20:12:00,equipment_failure,295,FDR-0034,recloser
2023-02-04 03:00:00,2023-02-04 05:30:00,equipment_failure,372,FDR-0033,cable
2023-02-04 15:00:00,2023-02-05 05:38:00,animal_contact,2021,FDR-0047,switch
2023-02-07 11:00:00,2023-02-07 16:06:00,equipment_failure,445,FDR-0027,cable
2023-02-08 07:00:00,2023-02-08 08:58:00,equipment_failure,419,FDR-0055,cable
2023-02-09 15:00:00,2023-02-09 18:09:00,equipment_failure,483,FDR-0048,fuse
2023-02-10 17:00:00,2023-02-11 04:32:00,weather,857,FDR-0062,fuse
2023-02-12 16:00:00,2023-02-12 19:51:00,equipment_failure,267,FDR-0052,fuse
2023-02-13 04:00:00,2023-02-13 07:08:00,animal_contact,354,FDR-0003,overhead line
2023-02-14 14:00:00,2023-02-14 18:18:00,animal_contact,243,FDR-0051,switch
2023-02-15 04:00:00,2023-02-15 06:15:00,equipment_failure,97,FDR-0062,switch
2023-02-16 13:00:00,2023-02-16 16:32:00,equipment_failure,74,FDR-0063,transformer
2023-02-17 14:00:00,2023-02-18 07:01:00,weather,824,FDR-0004,cable
2023-02-17 15:00:00,2023-02-17 19:01:00,weather,1354,FDR-0048,recloser
2023-02-17 16:00:00,2023-02-18 00:40:00,weather,1359,FDR-0021,cable
2023-02-17 16:00:00,2023-02-17 19:45:00,vegetation,262,FDR-0007,transformer
2023-02-17 17:00:00,2023-02-18 04:38:00,vegetation,1838,FDR-0035,switch
2023-02-17 17:00:00,2023-02-17 19:26:00,animal_contact,836,FDR-0041,recloser
2023-02-17 19:00:00,2023-02-18 04:43:00,weather,1619,FDR-0037,transformer
2023-02-17 19:00:00,2023-02-18 01:51:00,vegetation,1288,FDR-0048,switch
2023-02-17 20:00:00,2023-02-18 01:01:00,vegetation,2541,FDR-0054,transformer
2023-02-17 20:00:00,2023-02-18 10:19:00,animal_contact,205,FDR-0028,fuse
2023-02-19 22:00:00,2023-02-20 03:48:00,equipment_failure,96,FDR-0041,transformer
2023-02-20 15:00:00,2023-02-20 19:34:00,vegetation,2277,FDR-0046,switch
2023-02-20 16:00:00,2023-02-20 20:40:00,weather,1786,FDR-0037,transformer
2023-02-22 00:00:00,2023-02-22 01:28:00,equipment_failure,160,FDR-0059,fuse
2023-02-22 14:00:00,2023-02-22 15:00:00,equipment_failure,334,FDR-0018,transformer
2023-02-22 23:00:00,2023-02-23 04:21:00,equipment_failure,335,FDR-0006,transformer
2023-02-23 12:00:00,2023-02-23 15:30:00,equipment_failure,474,FDR-0041,switch
2023-02-24 07:00:00,2023-02-24 12:36:00,animal_contact,378,FDR-0048,transformer
2023-02-25 16:00:00,2023-02-26 03:53:00,weather,319,FDR-0003,transformer
2023-02-25 16:00:00,2023-02-25 19:39:00,animal_contact,1127,FDR-0006,cable
2023-02-25 19:00:00,2023-02-26 09:19:00,animal_contact,409,FDR-0062,fuse
2023-02-25 19:00:00,2023-02-26 05:31:00,vegetation,224,FDR-0024,recloser
2023-02-26 14:00:00,2023-02-26 23:51:00,vegetation,344,FDR-0048,recloser
2023-02-28 14:00:00,2023-02-28 15:47:00,weather,867,FDR-0004,recloser
2023-02-28 14:00:00,2023-02-28 15:58:00,weather,558,FDR-0008,overhead line
2023-02-28 15:00:00,2023-02-28 19:01:00,weather,240,FDR-0014,cable
2023-02-28 15:00:00,2023-03-01 04:07:00,weather,380,FDR-0064,overhead line
2023-02-28 16:00:00,2023-02-28 22:52:00,weather,290,FDR-0014,transformer
2023-02-28 18:00:00,2023-02-28 23:34:00,equipment_failure,373,FDR-0058,recloser
2023-02-28 18:00:00,2023-02-28 23:31:00,weather,244,FDR-0030,switch
2023-02-28 18:00:00,2023-03-01 07:54:00,weather,1533,FDR-0048,overhead line
2023-02-28 20:00:00,2023-03-01 10:06:00,vegetation,178,FDR-0024,recloser
2023-03-02 18:00:00,2023-03-03 01:57:00,equipment_failure,349,FDR-0029,transformer
2023-03-04 04:00:00,2023-03-04 09:46:00,equipment_failure,224,FDR-0002,recloser
2023-03-04 18:00:00,2023-03-04 23:40:00,overload,651,FDR-0062,cable
2023-03-08 15:00:00,2023-03-09 05:26:00,weather,1205,FDR-0034,cable
2023-03-10 07:00:00,2023-03-10 10:14:00,animal_contact,382,FDR-0020,recloser
2023-03-10 09:00:00,2023-03-10 11:19:00,equipment_failure,204,FDR-0005,transformer
2023-03-10 17:00:00,2023-03-10 21:04:00,equipment_failure,313,FDR-0043,switch
2023-03-13 06:00:00,2023-03-13 11:01:00,equipment_failure,297,FDR-0004,fuse
2023-03-13 13:00:00,2023-03-13 20:13:00,equipment_failure,1297,FDR-0042,fuse
2023-03-15 06:00:00,2023-03-15 07:52:00,equipment_failure,469,FDR-0028,overhead line
2023-03-15 10:00:00,2023-03-15 12:25:00,equipment_failure,129,FDR-0009,switch
2023-03-15 16:00:00,2023-03-15 21:34:00,equipment_failure,401,FDR-0042,fuse
2023-03-15 16:00:00,2023-03-15 17:36:00,equipment_failure,445,FDR-0049,switch
2023-03-16 20:00:00,2023-03-17 07:53:00,animal_contact,446,FDR-0051,switch
2023-03-21 20:00:00,2023-03-21 22:26:00,equipment_failure,201,FDR-0060,overhead line
2023-03-22 18:00:00,2023-03-22 19:27:00,equipment_failure,151,FDR-0003,fuse
2023-03-22 19:00:00,2023-03-22 22:21:00,vegetation,604,FDR-0056,cable
2023-03-23 19:00:00,2023-03-23 23:42:00,equipment_failure,96,FDR-0035,recloser
2023-03-24 03:00:00,2023-03-24 07:03:00,animal_contact,46,FDR-0045,transformer
2023-03-25 06:00:00,2023-03-25 07:18:00,equipment_failure,146,FDR-0039,overhead line
2023-03-26 16:00:00,2023-03-26 21:11:00,equipment_failure,150,FDR-0023,cable
2023-03-26 20:00:00,2023-03-27 01:11:00,equipment_failure,508,FDR-0008,transformer
2023-03-26 22:00:00,2023-03-27 02:36:00,equipment_failure,95,FDR-0051,recloser
2023-03-27 05:00:00,2023-03-27 08:00:00,animal_contact,470,FDR-0051,recloser
2023-03-29 05:00:00,2023-03-29 10:07:00,animal_contact,115,FDR-0009,switch
2023-03-30 13:00:00,2023-03-30 17:15:00,equipment_failure,291,FDR-0031,transformer
2023-03-30 21:00:00,2023-03-31 02:09:00,equipment_failure,250,FDR-0007,switch
2023-03-31 10:00:00,2023-03-31 12:06:00,equipment_failure,17,FDR-0024,switch
2023-04-02 14:00:00,2023-04-02 15:29:00,equipment_failure,81,FDR-0035,switch
2023-04-02 18:00:00,2023-04-02 18:28:00,equipment_failure,21,FDR-0026,transformer
2023-04-03 16:00:00,2023-04-04 02:26:00,vegetation,559,FDR-0060,overhead line
2023-04-03 21:00:00,2023-04-04 00:13:00,equipment_failure,62,FDR-0048,transformer
2023-04-05 18:00:00,2023-04-06 06:01:00,weather,808,FDR-0013,switch
2023-04-05 23:00:00,2023-04-06 01:32:00,equipment_failure,497,FDR-0064,cable
2023-04-06 07:00:00,2023-04-06 11:45:00,equipment_failure,398,FDR-0054,cable
2023-04-10 20:00:00,2023-04-11 00:00:00,animal_contact,220,FDR-0038,switch
2023-04-11 14:00:00,2023-04-11 16:16:00,overload,356,FDR-0058,switch
2023-04-11 20:00:00,2023-04-11 22:37:00,equipment_failure,131,FDR-0061,cable
2023-04-15 15:00:00,2023-04-15 17:30:00,equipment_failure,133,FDR-0016,cable
2023-04-15 18:00:00,2023-04-15 22:56:00,animal_contact,649,FDR-0045,switch
2023-04-15 22:00:00,2023-04-16 01:03:00,equipment_failure,170,FDR-0064,switch
2023-04-16 09:00:00,2023-04-16 13:13:00,equipment_failure,433,FDR-0046,overhead line
2023-04-16 09:00:00,2023-04-16 10:22:00,equipment_failure,256,FDR-0058,switch
2023-04-16 20:00:00,2023-04-16 20:37:00,equipment_failure,425,FDR-0008,recloser
2023-04-19 10:00:00,2023-04-19 10:31:00,equipment_failure,433,FDR-0020,overhead line
2023-04-19 18:00:00,2023-04-19 23:22:00,equipment_failure,58,FDR-0050,fuse
2023-04-21 16:00:00,2023-04-21 20:31:00,animal_contact,518,FDR-0006,switch
2023-04-21 16:00:00,2023-04-21 20:31:00,animal_contact,456,FDR-0006,switch
2023-04-21 17:00:00,2023-04-21 21:30:00,vegetation,838,FDR-0062,cable
2023-04-21 21:00:00,2023-04-21 21:21:00,equipment_failure,99,FDR-0030,transformer
2023-04-23 08:00:00,2023-04-23 13:36:00,equipment_failure,394,FDR-0004,cable
2023-04-23 18:00:00,2023-04-23 21:30:00,equipment_failure,299,FDR-0028,transformer
2023-04-25 18:00:00,2023-04-26 06:22:00,weather,643,FDR-0046,fuse
2023-04-27 21:00:00,2023-04-28 00:56:00,equipment_failure,356,FDR-0044,switch
2023-04-28 12:00:00,2023-04-28 17:24:00,animal_contact,344,FDR-0062,cable
2023-04-29 07:00:00,2023-04-29 12:21:00,animal_contact,263,FDR-0053,transformer
2023-04-29 10:00:00,2023-04-29 12:57:00,equipment_failure,100,FDR-0039,fuse
2023-05-01 14:00:00,2023-05-01 20:23:00,overload,1461,FDR-0023,overhead line
2023-05-01 19:00:00,2023-05-01 23:34:00,animal_contact,992,FDR-0002,switch
2023-05-02 15:00:00,2023-05-02 19:27:00,equipment_failure,289,FDR-0065,fuse
2023-05-05 05:00:00,2023-05-05 07:05:00,equipment_failure,197,FDR-0007,overhead line
2023-05-07 18:00:00,2023-05-08 08:45:00,animal_contact,223,FDR-0029,transformer
2023-05-08 20:00:00,2023-05-08 23:22:00,equipment_failure,69,FDR-0063,transformer
2023-05-10 01:00:00,2023-05-10 03:58:00,equipment_failure,24,FDR-0018,cable
2023-05-10 17:00:00,2023-05-11 04:30:00,vegetation,407,FDR-0013,overhead line
2023-05-12 04:00:00,2023-05-12 05:22:00,animal_contact,121,FDR-0061,switch
2023-05-14 16:00:00,2023-05-15 08:31:00,animal_contact,245,FDR-0014,cable
2023-05-15 10:00:00,2023-05-15 12:25:00,equipment_failure,138,FDR-0019,switch
2023-05-15 16:00:00,2023-05-15 18:34:00,equipment_failure,499,FDR-0015,fuse
2023-05-17 08:00:00,2023-05-17 10:54:00,equipment_failure,151,FDR-0040,transformer
2023-05-17 19:00:00,2023-05-17 21:51:00,equipment_failure,301,FDR-0019,transformer
2023-05-19 15:00:00,2023-05-19 16:33:00,equipment_failure,398,FDR-0001,recloser
2023-05-21 03:00:00,2023-05-21 07:38:00,equipment_failure,207,FDR-0033,transformer
2023-05-21 05:00:00,2023-05-21 09:40:00,equipment_failure,43,FDR-0023,cable
2023-05-21 11:00:00,2023-05-21 11:33:00,animal_contact,130,FDR-0009,transformer
2023-05-22 02:00:00,2023-05-22 02:36:00,equipment_failure,333,FDR-0016,fuse
2023-05-22 14:00:00,2023-05-22 20:51:00,weather,699,FDR-0032,switch
2023-05-23 01:00:00,2023-05-23 05:45:00,equipment_failure,482,FDR-0052,recloser
2023-05-23 17:00:00,2023-05-23 21:16:00,animal_contact,169,FDR-0030,overhead line
2023-05-24 01:00:00,2023-05-24 03:33:00,equipment_failure,75,FDR-0032,switch
2023-05-25 04:00:00,2023-05-25 05:15:00,equipment_failure,217,FDR-0051,fuse
2023-05-25 18:00:00,2023-05-26 06:22:00,weather,662,FDR-0046,fuse
2023-05-26 05:00:00,2023-05-26 08:46:00,equipment_failure,176,FDR-0047,recloser
2023-05-29 22:00:00,2023-05-30 01:48:00,equipment_failure,448,FDR-0050,overhead line
2023-05-30 01:00:00,2023-05-30 04:48:00,equipment_failure,239,FDR-0061,switch
2023-05-31 12:00:00,2023-05-31 16:21:00,equipment_failure,140,FDR-0052,fuse
2023-05-31 15:00:00,2023-05-31 20:09:00,equipment_failure,156,FDR-0045,switch
2023-05-31 17:00:00,2023-05-31 18:41:00,equipment_failure,397,FDR-0008,transformer
2023-06-01 13:00:00,2023-06-01 20:00:00,overload,569,FDR-0030,fuse
2023-06-01 13:00:00,2023-06-01 19:17:00,overload,308,FDR-0048,cable
2023-06-01 13:00:00,2023-06-01 16:00:00,overload,898,FDR-0012,switch
2023-06-01 15:00:00,2023-06-02 05:24:00,weather,704,FDR-0063,overhead line
2023-06-02 13:00:00,2023-06-02 18:53:00,equipment_failure,109,FDR-0029,fuse
2023-06-02 15:00:00,2023-06-02 21:25:00,equipment_failure,1054,FDR-0036,switch
2023-06-02 16:00:00,2023-06-02 21:43:00,equipment_failure,97,FDR-0025,transformer
2023-06-02 16:00:00,2023-06-02 20:36:00,overload,1476,FDR-0021,overhead line
2023-06-02 18:00:00,2023-06-02 20:40:00,equipment_failure,312,FDR-0057,recloser
2023-06-03 15:00:00,2023-06-03 16:06:00,equipment_failure,338,FDR-0010,overhead line
2023-06-04 13:00:00,2023-06-04 15:03:00,overload,997,FDR-0030,cable
2023-06-04 13:00:00,2023-06-04 19:39:00,overload,1369,FDR-0023,recloser
2023-06-04 13:00:00,2023-06-04 18:06:00,equipment_failure,1313,FDR-0050,fuse
2023-06-04 14:00:00,2023-06-04 15:34:00,equipment_failure,670,FDR-0039,transformer
2023-06-04 15:00:00,2023-06-04 20:45:00,overload,1466,FDR-0033,transformer
2023-06-04 15:00:00,2023-06-04 19:59:00,equipment_failure,326,FDR-0045,cable
2023-06-04 17:00:00,2023-06-04 20:09:00,overload,839,FDR-0039,recloser
2023-06-04 18:00:00,2023-06-04 19:45:00,equipment_failure,472,FDR-0042,fuse
2023-06-07 15:00:00,2023-06-07 21:43:00,equipment_failure,828,FDR-0030,cable
2023-06-07 18:00:00,2023-06-08 01:39:00,overload,814,FDR-0060,cable
2023-06-08 14:00:00,2023-06-08 16:38:00,overload,673,FDR-0052,overhead line
2023-06-08 16:00:00,2023-06-08 21:19:00,equipment_failure,974,FDR-0037,recloser
2023-06-08 16:00:00,2023-06-09 08:04:00,animal_contact,1226,FDR-0047,fuse
2023-06-08 16:00:00,2023-06-08 18:02:00,equipment_failure,299,FDR-0017,cable
2023-06-08 18:00:00,2023-06-08 21:51:00,overload,631,FDR-0050,switch
2023-06-09 16:00:00,2023-06-09 21:24:00,overload,165,FDR-0014,overhead line
2023-06-10 13:00:00,2023-06-10 19:07:00,equipment_failure,1370,FDR-0064,switch
2023-06-10 16:00:00,2023-06-10 17:35:00,equipment_failure,938,FDR-0054,switch
2023-06-10 18:00:00,2023-06-10 18:39:00,overload,1234,FDR-0040,fuse
2023-06-11 13:00:00,2023-06-11 19:08:00,overload,448,FDR-0059,overhead line
2023-06-11 14:00:00,2023-06-11 17:38:00,weather,488,FDR-0036,overhead line
2023-06-11 15:00:00,2023-06-11 18:23:00,equipment_failure,142,FDR-0052,cable
2023-06-11 18:00:00,2023-06-12 01:31:00,equipment_failure,1079,FDR-0030,switch
2023-06-12 18:00:00,2023-06-12 23:14:00,equipment_failure,55,FDR-0040,overhead line
2023-06-13 16:00:00,2023-06-13 18:13:00,vegetation,1550,FDR-0003,fuse
2023-06-13 16:00:00,2023-06-13 20:18:00,equipment_failure,292,FDR-0060,fuse
2023-06-13 18:00:00,2023-06-13 21:06:00,equipment_failure,390,FDR-0042,recloser
2023-06-14 13:00:00,2023-06-14 16:26:00,equipment_failure,521,FDR-0012,fuse
2023-06-14 17:00:00,2023-06-15 07:26:00,vegetation,642,FDR-0036,recloser
2023-06-15 17:00:00,2023-06-15 18:53:00,equipment_failure,892,FDR-0038,transformer
2023-06-15 17:00:00,2023-06-15 20:52:00,overload,1094,FDR-0051,transformer
2023-06-16 16:00:00,2023-06-16 18:28:00,equipment_failure,408,FDR-0001,recloser
2023-06-16 20:00:00,2023-06-17 07:53:00,animal_contact,448,FDR-0057,switch
2023-06-17 17:00:00,2023-06-17 20:31:00,overload,1332,FDR-0006,cable
2023-06-18 13:00:00,2023-06-18 16:54:00,overload,898,FDR-0033,transformer
2023-06-18 14:00:00,2023-06-18 16:16:00,overload,581,FDR-0033,overhead line
2023-06-18 15:00:00,2023-06-18 16:54:00,equipment_failure,174,FDR-0047,transformer
2023-06-18 16:00:00,2023-06-18 18:14:00,equipment_failure,645,FDR-0028,transformer
2023-06-18 16:00:00,2023-06-18 20:43:00,overload,996,FDR-0038,overhead line
2023-06-18 17:00:00,2023-06-19 00:10:00,equipment_failure,923,FDR-0029,recloser
2023-06-19 15:00:00,2023-06-19 22:03:00,equipment_failure,1095,FDR-0044,overhead line
2023-06-19 17:00:00,2023-06-19 23:26:00,equipment_failure,513,FDR-0061,overhead line
2023-06-20 15:00:00,2023-06-20 22:42:00,equipment_failure,121,FDR-0065,cable
2023-06-21 16:00:00,2023-06-21 20:42:00,equipment_failure,418,FDR-0002,overhead line
2023-06-22 15:00:00,2023-06-22 15:45:00,equipment_failure,99,FDR-0061,fuse
2023-06-22 16:00:00,2023-06-22 23:18:00,equipment_failure,456,FDR-0029,overhead line
2023-06-22 18:00:00,2023-06-23 00:29:00,equipment_failure,1385,FDR-0002,cable
2023-06-22 20:00:00,2023-06-23 01:55:00,weather,797,FDR-0009,transformer
2023-06-23 18:00:00,2023-06-23 21:27:00,overload,310,FDR-0014,fuse
2023-06-24 18:00:00,2023-06-24 21:35:00,equipment_failure,1266,FDR-0005,recloser
2023-06-25 15:00:00,2023-06-25 22:58:00,equipment_failure,1069,FDR-0027,overhead line
2023-06-25 18:00:00,2023-06-25 21:32:00,overload,210,FDR-0024,switch
2023-06-26 14:00:00,2023-06-26 21:21:00,equipment_failure,43,FDR-0051,recloser
2023-06-26 17:00:00,2023-06-27 00:42:00,equipment_failure,1465,FDR-0003,transformer
2023-06-28 13:00:00,2023-06-28 17:48:00,equipment_failure,691,FDR-0022,overhead line
2023-06-28 17:00:00,2023-06-28 17:54:00,overload,311,FDR-0009,overhead line
2023-06-30 18:00:00,2023-06-30 22:31:00,overload,863,FDR-0044,recloser
2023-06-30 18:00:00,2023-06-30 21:54:00,equipment_failure,302,FDR-0060,recloser
2023-07-01 15:00:00,2023-07-01 23:13:00,animal_contact,1673,FDR-0027,overhead line
2023-07-01 16:00:00,2023-07-02 07:39:00,weather,1587,FDR-0006,cable
2023-07-01 16:00:00,2023-07-02 08:03:00,weather,601,FDR-0030,fuse
2023-07-01 17:00:00,2023-07-02 04:37:00,weather,784,FDR-0050,overhead line
2023-07-01 19:00:00,2023-07-02 01:24:00,weather,1304,FDR-0023,transformer
2023-07-01 20:00:00,2023-07-02 09:31:00,weather,1147,FDR-0031,transformer
2023-07-02 15:00:00,2023-07-02 21:09:00,equipment_failure,1467,FDR-0039,switch
2023-07-03 17:00:00,2023-07-03 20:20:00,equipment_failure,1534,FDR-0028,overhead line
2023-07-04 13:00:00,2023-07-04 17:20:00,equipment_failure,701,FDR-0049,recloser
2023-07-04 19:00:00,2023-07-05 00:25:00,animal_contact,676,FDR-0026,recloser
2023-07-05 13:00:00,2023-07-05 17:21:00,overload,442,FDR-0009,transformer
2023-07-05 17:00:00,2023-07-05 20:21:00,overload,326,FDR-0014,transformer
2023-07-05 18:00:00,2023-07-05 22:24:00,overload,469,FDR-0008,transformer
2023-07-06 13:00:00,2023-07-06 19:02:00,overload,253,FDR-0020,fuse
2023-07-06 13:00:00,2023-07-06 16:58:00,equipment_failure,596,FDR-0005,fuse
2023-07-06 17:00:00,2023-07-06 17:50:00,overload,760,FDR-0027,recloser
2023-07-07 15:00:00,2023-07-07 18:05:00,equipment_failure,607,FDR-0052,fuse
2023-07-08 18:00:00,2023-07-08 21:24:00,equipment_failure,276,FDR-0014,recloser
2023-07-08 18:00:00,2023-07-09 00:46:00,equipment_failure,292,FDR-0036,fuse
2023-07-09 14:00:00,2023-07-09 14:30:00,overload,1001,FDR-0038,overhead line
2023-07-09 14:00:00,2023-07-09 15:22:00,equipment_failure,1061,FDR-0016,cable
2023-07-10 16:00:00,2023-07-10 22:44:00,equipment_failure,710,FDR-0032,overhead line
2023-07-11 14:00:00,2023-07-11 18:35:00,equipment_failure,1179,FDR-0061,switch
2023-07-11 18:00:00,2023-07-11 18:35:00,equipment_failure,465,FDR-0062,fuse
2023-07-12 15:00:00,2023-07-12 20:30:00,equipment_failure,608,FDR-0022,cable
2023-07-13 15:00:00,2023-07-14 05:04:00,animal_contact,2200,FDR-0065,transformer
2023-07-13 15:00:00,2023-07-14 05:04:00,animal_contact,2624,FDR-0065,transformer
2023-07-13 18:00:00,2023-07-13 23:55:00,weather,1866,FDR-0063,switch
2023-07-13 18:00:00,2023-07-13 23:07:00,weather,1661,FDR-0005,recloser
2023-07-13 18:00:00,2023-07-14 02:01:00,animal_contact,211,FDR-0034,fuse
2023-07-13 19:00:00,2023-07-13 21:18:00,weather,747,FDR-0051,recloser
2023-07-14 13:00:00,2023-07-14 17:43:00,overload,1227,FDR-0057,transformer
2023-07-14 14:00:00,2023-07-14 14:36:00,overload,633,FDR-0004,cable
2023-07-14 19:00:00,2023-07-15 02:31:00,animal_contact,82,FDR-0038,recloser
2023-07-15 18:00:00,2023-07-16 01:25:00,equipment_failure,750,FDR-0065,switch
2023-07-16 15:00:00,2023-07-16 19:05:00,equipment_failure,1353,FDR-0046,transformer
2023-07-16 17:00:00,2023-07-16 22:46:00,overload,483,FDR-0053,cable
2023-07-17 14:00:00,2023-07-17 17:47:00,equipment_failure,1108,FDR-0062,fuse
2023-07-17 14:00:00,2023-07-17 19:06:00,equipment_failure,183,FDR-0065,fuse
2023-07-17 18:00:00,2023-07-18 00:31:00,overload,639,FDR-0045,recloser
2023-07-17 18:00:00,2023-07-17 23:18:00,equipment_failure,325,FDR-0037,transformer
2023-07-18 15:00:00,2023-07-18 19:50:00,equipment_failure,38,FDR-0018,switch
2023-07-19 17:00:00,2023-07-19 23:26:00,equipment_failure,597,FDR-0061,overhead line
2023-07-20 15:00:00,2023-07-20 18:23:00,overload,900,FDR-0054,switch
2023-07-20 15:00:00,2023-07-20 22:31:00,equipment_failure,207,FDR-0055,switch
2023-07-20 18:00:00,2023-07-21 01:11:00,overload,599,FDR-0001,fuse
2023-07-21 06:00:00,2023-07-21 10:17:00,equipment_failure,296,FDR-0035,overhead line
2023-07-21 16:00:00,2023-07-21 19:34:00,equipment_failure,373,FDR-0012,switch
2023-07-21 17:00:00,2023-07-21 22:53:00,overload,497,FDR-0014,switch
2023-07-22 18:00:00,2023-07-22 23:54:00,overload,121,FDR-0007,cable
2023-07-23 14:00:00,2023-07-23 17:41:00,overload,394,FDR-0059,switch
2023-07-24 14:00:00,2023-07-24 17:17:00,equipment_failure,364,FDR-0017,overhead line
2023-07-24 15:00:00,2023-07-24 21:43:00,overload,1398,FDR-0049,recloser
2023-07-24 18:00:00,2023-07-25 09:28:00,vegetation,2250,FDR-0059,cable
2023-07-26 13:00:00,2023-07-26 19:25:00,equipment_failure,1411,FDR-0046,cable
2023-07-26 16:00:00,2023-07-26 18:14:00,overload,749,FDR-0002,overhead line
2023-07-27 13:00:00,2023-07-27 19:10:00,overload,338,FDR-0043,fuse
2023-07-27 18:00:00,2023-07-27 22:14:00,equipment_failure,815,FDR-0026,transformer
2023-07-27 18:00:00,2023-07-27 21:57:00,overload,1004,FDR-0004,switch
2023-07-28 14:00:00,2023-07-28 18:11:00,equipment_failure,843,FDR-0034,transformer
2023-07-28 18:00:00,2023-07-29 01:17:00,equipment_failure,231,FDR-0008,recloser
2023-07-29 14:00:00,2023-07-29 17:21:00,animal_contact,2323,FDR-0015,fuse
2023-07-29 15:00:00,2023-07-29 20:08:00,weather,870,FDR-0065,fuse
2023-07-29 18:00:00,2023-07-29 23:01:00,animal_contact,829,FDR-0016,switch
2023-07-29 19:00:00,2023-07-30 00:38:00,weather,155,FDR-0014,recloser
2023-07-29 20:00:00,2023-07-30 08:38:00,animal_contact,1283,FDR-0029,cable
2023-07-30 14:00:00,2023-07-31 05:09:00,vegetation,844,FDR-0047,switch
2023-07-30 15:00:00,2023-07-31 00:10:00,weather,1912,FDR-0015,switch
2023-07-30 15:00:00,2023-07-31 07:41:00,animal_contact,2299,FDR-0008,overhead line
2023-07-30 15:00:00,2023-07-30 16:18:00,overload,1232,FDR-0018,recloser
2023-07-30 16:00:00,2023-07-30 21:58:00,weather,2423,FDR-0012,fuse
2023-07-30 17:00:00,2023-07-30 23:00:00,equipment_failure,476,FDR-0010,fuse
2023-07-30 17:00:00,2023-07-30 22:48:00,animal_contact,2785,FDR-0019,recloser
2023-07-30 18:00:00,2023-07-30 19:10:00,weather,398,FDR-0001,transformer
2023-07-30 18:00:00,2023-07-30 20:01:00,weather,455,FDR-0021,overhead line
2023-07-31 13:00:00,2023-07-31 16:55:00,overload,794,FDR-0006,overhead line
2023-07-31 14:00:00,2023-07-31 18:43:00,overload,1347,FDR-0055,cable
2023-07-31 16:00:00,2023-07-31 21:03:00,equipment_failure,774,FDR-0050,transformer
2023-07-31 16:00:00,2023-07-31 19:37:00,equipment_failure,573,FDR-0030,recloser
2023-08-01 13:00:00,2023-08-01 13:36:00,equipment_failure,569,FDR-0002,transformer
2023-08-02 16:00:00,2023-08-02 22:52:00,overload,641,FDR-0011,cable
2023-08-04 17:00:00,2023-08-04 18:51:00,overload,383,FDR-0049,fuse
2023-08-05 14:00:00,2023-08-05 14:40:00,overload,644,FDR-0008,transformer
2023-08-05 14:00:00,2023-08-05 19:00:00,vegetation,1751,FDR-0048,fuse
2023-08-05 16:00:00,2023-08-05 19:45:00,overload,1430,FDR-0035,fuse
2023-08-05 18:00:00,2023-08-05 21:28:00,weather,141,FDR-0042,fuse
2023-08-05 19:00:00,2023-08-06 11:28:00,weather,1308,FDR-0049,recloser
2023-08-05 19:00:00,2023-08-06 04:14:00,vegetation,271,FDR-0013,recloser
2023-08-06 14:00:00,2023-08-06 18:25:00,equipment_failure,982,FDR-0045,transformer
2023-08-06 14:00:00,2023-08-06 15:22:00,equipment_failure,372,FDR-0009,overhead line
2023-08-06 14:00:00,2023-08-06 15:21:00,overload,1314,FDR-0035,recloser
2023-08-06 16:00:00,2023-08-06 23:12:00,equipment_failure,220,FDR-0010,fuse
2023-08-06 19:00:00,2023-08-07 12:20:00,weather,1103,FDR-0051,overhead line
2023-08-07 13:00:00,2023-08-07 17:12:00,overload,576,FDR-0023,overhead line
2023-08-08 07:00:00,2023-08-08 08:51:00,equipment_failure,300,FDR-0015,switch
2023-08-08 14:00:00,2023-08-08 21:31:00,equipment_failure,753,FDR-0042,overhead line
2023-08-08 15:00:00,2023-08-08 22:02:00,equipment_failure,181,FDR-0019,switch
2023-08-09 15:00:00,2023-08-09 16:21:00,equipment_failure,608,FDR-0034,transformer
2023-08-09 16:00:00,2023-08-09 19:09:00,equipment_failure,795,FDR-0054,transformer
2023-08-09 16:00:00,2023-08-09 21:50:00,equipment_failure,138,FDR-0007,cable
2023-08-09 17:00:00,2023-08-09 21:54:00,equipment_failure,724,FDR-0008,cable
2023-08-09 18:00:00,2023-08-09 20:15:00,equipment_failure,843,FDR-0034,recloser
2023-08-10 15:00:00,2023-08-10 20:49:00,equipment_failure,842,FDR-0006,cable
2023-08-10 16:00:00,2023-08-10 18:07:00,equipment_failure,1219,FDR-0035,switch
2023-08-11 17:00:00,2023-08-11 21:12:00,overload,752,FDR-0004,cable
2023-08-11 18:00:00,2023-08-12 00:37:00,equipment_failure,953,FDR-0064,overhead line
2023-08-11 18:00:00,2023-08-12 00:57:00,overload,848,FDR-0005,switch
2023-08-12 16:00:00,2023-08-12 19:57:00,equipment_failure,777,FDR-0020,transformer
2023-08-13 17:00:00,2023-08-13 19:51:00,equipment_failure,315,FDR-0055,switch
2023-08-14 14:00:00,2023-08-14 21:52:00,overload,466,FDR-0060,switch
2023-08-14 16:00:00,2023-08-14 17:55:00,equipment_failure,505,FDR-0048,switch
2023-08-14 17:00:00,2023-08-14 20:20:00,weather,350,FDR-0006,recloser
2023-08-14 18:00:00,2023-08-14 19:02:00,equipment_failure,229,FDR-0013,fuse
2023-08-15 13:00:00,2023-08-15 15:34:00,equipment_failure,787,FDR-0030,transformer
2023-08-15 17:00:00,2023-08-15 21:57:00,overload,1105,FDR-0030,recloser
2023-08-15 18:00:00,2023-08-15 21:15:00,overload,748,FDR-0028,transformer
2023-08-16 14:00:00,2023-08-16 20:58:00,equipment_failure,1137,FDR-0032,switch
2023-08-17 15:00:00,2023-08-17 20:12:00,vegetation,1251,FDR-0039,recloser
2023-08-17 16:00:00,2023-08-18 04:04:00,vegetation,689,FDR-0022,cable
2023-08-17 16:00:00,2023-08-17 17:06:00,weather,189,FDR-0042,overhead line
2023-08-17 17:00:00,2023-08-17 22:40:00,weather,172,FDR-0057,switch
2023-08-17 17:00:00,2023-08-17 18:12:00,vegetation,1142,FDR-0052,switch
2023-08-17 19:00:00,2023-08-18 11:27:00,weather,1569,FDR-0039,overhead line
2023-08-17 20:00:00,2023-08-18 01:26:00,weather,398,FDR-0017,cable
2023-08-19 13:00:00,2023-08-19 17:25:00,overload,597,FDR-0041,recloser
2023-08-20 16:00:00,2023-08-21 01:10:00,weather,1053,FDR-0013,cable
2023-08-21 17:00:00,2023-08-21 19:17:00,equipment_failure,261,FDR-0047,fuse
2023-08-22 18:00:00,2023-08-23 01:30:00,equipment_failure,261,FDR-0025,cable
2023-08-23 14:00:00,2023-08-23 23:13:00,weather,1787,FDR-0042,transformer
2023-08-23 14:00:00,2023-08-23 16:28:00,equipment_failure,1271,FDR-0050,recloser
2023-08-23 14:00:00,2023-08-24 04:44:00,animal_contact,879,FDR-0018,recloser
2023-08-23 14:00:00,2023-08-23 18:21:00,equipment_failure,408,FDR-0046,fuse
2023-08-23 15:00:00,2023-08-23 16:02:00,equipment_failure,1235,FDR-0016,switch
2023-08-23 16:00:00,2023-08-23 19:17:00,animal_contact,2536,FDR-0056,recloser
2023-08-23 16:00:00,2023-08-24 07:57:00,weather,2228,FDR-0002,transformer
2023-08-23 16:00:00,2023-08-24 03:55:00,vegetation,2072,FDR-0059,switch
2023-08-23 17:00:00,2023-08-24 02:07:00,weather,1016,FDR-0045,cable
2023-08-23 17:00:00,2023-08-23 21:16:00,animal_contact,149,FDR-0030,overhead line
2023-08-23 17:00:00,2023-08-23 20:09:00,weather,612,FDR-0062,switch
2023-08-23 18:00:00,2023-08-24 06:09:00,vegetation,2039,FDR-0006,cable
2023-08-23 20:00:00,2023-08-24 00:13:00,vegetation,499,FDR-0034,recloser
2023-08-24 14:00:00,2023-08-24 18:23:00,equipment_failure,1007,FDR-0041,cable
2023-08-24 14:00:00,2023-08-24 14:30:00,equipment_failure,169,FDR-0006,recloser
2023-08-24 15:00:00,2023-08-24 16:37:00,equipment_failure,213,FDR-0051,fuse
2023-08-24 16:00:00,2023-08-24 20:00:00,equipment_failure,1099,FDR-0008,recloser
2023-08-24 19:00:00,2023-08-24 23:31:00,equipment_failure,11,FDR-0052,cable
2023-08-25 14:00:00,2023-08-26 03:51:00,weather,1334,FDR-0061,overhead line
2023-08-25 14:00:00,2023-08-26 01:25:00,animal_contact,78,FDR-0012,cable
2023-08-25 16:00:00,2023-08-26 04:55:00,animal_contact,204,FDR-0052,recloser
2023-08-25 17:00:00,2023-08-26 10:12:00,vegetation,1964,FDR-0019,recloser
2023-08-25 18:00:00,2023-08-26 01:32:00,equipment_failure,1089,FDR-0061,overhead line
2023-08-25 18:00:00,2023-08-26 06:22:00,weather,685,FDR-0046,fuse
2023-08-25 18:00:00,2023-08-25 21:10:00,overload,310,FDR-0062,fuse
2023-08-25 19:00:00,2023-08-25 23:11:00,vegetation,1455,FDR-0044,transformer
2023-08-25 19:00:00,2023-08-26 07:28:00,animal_contact,250,FDR-0041,switch
2023-08-25 20:00:00,2023-08-26 06:01:00,vegetation,825,FDR-0018,switch
2023-08-25 20:00:00,2023-08-26 02:53:00,vegetation,276,FDR-0054,cable
2023-08-25 20:00:00,2023-08-26 09:13:00,weather,1022,FDR-0057,fuse
2023-08-26 17:00:00,2023-08-26 22:09:00,equipment_failure,317,FDR-0056,recloser
2023-08-26 17:00:00,2023-08-26 21:32:00,equipment_failure,863,FDR-0027,recloser
2023-08-27 17:00:00,2023-08-27 19:18:00,overload,160,FDR-0013,recloser
2023-08-27 17:00:00,2023-08-28 00:49:00,equipment_failure,792,FDR-0042,cable
2023-08-28 14:00:00,2023-08-29 07:53:00,animal_contact,217,FDR-0053,overhead line
2023-08-28 14:00:00,2023-08-29 07:18:00,vegetation,1228,FDR-0038,switch
2023-08-28 14:00:00,2023-08-28 16:55:00,equipment_failure,913,FDR-0039,cable
2023-08-28 15:00:00,2023-08-28 21:09:00,overload,477,FDR-0019,switch
2023-08-28 15:00:00,2023-08-29 04:07:00,weather,444,FDR-0064,overhead line
2023-08-28 16:00:00,2023-08-28 17:45:00,weather,686,FDR-0002,cable
2023-08-28 19:00:00,2023-08-29 02:20:00,animal_contact,831,FDR-0034,cable
2023-08-29 17:00:00,2023-08-29 19:36:00,equipment_failure,1466,FDR-0063,cable
2023-08-29 17:00:00,2023-08-29 19:37:00,overload,1300,FDR-0043,overhead line
2023-08-29 18:00:00,2023-08-29 23:34:00,equipment_failure,384,FDR-0058,recloser
2023-08-30 14:00:00,2023-08-30 19:30:00,overload,636,FDR-0028,recloser
2023-08-30 15:00:00,2023-08-30 20:43:00,overload,363,FDR-0058,switch
2023-08-31 13:00:00,2023-08-31 15:09:00,equipment_failure,1185,FDR-0057,fuse
2023-08-31 17:00:00,2023-08-31 18:05:00,equipment_failure,931,FDR-0062,switch
2023-08-31 18:00:00,2023-08-31 23:49:00,overload,1016,FDR-0063,cable
2023-09-01 13:00:00,2023-09-01 15:00:00,equipment_failure,54,FDR-0044,fuse
2023-09-01 14:00:00,2023-09-02 06:15:00,animal_contact,99,FDR-0005,overhead line
2023-09-01 14:00:00,2023-09-02 07:08:00,weather,711,FDR-0058,fuse
2023-09-01 16:00:00,2023-09-02 09:51:00,weather,965,FDR-0036,switch
2023-09-01 16:00:00,2023-09-02 02:05:00,animal_contact,708,FDR-0055,recloser
2023-09-01 17:00:00,2023-09-01 19:01:00,animal_contact,737,FDR-0060,switch
2023-09-01 18:00:00,2023-09-02 06:42:00,vegetation,2536,FDR-0061,fuse
2023-09-01 18:00:00,2023-09-02 06:04:00,animal_contact,228,FDR-0060,cable
2023-09-01 18:00:00,2023-09-02 02:49:00,weather,1282,FDR-0023,switch
2023-09-01 19:00:00,2023-09-02 05:42:00,vegetation,799,FDR-0055,cable
2023-09-01 20:00:00,2023-09-02 11:06:00,vegetation,527,FDR-0008,recloser
2023-09-01 20:00:00,2023-09-02 10:57:00,weather,2396,FDR-0046,switch
2023-09-01 20:00:00,2023-09-02 02:14:00,weather,545,FDR-0063,switch
2023-09-02 18:00:00,2023-09-03 01:57:00,equipment_failure,323,FDR-0028,transformer
2023-09-03 16:00:00,2023-09-03 17:15:00,equipment_failure,1264,FDR-0057,fuse
2023-09-05 15:00:00,2023-09-05 19:06:00,equipment_failure,450,FDR-0048,switch
2023-09-06 13:00:00,2023-09-06 14:43:00,overload,214,FDR-0005,fuse
2023-09-06 14:00:00,2023-09-07 06:16:00,animal_contact,1712,FDR-0039,cable
2023-09-06 16:00:00,2023-09-07 09:21:00,weather,1262,FDR-0056,recloser
2023-09-06 17:00:00,2023-09-07 01:45:00,animal_contact,783,FDR-0020,transformer
2023-09-06 18:00:00,2023-09-07 01:20:00,weather,1621,FDR-0056,overhead line
2023-09-06 19:00:00,2023-09-06 21:18:00,weather,1034,FDR-0062,overhead line
2023-09-06 19:00:00,2023-09-07 05:37:00,weather,517,FDR-0052,switch
2023-09-06 20:00:00,2023-09-07 06:30:00,weather,1632,FDR-0028,switch
2023-09-06 20:00:00,2023-09-07 02:45:00,weather,2881,FDR-0035,switch
2023-09-07 13:00:00,2023-09-07 17:09:00,equipment_failure,1174,FDR-0016,recloser
2023-09-07 15:00:00,2023-09-07 21:21:00,equipment_failure,877,FDR-0048,transformer
2023-09-07 15:00:00,2023-09-07 18:37:00,equipment_failure,562,FDR-0028,cable
2023-09-07 16:00:00,2023-09-07 22:33:00,equipment_failure,882,FDR-0009,recloser
2023-09-07 16:00:00,2023-09-08 05:11:00,animal_contact,383,FDR-0017,overhead line
2023-09-07 17:00:00,2023-09-07 23:38:00,equipment_failure,822,FDR-0064,switch
2023-09-08 13:00:00,2023-09-08 14:24:00,equipment_failure,489,FDR-0041,switch
2023-09-08 13:00:00,2023-09-08 16:42:00,overload,236,FDR-0057,transformer
2023-09-08 13:00:00,2023-09-08 15:34:00,equipment_failure,890,FDR-0044,cable
2023-09-08 14:00:00,2023-09-08 14:41:00,equipment_failure,347,FDR-0051,cable
2023-09-08 15:00:00,2023-09-08 21:33:00,equipment_failure,627,FDR-0043,fuse
2023-09-08 16:00:00,2023-09-08 23:25:00,overload,1384,FDR-0054,switch
2023-09-08 17:00:00,2023-09-08 23:13:00,equipment_failure,743,FDR-0050,transformer
2023-09-08 18:00:00,2023-09-08 22:10:00,equipment_failure,50,FDR-0007,switch
2023-09-10 18:00:00,2023-09-10 19:58:00,equipment_failure,950,FDR-0037,transformer
2023-09-11 13:00:00,2023-09-11 20:24:00,overload,487,FDR-0003,transformer
2023-09-11 17:00:00,2023-09-11 23:00:00,overload,613,FDR-0048,switch
2023-09-12 15:00:00,2023-09-12 22:58:00,overload,224,FDR-0049,switch
2023-09-12 18:00:00,2023-09-13 10:20:00,animal_contact,290,FDR-0060,cable
2023-09-13 14:00:00,2023-09-14 06:39:00,weather,2788,FDR-0010,transformer
2023-09-13 14:00:00,2023-09-13 15:41:00,equipment_failure,555,FDR-0026,overhead line
2023-09-13 16:00:00,2023-09-13 22:24:00,equipment_failure,725,FDR-0015,fuse
2023-09-13 16:00:00,2023-09-14 05:53:00,vegetation,1818,FDR-0065,recloser
2023-09-13 16:00:00,2023-09-13 18:13:00,vegetation,1537,FDR-0002,fuse
2023-09-13 20:00:00,2023-09-14 11:25:00,animal_contact,76,FDR-0013,transformer
2023-09-14 17:00:00,2023-09-14 21:18:00,equipment_failure,412,FDR-0019,fuse
2023-09-15 19:00:00,2023-09-16 09:34:00,animal_contact,169,FDR-0040,recloser
2023-09-15 20:00:00,2023-09-16 05:40:00,vegetation,1380,FDR-0025,fuse
2023-09-15 20:00:00,2023-09-16 02:23:00,weather,505,FDR-0043,transformer
2023-09-15 20:00:00,2023-09-16 10:11:00,vegetation,963,FDR-0028,overhead line
2023-09-15 20:00:00,2023-09-16 08:04:00,animal_contact,255,FDR-0062,switch
2023-09-15 20:00:00,2023-09-16 06:51:00,vegetation,793,FDR-0026,transformer
2023-09-16 14:00:00,2023-09-16 20:58:00,equipment_failure,974,FDR-0022,switch
2023-09-16 16:00:00,2023-09-16 21:32:00,overload,867,FDR-0052,fuse
2023-09-17 14:00:00,2023-09-18 02:28:00,weather,146,FDR-0003,transformer
2023-09-17 15:00:00,2023-09-18 03:22:00,vegetation,210,FDR-0050,overhead line
2023-09-17 16:00:00,2023-09-18 04:19:00,weather,681,FDR-0050,cable
2023-09-17 18:00:00,2023-09-17 19:51:00,weather,2709,FDR-0064,fuse
2023-09-17 18:00:00,2023-09-18 00:03:00,animal_contact,505,FDR-0060,transformer
2023-09-17 18:00:00,2023-09-17 20:19:00,overload,508,FDR-0062,cable
2023-09-17 20:00:00,2023-09-18 08:32:00,animal_contact,580,FDR-0038,fuse
2023-09-17 20:00:00,2023-09-18 08:45:00,weather,2055,FDR-0051,overhead line
2023-09-18 13:00:00,2023-09-18 17:57:00,overload,519,FDR-0002,transformer
2023-09-19 13:00:00,2023-09-19 13:31:00,overload,504,FDR-0031,transformer
2023-09-19 18:00:00,2023-09-20 00:27:00,equipment_failure,720,FDR-0011,fuse
2023-09-19 18:00:00,2023-09-19 18:43:00,equipment_failure,1377,FDR-0040,fuse
2023-09-20 13:00:00,2023-09-20 18:41:00,equipment_failure,356,FDR-0015,recloser
2023-09-20 14:00:00,2023-09-20 18:32:00,equipment_failure,734,FDR-0035,fuse
2023-09-20 15:00:00,2023-09-20 20:33:00,equipment_failure,177,FDR-0029,cable
2023-09-20 16:00:00,2023-09-20 18:35:00,equipment_failure,972,FDR-0034,overhead line
2023-09-21 13:00:00,2023-09-21 13:33:00,equipment_failure,1466,FDR-0015,fuse
2023-09-21 13:00:00,2023-09-21 14:51:00,overload,39,FDR-0013,recloser
2023-09-21 13:00:00,2023-09-21 20:16:00,overload,1089,FDR-0038,switch
2023-09-23 18:00:00,2023-09-23 21:08:00,equipment_failure,906,FDR-0024,cable
2023-09-24 03:00:00,2023-09-24 07:03:00,animal_contact,39,FDR-0045,transformer
2023-09-24 18:00:00,2023-09-24 20:33:00,equipment_failure,136,FDR-0041,switch
2023-09-24 18:00:00,2023-09-24 22:36:00,overload,953,FDR-0064,switch
2023-09-25 14:00:00,2023-09-25 20:54:00,equipment_failure,127,FDR-0003,cable
2023-09-25 15:00:00,2023-09-25 22:07:00,overload,256,FDR-0047,overhead line
2023-09-25 18:00:00,2023-09-25 21:37:00,equipment_failure,486,FDR-0020,overhead line
2023-09-26 15:00:00,2023-09-26 21:01:00,equipment_failure,1025,FDR-0038,overhead line
2023-09-26 17:00:00,2023-09-27 00:29:00,equipment_failure,1467,FDR-0021,transformer
2023-09-27 16:00:00,2023-09-27 18:41:00,equipment_failure,541,FDR-0020,overhead line
2023-09-27 17:00:00,2023-09-27 21:29:00,equipment_failure,74,FDR-0019,recloser
2023-09-27 17:00:00,2023-09-27 23:54:00,overload,949,FDR-0031,switch
2023-09-27 17:00:00,2023-09-27 19:12:00,overload,458,FDR-0008,transformer
2023-09-28 13:00:00,2023-09-28 20:00:00,equipment_failure,977,FDR-0002,transformer
2023-09-28 14:00:00,2023-09-28 16:55:00,equipment_failure,768,FDR-0042,cable
2023-09-28 17:00:00,2023-09-28 19:33:00,equipment_failure,1210,FDR-0046,overhead line
2023-09-29 15:00:00,2023-09-29 17:06:00,equipment_failure,521,FDR-0053,cable
2023-09-29 17:00:00,2023-09-29 17:42:00,equipment_failure,1419,FDR-0051,switch
2023-09-29 17:00:00,2023-09-29 22:16:00,overload,653,FDR-0033,recloser
2023-09-29 17:00:00,2023-09-29 21:28:00,overload,94,FDR-0065,cable
2023-09-30 16:00:00,2023-09-30 18:58:00,equipment_failure,863,FDR-0056,transformer
2023-09-30 18:00:00,2023-09-30 20:07:00,overload,44,FDR-0052,overhead line
2023-10-08 02:00:00,2023-10-08 05:20:00,animal_contact,305,FDR-0017,recloser
2023-10-10 09:00:00,2023-10-10 13:18:00,equipment_failure,365,FDR-0037,recloser
2023-10-12 02:00:00,2023-10-12 04:36:00,equipment_failure,11,FDR-0054,cable
2023-10-13 18:00:00,2023-10-13 23:07:00,weather,1884,FDR-0005,recloser
2023-10-15 04:00:00,2023-10-15 05:11:00,equipment_failure,185,FDR-0029,switch
2023-10-15 18:00:00,2023-10-15 20:48:00,equipment_failure,447,FDR-0009,fuse
2023-10-15 19:00:00,2023-10-15 23:41:00,equipment_failure,11,FDR-0021,overhead line
2023-10-15 19:00:00,2023-10-15 22:36:00,equipment_failure,391,FDR-0035,recloser
2023-10-16 16:00:00,2023-10-16 18:10:00,equipment_failure,235,FDR-0014,switch
2023-10-16 17:00:00,2023-10-16 19:32:00,equipment_failure,39,FDR-0053,transformer
2023-10-17 11:00:00,2023-10-17 12:07:00,equipment_failure,272,FDR-0064,cable
2023-10-17 14:00:00,2023-10-17 15:40:00,animal_contact,31,FDR-0028,recloser
2023-10-19 18:00:00,2023-10-19 22:39:00,overload,30,FDR-0046,switch
2023-10-19 22:00:00,2023-10-20 01:28:00,equipment_failure,371,FDR-0010,transformer
2023-10-20 18:00:00,2023-10-20 18:51:00,equipment_failure,458,FDR-0030,overhead line
2023-10-22 15:00:00,2023-10-22 21:49:00,overload,28,FDR-0040,overhead line
2023-10-23 21:00:00,2023-10-24 00:03:00,equipment_failure,235,FDR-0052,recloser
2023-10-24 21:00:00,2023-10-25 01:53:00,equipment_failure,449,FDR-0057,fuse
2023-10-26 17:00:00,2023-10-27 04:23:00,weather,2728,FDR-0043,cable
2023-10-29 04:00:00,2023-10-29 05:33:00,equipment_failure,479,FDR-0045,switch
2023-10-29 21:00:00,2023-10-30 00:21:00,equipment_failure,457,FDR-0032,switch
2023-10-30 02:00:00,2023-10-30 03:25:00,equipment_failure,476,FDR-0008,fuse
2023-10-30 23:00:00,2023-10-30 23:30:00,equipment_failure,123,FDR-0041,cable
2023-10-31 01:00:00,2023-10-31 01:48:00,equipment_failure,359,FDR-0012,switch
2023-10-31 10:00:00,2023-10-31 12:50:00,equipment_failure,298,FDR-0005,fuse
2023-11-01 00:00:00,2023-11-01 04:46:00,animal_contact,449,FDR-0038,transformer
2023-11-01 06:00:00,2023-11-01 10:54:00,equipment_failure,115,FDR-0005,transformer
2023-11-03 03:00:00,2023-11-03 05:46:00,equipment_failure,377,FDR-0040,transformer
2023-11-04 18:00:00,2023-11-04 20:22:00,equipment_failure,489,FDR-0042,overhead line
2023-11-05 01:00:00,2023-11-05 01:41:00,animal_contact,452,FDR-0036,overhead line
2023-11-06 20:00:00,2023-11-07 03:29:00,weather,350,FDR-0014,fuse
2023-11-07 11:00:00,2023-11-07 11:30:00,animal_contact,100,FDR-0025,recloser
2023-11-07 15:00:00,2023-11-07 20:34:00,overload,540,FDR-0011,switch
2023-11-07 16:00:00,2023-11-07 22:33:00,equipment_failure,841,FDR-0028,recloser
2023-11-09 13:00:00,2023-11-09 18:31:00,equipment_failure,9,FDR-0047,switch
2023-11-10 06:00:00,2023-11-10 07:16:00,animal_contact,121,FDR-0014,cable
2023-11-11 16:00:00,2023-11-11 18:46:00,overload,821,FDR-0038,recloser
2023-11-11 20:00:00,2023-11-12 00:01:00,equipment_failure,465,FDR-0037,switch
2023-11-14 17:00:00,2023-11-14 21:01:00,equipment_failure,439,FDR-0003,fuse
2023-11-17 16:00:00,2023-11-18 00:40:00,weather,1435,FDR-0021,cable
2023-11-18 22:00:00,2023-11-19 00:12:00,equipment_failure,182,FDR-0014,fuse
2023-11-19 04:00:00,2023-11-19 05:55:00,equipment_failure,225,FDR-0010,switch
2023-11-19 16:00:00,2023-11-20 08:33:00,weather,424,FDR-0060,overhead line
2023-11-19 18:00:00,2023-11-19 23:22:00,equipment_failure,57,FDR-0050,fuse
2023-11-20 07:00:00,2023-11-20 07:57:00,equipment_failure,482,FDR-0049,transformer
2023-11-21 00:00:00,2023-11-21 05:26:00,equipment_failure,277,FDR-0022,switch
2023-11-24 20:00:00,2023-11-25 00:54:00,equipment_failure,102,FDR-0020,cable
2023-11-25 19:00:00,2023-11-25 20:48:00,equipment_failure,234,FDR-0056,overhead line
2023-11-30 10:00:00,2023-11-30 13:07:00,equipment_failure,286,FDR-0012,overhead line
2023-12-01 18:00:00,2023-12-02 02:04:00,weather,1068,FDR-0064,transformer
2023-12-02 16:00:00,2023-12-02 20:56:00,equipment_failure,169,FDR-0007,cable
2023-12-02 18:00:00,2023-12-02 20:08:00,equipment_failure,379,FDR-0044,overhead line
2023-12-03 10:00:00,2023-12-03 13:52:00,equipment_failure,414,FDR-0006,switch
2023-12-04 13:00:00,2023-12-04 13:19:00,equipment_failure,171,FDR-0047,cable
2023-12-06 14:00:00,2023-12-07 03:58:00,weather,533,FDR-0011,switch
2023-12-06 15:00:00,2023-12-06 23:40:00,weather,1222,FDR-0041,overhead line
2023-12-06 16:00:00,2023-12-06 18:01:00,weather,240,FDR-0033,transformer
2023-12-06 16:00:00,2023-12-07 00:49:00,vegetation,1236,FDR-0053,switch
2023-12-06 16:00:00,2023-12-07 08:25:00,weather,750,FDR-0026,switch
2023-12-06 17:00:00,2023-12-06 19:12:00,weather,483,FDR-0011,switch
2023-12-06 18:00:00,2023-12-06 20:13:00,weather,379,FDR-0020,fuse
2023-12-06 19:00:00,2023-12-07 12:20:00,weather,1067,FDR-0051,overhead line
2023-12-06 20:00:00,2023-12-07 03:29:00,weather,368,FDR-0014,fuse
2023-12-07 05:00:00,2023-12-07 05:52:00,equipment_failure,275,FDR-0015,recloser
2023-12-08 05:00:00,2023-12-08 10:09:00,equipment_failure,410,FDR-0033,transformer
2023-12-09 16:00:00,2023-12-09 21:16:00,animal_contact,304,FDR-0038,switch
2023-12-10 17:00:00,2023-12-10 17:47:00,animal_contact,171,FDR-0013,cable
2023-12-11 14:00:00,2023-12-11 16:15:00,weather,243,FDR-0007,overhead line
2023-12-11 16:00:00,2023-12-12 01:07:00,vegetation,753,FDR-0020,overhead line
2023-12-11 18:00:00,2023-12-12 04:15:00,weather,2652,FDR-0029,cable
2023-12-11 18:00:00,2023-12-11 18:35:00,equipment_failure,444,FDR-0016,fuse
2023-12-11 18:00:00,2023-12-12 09:02:00,animal_contact,2757,FDR-0022,switch
2023-12-11 19:00:00,2023-12-12 09:01:00,weather,2118,FDR-0044,cable
2023-12-11 20:00:00,2023-12-12 06:48:00,animal_contact,465,FDR-0009,switch
2023-12-13 08:00:00,2023-12-13 11:03:00,equipment_failure,54,FDR-0002,switch
2023-12-14 20:00:00,2023-12-15 01:32:00,vegetation,99,FDR-0001,transformer
2023-12-16 20:00:00,2023-12-16 23:16:00,equipment_failure,143,FDR-0058,cable
2023-12-16 20:00:00,2023-12-17 07:53:00,animal_contact,592,FDR-0057,switch
2023-12-17 02:00:00,2023-12-17 02:21:00,equipment_failure,23,FDR-0060,fuse
2023-12-17 17:00:00,2023-12-17 17:59:00,overload,1325,FDR-0065,switch
2023-12-19 03:00:00,2023-12-19 08:43:00,equipment_failure,128,FDR-0034,fuse
2023-12-22 14:00:00,2023-12-22 20:51:00,weather,720,FDR-0030,switch
2023-12-22 16:00:00,2023-12-23 01:52:00,weather,1459,FDR-0019,switch
2023-12-22 16:00:00,2023-12-23 00:24:00,animal_contact,690,FDR-0002,switch
2023-12-22 16:00:00,2023-12-23 06:43:00,weather,112,FDR-0038,switch
2023-12-22 17:00:00,2023-12-22 19:20:00,weather,714,FDR-0052,fuse
2023-12-22 18:00:00,2023-12-23 06:44:00,weather,1023,FDR-0049,recloser
2023-12-22 19:00:00,2023-12-23 11:52:00,weather,178,FDR-0055,overhead line
2023-12-22 20:00:00,2023-12-23 01:55:00,weather,789,FDR-0009,transformer
2023-12-22 20:00:00,2023-12-23 04:10:00,animal_contact,2604,FDR-0040,transformer
2023-12-24 09:00:00,2023-12-24 09:33:00,equipment_failure,219,FDR-0055,transformer
2023-12-25 15:00:00,2023-12-25 20:08:00,equipment_failure,395,FDR-0050,transformer
2023-12-25 17:00:00,2023-12-25 22:57:00,equipment_failure,171,FDR-0060,transformer
2023-12-26 22:00:00,2023-12-27 02:36:00,equipment_failure,18,FDR-0062,switch
2024-01-01 18:00:00,2024-01-01 23:27:00,equipment_failure,436,FDR-0005,overhead line
2024-01-02 04:00:00,2024-01-02 07:11:00,equipment_failure,66,FDR-0027,recloser
2024-01-02 06:00:00,2024-01-02 07:15:00,equipment_failure,28,FDR-0012,transformer
2024-01-03 21:00:00,2024-01-03 21:20:00,equipment_failure,143,FDR-0040,switch
2024-01-05 04:00:00,2024-01-05 07:46:00,equipment_failure,375,FDR-0028,recloser
2024-01-07 15:00:00,2024-01-07 17:07:00,equipment_failure,211,FDR-0039,switch
2024-01-10 21:00:00,2024-01-10 22:22:00,equipment_failure,294,FDR-0051,switch
2024-01-11 15:00:00,2024-01-11 15:38:00,animal_contact,420,FDR-0025,fuse
2024-01-12 02:00:00,2024-01-12 04:36:00,equipment_failure,12,FDR-0054,cable
2024-01-12 11:00:00,2024-01-12 15:37:00,equipment_failure,43,FDR-0001,overhead line
2024-01-13 11:00:00,2024-01-13 11:50:00,animal_contact,346,FDR-0065,switch
2024-01-13 15:00:00,2024-01-13 16:42:00,overload,233,FDR-0011,cable
2024-01-13 17:00:00,2024-01-13 19:51:00,equipment_failure,367,FDR-0014,switch
2024-01-14 03:00:00,2024-01-14 07:54:00,equipment_failure,154,FDR-0013,transformer
2024-01-15 06:00:00,2024-01-15 07:18:00,animal_contact,145,FDR-0050,switch
2024-01-15 18:00:00,2024-01-16 11:09:00,vegetation,2334,FDR-0032,fuse
2024-01-18 18:00:00,2024-01-19 11:50:00,weather,490,FDR-0050,switch
2024-01-22 02:00:00,2024-01-22 05:52:00,equipment_failure,410,FDR-0030,cable
2024-01-22 02:00:00,2024-01-22 05:34:00,animal_contact,493,FDR-0055,fuse
2024-01-23 19:00:00,2024-01-23 22:38:00,equipment_failure,387,FDR-0010,switch
2024-01-25 00:00:00,2024-01-25 05:49:00,equipment_failure,172,FDR-0002,cable
2024-01-25 17:00:00,2024-01-26 10:12:00,vegetation,2003,FDR-0054,recloser
2024-01-27 06:00:00,2024-01-27 11:09:00,equipment_failure,444,FDR-0016,switch
2024-01-28 04:00:00,2024-01-28 07:00:00,equipment_failure,221,FDR-0034,transformer
2024-01-29 13:00:00,2024-01-29 17:22:00,equipment_failure,397,FDR-0060,cable
2024-01-29 15:00:00,2024-01-29 18:58:00,equipment_failure,208,FDR-0004,transformer
2024-01-31 02:00:00,2024-01-31 02:21:00,equipment_failure,85,FDR-0002,overhead line
2024-01-31 03:00:00,2024-01-31 05:41:00,animal_contact,405,FDR-0022,transformer
2024-02-01 21:00:00,2024-02-02 01:31:00,equipment_failure,432,FDR-0051,overhead line
2024-02-02 08:00:00,2024-02-02 08:19:00,equipment_failure,353,FDR-0017,switch
2024-02-03 13:00:00,2024-02-03 16:15:00,equipment_failure,262,FDR-0013,switch
2024-02-08 00:00:00,2024-02-08 04:27:00,animal_contact,140,FDR-0029,switch
2024-02-08 23:00:00,2024-02-09 03:45:00,equipment_failure,517,FDR-0012,transformer
2024-02-10 01:00:00,2024-02-10 06:38:00,equipment_failure,119,FDR-0034,fuse
2024-02-10 05:00:00,2024-02-10 08:55:00,equipment_failure,346,FDR-0057,recloser
2024-02-10 06:00:00,2024-02-10 11:07:00,equipment_failure,321,FDR-0003,fuse
2024-02-11 11:00:00,2024-02-11 12:36:00,equipment_failure,149,FDR-0027,transformer
2024-02-11 17:00:00,2024-02-11 21:15:00,equipment_failure,99,FDR-0053,fuse
2024-02-13 15:00:00,2024-02-13 17:34:00,equipment_failure,398,FDR-0063,cable
2024-02-14 14:00:00,2024-02-14 17:03:00,weather,727,FDR-0003,recloser
2024-02-14 14:00:00,2024-02-14 16:42:00,animal_contact,622,FDR-0022,fuse
2024-02-14 15:00:00,2024-02-14 18:22:00,vegetation,1148,FDR-0029,recloser
2024-02-14 15:00:00,2024-02-14 19:31:00,animal_contact,1134,FDR-0052,cable
2024-02-14 15:00:00,2024-02-14 17:52:00,weather,1039,FDR-0021,cable
2024-02-14 17:00:00,2024-02-14 22:20:00,weather,2035,FDR-0005,switch
2024-02-14 19:00:00,2024-02-15 11:03:00,vegetation,1190,FDR-0004,recloser
2024-02-14 19:00:00,2024-02-15 08:01:00,animal_contact,1181,FDR-0051,cable
2024-02-15 12:00:00,2024-02-15 15:12:00,equipment_failure,419,FDR-0058,cable
2024-02-15 17:00:00,2024-02-15 21:07:00,equipment_failure,199,FDR-0034,fuse
2024-02-18 07:00:00,2024-02-18 12:04:00,animal_contact,350,FDR-0032,cable
2024-02-18 15:00:00,2024-02-18 18:43:00,equipment_failure,284,FDR-0065,cable
2024-02-19 14:00:00,2024-02-19 18:30:00,weather,969,FDR-0035,recloser
2024-02-19 15:00:00,2024-02-19 16:05:00,weather,938,FDR-0061,switch
2024-02-19 16:00:00,2024-02-20 08:33:00,weather,361,FDR-0060,overhead line
2024-02-19 17:00:00,2024-02-19 22:06:00,weather,745,FDR-0004,cable
2024-02-19 17:00:00,2024-02-20 06:18:00,vegetation,2324,FDR-0059,overhead line
2024-02-19 19:00:00,2024-02-20 12:18:00,animal_contact,1305,FDR-0057,recloser
2024-02-20 14:00:00,2024-02-20 22:07:00,weather,856,FDR-0052,fuse
2024-02-20 14:00:00,2024-02-21 03:29:00,weather,357,FDR-0016,recloser
2024-02-20 16:00:00,2024-02-21 01:10:00,weather,1258,FDR-0063,cable
2024-02-20 17:00:00,2024-02-20 21:25:00,animal_contact,201,FDR-0007,transformer
2024-02-20 18:00:00,2024-02-21 00:17:00,weather,1093,FDR-0033,fuse
2024-02-20 18:00:00,2024-02-20 21:36:00,weather,61,FDR-0058,fuse
2024-02-20 18:00:00,2024-02-21 09:02:00,weather,938,FDR-0053,fuse
2024-02-20 20:00:00,2024-02-21 11:00:00,animal_contact,1482,FDR-0065,recloser
2024-02-23 13:00:00,2024-02-23 19:27:00,overload,939,FDR-0052,switch
2024-02-23 14:00:00,2024-02-23 17:44:00,equipment_failure,1064,FDR-0052,switch
2024-02-24 06:00:00,2024-02-24 07:30:00,equipment_failure,367,FDR-0007,recloser
2024-02-26 18:00:00,2024-02-26 20:48:00,weather,1264,FDR-0008,cable
2024-02-28 02:00:00,2024-02-28 04:29:00,equipment_failure,276,FDR-0046,cable
2024-02-28 14:00:00,2024-02-29 07:53:00,animal_contact,188,FDR-0043,overhead line
2024-03-01 21:00:00,2024-03-02 01:31:00,equipment_failure,395,FDR-0045,overhead line
2024-03-02 03:00:00,2024-03-02 06:26:00,equipment_failure,241,FDR-0023,recloser
2024-03-03 10:00:00,2024-03-03 12:33:00,equipment_failure,241,FDR-0041,fuse
2024-03-03 21:00:00,2024-03-04 00:13:00,equipment_failure,51,FDR-0048,transformer
2024-03-08 14:00:00,2024-03-08 14:41:00,equipment_failure,414,FDR-0023,cable
2024-03-08 20:00:00,2024-03-09 00:36:00,equipment_failure,421,FDR-0057,recloser
2024-03-09 11:00:00,2024-03-09 15:10:00,equipment_failure,70,FDR-0022,recloser
2024-03-09 15:00:00,2024-03-09 18:09:00,equipment_failure,548,FDR-0048,fuse
2024-03-10 16:00:00,2024-03-10 19:24:00,equipment_failure,125,FDR-0013,switch
2024-03-10 16:00:00,2024-03-10 19:24:00,equipment_failure,131,FDR-0013,switch
2024-03-12 07:00:00,2024-03-12 09:51:00,equipment_failure,91,FDR-0049,cable
2024-03-12 12:00:00,2024-03-12 15:14:00,equipment_failure,345,FDR-0032,fuse
2024-03-15 16:00:00,2024-03-15 18:51:00,equipment_failure,352,FDR-0002,switch
2024-03-15 17:00:00,2024-03-15 20:13:00,equipment_failure,262,FDR-0039,overhead line
2024-03-15 18:00:00,2024-03-15 23:24:00,equipment_failure,134,FDR-0056,fuse
2024-03-16 16:00:00,2024-03-16 18:51:00,animal_contact,394,FDR-0005,fuse
2024-03-17 16:00:00,2024-03-18 00:40:00,weather,1382,FDR-0021,cable
2024-03-18 17:00:00,2024-03-19 00:10:00,equipment_failure,872,FDR-0029,recloser
2024-03-20 20:00:00,2024-03-20 22:49:00,equipment_failure,7,FDR-0011,fuse
2024-03-21 17:00:00,2024-03-21 18:41:00,equipment_failure,228,FDR-0053,switch
2024-03-22 18:00:00,2024-03-22 19:27:00,equipment_failure,133,FDR-0003,fuse
2024-03-23 17:00:00,2024-03-23 18:58:00,equipment_failure,79,FDR-0042,transformer
2024-03-24 00:00:00,2024-03-24 00:24:00,equipment_failure,487,FDR-0034,cable
2024-03-25 05:00:00,2024-03-25 07:11:00,equipment_failure,200,FDR-0018,recloser
2024-03-25 11:00:00,2024-03-25 14:30:00,animal_contact,424,FDR-0010,switch
2024-03-26 00:00:00,2024-03-26 05:13:00,animal_contact,245,FDR-0055,recloser
2024-03-26 06:00:00,2024-03-26 09:20:00,animal_contact,316,FDR-0037,switch
2024-03-28 04:00:00,2024-03-28 07:00:00,equipment_failure,209,FDR-0060,transformer
2024-03-28 12:00:00,2024-03-28 14:15:00,equipment_failure,452,FDR-0019,transformer
2024-03-28 23:00:00,2024-03-29 02:43:00,equipment_failure,96,FDR-0041,fuse
2024-03-29 07:00:00,2024-03-29 12:21:00,animal_contact,287,FDR-0053,transformer
2024-04-01 01:00:00,2024-04-01 01:22:00,equipment_failure,316,FDR-0040,transformer
2024-04-01 17:00:00,2024-04-01 22:30:00,weather,1537,FDR-0061,switch
2024-04-07 11:00:00,2024-04-07 16:31:00,equipment_failure,69,FDR-0061,recloser
2024-04-08 22:00:00,2024-04-08 22:34:00,animal_contact,464,FDR-0017,overhead line
2024-04-11 06:00:00,2024-04-11 10:27:00,equipment_failure,465,FDR-0063,fuse
2024-04-11 17:00:00,2024-04-11 21:15:00,equipment_failure,114,FDR-0033,fuse
2024-04-12 13:00:00,2024-04-12 17:31:00,overload,985,FDR-0004,recloser
2024-04-12 16:00:00,2024-04-12 19:51:00,equipment_failure,318,FDR-0052,fuse
2024-04-16 15:00:00,2024-04-16 17:36:00,equipment_failure,459,FDR-0038,transformer
2024-04-16 23:00:00,2024-04-17 01:37:00,equipment_failure,122,FDR-0062,switch
2024-04-17 01:00:00,2024-04-17 05:08:00,equipment_failure,50,FDR-0008,switch
2024-04-17 19:00:00,2024-04-17 20:19:00,equipment_failure,228,FDR-0062,overhead line
2024-04-21 18:00:00,2024-04-21 19:04:00,equipment_failure,312,FDR-0042,transformer
2024-04-22 02:00:00,2024-04-22 03:28:00,equipment_failure,30,FDR-0018,cable
2024-04-22 11:00:00,2024-04-22 13:40:00,equipment_failure,327,FDR-0058,transformer
2024-04-23 09:00:00,2024-04-23 10:25:00,equipment_failure,408,FDR-0008,switch
2024-04-24 17:00:00,2024-04-24 19:19:00,equipment_failure,476,FDR-0039,overhead line
2024-04-28 08:00:00,2024-04-28 09:28:00,equipment_failure,285,FDR-0029,recloser
2024-04-28 11:00:00,2024-04-28 16:04:00,equipment_failure,106,FDR-0056,switch
2024-04-28 21:00:00,2024-04-29 00:02:00,equipment_failure,248,FDR-0015,transformer
2024-04-28 21:00:00,2024-04-29 00:02:00,equipment_failure,203,FDR-0015,transformer
2024-04-29 17:00:00,2024-04-29 18:45:00,equipment_failure,429,FDR-0022,fuse
2024-04-30 11:00:00,2024-04-30 15:21:00,equipment_failure,333,FDR-0052,recloser
2024-05-01 23:00:00,2024-05-02 00:47:00,animal_contact,395,FDR-0021,recloser
2024-05-02 04:00:00,2024-05-02 07:11:00,equipment_failure,54,FDR-0027,recloser
2024-05-03 13:00:00,2024-05-03 18:24:00,equipment_failure,3,FDR-0061,overhead line
2024-05-04 18:00:00,2024-05-04 21:27:00,animal_contact,493,FDR-0004,cable
2024-05-08 02:00:00,2024-05-08 07:16:00,equipment_failure,198,FDR-0034,switch
2024-05-08 06:00:00,2024-05-08 10:19:00,equipment_failure,422,FDR-0014,overhead line
2024-05-10 00:00:00,2024-05-10 04:04:00,equipment_failure,103,FDR-0030,switch
2024-05-10 14:00:00,2024-05-10 23:09:00,weather,223,FDR-0001,switch
2024-05-11 06:00:00,2024-05-11 10:27:00,equipment_failure,529,FDR-0022,fuse
2024-05-12 16:00:00,2024-05-12 21:14:00,equipment_failure,417,FDR-0050,cable
2024-05-13 15:00:00,2024-05-14 05:04:00,animal_contact,2143,FDR-0065,transformer
2024-05-16 13:00:00,2024-05-16 15:22:00,equipment_failure,486,FDR-0037,recloser
2024-05-17 00:00:00,2024-05-17 01:18:00,equipment_failure,270,FDR-0003,overhead line
2024-05-18 14:00:00,2024-05-18 15:48:00,equipment_failure,100,FDR-0027,fuse
2024-05-19 15:00:00,2024-05-19 22:03:00,equipment_failure,1091,FDR-0044,overhead line
2024-05-20 07:00:00,2024-05-20 09:25:00,equipment_failure,493,FDR-0001,cable
2024-05-21 20:00:00,2024-05-21 21:57:00,equipment_failure,319,FDR-0012,recloser
2024-05-21 21:00:00,2024-05-21 23:53:00,equipment_failure,306,FDR-0065,recloser
2024-05-22 13:00:00,2024-05-22 15:25:00,equipment_failure,334,FDR-0024,overhead line
2024-05-26 06:00:00,2024-05-26 08:02:00,equipment_failure,488,FDR-0055,fuse
2024-05-26 07:00:00,2024-05-26 08:05:00,equipment_failure,86,FDR-0003,fuse
2024-05-26 17:00:00,2024-05-27 01:12:00,animal_contact,907,FDR-0039,transformer
2024-05-27 14:00:00,2024-05-27 19:37:00,equipment_failure,300,FDR-0006,transformer
2024-05-28 08:00:00,2024-05-28 13:12:00,equipment_failure,338,FDR-0026,cable
2024-05-29 21:00:00,2024-05-29 22:07:00,equipment_failure,288,FDR-0036,overhead line
2024-06-01 13:00:00,2024-06-01 17:57:00,equipment_failure,792,FDR-0006,recloser
2024-06-01 13:00:00,2024-06-01 16:36:00,overload,1330,FDR-0042,overhead line
2024-06-01 13:00:00,2024-06-01 17:27:00,overload,909,FDR-0032,recloser
2024-06-01 18:00:00,2024-06-01 18:54:00,equipment_failure,133,FDR-0019,overhead line
2024-06-03 18:00:00,2024-06-03 20:35:00,equipment_failure,1087,FDR-0016,overhead line
2024-06-05 15:00:00,2024-06-05 16:22:00,equipment_failure,399,FDR-0010,cable
2024-06-05 15:00:00,2024-06-05 19:43:00,equipment_failure,1200,FDR-0048,cable
2024-06-06 16:00:00,2024-06-06 21:20:00,equipment_failure,1278,FDR-0034,transformer
2024-06-06 18:00:00,2024-06-07 01:49:00,overload,1376,FDR-0018,cable
2024-06-07 14:00:00,2024-06-08 05:15:00,vegetation,227,FDR-0049,switch
2024-06-07 15:00:00,2024-06-07 16:10:00,overload,1418,FDR-0034,cable
2024-06-08 14:00:00,2024-06-08 21:17:00,equipment_failure,1350,FDR-0035,transformer
2024-06-09 14:00:00,2024-06-09 15:26:00,equipment_failure,1250,FDR-0063,recloser
2024-06-09 16:00:00,2024-06-09 23:26:00,equipment_failure,1011,FDR-0015,switch
2024-06-09 17:00:00,2024-06-09 20:37:00,equipment_failure,583,FDR-0056,recloser
2024-06-10 15:00:00,2024-06-10 16:29:00,equipment_failure,473,FDR-0014,recloser
2024-06-10 16:00:00,2024-06-10 21:19:00,equipment_failure,476,FDR-0009,switch
2024-06-10 17:00:00,2024-06-10 18:52:00,overload,217,FDR-0031,recloser
2024-06-11 18:00:00,2024-06-11 23:15:00,equipment_failure,1040,FDR-0005,transformer
2024-06-12 13:00:00,2024-06-12 16:51:00,equipment_failure,584,FDR-0002,cable
2024-06-12 13:00:00,2024-06-12 17:31:00,overload,1092,FDR-0052,recloser
2024-06-12 16:00:00,2024-06-12 17:48:00,overload,1102,FDR-0018,cable
2024-06-13 13:00:00,2024-06-13 15:07:00,equipment_failure,1137,FDR-0035,fuse
2024-06-13 17:00:00,2024-06-13 17:59:00,equipment_failure,421,FDR-0061,switch
2024-06-14 17:00:00,2024-06-15 00:34:00,overload,174,FDR-0012,recloser
2024-06-14 17:00:00,2024-06-14 19:21:00,equipment_failure,497,FDR-0037,fuse
2024-06-14 18:00:00,2024-06-15 01:11:00,equipment_failure,647,FDR-0041,switch
2024-06-15 14:00:00,2024-06-15 15:45:00,equipment_failure,679,FDR-0047,overhead line
2024-06-15 16:00:00,2024-06-15 20:33:00,equipment_failure,845,FDR-0038,fuse
2024-06-15 16:00:00,2024-06-15 17:36:00,equipment_failure,506,FDR-0049,switch
2024-06-15 16:00:00,2024-06-15 20:33:00,weather,888,FDR-0028,transformer
2024-06-16 16:00:00,2024-06-16 18:10:00,equipment_failure,238,FDR-0014,switch
2024-06-16 18:00:00,2024-06-16 23:44:00,overload,1226,FDR-0025,overhead line
2024-06-17 13:00:00,2024-06-17 18:28:00,equipment_failure,496,FDR-0017,overhead line
2024-06-17 13:00:00,2024-06-17 20:55:00,equipment_failure,687,FDR-0030,transformer
2024-06-17 18:00:00,2024-06-17 20:46:00,equipment_failure,253,FDR-0045,overhead line
2024-06-17 18:00:00,2024-06-17 19:12:00,overload,254,FDR-0023,cable
2024-06-18 13:00:00,2024-06-18 14:33:00,equipment_failure,227,FDR-0001,recloser
2024-06-18 14:00:00,2024-06-18 16:16:00,overload,593,FDR-0033,overhead line
2024-06-18 14:00:00,2024-06-18 15:55:00,equipment_failure,1477,FDR-0037,overhead line
2024-06-19 13:00:00,2024-06-19 18:44:00,equipment_failure,572,FDR-0057,overhead line
2024-06-19 14:00:00,2024-06-19 15:36:00,equipment_failure,941,FDR-0061,switch
2024-06-19 15:00:00,2024-06-19 15:41:00,equipment_failure,213,FDR-0007,fuse
2024-06-19 15:00:00,2024-06-19 18:31:00,equipment_failure,520,FDR-0023,cable
2024-06-20 15:00:00,2024-06-20 16:39:00,equipment_failure,687,FDR-0022,recloser
2024-06-20 15:00:00,2024-06-20 17:33:00,equipment_failure,949,FDR-0054,recloser
2024-06-21 17:00:00,2024-06-21 19:15:00,equipment_failure,39,FDR-0060,cable
2024-06-21 18:00:00,2024-06-21 19:56:00,overload,500,FDR-0014,switch
2024-06-22 14:00:00,2024-06-22 20:54:00,equipment_failure,1168,FDR-0027,switch
2024-06-22 15:00:00,2024-06-22 22:16:00,equipment_failure,963,FDR-0030,fuse
2024-06-23 13:00:00,2024-06-23 19:27:00,overload,1082,FDR-0051,switch
2024-06-23 13:00:00,2024-06-23 19:19:00,equipment_failure,162,FDR-0037,overhead line
2024-06-23 17:00:00,2024-06-23 22:21:00,equipment_failure,101,FDR-0042,transformer
2024-06-24 13:00:00,2024-06-24 14:25:00,overload,832,FDR-0053,switch
2024-06-24 15:00:00,2024-06-24 19:48:00,overload,898,FDR-0009,transformer
2024-06-24 18:00:00,2024-06-24 21:12:00,equipment_failure,532,FDR-0060,recloser
2024-06-26 13:00:00,2024-06-26 18:23:00,equipment_failure,701,FDR-0056,overhead line
2024-06-26 17:00:00,2024-06-26 23:51:00,overload,1243,FDR-0004,switch
2024-06-27 17:00:00,2024-06-27 19:44:00,equipment_failure,415,FDR-0028,fuse
2024-06-28 13:00:00,2024-06-28 19:13:00,equipment_failure,1353,FDR-0055,fuse
2024-06-29 17:00:00,2024-06-29 20:28:00,weather,703,FDR-0036,overhead line
2024-06-29 18:00:00,2024-06-29 19:52:00,equipment_failure,1430,FDR-0040,cable
2024-06-30 16:00:00,2024-06-30 21:30:00,equipment_failure,26,FDR-0002,overhead line
2024-06-30 16:00:00,2024-06-30 21:48:00,overload,749,FDR-0026,recloser
2024-06-30 17:00:00,2024-06-30 22:48:00,animal_contact,2497,FDR-0008,recloser
2024-07-01 14:00:00,2024-07-01 19:15:00,weather,1370,FDR-0018,transformer
2024-07-01 15:00:00,2024-07-02 05:24:00,weather,772,FDR-0063,overhead line
2024-07-01 16:00:00,2024-07-02 01:03:00,weather,1644,FDR-0011,cable
2024-07-01 17:00:00,2024-07-02 00:29:00,equipment_failure,979,FDR-0052,switch
2024-07-01 17:00:00,2024-07-02 07:12:00,animal_contact,662,FDR-0026,fuse
2024-07-01 17:00:00,2024-07-01 22:30:00,weather,1540,FDR-0061,switch
2024-07-01 18:00:00,2024-07-02 04:04:00,vegetation,808,FDR-0002,overhead line
2024-07-01 18:00:00,2024-07-02 11:15:00,animal_contact,305,FDR-0045,switch
2024-07-01 19:00:00,2024-07-01 22:04:00,animal_contact,499,FDR-0014,overhead line
2024-07-01 19:00:00,2024-07-02 05:42:00,vegetation,765,FDR-0055,cable
2024-07-01 19:00:00,2024-07-02 10:43:00,weather,776,FDR-0042,fuse
2024-07-01 20:00:00,2024-07-02 00:33:00,animal_contact,358,FDR-0022,transformer
2024-07-02 14:00:00,2024-07-02 18:42:00,overload,1477,FDR-0051,fuse
2024-07-02 17:00:00,2024-07-02 19:47:00,equipment_failure,1226,FDR-0044,overhead line
2024-07-03 15:00:00,2024-07-03 18:03:00,equipment_failure,835,FDR-0003,transformer
2024-07-03 16:00:00,2024-07-03 23:31:00,overload,215,FDR-0034,cable
2024-07-05 15:00:00,2024-07-05 18:39:00,equipment_failure,642,FDR-0063,switch
2024-07-05 16:00:00,2024-07-05 17:32:00,equipment_failure,494,FDR-0058,fuse
2024-07-06 14:00:00,2024-07-06 16:25:00,equipment_failure,172,FDR-0022,fuse
2024-07-07 15:00:00,2024-07-07 20:24:00,overload,539,FDR-0043,cable
2024-07-07 18:00:00,2024-07-07 21:14:00,equipment_failure,579,FDR-0023,transformer
2024-07-07 18:00:00,2024-07-07 20:45:00,overload,573,FDR-0025,overhead line
2024-07-09 13:00:00,2024-07-09 17:21:00,equipment_failure,1400,FDR-0049,recloser
2024-07-10 14:00:00,2024-07-10 21:21:00,equipment_failure,393,FDR-0050,switch
2024-07-10 15:00:00,2024-07-10 19:45:00,overload,1406,FDR-0055,transformer
2024-07-11 15:00:00,2024-07-11 18:34:00,overload,878,FDR-0061,recloser
2024-07-11 16:00:00,2024-07-11 18:46:00,overload,1009,FDR-0063,recloser
2024-07-12 13:00:00,2024-07-12 14:01:00,equipment_failure,190,FDR-0004,overhead line
2024-07-12 15:00:00,2024-07-12 21:01:00,equipment_failure,407,FDR-0058,switch
2024-07-13 13:00:00,2024-07-13 20:34:00,overload,1124,FDR-0032,switch
2024-07-13 14:00:00,2024-07-13 18:17:00,weather,2531,FDR-0040,overhead line
2024-07-13 14:00:00,2024-07-13 19:54:00,overload,1209,FDR-0019,fuse
2024-07-13 15:00:00,2024-07-14 08:15:00,vegetation,194,FDR-0058,overhead line
2024-07-13 15:00:00,2024-07-13 23:30:00,weather,2663,FDR-0043,transformer
2024-07-13 15:00:00,2024-07-13 16:42:00,overload,225,FDR-0011,cable
2024-07-13 16:00:00,2024-07-14 09:50:00,weather,2226,FDR-0006,recloser
2024-07-13 17:00:00,2024-07-13 19:47:00,animal_contact,416,FDR-0009,recloser
2024-07-13 20:00:00,2024-07-13 23:58:00,animal_contact,2887,FDR-0056,recloser
2024-07-14 16:00:00,2024-07-15 08:31:00,animal_contact,213,FDR-0014,cable
2024-07-14 16:00:00,2024-07-15 04:11:00,vegetation,394,FDR-0002,transformer
2024-07-14 18:00:00,2024-07-15 02:43:00,animal_contact,1733,FDR-0032,switch
2024-07-14 19:00:00,2024-07-15 06:37:00,animal_contact,1395,FDR-0039,switch
2024-07-14 20:00:00,2024-07-15 00:28:00,animal_contact,1328,FDR-0008,cable
2024-07-15 17:00:00,2024-07-15 21:30:00,equipment_failure,365,FDR-0006,transformer
2024-07-16 14:00:00,2024-07-16 17:51:00,equipment_failure,317,FDR-0002,cable
2024-07-17 15:00:00,2024-07-17 16:39:00,overload,1425,FDR-0034,cable
2024-07-18 15:00:00,2024-07-18 15:54:00,equipment_failure,863,FDR-0042,overhead line
2024-07-20 16:00:00,2024-07-20 18:37:00,equipment_failure,1052,FDR-0032,cable
2024-07-20 16:00:00,2024-07-20 18:57:00,overload,165,FDR-0014,transformer
2024-07-20 20:00:00,2024-07-20 21:12:00,equipment_failure,334,FDR-0063,transformer
2024-07-21 14:00:00,2024-07-21 19:18:00,equipment_failure,302,FDR-0061,overhead line
2024-07-21 16:00:00,2024-07-21 17:07:00,equipment_failure,149,FDR-0040,cable
2024-07-21 18:00:00,2024-07-22 00:10:00,equipment_failure,575,FDR-0051,switch
2024-07-22 14:00:00,2024-07-22 17:34:00,overload,266,FDR-0054,recloser
2024-07-23 16:00:00,2024-07-23 22:52:00,equipment_failure,342,FDR-0005,transformer
2024-07-23 18:00:00,2024-07-24 00:31:00,equipment_failure,420,FDR-0020,recloser
2024-07-24 13:00:00,2024-07-24 16:31:00,overload,641,FDR-0053,transformer
2024-07-25 13:00:00,2024-07-25 16:41:00,overload,417,FDR-0060,switch
2024-07-26 14:00:00,2024-07-26 19:15:00,overload,603,FDR-0024,recloser
2024-07-26 14:00:00,2024-07-26 20:19:00,animal_contact,308,FDR-0011,recloser
2024-07-26 15:00:00,2024-07-27 02:28:00,weather,2053,FDR-0050,transformer
2024-07-26 15:00:00,2024-07-26 20:51:00,equipment_failure,188,FDR-0052,recloser
2024-07-26 15:00:00,2024-07-27 04:04:00,weather,2371,FDR-0002,recloser
2024-07-26 15:00:00,2024-07-27 01:48:00,weather,1331,FDR-0064,switch
2024-07-26 16:00:00,2024-07-27 06:51:00,weather,554,FDR-0042,cable
2024-07-26 16:00:00,2024-07-27 04:15:00,weather,1499,FDR-0037,recloser
2024-07-26 16:00:00,2024-07-26 22:12:00,weather,714,FDR-0016,transformer
2024-07-26 17:00:00,2024-07-27 02:57:00,vegetation,215,FDR-0004,switch
2024-07-26 18:00:00,2024-07-26 19:43:00,overload,819,FDR-0041,switch
2024-07-26 18:00:00,2024-07-27 02:30:00,vegetation,1942,FDR-0006,cable
2024-07-26 20:00:00,2024-07-27 11:40:00,animal_contact,1065,FDR-0046,transformer
2024-07-27 16:00:00,2024-07-27 18:01:00,equipment_failure,280,FDR-0013,switch
2024-07-28 17:00:00,2024-07-28 17:54:00,overload,321,FDR-0041,overhead line
2024-07-29 15:00:00,2024-07-29 20:39:00,overload,508,FDR-0001,cable
2024-07-29 17:00:00,2024-07-29 17:42:00,equipment_failure,1200,FDR-0051,switch
2024-07-29 18:00:00,2024-07-29 21:36:00,equipment_failure,1242,FDR-0059,switch
2024-07-30 15:00:00,2024-07-30 16:15:00,equipment_failure,1196,FDR-0051,fuse
2024-07-30 16:00:00,2024-07-30 16:39:00,equipment_failure,1005,FDR-0050,fuse
2024-07-31 15:00:00,2024-07-31 19:52:00,equipment_failure,761,FDR-0049,transformer
2024-08-01 13:00:00,2024-08-01 20:00:00,overload,658,FDR-0030,fuse
2024-08-01 15:00:00,2024-08-02 05:36:00,weather,1713,FDR-0059,switch
2024-08-01 17:00:00,2024-08-01 20:40:00,weather,735,FDR-0018,transformer
2024-08-01 17:00:00,2024-08-01 19:58:00,equipment_failure,550,FDR-0043,switch
2024-08-01 18:00:00,2024-08-02 02:04:00,weather,1219,FDR-0057,transformer
2024-08-01 20:00:00,2024-08-02 12:46:00,vegetation,2327,FDR-0042,recloser
2024-08-01 20:00:00,2024-08-02 10:57:00,weather,2153,FDR-0046,switch
2024-08-02 13:00:00,2024-08-02 14:54:00,overload,626,FDR-0028,recloser
2024-08-02 18:00:00,2024-08-03 01:53:00,equipment_failure,1310,FDR-0015,overhead line
2024-08-03 14:00:00,2024-08-04 05:16:00,weather,177,FDR-0023,cable
2024-08-03 15:00:00,2024-08-04 05:17:00,animal_contact,1329,FDR-0063,cable
2024-08-03 15:00:00,2024-08-03 20:27:00,equipment_failure,366,FDR-0061,fuse
2024-08-03 16:00:00,2024-08-04 02:26:00,vegetation,606,FDR-0060,overhead line
2024-08-03 17:00:00,2024-08-03 22:43:00,equipment_failure,1080,FDR-0010,recloser
2024-08-03 17:00:00,2024-08-03 20:20:00,equipment_failure,1439,FDR-0036,overhead line
2024-08-03 17:00:00,2024-08-03 22:06:00,equipment_failure,94,FDR-0011,switch
2024-08-03 18:00:00,2024-08-03 23:25:00,animal_contact,333,FDR-0007,fuse
2024-08-03 20:00:00,2024-08-04 02:54:00,weather,740,FDR-0060,cable
2024-08-04 13:00:00,2024-08-04 18:06:00,equipment_failure,1356,FDR-0050,fuse
2024-08-04 13:00:00,2024-08-04 20:59:00,equipment_failure,1441,FDR-0046,recloser
2024-08-04 14:00:00,2024-08-04 21:27:00,overload,494,FDR-0033,overhead line
2024-08-04 14:00:00,2024-08-04 19:46:00,equipment_failure,1138,FDR-0018,cable
2024-08-04 14:00:00,2024-08-04 16:57:00,weather,1402,FDR-0040,cable
2024-08-04 15:00:00,2024-08-05 03:34:00,vegetation,970,FDR-0051,switch
2024-08-04 15:00:00,2024-08-04 23:46:00,weather,1857,FDR-0025,overhead line
2024-08-04 15:00:00,2024-08-05 03:36:00,weather,1487,FDR-0051,transformer
2024-08-04 16:00:00,2024-08-04 22:39:00,overload,208,FDR-0003,overhead line
2024-08-04 16:00:00,2024-08-04 19:45:00,equipment_failure,253,FDR-0012,fuse
2024-08-04 16:00:00,2024-08-05 00:25:00,animal_contact,1774,FDR-0043,fuse
2024-08-04 16:00:00,2024-08-05 05:14:00,vegetation,964,FDR-0030,switch
2024-08-04 17:00:00,2024-08-05 05:49:00,weather,1727,FDR-0044,fuse
2024-08-04 18:00:00,2024-08-05 05:14:00,weather,1182,FDR-0049,fuse
2024-08-04 18:00:00,2024-08-05 01:37:00,weather,525,FDR-0028,switch
2024-08-04 18:00:00,2024-08-05 09:15:00,animal_contact,152,FDR-0005,cable
2024-08-04 19:00:00,2024-08-05 00:25:00,animal_contact,723,FDR-0029,recloser
2024-08-04 20:00:00,2024-08-05 01:12:00,vegetation,2504,FDR-0012,transformer
2024-08-05 15:00:00,2024-08-05 18:45:00,vegetation,1668,FDR-0005,fuse
2024-08-05 17:00:00,2024-08-06 03:10:00,animal_contact,191,FDR-0006,transformer
2024-08-05 17:00:00,2024-08-06 02:18:00,weather,2290,FDR-0019,cable
2024-08-05 18:00:00,2024-08-05 21:15:00,weather,2005,FDR-0056,overhead line
2024-08-05 18:00:00,2024-08-06 06:01:00,weather,703,FDR-0050,switch
2024-08-05 19:00:00,2024-08-06 02:07:00,vegetation,1457,FDR-0025,overhead line
2024-08-05 19:00:00,2024-08-06 01:09:00,animal_contact,1546,FDR-0039,cable
2024-08-06 14:00:00,2024-08-06 17:44:00,vegetation,1687,FDR-0027,cable
2024-08-06 18:00:00,2024-08-06 21:30:00,vegetation,437,FDR-0001,cable
2024-08-06 18:00:00,2024-08-07 10:13:00,animal_contact,1785,FDR-0028,cable
2024-08-06 18:00:00,2024-08-07 11:07:00,animal_contact,56,FDR-0031,transformer
2024-08-06 19:00:00,2024-08-07 02:49:00,weather,52,FDR-0055,fuse
2024-08-07 14:00:00,2024-08-07 17:16:00,overload,62,FDR-0022,overhead line
2024-08-07 14:00:00,2024-08-07 17:50:00,overload,588,FDR-0054,transformer
2024-08-08 17:00:00,2024-08-08 17:47:00,overload,604,FDR-0048,switch
2024-08-10 14:00:00,2024-08-10 18:52:00,equipment_failure,317,FDR-0027,recloser
2024-08-10 18:00:00,2024-08-10 22:45:00,overload,156,FDR-0029,transformer
2024-08-12 13:00:00,2024-08-12 16:01:00,equipment_failure,377,FDR-0014,overhead line
2024-08-12 14:00:00,2024-08-12 16:51:00,overload,680,FDR-0062,recloser
2024-08-12 18:00:00,2024-08-12 21:49:00,overload,451,FDR-0006,switch
2024-08-13 16:00:00,2024-08-13 20:15:00,equipment_failure,366,FDR-0053,fuse
2024-08-13 16:00:00,2024-08-13 17:35:00,overload,900,FDR-0011,transformer
2024-08-14 18:00:00,2024-08-14 19:02:00,equipment_failure,193,FDR-0013,fuse
2024-08-15 15:00:00,2024-08-15 19:38:00,overload,615,FDR-0024,cable
2024-08-15 17:00:00,2024-08-15 19:38:00,overload,1254,FDR-0029,transformer
2024-08-15 17:00:00,2024-08-15 20:13:00,equipment_failure,245,FDR-0039,overhead line
2024-08-15 18:00:00,2024-08-16 00:44:00,equipment_failure,588,FDR-0006,overhead line
2024-08-16 18:00:00,2024-08-16 19:57:00,overload,1358,FDR-0033,recloser
2024-08-17 13:00:00,2024-08-17 18:07:00,equipment_failure,565,FDR-0053,cable
2024-08-17 13:00:00,2024-08-17 20:44:00,overload,48,FDR-0013,switch
2024-08-19 13:00:00,2024-08-19 14:42:00,equipment_failure,1006,FDR-0045,switch
2024-08-19 13:00:00,2024-08-19 18:03:00,equipment_failure,58,FDR-0013,recloser
2024-08-19 14:00:00,2024-08-19 19:37:00,equipment_failure,1103,FDR-0019,cable
2024-08-19 17:00:00,2024-08-19 21:10:00,equipment_failure,1297,FDR-0018,switch
2024-08-19 18:00:00,2024-08-19 22:39:00,overload,37,FDR-0046,switch
2024-08-20 13:00:00,2024-08-20 14:25:00,overload,667,FDR-0057,transformer
2024-08-20 14:00:00,2024-08-20 14:41:00,equipment_failure,712,FDR-0064,recloser
2024-08-20 14:00:00,2024-08-20 14:46:00,equipment_failure,497,FDR-0021,switch
2024-08-20 18:00:00,2024-08-20 18:51:00,equipment_failure,432,FDR-0030,overhead line
2024-08-21 13:00:00,2024-08-21 13:33:00,equipment_failure,1313,FDR-0015,fuse
2024-08-21 14:00:00,2024-08-21 15:42:00,equipment_failure,610,FDR-0058,cable
2024-08-21 15:00:00,2024-08-21 23:29:00,weather,1742,FDR-0008,fuse
2024-08-21 15:00:00,2024-08-22 06:40:00,weather,1929,FDR-0065,transformer
2024-08-21 15:00:00,2024-08-22 06:21:00,vegetation,1309,FDR-0034,switch
2024-08-21 16:00:00,2024-08-21 20:42:00,equipment_failure,443,FDR-0055,overhead line
2024-08-21 17:00:00,2024-08-21 21:30:00,vegetation,1039,FDR-0062,cable
2024-08-21 17:00:00,2024-08-21 22:12:00,vegetation,2177,FDR-0054,switch
2024-08-21 18:00:00,2024-08-22 00:01:00,vegetation,1371,FDR-0041,switch
2024-08-21 18:00:00,2024-08-21 20:34:00,overload,360,FDR-0028,recloser
2024-08-21 18:00:00,2024-08-22 07:22:00,animal_contact,681,FDR-0026,overhead line
2024-08-21 18:00:00,2024-08-21 19:18:00,weather,441,FDR-0026,overhead line
2024-08-21 19:00:00,2024-08-21 23:27:00,vegetation,109,FDR-0022,switch
2024-08-22 13:00:00,2024-08-22 17:03:00,equipment_failure,1114,FDR-0016,overhead line
2024-08-23 14:00:00,2024-08-23 17:44:00,equipment_failure,1293,FDR-0052,switch
2024-08-24 13:00:00,2024-08-24 16:33:00,overload,846,FDR-0060,transformer
2024-08-24 14:00:00,2024-08-24 18:13:00,animal_contact,1134,FDR-0034,overhead line
2024-08-24 15:00:00,2024-08-24 15:52:00,overload,534,FDR-0009,cable
2024-08-24 15:00:00,2024-08-25 02:16:00,vegetation,1039,FDR-0018,cable
2024-08-24 16:00:00,2024-08-24 18:55:00,weather,75,FDR-0046,switch
2024-08-24 16:00:00,2024-08-25 07:02:00,vegetation,185,FDR-0052,fuse
2024-08-24 16:00:00,2024-08-25 08:32:00,vegetation,1380,FDR-0018,cable
2024-08-24 17:00:00,2024-08-24 19:19:00,equipment_failure,433,FDR-0039,overhead line
2024-08-24 18:00:00,2024-08-25 09:28:00,vegetation,2271,FDR-0063,cable
2024-08-24 18:00:00,2024-08-24 20:30:00,vegetation,744,FDR-0058,recloser
2024-08-24 19:00:00,2024-08-25 06:15:00,vegetation,257,FDR-0009,transformer
2024-08-24 19:00:00,2024-08-25 12:54:00,vegetation,226,FDR-0019,switch
2024-08-24 20:00:00,2024-08-25 10:12:00,vegetation,85,FDR-0017,cable
2024-08-25 17:00:00,2024-08-25 19:36:00,overload,250,FDR-0058,fuse
2024-08-25 17:00:00,2024-08-25 21:56:00,equipment_failure,203,FDR-0063,recloser
2024-08-25 18:00:00,2024-08-25 18:52:00,equipment_failure,479,FDR-0036,cable
2024-08-26 14:00:00,2024-08-27 03:28:00,animal_contact,2112,FDR-0029,recloser
2024-08-26 15:00:00,2024-08-26 15:30:00,equipment_failure,1146,FDR-0055,transformer
2024-08-26 17:00:00,2024-08-27 04:23:00,weather,2335,FDR-0023,cable
2024-08-26 17:00:00,2024-08-27 02:57:00,vegetation,251,FDR-0053,switch
2024-08-26 17:00:00,2024-08-27 01:12:00,animal_contact,1063,FDR-0039,transformer
2024-08-26 18:00:00,2024-08-27 04:58:00,vegetation,107,FDR-0058,switch
2024-08-26 19:00:00,2024-08-27 09:21:00,animal_contact,638,FDR-0038,overhead line
2024-08-26 19:00:00,2024-08-26 22:55:00,animal_contact,552,FDR-0048,cable
2024-08-27 14:00:00,2024-08-27 18:42:00,equipment_failure,59,FDR-0044,overhead line
2024-08-27 15:00:00,2024-08-27 19:01:00,overload,673,FDR-0047,recloser
2024-08-27 17:00:00,2024-08-27 20:49:00,overload,165,FDR-0007,switch
2024-08-27 18:00:00,2024-08-28 01:39:00,equipment_failure,1311,FDR-0004,transformer
2024-08-28 17:00:00,2024-08-28 22:51:00,equipment_failure,869,FDR-0039,switch
2024-09-01 17:00:00,2024-09-01 19:52:00,equipment_failure,287,FDR-0018,recloser
2024-09-02 13:00:00,2024-09-02 18:06:00,overload,1021,FDR-0008,cable
2024-09-02 14:00:00,2024-09-02 16:02:00,equipment_failure,763,FDR-0002,fuse
2024-09-04 14:00:00,2024-09-04 17:20:00,overload,494,FDR-0032,fuse
2024-09-04 14:00:00,2024-09-04 18:35:00,overload,355,FDR-0004,overhead line
2024-09-05 13:00:00,2024-09-05 17:40:00,equipment_failure,1215,FDR-0011,recloser
2024-09-05 14:00:00,2024-09-05 19:46:00,overload,106,FDR-0058,fuse
2024-09-05 18:00:00,2024-09-05 23:58:00,equipment_failure,826,FDR-0020,switch
2024-09-06 14:00:00,2024-09-06 18:28:00,equipment_failure,736,FDR-0031,overhead line
2024-09-07 14:00:00,2024-09-08 07:51:00,weather,2991,FDR-0015,fuse
2024-09-07 14:00:00,2024-09-07 23:40:00,weather,290,FDR-0009,transformer
2024-09-07 14:00:00,2024-09-08 05:15:00,vegetation,234,FDR-0049,switch
2024-09-07 15:00:00,2024-09-08 03:12:00,weather,1627,FDR-0006,cable
2024-09-07 15:00:00,2024-09-07 16:24:00,vegetation,401,FDR-0014,transformer
2024-09-07 15:00:00,2024-09-08 03:55:00,vegetation,659,FDR-0041,recloser
2024-09-07 15:00:00,2024-09-08 03:50:00,vegetation,128,FDR-0024,recloser
2024-09-07 16:00:00,2024-09-07 22:25:00,equipment_failure,445,FDR-0030,cable
2024-09-07 16:00:00,2024-09-08 05:11:00,animal_contact,456,FDR-0017,overhead line
2024-09-07 17:00:00,2024-09-07 22:07:00,weather,157,FDR-0013,recloser
2024-09-07 17:00:00,2024-09-08 09:34:00,animal_contact,1356,FDR-0003,overhead line
2024-09-07 19:00:00,2024-09-08 04:58:00,vegetation,2587,FDR-0035,overhead line
2024-09-07 19:00:00,2024-09-08 07:30:00,weather,971,FDR-0027,cable
2024-09-07 20:00:00,2024-09-08 05:31:00,weather,470,FDR-0030,transformer
2024-09-08 15:00:00,2024-09-08 21:33:00,equipment_failure,732,FDR-0043,fuse
2024-09-08 15:00:00,2024-09-08 21:19:00,equipment_failure,403,FDR-0042,transformer
2024-09-08 18:00:00,2024-09-08 20:57:00,overload,899,FDR-0042,transformer
2024-09-08 18:00:00,2024-09-08 23:06:00,animal_contact,586,FDR-0061,switch
2024-09-09 14:00:00,2024-09-09 15:26:00,equipment_failure,1012,FDR-0063,recloser
2024-09-09 14:00:00,2024-09-09 17:58:00,equipment_failure,51,FDR-0001,cable
2024-09-10 14:00:00,2024-09-10 23:09:00,weather,216,FDR-0001,switch
2024-09-10 14:00:00,2024-09-10 22:02:00,weather,1728,FDR-0037,fuse
2024-09-10 15:00:00,2024-09-10 20:06:00,equipment_failure,574,FDR-0022,cable
2024-09-10 16:00:00,2024-09-10 20:39:00,weather,602,FDR-0010,transformer
2024-09-10 16:00:00,2024-09-11 09:58:00,weather,332,FDR-0062,switch
2024-09-10 17:00:00,2024-09-11 03:58:00,weather,103,FDR-0013,transformer
2024-09-10 17:00:00,2024-09-10 22:11:00,vegetation,1139,FDR-0015,transformer
2024-09-10 17:00:00,2024-09-10 22:48:00,weather,159,FDR-0011,transformer
2024-09-10 19:00:00,2024-09-11 12:39:00,vegetation,703,FDR-0055,transformer
2024-09-10 20:00:00,2024-09-10 21:34:00,weather,1358,FDR-0054,recloser
2024-09-11 15:00:00,2024-09-11 21:13:00,overload,276,FDR-0064,overhead line
2024-09-11 15:00:00,2024-09-11 21:09:00,overload,769,FDR-0041,recloser
2024-09-11 16:00:00,2024-09-11 19:36:00,overload,584,FDR-0059,fuse
2024-09-12 13:00:00,2024-09-12 16:30:00,equipment_failure,505,FDR-0027,switch
2024-09-12 13:00:00,2024-09-12 19:59:00,overload,92,FDR-0063,recloser
2024-09-12 16:00:00,2024-09-12 17:15:00,overload,176,FDR-0021,fuse
2024-09-13 13:00:00,2024-09-13 20:13:00,equipment_failure,1094,FDR-0029,fuse
2024-09-13 15:00:00,2024-09-13 15:56:00,overload,428,FDR-0056,recloser
2024-09-13 18:00:00,2024-09-13 22:26:00,equipment_failure,1124,FDR-0057,fuse
2024-09-14 13:00:00,2024-09-14 17:15:00,equipment_failure,1424,FDR-0049,overhead line
2024-09-14 14:00:00,2024-09-14 20:42:00,overload,1196,FDR-0003,fuse
2024-09-15 13:00:00,2024-09-15 20:15:00,equipment_failure,1465,FDR-0049,recloser
2024-09-15 13:00:00,2024-09-15 14:15:00,equipment_failure,546,FDR-0008,overhead line
2024-09-15 15:00:00,2024-09-15 21:10:00,equipment_failure,610,FDR-0038,overhead line
2024-09-16 13:00:00,2024-09-16 18:16:00,equipment_failure,836,FDR-0006,cable
2024-09-16 16:00:00,2024-09-16 17:40:00,equipment_failure,103,FDR-0062,switch
2024-09-17 13:00:00,2024-09-17 19:58:00,equipment_failure,670,FDR-0026,transformer
2024-09-17 16:00:00,2024-09-17 16:55:00,equipment_failure,685,FDR-0036,fuse
2024-09-17 17:00:00,2024-09-17 17:59:00,overload,1279,FDR-0065,switch
2024-09-17 18:00:00,2024-09-17 20:19:00,overload,515,FDR-0062,cable
2024-09-18 13:00:00,2024-09-18 14:33:00,equipment_failure,267,FDR-0065,recloser
2024-09-18 14:00:00,2024-09-18 19:12:00,overload,1090,FDR-0039,recloser
2024-09-19 14:00:00,2024-09-19 17:04:00,equipment_failure,394,FDR-0007,recloser
2024-09-19 15:00:00,2024-09-19 15:41:00,equipment_failure,226,FDR-0031,fuse
2024-09-19 16:00:00,2024-09-20 03:24:00,vegetation,1035,FDR-0061,transformer
2024-09-19 17:00:00,2024-09-19 21:10:00,weather,502,FDR-0049,recloser
2024-09-19 17:00:00,2024-09-20 06:21:00,weather,1255,FDR-0010,transformer
2024-09-19 18:00:00,2024-09-20 11:17:00,vegetation,591,FDR-0004,switch
2024-09-19 20:00:00,2024-09-20 09:38:00,animal_contact,1282,FDR-0039,cable
2024-09-20 13:00:00,2024-09-20 16:59:00,overload,292,FDR-0026,fuse
2024-09-20 15:00:00,2024-09-20 21:41:00,overload,360,FDR-0017,fuse
2024-09-20 17:00:00,2024-09-21 00:16:00,equipment_failure,213,FDR-0012,overhead line
2024-09-20 20:00:00,2024-09-20 21:12:00,equipment_failure,343,FDR-0063,transformer
2024-09-21 14:00:00,2024-09-21 18:48:00,equipment_failure,1410,FDR-0039,overhead line
2024-09-21 15:00:00,2024-09-21 15:45:00,equipment_failure,258,FDR-0008,fuse
2024-09-21 15:00:00,2024-09-21 15:33:00,equipment_failure,1145,FDR-0035,recloser
2024-09-22 14:00:00,2024-09-22 16:33:00,equipment_failure,143,FDR-0025,switch
2024-09-23 16:00:00,2024-09-23 17:48:00,equipment_failure,960,FDR-0065,cable
2024-09-23 17:00:00,2024-09-23 20:24:00,equipment_failure,81,FDR-0009,transformer
2024-09-23 17:00:00,2024-09-23 21:20:00,equipment_failure,746,FDR-0065,switch
2024-09-24 13:00:00,2024-09-24 20:40:00,equipment_failure,367,FDR-0007,fuse
2024-09-24 14:00:00,2024-09-24 18:13:00,animal_contact,1068,FDR-0034,overhead line
2024-09-26 15:00:00,2024-09-26 19:22:00,equipment_failure,679,FDR-0005,recloser
2024-09-26 16:00:00,2024-09-26 22:08:00,overload,303,FDR-0026,fuse
2024-09-27 14:00:00,2024-09-27 15:57:00,equipment_failure,94,FDR-0029,fuse
2024-09-28 15:00:00,2024-09-28 22:51:00,equipment_failure,270,FDR-0005,overhead line
2024-09-29 13:00:00,2024-09-29 18:28:00,equipment_failure,66,FDR-0016,recloser
2024-09-29 13:00:00,2024-09-29 17:23:00,overload,1016,FDR-0008,transformer
2024-09-29 13:00:00,2024-09-29 15:04:00,equipment_failure,1092,FDR-0040,overhead line
2024-09-29 17:00:00,2024-09-29 22:51:00,equipment_failure,1097,FDR-0039,transformer
2024-10-02 04:00:00,2024-10-02 06:12:00,equipment_failure,459,FDR-0006,transformer
2024-10-05 15:00:00,2024-10-05 18:45:00,vegetation,1472,FDR-0005,fuse
2024-10-06 02:00:00,2024-10-06 05:41:00,equipment_failure,45,FDR-0043,transformer
2024-10-06 18:00:00,2024-10-06 21:58:00,animal_contact,213,FDR-0043,switch
2024-10-07 00:00:00,2024-10-07 04:40:00,equipment_failure,248,FDR-0044,recloser
2024-10-09 08:00:00,2024-10-09 10:18:00,equipment_failure,16,FDR-0049,recloser
2024-10-11 18:00:00,2024-10-11 23:15:00,equipment_failure,893,FDR-0047,transformer
2024-10-13 17:00:00,2024-10-13 19:47:00,animal_contact,480,FDR-0009,recloser
2024-10-14 00:00:00,2024-10-14 05:05:00,animal_contact,492,FDR-0028,fuse
2024-10-15 13:00:00,2024-10-15 20:15:00,equipment_failure,1433,FDR-0049,recloser
2024-10-15 15:00:00,2024-10-15 17:30:00,equipment_failure,140,FDR-0016,cable
2024-10-16 13:00:00,2024-10-16 15:22:00,equipment_failure,482,FDR-0040,recloser
2024-10-19 18:00:00,2024-10-19 19:09:00,equipment_failure,342,FDR-0064,transformer
2024-10-19 19:00:00,2024-10-19 21:34:00,animal_contact,485,FDR-0059,transformer
2024-10-19 19:00:00,2024-10-19 23:39:00,equipment_failure,457,FDR-0040,switch
2024-10-20 18:00:00,2024-10-21 09:02:00,weather,1097,FDR-0006,fuse
2024-10-20 19:00:00,2024-10-21 00:03:00,equipment_failure,361,FDR-0008,fuse
2024-10-21 07:00:00,2024-10-21 09:19:00,equipment_failure,164,FDR-0026,fuse
2024-10-23 01:00:00,2024-10-23 01:49:00,equipment_failure,259,FDR-0033,transformer
2024-10-24 09:00:00,2024-10-24 11:06:00,equipment_failure,471,FDR-0051,fuse
2024-10-24 12:00:00,2024-10-24 16:52:00,animal_contact,88,FDR-0025,cable
2024-10-25 01:00:00,2024-10-25 04:10:00,equipment_failure,292,FDR-0019,transformer
2024-10-25 17:00:00,2024-10-25 21:22:00,equipment_failure,41,FDR-0009,transformer
2024-10-29 12:00:00,2024-10-29 17:12:00,equipment_failure,404,FDR-0054,fuse
2024-11-01 13:00:00,2024-11-01 19:17:00,overload,304,FDR-0048,cable
2024-11-04 02:00:00,2024-11-04 02:17:00,equipment_failure,434,FDR-0046,transformer
2024-11-05 13:00:00,2024-11-05 14:41:00,animal_contact,444,FDR-0058,overhead line
2024-11-05 13:00:00,2024-11-05 17:40:00,equipment_failure,994,FDR-0022,recloser
2024-11-06 16:00:00,2024-11-06 16:31:00,animal_contact,226,FDR-0048,transformer
2024-11-06 23:00:00,2024-11-07 02:34:00,equipment_failure,408,FDR-0035,transformer
2024-11-09 23:00:00,2024-11-10 04:53:00,equipment_failure,168,FDR-0053,fuse
2024-11-18 09:00:00,2024-11-18 11:46:00,equipment_failure,56,FDR-0039,fuse
2024-11-20 11:00:00,2024-11-20 11:33:00,equipment_failure,384,FDR-0043,overhead line
2024-11-20 11:00:00,2024-11-20 11:33:00,equipment_failure,437,FDR-0043,overhead line
2024-11-20 20:00:00,2024-11-20 21:12:00,equipment_failure,299,FDR-0063,transformer
2024-11-21 03:00:00,2024-11-21 06:41:00,equipment_failure,90,FDR-0014,fuse
2024-11-22 05:00:00,2024-11-22 10:18:00,equipment_failure,333,FDR-0029,overhead line
2024-11-22 06:00:00,2024-11-22 10:49:00,animal_contact,236,FDR-0007,cable
2024-11-24 09:00:00,2024-11-24 09:33:00,equipment_failure,222,FDR-0055,transformer
2024-11-24 13:00:00,2024-11-24 18:01:00,equipment_failure,72,FDR-0036,cable
2024-11-24 16:00:00,2024-11-25 08:32:00,vegetation,1529,FDR-0018,cable
2024-11-26 01:00:00,2024-11-26 03:54:00,equipment_failure,314,FDR-0036,recloser
2024-11-26 09:00:00,2024-11-26 12:49:00,animal_contact,341,FDR-0035,switch
2024-11-27 19:00:00,2024-11-27 19:51:00,equipment_failure,272,FDR-0052,switch
2024-11-29 00:00:00,2024-11-29 03:49:00,equipment_failure,176,FDR-0018,recloser
2024-11-29 07:00:00,2024-11-29 09:43:00,equipment_failure,133,FDR-0030,switch
2024-12-01 13:00:00,2024-12-01 16:00:00,overload,863,FDR-0012,switch
2024-12-02 19:00:00,2024-12-02 23:54:00,equipment_failure,188,FDR-0032,transformer
2024-12-05 17:00:00,2024-12-05 22:24:00,equipment_failure,342,FDR-0056,cable
2024-12-07 07:00:00,2024-12-07 11:30:00,animal_contact,225,FDR-0015,recloser
2024-12-08 14:00:00,2024-12-08 18:34:00,animal_contact,449,FDR-0032,overhead line
2024-12-08 15:00:00,2024-12-09 07:45:00,vegetation,1281,FDR-0042,cable
2024-12-08 15:00:00,2024-12-09 05:26:00,weather,1336,FDR-0034,cable
2024-12-08 15:00:00,2024-12-08 23:53:00,animal_contact,1714,FDR-0012,overhead line
2024-12-08 15:00:00,2024-12-08 23:24:00,weather,80,FDR-0013,cable
2024-12-08 16:00:00,2024-12-09 04:23:00,animal_contact,634,FDR-0020,cable
2024-12-08 16:00:00,2024-12-09 08:04:00,animal_contact,1465,FDR-0047,fuse
2024-12-08 17:00:00,2024-12-09 07:22:00,weather,127,FDR-0008,recloser
2024-12-08 18:00:00,2024-12-09 00:46:00,equipment_failure,302,FDR-0036,fuse
2024-12-08 18:00:00,2024-12-08 23:06:00,animal_contact,674,FDR-0061,switch
2024-12-08 18:00:00,2024-12-08 21:49:00,weather,898,FDR-0030,recloser
2024-12-08 19:00:00,2024-12-09 07:58:00,weather,499,FDR-0014,recloser
2024-12-08 19:00:00,2024-12-08 20:50:00,weather,1345,FDR-0036,transformer
2024-12-09 06:00:00,2024-12-09 10:40:00,equipment_failure,156,FDR-0060,cable
2024-12-11 04:00:00,2024-12-11 04:40:00,equipment_failure,57,FDR-0011,recloser
2024-12-12 03:00:00,2024-12-12 04:40:00,animal_contact,452,FDR-0031,switch
2024-12-12 08:00:00,2024-12-12 12:33:00,equipment_failure,128,FDR-0054,transformer
2024-12-13 16:00:00,2024-12-13 20:42:00,animal_contact,24,FDR-0047,transformer
2024-12-14 03:00:00,2024-12-14 07:03:00,equipment_failure,177,FDR-0009,fuse
2024-12-15 20:00:00,2024-12-16 00:59:00,equipment_failure,418,FDR-0042,recloser
2024-12-16 10:00:00,2024-12-16 13:35:00,equipment_failure,187,FDR-0006,transformer
2024-12-19 10:00:00,2024-12-19 14:56:00,equipment_failure,318,FDR-0061,overhead line
2024-12-20 05:00:00,2024-12-20 06:01:00,animal_contact,286,FDR-0007,cable
2024-12-20 20:00:00,2024-12-20 22:43:00,equipment_failure,233,FDR-0050,overhead line
2024-12-21 06:00:00,2024-12-21 06:49:00,equipment_failure,161,FDR-0049,transformer
2024-12-21 20:00:00,2024-12-21 21:27:00,equipment_failure,439,FDR-0059,overhead line
2024-12-22 05:00:00,2024-12-22 10:18:00,equipment_failure,324,FDR-0015,overhead line
2024-12-23 23:00:00,2024-12-24 01:48:00,equipment_failure,79,FDR-0005,overhead line
2024-12-28 17:00:00,2024-12-28 20:10:00,equipment_failure,61,FDR-0020,transformer
2024-12-29 14:00:00,2024-12-29 16:58:00,animal_contact,2061,FDR-0032,overhead line
2024-12-29 17:00:00,2024-12-30 01:59:00,weather,377,FDR-0007,recloser
2024-12-29 17:00:00,2024-12-29 22:20:00,weather,1657,FDR-0033,switch
2024-12-29 17:00:00,2024-12-29 20:28:00,weather,717,FDR-0036,overhead line
2024-12-29 19:00:00,2024-12-30 02:42:00,vegetation,1004,FDR-0053,overhead line
2024-12-30 12:00:00,2024-12-30 13:41:00,equipment_failure,205,FDR-0049,switch
2025-01-03 15:00:00,2025-01-03 18:03:00,equipment_failure,765,FDR-0003,transformer
2025-01-09 17:00:00,2025-01-09 20:37:00,equipment_failure,507,FDR-0018,recloser
2025-01-11 15:00:00,2025-01-11 21:09:00,overload,851,FDR-0041,recloser
2025-01-14 17:00:00,2025-01-14 21:01:00,equipment_failure,389,FDR-0003,fuse
2025-01-17 00:00:00,2025-01-17 01:18:00,equipment_failure,313,FDR-0003,overhead line
2025-01-22 14:00:00,2025-01-22 20:54:00,equipment_failure,1222,FDR-0027,switch
2025-01-29 07:00:00,2025-01-29 12:21:00,animal_contact,261,FDR-0053,transformer
2025-02-07 14:00:00,2025-02-07 17:50:00,overload,517,FDR-0054,transformer
2025-02-17 20:00:00,2025-02-18 08:45:00,weather,2219,FDR-0051,overhead line
2025-02-19 14:00:00,2025-02-19 18:30:00,weather,807,FDR-0035,recloser
2025-02-28 17:00:00,2025-02-28 22:51:00,equipment_failure,744,FDR-0039,switch
2025-03-12 12:00:00,2025-03-12 15:14:00,equipment_failure,287,FDR-0053,fuse
2025-03-24 19:00:00,2025-03-25 12:54:00,vegetation,271,FDR-0019,switch
2025-03-29 13:00:00,2025-03-29 17:23:00,overload,1106,FDR-0008,transformer
2025-04-12 07:00:00,2025-04-12 09:51:00,equipment_failure,74,FDR-0049,cable
2025-05-17 13:00:00,2025-05-17 19:58:00,equipment_failure,732,FDR-0026,transformer
2025-05-22 02:00:00,2025-05-22 05:34:00,animal_contact,509,FDR-0010,fuse
2025-06-01 13:00:00,2025-06-01 17:57:00,equipment_failure,732,FDR-0006,recloser
2025-06-02 16:00:00,2025-06-02 20:56:00,equipment_failure,179,FDR-0007,cable
2025-06-10 17:00:00,2025-06-10 17:47:00,animal_contact,166,FDR-0052,cable
2025-07-01 17:00:00,2025-07-02 07:12:00,animal_contact,531,FDR-0041,fuse
2025-07-15 06:00:00,2025-07-15 07:18:00,animal_contact,170,FDR-0050,switch
2025-08-04 17:00:00,2025-08-05 05:49:00,weather,1597,FDR-0044,fuse
2025-08-04 19:00:00,2025-08-05 00:25:00,animal_contact,676,FDR-0022,recloser
2025-08-30 11:00:00,2025-08-30 15:21:00,equipment_failure,337,FDR-0035,recloser
2025-10-05 15:00:00,2025-10-05 18:39:00,equipment_failure,655,FDR-0063,switch
2025-10-13 16:00:00,2025-10-14 09:50:00,weather,2311,FDR-0006,recloser
2025-10-22 14:00:00,2025-10-22 16:33:00,equipment_failure,129,FDR-0029,switch
2025-11-05 19:00:00,2025-11-06 02:07:00,vegetation,1447,FDR-0025,overhead line
2025-11-13 15:00:00,2025-11-13 16:42:00,overload,188,FDR-0011,cable
2025-11-26 16:00:00,2025-11-27 04:15:00,weather,1659,FDR-0045,recloser
2026-01-05 19:00:00,2026-01-06 01:09:00,animal_contact,1469,FDR-0018,cable
2026-02-08 18:00:00,2026-02-08 23:06:00,animal_contact,624,FDR-0061,switch
2026-03-09 08:00:00,2026-03-09 10:18:00,equipment_failure,15,FDR-0049,recloser
2026-04-29 14:00:00,2026-04-29 16:58:00,animal_contact,1914,FDR-0032,overhead line
2026-05-26 09:00:00,2026-05-26 12:49:00,animal_contact,374,FDR-0035,switch
2026-05-29 17:00:00,2026-05-29 20:28:00,weather,785,FDR-0013,overhead line
