transformer_id,inspection_date,work_order_id,inspection_type,condition_before,condition_after
XFMR-016707,2020-03-30 13:56:09.171317,WO-000001,routine,4,4
XFMR-006425,2017-12-06 13:56:09.171648,WO-000002,routine,4,4
XFMR-006425,2024-01-20 13:56:09.171670,WO-000003,routine,5,4
XFMR-006425,2018-05-26 13:56:09.171685,WO-000004,preventive,4,4
XFMR-010506,2021-11-24 13:56:09.171715,WO-000005,routine,4,4
XFMR-010506,2018-11-07 13:56:09.171730,WO-000006,routine,5,4
XFMR-013189,2025-08-30 13:56:09.171755,WO-000007,routine,5,5
XFMR-010657,2016-10-08 13:56:09.171782,WO-000008,routine,5,5
XFMR-010657,2022-03-23 13:56:09.171795,WO-000009,preventive,5,5
XFMR-010657,2024-07-12 13:56:09.171807,WO-000010,routine,5,5
XFMR-009956,2019-08-28 13:56:09.171830,WO-000011,routine,2,3
XFMR-009956,2025-03-06 13:56:09.171843,WO-000012,routine,3,3
XFMR-016989,2018-04-17 13:56:09.171866,WO-000013,preventive,5,4
XFMR-009086,2025-01-23 13:56:09.171890,WO-000014,emergency,1,2
XFMR-009086,2016-08-03 13:56:09.171903,WO-000015,routine,2,2
XFMR-009357,2016-05-19 13:56:09.171926,WO-000016,preventive,5,4
XFMR-009357,2023-09-03 13:56:09.171938,WO-000017,routine,3,4
XFMR-006101,2018-08-23 13:56:09.171961,WO-000018,routine,5,4
XFMR-006101,2018-11-16 13:56:09.171975,WO-000019,routine,3,4
XFMR-017090,2021-03-14 13:56:09.172088,WO-000020,routine,5,5
XFMR-017090,2019-06-21 13:56:09.172103,WO-000021,routine,5,5
XFMR-019646,2022-07-05 13:56:09.172130,WO-000022,routine,3,4
XFMR-019646,2023-05-12 13:56:09.172143,WO-000023,preventive,4,4
XFMR-018421,2022-04-21 13:56:09.172167,WO-000024,routine,3,3
XFMR-018421,2018-06-11 13:56:09.172179,WO-000025,routine,3,3
XFMR-018421,2020-03-23 13:56:09.172191,WO-000026,routine,2,3
XFMR-006224,2020-06-13 13:56:09.172214,WO-000027,routine,1,2
XFMR-020610,2019-09-07 13:56:09.172238,WO-000028,routine,3,4
XFMR-020610,2022-11-01 13:56:09.172251,WO-000029,emergency,4,4
XFMR-020610,2017-06-11 13:56:09.172263,WO-000030,routine,3,4
XFMR-009688,2018-09-27 13:56:09.172286,WO-000031,preventive,2,3
XFMR-009688,2023-01-03 13:56:09.172298,WO-000032,routine,4,3
XFMR-009688,2019-09-06 13:56:09.172309,WO-000033,routine,3,3
XFMR-017642,2024-09-01 13:56:09.172332,WO-000034,routine,3,3
XFMR-004388,2022-08-31 13:56:09.172355,WO-000035,routine,3,2
XFMR-004388,2019-04-23 13:56:09.172367,WO-000036,preventive,1,2
XFMR-004388,2022-02-01 13:56:09.172379,WO-000037,routine,1,2
XFMR-001863,2016-03-30 13:56:09.172401,WO-000038,routine,1,1
XFMR-001863,2016-05-30 13:56:09.172414,WO-000039,routine,2,1
XFMR-001863,2016-11-30 13:56:09.172425,WO-000040,emergency,1,1
XFMR-009399,2016-04-15 13:56:09.172447,WO-000041,routine,3,3
XFMR-012879,2024-04-29 13:56:09.172470,WO-000042,routine,2,2
XFMR-012879,2018-02-22 13:56:09.172483,WO-000043,emergency,3,2
XFMR-014517,2016-08-23 13:56:09.172505,WO-000044,routine,4,4
XFMR-014517,2016-07-24 13:56:09.172517,WO-000045,emergency,3,4
XFMR-014517,2023-05-29 13:56:09.172529,WO-000046,routine,4,4
XFMR-019295,2018-02-02 13:56:09.172551,WO-000047,routine,4,5
XFMR-019295,2023-12-13 13:56:09.172563,WO-000048,routine,5,5
XFMR-006693,2024-08-20 13:56:09.172585,WO-000049,routine,3,3
XFMR-014896,2021-07-08 13:56:09.172606,WO-000050,routine,1,1
XFMR-018699,2019-12-08 13:56:09.172627,WO-000051,routine,2,2
XFMR-018699,2026-01-23 13:56:09.172638,WO-000052,routine,3,2
XFMR-018699,2021-09-03 13:56:09.172649,WO-000053,preventive,2,2
XFMR-018925,2022-07-17 13:56:09.172669,WO-000054,routine,1,2
XFMR-008268,2021-09-17 13:56:09.172689,WO-000055,routine,4,3
XFMR-008268,2020-10-04 13:56:09.172700,WO-000056,routine,2,3
XFMR-008268,2020-12-14 13:56:09.172711,WO-000057,emergency,2,3
XFMR-014958,2021-12-22 13:56:09.172731,WO-000058,preventive,5,5
XFMR-014958,2024-10-31 13:56:09.172742,WO-000059,emergency,4,5
XFMR-015937,2024-08-06 13:56:09.172769,WO-000060,routine,4,5
XFMR-015937,2024-09-16 13:56:09.172780,WO-000061,routine,5,5
XFMR-015937,2023-02-06 13:56:09.172790,WO-000062,routine,5,5
XFMR-002309,2017-04-14 13:56:09.172810,WO-000063,routine,1,1
XFMR-002309,2022-03-27 13:56:09.172820,WO-000064,routine,2,1
XFMR-010280,2018-07-28 13:56:09.172840,WO-000065,routine,2,2
XFMR-010280,2025-10-16 13:56:09.172851,WO-000066,routine,2,2
XFMR-008319,2016-07-30 13:56:09.172871,WO-000067,preventive,2,1
XFMR-008319,2017-06-30 13:56:09.172882,WO-000068,routine,1,1
XFMR-008319,2024-02-03 13:56:09.172892,WO-000069,routine,1,1
XFMR-010481,2022-07-27 13:56:09.172911,WO-000070,routine,3,2
XFMR-010481,2022-10-20 13:56:09.172924,WO-000071,routine,2,2
XFMR-019742,2019-01-12 13:56:09.172950,WO-000072,preventive,3,3
XFMR-019742,2018-06-08 13:56:09.172962,WO-000073,routine,3,3
XFMR-007278,2024-04-12 13:56:09.172984,WO-000074,emergency,3,3
XFMR-016671,2021-04-10 13:56:09.173007,WO-000075,routine,1,2
XFMR-018069,2022-07-16 13:56:09.173029,WO-000076,routine,2,3
XFMR-018069,2020-08-26 13:56:09.173042,WO-000077,routine,2,3
XFMR-018041,2024-10-15 13:56:09.173067,WO-000078,preventive,2,2
XFMR-018041,2019-10-06 13:56:09.173079,WO-000079,preventive,3,2
XFMR-003266,2024-01-11 13:56:09.173101,WO-000080,preventive,3,2
XFMR-003266,2018-09-10 13:56:09.173113,WO-000081,preventive,2,2
XFMR-003266,2023-09-17 13:56:09.173124,WO-000082,emergency,2,2
XFMR-002944,2021-08-13 13:56:09.173147,WO-000083,preventive,1,2
XFMR-002944,2017-10-16 13:56:09.173159,WO-000084,emergency,3,2
XFMR-002944,2024-02-28 13:56:09.173170,WO-000085,routine,3,2
XFMR-011753,2023-12-19 13:56:09.173192,WO-000086,preventive,1,2
XFMR-011753,2021-12-27 13:56:09.173204,WO-000087,routine,3,2
XFMR-011753,2020-12-13 13:56:09.173215,WO-000088,routine,3,2
XFMR-011290,2016-07-01 13:56:09.173237,WO-000089,routine,5,4
XFMR-011290,2022-08-04 13:56:09.173249,WO-000090,preventive,3,4
XFMR-014706,2022-04-23 13:56:09.173271,WO-000091,routine,4,4
XFMR-014706,2017-01-22 13:56:09.173283,WO-000092,emergency,4,4
XFMR-014706,2023-05-05 13:56:09.173294,WO-000093,routine,3,4
XFMR-007890,2017-09-01 13:56:09.173317,WO-000094,preventive,5,4
XFMR-007890,2016-03-22 13:56:09.173329,WO-000095,routine,4,4
XFMR-007554,2018-03-27 13:56:09.173351,WO-000096,routine,5,5
XFMR-008050,2020-08-04 13:56:09.173374,WO-000097,routine,1,1
XFMR-019698,2020-11-01 13:56:09.173397,WO-000098,preventive,3,3
XFMR-019698,2025-10-06 13:56:09.173409,WO-000099,routine,4,3
XFMR-019698,2020-03-19 13:56:09.173420,WO-000100,routine,4,3
XFMR-001600,2020-08-13 13:56:09.173443,WO-000101,routine,2,3
XFMR-001600,2019-06-27 13:56:09.173455,WO-000102,preventive,2,3
XFMR-004700,2024-05-23 13:56:09.173477,WO-000103,routine,3,3
XFMR-005710,2016-12-12 13:56:09.173499,WO-000104,routine,5,4
XFMR-005594,2021-01-20 13:56:09.173522,WO-000105,routine,4,3
XFMR-010570,2021-07-07 13:56:09.173546,WO-000106,routine,3,2
XFMR-010570,2025-05-26 13:56:09.173558,WO-000107,routine,1,2
XFMR-010570,2020-09-17 13:56:09.173569,WO-000108,preventive,2,2
XFMR-003480,2016-12-13 13:56:09.173591,WO-000109,routine,4,3
XFMR-005503,2024-01-05 13:56:09.173612,WO-000110,preventive,1,2
XFMR-005503,2017-08-20 13:56:09.173623,WO-000111,routine,3,2
XFMR-013168,2019-08-23 13:56:09.173643,WO-000112,routine,1,1
XFMR-013168,2021-06-02 13:56:09.173654,WO-000113,routine,1,1
XFMR-013446,2023-03-20 13:56:09.173673,WO-000114,routine,2,2
XFMR-002324,2018-02-03 13:56:09.173694,WO-000115,preventive,4,4
XFMR-002324,2024-08-19 13:56:09.173705,WO-000116,emergency,5,4
XFMR-016322,2022-01-25 13:56:09.173725,WO-000117,routine,3,4
XFMR-016322,2023-12-26 13:56:09.173736,WO-000118,routine,3,4
XFMR-016322,2017-12-01 13:56:09.173746,WO-000119,routine,4,4
XFMR-016218,2023-02-07 13:56:09.173773,WO-000120,routine,4,3
XFMR-005460,2024-07-24 13:56:09.173794,WO-000121,routine,3,4
XFMR-017848,2022-11-05 13:56:09.173814,WO-000122,preventive,4,4
XFMR-010747,2025-05-04 13:56:09.173834,WO-000123,routine,1,2
XFMR-010747,2021-05-16 13:56:09.173845,WO-000124,routine,2,2
XFMR-019280,2019-06-13 13:56:09.173864,WO-000125,routine,2,3
XFMR-013239,2023-11-05 13:56:09.173884,WO-000126,routine,3,3
XFMR-013953,2017-08-13 13:56:09.173904,WO-000127,routine,4,3
XFMR-021007,2019-11-10 13:56:09.173926,WO-000128,routine,2,3
XFMR-008939,2023-08-07 13:56:09.173951,WO-000129,emergency,3,4
XFMR-008939,2019-01-28 13:56:09.173965,WO-000130,routine,5,4
XFMR-014626,2022-12-19 13:56:09.173987,WO-000131,routine,3,3
XFMR-020125,2022-06-02 13:56:09.174009,WO-000132,preventive,1,2
XFMR-004033,2020-12-22 13:56:09.174031,WO-000133,preventive,3,2
XFMR-013338,2024-08-30 13:56:09.174054,WO-000134,preventive,2,2
XFMR-013338,2020-02-13 13:56:09.174066,WO-000135,routine,2,2
XFMR-013338,2019-04-17 13:56:09.174077,WO-000136,routine,2,2
XFMR-021081,2024-06-27 13:56:09.174102,WO-000137,preventive,5,5
XFMR-011153,2024-02-16 13:56:09.174125,WO-000138,preventive,2,3
XFMR-011153,2025-01-29 13:56:09.174137,WO-000139,emergency,3,3
XFMR-017394,2018-06-18 13:56:09.174159,WO-000140,routine,2,3
XFMR-017394,2024-08-30 13:56:09.174171,WO-000141,preventive,2,3
XFMR-017394,2018-01-12 13:56:09.174183,WO-000142,routine,4,3
XFMR-009995,2024-08-16 13:56:09.174205,WO-000143,routine,4,4
XFMR-009995,2020-01-10 13:56:09.174217,WO-000144,emergency,4,4
XFMR-018199,2019-07-07 13:56:09.174239,WO-000145,routine,1,2
XFMR-018199,2023-11-02 13:56:09.174251,WO-000146,preventive,3,2
XFMR-003722,2017-11-30 13:56:09.174274,WO-000147,routine,5,5
XFMR-003722,2016-12-24 13:56:09.174286,WO-000148,routine,4,5
XFMR-003722,2024-12-21 13:56:09.174297,WO-000149,routine,5,5
XFMR-020542,2017-03-14 13:56:09.174319,WO-000150,routine,2,1
XFMR-020542,2022-02-16 13:56:09.174331,WO-000151,routine,2,1
XFMR-020542,2023-09-23 13:56:09.174342,WO-000152,routine,1,1
XFMR-006420,2020-06-13 13:56:09.174364,WO-000153,preventive,4,3
XFMR-006420,2022-09-14 13:56:09.174376,WO-000154,routine,3,3
XFMR-006660,2025-08-28 13:56:09.174398,WO-000155,routine,3,3
XFMR-006660,2018-12-25 13:56:09.174410,WO-000156,routine,2,3
XFMR-021349,2021-01-08 13:56:09.174432,WO-000157,routine,4,3
XFMR-021349,2025-10-15 13:56:09.174444,WO-000158,routine,4,3
XFMR-021349,2024-08-10 13:56:09.174455,WO-000159,routine,3,3
XFMR-003844,2016-03-16 13:56:09.174477,WO-000160,emergency,4,4
XFMR-003844,2019-06-20 13:56:09.174489,WO-000161,routine,5,4
XFMR-003844,2023-06-24 13:56:09.174501,WO-000162,routine,5,4
XFMR-018197,2022-12-09 13:56:09.174523,WO-000163,emergency,2,3
XFMR-000607,2016-10-21 13:56:09.174546,WO-000164,routine,5,5
XFMR-012734,2021-09-09 13:56:09.174569,WO-000165,routine,2,1
XFMR-012734,2026-01-18 13:56:09.174580,WO-000166,routine,1,1
XFMR-014497,2020-02-15 13:56:09.174602,WO-000167,routine,2,3
XFMR-012888,2016-09-22 13:56:09.174625,WO-000168,routine,2,3
XFMR-012888,2016-10-23 13:56:09.174636,WO-000169,routine,3,3
XFMR-012888,2019-11-06 13:56:09.174647,WO-000170,emergency,3,3
XFMR-012341,2016-12-25 13:56:09.174669,WO-000171,routine,2,3
XFMR-012341,2019-05-26 13:56:09.174681,WO-000172,routine,3,3
XFMR-010331,2016-12-03 13:56:09.174703,WO-000173,routine,2,2
XFMR-006563,2020-04-18 13:56:09.174726,WO-000174,preventive,3,3
XFMR-007535,2025-04-05 13:56:09.174750,WO-000175,routine,1,2
XFMR-007535,2016-03-07 13:56:09.174761,WO-000176,emergency,1,2
XFMR-007535,2017-08-10 13:56:09.174772,WO-000177,routine,1,2
XFMR-006416,2025-10-30 13:56:09.174795,WO-000178,emergency,2,2
XFMR-006416,2016-08-06 13:56:09.174807,WO-000179,preventive,3,2
XFMR-009839,2024-07-03 13:56:09.174829,WO-000180,routine,2,2
XFMR-009839,2021-08-16 13:56:09.174841,WO-000181,emergency,1,2
XFMR-009839,2023-11-16 13:56:09.174852,WO-000182,routine,1,2
XFMR-016362,2023-06-27 13:56:09.174874,WO-000183,emergency,5,5
XFMR-016362,2020-09-17 13:56:09.174885,WO-000184,emergency,5,5
XFMR-016362,2017-06-07 13:56:09.174895,WO-000185,preventive,5,5
XFMR-005567,2020-10-29 13:56:09.174916,WO-000186,routine,4,5
XFMR-002251,2025-10-11 13:56:09.174938,WO-000187,routine,1,1
XFMR-002251,2022-02-18 13:56:09.174953,WO-000188,preventive,2,1
XFMR-015585,2025-10-14 13:56:09.174975,WO-000189,preventive,5,4
XFMR-015585,2016-11-25 13:56:09.174987,WO-000190,routine,3,4
XFMR-015585,2023-08-17 13:56:09.174998,WO-000191,emergency,3,4
XFMR-017936,2018-01-10 13:56:09.175020,WO-000192,routine,4,3
XFMR-017936,2018-09-21 13:56:09.175032,WO-000193,routine,4,3
XFMR-009556,2022-11-30 13:56:09.175054,WO-000194,emergency,4,4
XFMR-017707,2021-12-27 13:56:09.175079,WO-000195,emergency,2,3
XFMR-017707,2025-12-08 13:56:09.175093,WO-000196,routine,4,3
XFMR-017707,2025-01-31 13:56:09.175104,WO-000197,routine,4,3
XFMR-005130,2016-12-23 13:56:09.175126,WO-000198,routine,1,2
XFMR-005130,2019-04-11 13:56:09.175138,WO-000199,routine,3,2
XFMR-005130,2023-09-11 13:56:09.175150,WO-000200,routine,2,2
XFMR-006129,2023-07-26 13:56:09.175172,WO-000201,routine,1,2
XFMR-015000,2021-06-21 13:56:09.175195,WO-000202,routine,5,4
XFMR-015000,2024-11-26 13:56:09.175207,WO-000203,routine,4,4
XFMR-019225,2020-09-30 13:56:09.175229,WO-000204,routine,3,2
XFMR-007752,2020-11-18 13:56:09.175251,WO-000205,routine,3,2
XFMR-007752,2019-09-18 13:56:09.175264,WO-000206,routine,3,2
XFMR-016845,2020-08-02 13:56:09.175285,WO-000207,preventive,5,4
XFMR-016845,2025-12-16 13:56:09.175298,WO-000208,routine,3,4
XFMR-017168,2017-10-14 13:56:09.175319,WO-000209,routine,5,5
XFMR-017168,2022-05-15 13:56:09.175332,WO-000210,routine,5,5
XFMR-017168,2021-03-23 13:56:09.175343,WO-000211,routine,4,5
XFMR-001806,2024-05-31 13:56:09.175365,WO-000212,emergency,2,3
XFMR-001806,2018-11-01 13:56:09.175377,WO-000213,routine,4,3
XFMR-010753,2024-05-06 13:56:09.175399,WO-000214,routine,2,3
XFMR-007050,2025-08-11 13:56:09.175422,WO-000215,routine,4,3
XFMR-007050,2023-12-25 13:56:09.175434,WO-000216,routine,2,3
XFMR-007050,2023-07-22 13:56:09.175445,WO-000217,routine,3,3
XFMR-019371,2022-12-11 13:56:09.175467,WO-000218,routine,2,3
XFMR-019371,2020-12-12 13:56:09.175479,WO-000219,routine,2,3
XFMR-004743,2023-03-27 13:56:09.175501,WO-000220,emergency,1,1
XFMR-004743,2021-07-08 13:56:09.175513,WO-000221,routine,1,1
XFMR-017022,2017-09-03 13:56:09.175535,WO-000222,emergency,4,4
XFMR-003966,2023-11-13 13:56:09.175558,WO-000223,routine,4,3
XFMR-003966,2019-03-02 13:56:09.175570,WO-000224,routine,2,3
XFMR-012787,2024-12-16 13:56:09.175591,WO-000225,routine,3,2
XFMR-007232,2017-09-22 13:56:09.175614,WO-000226,routine,3,3
XFMR-006012,2018-07-05 13:56:09.175636,WO-000227,preventive,3,2
XFMR-007628,2018-07-30 13:56:09.175658,WO-000228,routine,2,3
XFMR-010773,2019-07-20 13:56:09.175681,WO-000229,emergency,4,4
XFMR-021260,2023-11-10 13:56:09.175703,WO-000230,routine,3,3
XFMR-021260,2017-12-09 13:56:09.175715,WO-000231,emergency,4,3
XFMR-016939,2020-06-13 13:56:09.175736,WO-000232,routine,2,3
XFMR-016939,2025-08-27 13:56:09.175748,WO-000233,emergency,2,3
XFMR-006004,2022-10-18 13:56:09.175771,WO-000234,emergency,2,2
XFMR-006004,2022-11-17 13:56:09.175783,WO-000235,routine,1,2
XFMR-013093,2022-03-03 13:56:09.175804,WO-000236,preventive,4,3
XFMR-013093,2019-09-11 13:56:09.175816,WO-000237,routine,3,3
XFMR-006668,2022-03-07 13:56:09.175840,WO-000238,routine,3,3
XFMR-006668,2022-12-05 13:56:09.175853,WO-000239,routine,3,3
XFMR-006484,2016-11-09 13:56:09.175875,WO-000240,preventive,1,2
XFMR-006484,2022-08-22 13:56:09.175887,WO-000241,routine,2,2
XFMR-006484,2023-05-13 13:56:09.175898,WO-000242,routine,2,2
XFMR-021426,2016-04-21 13:56:09.175922,WO-000243,routine,4,3
XFMR-013489,2019-10-07 13:56:09.175974,WO-000244,preventive,1,2
XFMR-009039,2016-11-09 13:56:09.176030,WO-000245,routine,4,3
XFMR-009039,2017-04-07 13:56:09.176050,WO-000246,routine,2,3
XFMR-000564,2021-01-20 13:56:09.176081,WO-000247,preventive,3,2
XFMR-009614,2016-05-29 13:56:09.176150,WO-000248,routine,1,2
XFMR-009614,2022-06-24 13:56:09.176179,WO-000249,routine,3,2
XFMR-009614,2018-11-23 13:56:09.176197,WO-000250,routine,3,2
XFMR-020112,2016-06-10 13:56:09.176230,WO-000251,routine,4,4
XFMR-020112,2022-03-26 13:56:09.176246,WO-000252,routine,4,4
XFMR-015498,2017-10-03 13:56:09.176275,WO-000253,routine,3,3
XFMR-010251,2026-01-22 13:56:09.176302,WO-000254,routine,2,2
XFMR-010251,2022-06-26 13:56:09.176316,WO-000255,routine,2,2
XFMR-004548,2024-05-30 13:56:09.176341,WO-000256,routine,5,5
XFMR-004548,2017-06-21 13:56:09.176354,WO-000257,routine,5,5
XFMR-005217,2021-04-25 13:56:09.176378,WO-000258,routine,4,3
XFMR-005217,2024-08-30 13:56:09.176391,WO-000259,routine,3,3
XFMR-005217,2019-03-19 13:56:09.176403,WO-000260,routine,3,3
XFMR-020639,2022-02-12 13:56:09.176427,WO-000261,preventive,4,3
XFMR-006815,2017-07-15 13:56:09.176451,WO-000262,routine,1,2
XFMR-006815,2017-02-14 13:56:09.176463,WO-000263,preventive,2,2
XFMR-019387,2023-11-01 13:56:09.176486,WO-000264,preventive,3,2
XFMR-000555,2016-12-26 13:56:09.176510,WO-000265,routine,1,2
XFMR-000555,2017-08-02 13:56:09.176523,WO-000266,routine,1,2
XFMR-007478,2024-06-26 13:56:09.176546,WO-000267,routine,2,1
XFMR-007478,2023-12-19 13:56:09.176558,WO-000268,routine,2,1
XFMR-007478,2025-06-27 13:56:09.176570,WO-000269,routine,2,1
XFMR-016338,2017-01-29 13:56:09.176593,WO-000270,routine,3,3
XFMR-016338,2025-07-30 13:56:09.176606,WO-000271,routine,4,3
XFMR-016338,2016-08-27 13:56:09.176618,WO-000272,routine,3,3
XFMR-002335,2023-02-28 13:56:09.176641,WO-000273,emergency,3,2
XFMR-002335,2022-11-21 13:56:09.176654,WO-000274,routine,2,2
XFMR-002335,2017-07-02 13:56:09.176665,WO-000275,routine,1,2
XFMR-013720,2022-01-03 13:56:09.176688,WO-000276,routine,1,2
XFMR-013720,2016-06-29 13:56:09.176700,WO-000277,routine,3,2
XFMR-004085,2020-01-19 13:56:09.176723,WO-000278,routine,5,5
XFMR-001088,2021-08-21 13:56:09.176747,WO-000279,routine,1,2
XFMR-001088,2019-05-13 13:56:09.176759,WO-000280,preventive,1,2
XFMR-016938,2016-12-09 13:56:09.176781,WO-000281,routine,5,4
XFMR-016938,2017-07-13 13:56:09.176794,WO-000282,routine,5,4
XFMR-016938,2024-03-21 13:56:09.176805,WO-000283,routine,4,4
XFMR-009273,2020-02-01 13:56:09.176827,WO-000284,routine,3,3
XFMR-009273,2023-04-06 13:56:09.176841,WO-000285,routine,3,3
XFMR-008592,2016-05-30 13:56:09.176867,WO-000286,routine,2,3
XFMR-018116,2019-11-26 13:56:09.176890,WO-000287,routine,1,1
XFMR-018116,2016-04-22 13:56:09.176903,WO-000288,routine,2,1
XFMR-018116,2023-04-26 13:56:09.176914,WO-000289,routine,1,1
XFMR-005216,2018-11-26 13:56:09.176936,WO-000290,routine,4,4
XFMR-005216,2023-10-08 13:56:09.176949,WO-000291,emergency,5,4
XFMR-007882,2016-11-24 13:56:09.176971,WO-000292,routine,2,2
XFMR-007882,2023-08-12 13:56:09.176983,WO-000293,routine,1,2
XFMR-006341,2019-12-13 13:56:09.177006,WO-000294,emergency,1,2
XFMR-007657,2022-06-30 13:56:09.177029,WO-000295,routine,3,4
XFMR-007657,2016-08-13 13:56:09.177041,WO-000296,preventive,5,4
XFMR-012404,2018-08-17 13:56:09.177064,WO-000297,emergency,2,3
XFMR-012404,2023-03-02 13:56:09.177076,WO-000298,routine,4,3
XFMR-020665,2017-08-10 13:56:09.177098,WO-000299,preventive,2,3
XFMR-020665,2022-04-24 13:56:09.177111,WO-000300,routine,3,3
XFMR-020665,2021-02-11 13:56:09.177122,WO-000301,emergency,4,3
XFMR-015810,2018-10-29 13:56:09.177145,WO-000302,routine,2,3
XFMR-010529,2020-07-23 13:56:09.177169,WO-000303,routine,5,4
XFMR-006827,2017-12-29 13:56:09.177193,WO-000304,routine,2,3
XFMR-006827,2019-06-13 13:56:09.177205,WO-000305,preventive,4,3
XFMR-006827,2025-12-01 13:56:09.177217,WO-000306,routine,4,3
XFMR-010224,2020-12-24 13:56:09.177239,WO-000307,preventive,2,2
XFMR-010224,2021-09-14 13:56:09.177252,WO-000308,preventive,2,2
XFMR-020066,2022-02-14 13:56:09.177274,WO-000309,routine,3,3
XFMR-019511,2025-04-29 13:56:09.177298,WO-000310,routine,3,3
XFMR-019511,2023-06-17 13:56:09.177311,WO-000311,routine,3,3
XFMR-019511,2022-10-04 13:56:09.177323,WO-000312,routine,4,3
XFMR-015420,2020-05-28 13:56:09.177346,WO-000313,routine,1,2
XFMR-014488,2018-04-27 13:56:09.177369,WO-000314,routine,2,2
XFMR-011508,2020-03-01 13:56:09.177392,WO-000315,preventive,4,3
XFMR-011508,2024-01-19 13:56:09.177404,WO-000316,preventive,4,3
XFMR-005722,2022-01-20 13:56:09.177427,WO-000317,preventive,2,3
XFMR-005722,2023-02-02 13:56:09.177439,WO-000318,routine,4,3
XFMR-015960,2017-01-16 13:56:09.177463,WO-000319,routine,1,1
XFMR-015960,2019-12-03 13:56:09.177475,WO-000320,routine,2,1
XFMR-015960,2021-01-08 13:56:09.177486,WO-000321,routine,2,1
XFMR-019184,2024-11-06 13:56:09.177507,WO-000322,routine,4,5
XFMR-019184,2024-09-14 13:56:09.177519,WO-000323,routine,4,5
XFMR-019184,2017-01-21 13:56:09.177529,WO-000324,routine,5,5
XFMR-013944,2023-02-04 13:56:09.177549,WO-000325,routine,3,2
XFMR-013944,2021-02-14 13:56:09.177560,WO-000326,emergency,1,2
XFMR-021481,2025-05-03 13:56:09.177581,WO-000327,routine,4,3
XFMR-021481,2017-10-22 13:56:09.177592,WO-000328,routine,4,3
XFMR-012640,2022-03-27 13:56:09.177612,WO-000329,preventive,3,4
XFMR-012640,2024-08-05 13:56:09.177623,WO-000330,routine,3,4
XFMR-012640,2022-02-09 13:56:09.177634,WO-000331,preventive,3,4
XFMR-009882,2026-01-31 13:56:09.177653,WO-000332,preventive,5,5
XFMR-009882,2024-01-18 13:56:09.177664,WO-000333,routine,5,5
XFMR-008442,2022-03-21 13:56:09.177684,WO-000334,routine,3,2
XFMR-017285,2017-09-09 13:56:09.177705,WO-000335,routine,4,4
XFMR-017285,2018-03-05 13:56:09.177715,WO-000336,routine,4,4
XFMR-017285,2024-04-10 13:56:09.177726,WO-000337,routine,4,4
XFMR-018752,2018-09-16 13:56:09.177745,WO-000338,routine,3,3
XFMR-018752,2023-08-09 13:56:09.177756,WO-000339,routine,3,3
XFMR-008059,2025-04-02 13:56:09.177784,WO-000340,routine,2,3
XFMR-002146,2019-08-31 13:56:09.177804,WO-000341,emergency,3,4
XFMR-002146,2025-03-10 13:56:09.177815,WO-000342,emergency,3,4
XFMR-002146,2021-08-02 13:56:09.177825,WO-000343,routine,3,4
XFMR-017017,2023-12-22 13:56:09.177845,WO-000344,routine,3,2
XFMR-017017,2020-06-23 13:56:09.177856,WO-000345,preventive,2,2
XFMR-016740,2019-09-25 13:56:09.177876,WO-000346,routine,4,3
XFMR-013502,2021-12-17 13:56:09.177896,WO-000347,routine,3,2
XFMR-013502,2025-09-30 13:56:09.177907,WO-000348,emergency,2,2
XFMR-013502,2016-10-17 13:56:09.177917,WO-000349,routine,3,2
XFMR-017283,2017-01-04 13:56:09.177939,WO-000350,routine,4,4
XFMR-005953,2025-03-06 13:56:09.177966,WO-000351,routine,1,2
XFMR-005953,2020-11-24 13:56:09.177978,WO-000352,preventive,1,2
XFMR-004157,2023-08-18 13:56:09.178000,WO-000353,routine,5,5
XFMR-004157,2019-04-02 13:56:09.178012,WO-000354,routine,5,5
XFMR-007749,2023-10-27 13:56:09.178037,WO-000355,preventive,2,3
XFMR-007749,2018-05-27 13:56:09.178049,WO-000356,preventive,4,3
XFMR-002755,2025-01-06 13:56:09.178071,WO-000357,preventive,3,4
XFMR-002755,2019-05-24 13:56:09.178083,WO-000358,preventive,5,4
XFMR-002755,2016-04-04 13:56:09.178095,WO-000359,routine,4,4
XFMR-017196,2023-08-02 13:56:09.178117,WO-000360,routine,4,4
XFMR-001093,2017-05-22 13:56:09.178141,WO-000361,routine,3,4
XFMR-010257,2018-10-03 13:56:09.178164,WO-000362,emergency,4,3
XFMR-010257,2019-11-29 13:56:09.178176,WO-000363,routine,4,3
XFMR-010257,2018-09-29 13:56:09.178187,WO-000364,routine,4,3
XFMR-002699,2020-09-25 13:56:09.178209,WO-000365,routine,2,2
XFMR-009624,2020-11-08 13:56:09.178232,WO-000366,routine,2,3
XFMR-017288,2023-03-20 13:56:09.178256,WO-000367,routine,2,3
XFMR-009239,2017-09-13 13:56:09.178279,WO-000368,routine,3,4
XFMR-002154,2016-03-11 13:56:09.178302,WO-000369,routine,2,2
XFMR-002154,2020-01-12 13:56:09.178314,WO-000370,preventive,1,2
XFMR-007884,2025-12-02 13:56:09.178336,WO-000371,routine,1,2
XFMR-009566,2017-02-17 13:56:09.178360,WO-000372,routine,2,2
XFMR-009566,2016-06-01 13:56:09.178372,WO-000373,routine,1,2
XFMR-021351,2017-10-05 13:56:09.178394,WO-000374,emergency,1,1
XFMR-021351,2017-04-18 13:56:09.178406,WO-000375,preventive,2,1
XFMR-000045,2021-11-28 13:56:09.178430,WO-000376,preventive,4,3
XFMR-007501,2025-08-22 13:56:09.178454,WO-000377,routine,1,2
XFMR-007501,2025-11-05 13:56:09.178466,WO-000378,routine,3,2
XFMR-002849,2018-01-14 13:56:09.178489,WO-000379,routine,4,3
XFMR-011916,2017-05-13 13:56:09.178512,WO-000380,preventive,4,4
XFMR-011916,2022-10-26 13:56:09.178524,WO-000381,routine,3,4
XFMR-011916,2018-01-10 13:56:09.178535,WO-000382,routine,5,4
XFMR-000504,2024-09-04 13:56:09.178558,WO-000383,preventive,1,2
XFMR-007696,2022-07-21 13:56:09.178581,WO-000384,preventive,5,5
XFMR-007696,2020-07-19 13:56:09.178593,WO-000385,emergency,5,5
XFMR-014003,2025-08-13 13:56:09.178614,WO-000386,routine,3,4
XFMR-014003,2020-04-11 13:56:09.178629,WO-000387,emergency,3,4
XFMR-014003,2017-06-17 13:56:09.178641,WO-000388,routine,5,4
XFMR-003483,2024-03-08 13:56:09.178663,WO-000389,routine,3,2
XFMR-003483,2017-10-31 13:56:09.178675,WO-000390,preventive,1,2
XFMR-003483,2024-04-22 13:56:09.178687,WO-000391,routine,3,2
XFMR-019630,2022-02-18 13:56:09.178708,WO-000392,preventive,2,2
XFMR-019630,2024-11-04 13:56:09.178720,WO-000393,routine,3,2
XFMR-019630,2023-06-13 13:56:09.178732,WO-000394,routine,1,2
XFMR-011021,2017-09-06 13:56:09.178754,WO-000395,preventive,2,2
XFMR-004310,2023-01-03 13:56:09.178777,WO-000396,routine,2,2
XFMR-004310,2021-11-12 13:56:09.178789,WO-000397,routine,1,2
XFMR-001871,2018-02-17 13:56:09.178811,WO-000398,routine,1,2
XFMR-001871,2017-06-15 13:56:09.178823,WO-000399,routine,2,2
XFMR-001871,2024-02-28 13:56:09.178834,WO-000400,routine,3,2
XFMR-001457,2018-06-25 13:56:09.178856,WO-000401,routine,2,3
XFMR-007204,2025-08-29 13:56:09.178879,WO-000402,routine,2,2
XFMR-007204,2017-05-27 13:56:09.178891,WO-000403,routine,1,2
XFMR-008384,2024-06-21 13:56:09.178916,WO-000404,routine,3,2
XFMR-008384,2023-09-03 13:56:09.178929,WO-000405,routine,3,2
XFMR-008384,2025-04-05 13:56:09.178941,WO-000406,emergency,2,2
XFMR-019968,2024-12-19 13:56:09.178963,WO-000407,emergency,4,5
XFMR-019968,2020-09-04 13:56:09.178975,WO-000408,routine,5,5
XFMR-004933,2020-04-10 13:56:09.178997,WO-000409,emergency,3,4
XFMR-004008,2019-03-22 13:56:09.179020,WO-000410,routine,3,4
XFMR-004008,2025-10-04 13:56:09.179033,WO-000411,preventive,4,4
XFMR-004008,2020-08-26 13:56:09.179044,WO-000412,preventive,4,4
XFMR-011725,2021-08-28 13:56:09.179066,WO-000413,routine,5,4
XFMR-011725,2016-12-07 13:56:09.179078,WO-000414,routine,5,4
XFMR-017697,2016-12-31 13:56:09.179101,WO-000415,routine,3,3
XFMR-017697,2019-01-09 13:56:09.179113,WO-000416,preventive,4,3
XFMR-015222,2025-01-29 13:56:09.179135,WO-000417,routine,2,3
XFMR-015222,2020-08-08 13:56:09.179147,WO-000418,routine,2,3
XFMR-015222,2016-12-27 13:56:09.179159,WO-000419,routine,4,3
XFMR-005834,2019-01-15 13:56:09.179181,WO-000420,routine,3,2
XFMR-005834,2023-04-15 13:56:09.179193,WO-000421,preventive,3,2
XFMR-005834,2016-07-13 13:56:09.179204,WO-000422,preventive,1,2
XFMR-016781,2017-05-01 13:56:09.179227,WO-000423,preventive,2,1
XFMR-016781,2021-12-31 13:56:09.179239,WO-000424,routine,1,1
XFMR-016781,2024-10-18 13:56:09.179250,WO-000425,routine,2,1
XFMR-013139,2024-06-23 13:56:09.179273,WO-000426,preventive,2,3
XFMR-013792,2020-10-12 13:56:09.179296,WO-000427,routine,1,2
XFMR-000384,2025-12-31 13:56:09.179319,WO-000428,routine,5,5
XFMR-000384,2025-05-30 13:56:09.179332,WO-000429,routine,5,5
XFMR-015663,2017-07-21 13:56:09.179355,WO-000430,routine,2,2
XFMR-015663,2025-01-23 13:56:09.179367,WO-000431,routine,2,2
XFMR-015663,2025-07-16 13:56:09.179378,WO-000432,emergency,1,2
XFMR-017535,2022-06-12 13:56:09.179401,WO-000433,preventive,4,4
XFMR-020724,2017-12-16 13:56:09.179424,WO-000434,routine,4,4
XFMR-006535,2016-03-15 13:56:09.179447,WO-000435,routine,1,2
XFMR-006535,2020-07-21 13:56:09.179459,WO-000436,routine,2,2
XFMR-002137,2018-10-09 13:56:09.179482,WO-000437,routine,3,2
XFMR-004035,2019-06-06 13:56:09.179505,WO-000438,preventive,1,1
XFMR-004035,2019-12-10 13:56:09.179517,WO-000439,routine,2,1
XFMR-004035,2025-08-25 13:56:09.179528,WO-000440,preventive,2,1
XFMR-014899,2024-10-20 13:56:09.179551,WO-000441,routine,2,1
XFMR-014899,2025-02-20 13:56:09.179563,WO-000442,routine,1,1
XFMR-014899,2025-09-09 13:56:09.179574,WO-000443,routine,2,1
XFMR-007672,2021-12-08 13:56:09.179595,WO-000444,routine,3,3
XFMR-007672,2023-01-03 13:56:09.179606,WO-000445,routine,3,3
XFMR-007672,2025-12-23 13:56:09.179616,WO-000446,routine,3,3
XFMR-006133,2020-08-12 13:56:09.179636,WO-000447,routine,2,3
XFMR-021456,2018-03-24 13:56:09.179657,WO-000448,routine,4,3
XFMR-021456,2017-03-07 13:56:09.179668,WO-000449,emergency,3,3
XFMR-005549,2017-09-22 13:56:09.179688,WO-000450,routine,5,4
XFMR-017068,2022-11-08 13:56:09.179709,WO-000451,routine,3,3
XFMR-017068,2020-12-18 13:56:09.179719,WO-000452,routine,2,3
XFMR-017068,2017-08-15 13:56:09.179730,WO-000453,emergency,3,3
XFMR-017731,2017-12-09 13:56:09.179749,WO-000454,routine,5,4
XFMR-017731,2017-05-09 13:56:09.179760,WO-000455,routine,4,4
XFMR-017731,2025-06-03 13:56:09.179775,WO-000456,routine,4,4
XFMR-011652,2022-03-02 13:56:09.179794,WO-000457,emergency,4,3
XFMR-011652,2020-06-18 13:56:09.179806,WO-000458,routine,4,3
XFMR-018178,2021-03-14 13:56:09.179825,WO-000459,routine,2,3
XFMR-018178,2021-08-25 13:56:09.179836,WO-000460,routine,4,3
XFMR-018693,2020-07-28 13:56:09.179856,WO-000461,routine,3,4
XFMR-018693,2017-12-16 13:56:09.179866,WO-000462,preventive,3,4
XFMR-017358,2018-04-24 13:56:09.179886,WO-000463,routine,4,3
XFMR-016287,2018-10-26 13:56:09.179906,WO-000464,emergency,3,4
XFMR-005854,2019-12-20 13:56:09.179929,WO-000465,preventive,1,2
XFMR-005854,2021-09-14 13:56:09.179942,WO-000466,routine,3,2
XFMR-006188,2025-04-07 13:56:09.179966,WO-000467,routine,5,5
XFMR-006188,2023-03-08 13:56:09.179978,WO-000468,emergency,4,5
XFMR-006188,2020-12-19 13:56:09.179989,WO-000469,preventive,5,5
XFMR-011159,2021-01-13 13:56:09.180011,WO-000470,routine,2,2
XFMR-018850,2018-10-14 13:56:09.180033,WO-000471,routine,3,3
XFMR-018850,2023-07-19 13:56:09.180046,WO-000472,preventive,2,3
XFMR-001228,2025-08-04 13:56:09.180071,WO-000473,routine,3,2
XFMR-002502,2017-03-17 13:56:09.180094,WO-000474,routine,3,3
XFMR-002502,2016-05-26 13:56:09.180106,WO-000475,emergency,3,3
XFMR-002502,2017-10-05 13:56:09.180117,WO-000476,preventive,4,3
XFMR-009559,2017-03-25 13:56:09.180140,WO-000477,routine,5,5
XFMR-002196,2025-09-24 13:56:09.180163,WO-000478,preventive,4,3
XFMR-002196,2018-06-14 13:56:09.180175,WO-000479,routine,4,3
XFMR-018641,2018-09-22 13:56:09.180197,WO-000480,routine,3,3
XFMR-018641,2022-08-25 13:56:09.180209,WO-000481,routine,4,3
XFMR-018641,2023-03-23 13:56:09.180221,WO-000482,routine,3,3
XFMR-005129,2023-08-16 13:56:09.180243,WO-000483,emergency,2,2
XFMR-005129,2019-09-24 13:56:09.180255,WO-000484,emergency,1,2
XFMR-016056,2025-04-21 13:56:09.180277,WO-000485,routine,1,2
XFMR-016056,2016-11-27 13:56:09.180289,WO-000486,preventive,1,2
XFMR-016056,2022-10-07 13:56:09.180301,WO-000487,routine,1,2
XFMR-009718,2018-12-13 13:56:09.180323,WO-000488,routine,2,2
XFMR-007923,2017-05-31 13:56:09.180346,WO-000489,routine,2,1
XFMR-007923,2016-10-28 13:56:09.180358,WO-000490,routine,1,1
XFMR-007923,2024-09-26 13:56:09.180369,WO-000491,routine,1,1
XFMR-019628,2024-07-25 13:56:09.180392,WO-000492,routine,4,3
XFMR-019628,2022-09-06 13:56:09.180404,WO-000493,emergency,4,3
XFMR-019628,2021-07-22 13:56:09.180415,WO-000494,routine,4,3
XFMR-006282,2023-03-29 13:56:09.180437,WO-000495,emergency,4,3
XFMR-015143,2022-02-16 13:56:09.180460,WO-000496,routine,2,2
XFMR-008909,2019-03-20 13:56:09.180483,WO-000497,preventive,4,3
XFMR-006551,2018-06-06 13:56:09.180507,WO-000498,preventive,3,3
XFMR-006551,2022-01-09 13:56:09.180519,WO-000499,routine,2,3
XFMR-006551,2017-08-09 13:56:09.180530,WO-000500,routine,3,3
XFMR-014314,2022-04-06 13:56:09.180553,WO-000501,routine,4,5
XFMR-008754,2023-10-01 13:56:09.180576,WO-000502,routine,4,3
XFMR-008754,2021-11-13 13:56:09.180588,WO-000503,routine,3,3
XFMR-016601,2021-05-07 13:56:09.180608,WO-000504,routine,1,2
XFMR-016601,2018-04-30 13:56:09.180619,WO-000505,emergency,2,2
XFMR-016601,2019-01-04 13:56:09.180629,WO-000506,preventive,1,2
XFMR-005801,2019-09-05 13:56:09.180649,WO-000507,routine,4,4
XFMR-005801,2022-02-08 13:56:09.180660,WO-000508,routine,3,4
XFMR-007986,2017-12-27 13:56:09.180680,WO-000509,routine,1,1
XFMR-007986,2023-11-06 13:56:09.180691,WO-000510,preventive,1,1
XFMR-004399,2024-07-23 13:56:09.180711,WO-000511,routine,3,2
XFMR-004399,2017-03-13 13:56:09.180722,WO-000512,routine,1,2
XFMR-004399,2023-10-23 13:56:09.180732,WO-000513,routine,2,2
XFMR-009404,2024-11-10 13:56:09.180757,WO-000514,routine,3,4
XFMR-007415,2022-01-10 13:56:09.180785,WO-000515,routine,4,3
XFMR-018133,2019-04-16 13:56:09.180806,WO-000516,routine,4,3
XFMR-018133,2022-04-03 13:56:09.180817,WO-000517,routine,3,3
XFMR-018133,2020-08-27 13:56:09.180828,WO-000518,routine,4,3
XFMR-020006,2025-02-04 13:56:09.180848,WO-000519,routine,2,2
XFMR-020006,2017-01-17 13:56:09.180859,WO-000520,routine,3,2
XFMR-005866,2020-05-10 13:56:09.180878,WO-000521,preventive,4,3
XFMR-005866,2017-10-15 13:56:09.180889,WO-000522,routine,3,3
XFMR-005866,2020-10-11 13:56:09.180899,WO-000523,routine,3,3
XFMR-011937,2021-10-08 13:56:09.180921,WO-000524,emergency,2,3
XFMR-010558,2017-04-04 13:56:09.180945,WO-000525,routine,5,5
XFMR-003512,2016-06-28 13:56:09.180969,WO-000526,routine,3,2
XFMR-003512,2016-09-09 13:56:09.180982,WO-000527,routine,1,2
XFMR-012278,2020-12-19 13:56:09.181004,WO-000528,routine,4,5
XFMR-012278,2020-08-08 13:56:09.181016,WO-000529,routine,4,5
XFMR-012278,2016-07-11 13:56:09.181027,WO-000530,routine,5,5
XFMR-000035,2019-11-17 13:56:09.181049,WO-000531,preventive,5,5
XFMR-000035,2022-11-10 13:56:09.181061,WO-000532,routine,4,5
XFMR-003024,2024-08-11 13:56:09.181083,WO-000533,routine,4,3
XFMR-008031,2022-12-06 13:56:09.181109,WO-000534,routine,4,5
XFMR-008031,2021-05-31 13:56:09.181121,WO-000535,preventive,4,5
XFMR-000248,2020-06-24 13:56:09.181144,WO-000536,emergency,5,5
XFMR-009898,2017-05-21 13:56:09.181167,WO-000537,routine,2,3
XFMR-009898,2025-04-16 13:56:09.181179,WO-000538,routine,4,3
XFMR-020836,2019-11-12 13:56:09.181201,WO-000539,emergency,2,3
XFMR-020836,2019-04-25 13:56:09.181213,WO-000540,emergency,3,3
XFMR-020836,2018-10-03 13:56:09.181224,WO-000541,preventive,4,3
XFMR-013746,2024-12-02 13:56:09.181246,WO-000542,routine,5,4
XFMR-013746,2018-04-06 13:56:09.181258,WO-000543,routine,5,4
XFMR-013746,2016-12-18 13:56:09.181270,WO-000544,routine,3,4
XFMR-020708,2025-09-01 13:56:09.181292,WO-000545,preventive,2,2
XFMR-020708,2021-12-04 13:56:09.181304,WO-000546,routine,1,2
XFMR-008899,2016-09-17 13:56:09.181327,WO-000547,preventive,3,3
XFMR-008899,2018-05-29 13:56:09.181339,WO-000548,routine,3,3
XFMR-001183,2018-07-12 13:56:09.181360,WO-000549,routine,1,1
XFMR-001183,2016-09-15 13:56:09.181372,WO-000550,routine,1,1
XFMR-007489,2022-05-30 13:56:09.181395,WO-000551,preventive,4,3
XFMR-013978,2024-05-31 13:56:09.181417,WO-000552,routine,3,3
XFMR-013978,2025-01-03 13:56:09.181429,WO-000553,routine,4,3
XFMR-013978,2023-10-06 13:56:09.181441,WO-000554,preventive,2,3
XFMR-010009,2024-04-07 13:56:09.181463,WO-000555,routine,3,2
XFMR-013044,2022-03-07 13:56:09.181488,WO-000556,routine,3,3
XFMR-000912,2018-08-01 13:56:09.181512,WO-000557,preventive,2,3
XFMR-000912,2017-06-21 13:56:09.181524,WO-000558,preventive,2,3
XFMR-015795,2017-08-14 13:56:09.181547,WO-000559,preventive,2,2
XFMR-015795,2019-08-21 13:56:09.181559,WO-000560,routine,3,2
XFMR-020631,2016-12-13 13:56:09.181581,WO-000561,routine,4,4
XFMR-020631,2019-04-03 13:56:09.181593,WO-000562,preventive,5,4
XFMR-017484,2026-01-06 13:56:09.181615,WO-000563,routine,1,1
XFMR-001078,2019-09-29 13:56:09.181637,WO-000564,preventive,3,2
XFMR-001078,2023-06-16 13:56:09.181649,WO-000565,routine,2,2
XFMR-001078,2023-10-23 13:56:09.181661,WO-000566,emergency,1,2
XFMR-003097,2022-06-13 13:56:09.181682,WO-000567,routine,5,5
XFMR-003097,2019-01-18 13:56:09.181694,WO-000568,routine,5,5
XFMR-010195,2021-12-05 13:56:09.181716,WO-000569,preventive,1,2
XFMR-006429,2019-04-13 13:56:09.181739,WO-000570,preventive,4,4
XFMR-017555,2016-12-25 13:56:09.181761,WO-000571,emergency,3,4
XFMR-016628,2025-12-16 13:56:09.181784,WO-000572,routine,2,3
XFMR-016628,2022-04-23 13:56:09.181796,WO-000573,routine,4,3
XFMR-000209,2019-07-16 13:56:09.181818,WO-000574,preventive,2,3
XFMR-000209,2016-05-31 13:56:09.181830,WO-000575,routine,3,3
XFMR-005886,2023-10-29 13:56:09.181852,WO-000576,routine,3,3
XFMR-005886,2020-10-30 13:56:09.181864,WO-000577,routine,4,3
XFMR-005763,2020-05-07 13:56:09.181886,WO-000578,preventive,4,3
XFMR-009560,2022-07-04 13:56:09.181909,WO-000579,routine,3,3
XFMR-009560,2025-04-12 13:56:09.181920,WO-000580,routine,3,3
XFMR-004297,2024-06-03 13:56:09.181948,WO-000581,preventive,2,2
XFMR-004529,2025-11-23 13:56:09.181973,WO-000582,routine,3,3
XFMR-004529,2023-09-07 13:56:09.181985,WO-000583,routine,4,3
XFMR-012752,2023-06-05 13:56:09.182007,WO-000584,preventive,1,2
XFMR-012752,2018-03-12 13:56:09.182019,WO-000585,emergency,2,2
XFMR-012752,2019-05-01 13:56:09.182031,WO-000586,routine,2,2
XFMR-018566,2025-10-06 13:56:09.182053,WO-000587,routine,3,2
XFMR-018566,2024-10-03 13:56:09.182065,WO-000588,routine,2,2
XFMR-011943,2016-08-08 13:56:09.182087,WO-000589,preventive,2,2
XFMR-011943,2024-06-01 13:56:09.182099,WO-000590,routine,1,2
XFMR-020609,2018-10-26 13:56:09.182121,WO-000591,routine,3,2
XFMR-020609,2019-09-29 13:56:09.182133,WO-000592,routine,3,2
XFMR-020609,2018-12-15 13:56:09.182145,WO-000593,routine,2,2
XFMR-004922,2021-06-19 13:56:09.182168,WO-000594,emergency,3,3
XFMR-008863,2021-02-02 13:56:09.182192,WO-000595,emergency,1,1
XFMR-015978,2024-03-22 13:56:09.182215,WO-000596,preventive,4,3
XFMR-019240,2018-02-24 13:56:09.182238,WO-000597,preventive,3,2
XFMR-019240,2026-01-29 13:56:09.182251,WO-000598,routine,1,2
XFMR-017760,2017-04-10 13:56:09.182273,WO-000599,routine,4,4
XFMR-017760,2018-11-18 13:56:09.182285,WO-000600,routine,3,4
XFMR-014581,2021-10-13 13:56:09.182307,WO-000601,routine,5,4
XFMR-011359,2017-01-08 13:56:09.182330,WO-000602,preventive,3,2
XFMR-011359,2020-06-03 13:56:09.182342,WO-000603,routine,3,2
XFMR-011359,2019-03-18 13:56:09.182353,WO-000604,routine,1,2
XFMR-019428,2023-05-11 13:56:09.182376,WO-000605,emergency,2,3
XFMR-019428,2022-10-05 13:56:09.182388,WO-000606,routine,2,3
XFMR-019428,2023-08-20 13:56:09.182399,WO-000607,routine,4,3
XFMR-008961,2023-07-17 13:56:09.182421,WO-000608,routine,5,4
XFMR-008961,2016-09-12 13:56:09.182434,WO-000609,routine,4,4
XFMR-008961,2022-05-01 13:56:09.182445,WO-000610,routine,4,4
XFMR-013810,2018-06-24 13:56:09.182467,WO-000611,routine,3,2
XFMR-013810,2018-02-06 13:56:09.182479,WO-000612,routine,1,2
XFMR-011681,2021-05-31 13:56:09.182501,WO-000613,preventive,3,3
XFMR-011681,2023-12-17 13:56:09.182514,WO-000614,preventive,3,3
XFMR-011681,2020-10-18 13:56:09.182525,WO-000615,emergency,4,3
XFMR-021069,2021-10-25 13:56:09.182547,WO-000616,routine,4,3
XFMR-021069,2020-10-16 13:56:09.182559,WO-000617,preventive,4,3
XFMR-021069,2020-03-22 13:56:09.182570,WO-000618,routine,3,3
XFMR-003234,2023-06-12 13:56:09.182592,WO-000619,routine,4,4
XFMR-003234,2017-10-25 13:56:09.182604,WO-000620,preventive,4,4
XFMR-003234,2021-11-08 13:56:09.182614,WO-000621,preventive,3,4
XFMR-009899,2022-05-06 13:56:09.182634,WO-000622,routine,3,3
XFMR-009899,2023-05-16 13:56:09.182645,WO-000623,routine,3,3
XFMR-009899,2016-07-20 13:56:09.182655,WO-000624,routine,2,3
XFMR-020891,2025-07-27 13:56:09.182675,WO-000625,routine,1,1
XFMR-016788,2017-06-25 13:56:09.182695,WO-000626,routine,3,3
XFMR-002951,2022-02-01 13:56:09.182721,WO-000627,preventive,3,4
XFMR-002951,2018-02-13 13:56:09.182736,WO-000628,emergency,4,4
XFMR-002951,2017-10-26 13:56:09.182748,WO-000629,routine,5,4
XFMR-012385,2025-08-02 13:56:09.182768,WO-000630,routine,4,3
XFMR-012385,2022-06-10 13:56:09.182779,WO-000631,routine,2,3
XFMR-008014,2020-01-22 13:56:09.182805,WO-000632,routine,3,4
XFMR-008014,2020-01-31 13:56:09.182817,WO-000633,emergency,5,4
XFMR-005812,2020-07-05 13:56:09.182839,WO-000634,routine,4,4
XFMR-002142,2018-02-02 13:56:09.182862,WO-000635,routine,4,4
XFMR-010580,2020-06-13 13:56:09.182884,WO-000636,routine,2,2
XFMR-010580,2020-05-06 13:56:09.182896,WO-000637,routine,1,2
XFMR-002013,2016-12-26 13:56:09.182918,WO-000638,routine,5,5
XFMR-002013,2019-10-14 13:56:09.182930,WO-000639,emergency,5,5
XFMR-002013,2021-12-14 13:56:09.182941,WO-000640,routine,5,5
XFMR-021082,2023-10-21 13:56:09.182963,WO-000641,routine,2,3
XFMR-011428,2022-03-05 13:56:09.182985,WO-000642,routine,2,3
XFMR-002468,2017-09-24 13:56:09.183012,WO-000643,routine,2,1
XFMR-004203,2019-08-20 13:56:09.183035,WO-000644,preventive,1,1
XFMR-004203,2016-07-04 13:56:09.183047,WO-000645,routine,2,1
XFMR-004203,2022-09-03 13:56:09.183058,WO-000646,routine,1,1
XFMR-018165,2017-12-15 13:56:09.183081,WO-000647,routine,2,1
XFMR-018165,2021-07-09 13:56:09.183093,WO-000648,preventive,2,1
XFMR-011375,2021-01-04 13:56:09.183115,WO-000649,preventive,4,3
XFMR-000342,2022-10-08 13:56:09.183138,WO-000650,routine,4,5
XFMR-000342,2017-08-07 13:56:09.183150,WO-000651,routine,4,5
XFMR-000342,2018-12-02 13:56:09.183161,WO-000652,emergency,5,5
XFMR-014002,2025-08-07 13:56:09.183183,WO-000653,routine,3,3
XFMR-014002,2022-01-27 13:56:09.183195,WO-000654,routine,2,3
XFMR-007733,2017-04-13 13:56:09.183217,WO-000655,routine,1,1
XFMR-007733,2016-10-25 13:56:09.183229,WO-000656,routine,2,1
XFMR-007733,2021-12-06 13:56:09.183240,WO-000657,emergency,1,1
XFMR-014463,2019-08-17 13:56:09.183263,WO-000658,routine,3,2
XFMR-003795,2020-06-03 13:56:09.183286,WO-000659,routine,2,1
XFMR-000211,2018-03-26 13:56:09.183311,WO-000660,routine,5,4
XFMR-000424,2017-01-30 13:56:09.183334,WO-000661,routine,4,3
XFMR-000424,2020-05-30 13:56:09.183346,WO-000662,emergency,2,3
XFMR-009653,2023-09-23 13:56:09.183368,WO-000663,routine,3,2
XFMR-009653,2022-04-30 13:56:09.183380,WO-000664,routine,2,2
XFMR-009653,2023-05-28 13:56:09.183391,WO-000665,routine,1,2
XFMR-016408,2018-07-24 13:56:09.183414,WO-000666,routine,3,3
XFMR-003342,2019-03-10 13:56:09.183437,WO-000667,preventive,3,3
XFMR-003342,2024-06-03 13:56:09.183449,WO-000668,routine,2,3
XFMR-016582,2024-07-28 13:56:09.183471,WO-000669,preventive,2,2
XFMR-016582,2022-08-23 13:56:09.183483,WO-000670,routine,3,2
XFMR-011293,2022-02-12 13:56:09.183505,WO-000671,preventive,3,4
XFMR-015072,2023-08-05 13:56:09.183528,WO-000672,routine,4,5
XFMR-015072,2017-12-01 13:56:09.183540,WO-000673,routine,4,5
XFMR-020301,2023-09-20 13:56:09.183564,WO-000674,preventive,5,5
XFMR-020301,2016-05-16 13:56:09.183576,WO-000675,emergency,5,5
XFMR-001596,2022-02-21 13:56:09.183598,WO-000676,routine,1,2
XFMR-005419,2017-08-24 13:56:09.183619,WO-000677,emergency,4,4
XFMR-005419,2020-11-29 13:56:09.183630,WO-000678,routine,3,4
XFMR-010027,2024-09-23 13:56:09.183654,WO-000679,preventive,2,3
XFMR-010027,2022-05-18 13:56:09.183667,WO-000680,routine,3,3
XFMR-015869,2020-11-04 13:56:09.183689,WO-000681,preventive,3,3
XFMR-015869,2024-07-24 13:56:09.183701,WO-000682,routine,4,3
XFMR-015869,2022-02-27 13:56:09.183712,WO-000683,preventive,4,3
XFMR-003044,2020-10-23 13:56:09.183736,WO-000684,routine,3,2
XFMR-003044,2025-11-03 13:56:09.183748,WO-000685,routine,2,2
XFMR-003044,2025-02-23 13:56:09.183760,WO-000686,routine,2,2
XFMR-006742,2017-06-08 13:56:09.183785,WO-000687,routine,4,3
XFMR-006742,2022-07-27 13:56:09.183797,WO-000688,routine,3,3
XFMR-006742,2021-04-20 13:56:09.183808,WO-000689,routine,3,3
XFMR-001262,2019-04-22 13:56:09.183831,WO-000690,emergency,2,3
XFMR-001262,2017-08-21 13:56:09.183843,WO-000691,routine,2,3
XFMR-013617,2024-03-11 13:56:09.183865,WO-000692,emergency,1,1
XFMR-016207,2023-03-04 13:56:09.183888,WO-000693,routine,2,3
XFMR-016207,2021-11-19 13:56:09.183900,WO-000694,routine,3,3
XFMR-016207,2017-08-09 13:56:09.183911,WO-000695,routine,3,3
XFMR-010347,2023-10-13 13:56:09.183933,WO-000696,preventive,4,4
XFMR-018853,2018-03-12 13:56:09.183956,WO-000697,routine,2,1
XFMR-018853,2024-01-14 13:56:09.183968,WO-000698,preventive,1,1
XFMR-018853,2017-05-18 13:56:09.183979,WO-000699,preventive,2,1
XFMR-010463,2020-06-02 13:56:09.184002,WO-000700,routine,3,3
XFMR-010463,2023-05-04 13:56:09.184014,WO-000701,routine,3,3
XFMR-004565,2019-10-25 13:56:09.184036,WO-000702,routine,2,3
XFMR-009040,2021-05-28 13:56:09.184059,WO-000703,routine,4,4
XFMR-009040,2026-01-25 13:56:09.184071,WO-000704,routine,5,4
XFMR-009040,2019-10-30 13:56:09.184083,WO-000705,routine,3,4
XFMR-003579,2019-12-10 13:56:09.184105,WO-000706,routine,3,2
XFMR-001979,2020-08-30 13:56:09.184128,WO-000707,routine,5,4
XFMR-001979,2019-09-04 13:56:09.184140,WO-000708,routine,3,4
XFMR-001979,2023-05-09 13:56:09.184151,WO-000709,preventive,5,4
XFMR-011439,2018-06-04 13:56:09.184173,WO-000710,routine,3,3
XFMR-011439,2020-04-25 13:56:09.184185,WO-000711,routine,2,3
XFMR-012713,2021-04-18 13:56:09.184207,WO-000712,routine,2,2
XFMR-012713,2021-01-08 13:56:09.184219,WO-000713,routine,2,2
XFMR-011072,2016-03-29 13:56:09.184242,WO-000714,preventive,2,3
XFMR-011072,2024-01-08 13:56:09.184254,WO-000715,routine,4,3
XFMR-011072,2022-02-28 13:56:09.184265,WO-000716,routine,3,3
XFMR-001475,2022-03-25 13:56:09.184287,WO-000717,routine,4,3
XFMR-001475,2023-10-27 13:56:09.184301,WO-000718,routine,2,3
XFMR-010528,2019-06-26 13:56:09.184324,WO-000719,routine,1,2
XFMR-010528,2017-10-24 13:56:09.184336,WO-000720,routine,3,2
XFMR-010528,2020-07-21 13:56:09.184348,WO-000721,routine,2,2
XFMR-019036,2025-08-09 13:56:09.184370,WO-000722,preventive,4,4
XFMR-019036,2016-12-10 13:56:09.184383,WO-000723,routine,5,4
XFMR-000370,2025-11-13 13:56:09.184405,WO-000724,routine,3,4
XFMR-000370,2024-05-26 13:56:09.184417,WO-000725,routine,4,4
XFMR-000370,2017-08-27 13:56:09.184428,WO-000726,routine,4,4
XFMR-002938,2023-07-26 13:56:09.184450,WO-000727,routine,3,2
XFMR-010858,2018-11-21 13:56:09.184473,WO-000728,routine,2,3
XFMR-011425,2022-03-05 13:56:09.184496,WO-000729,routine,1,2
XFMR-011425,2016-06-22 13:56:09.184507,WO-000730,routine,3,2
XFMR-019398,2021-11-03 13:56:09.184529,WO-000731,routine,3,3
XFMR-019398,2017-10-13 13:56:09.184541,WO-000732,emergency,3,3
XFMR-019398,2021-03-01 13:56:09.184553,WO-000733,routine,4,3
XFMR-007279,2019-08-31 13:56:09.184575,WO-000734,preventive,2,3
XFMR-007279,2022-11-18 13:56:09.184587,WO-000735,routine,3,3
XFMR-013099,2025-07-16 13:56:09.184609,WO-000736,routine,1,2
XFMR-013099,2024-10-27 13:56:09.184621,WO-000737,routine,2,2
XFMR-003506,2024-11-23 13:56:09.184643,WO-000738,routine,3,2
XFMR-003506,2024-07-18 13:56:09.184654,WO-000739,routine,2,2
XFMR-012816,2023-06-30 13:56:09.184676,WO-000740,preventive,1,2
XFMR-020578,2022-04-01 13:56:09.184699,WO-000741,routine,1,2
XFMR-015216,2016-08-25 13:56:09.184721,WO-000742,preventive,2,2
XFMR-001428,2021-03-16 13:56:09.184744,WO-000743,routine,3,4
XFMR-001428,2023-11-21 13:56:09.184756,WO-000744,routine,5,4
XFMR-001428,2016-09-21 13:56:09.184767,WO-000745,routine,5,4
XFMR-017864,2017-03-01 13:56:09.184787,WO-000746,emergency,1,2
XFMR-017864,2016-11-10 13:56:09.184798,WO-000747,routine,3,2
XFMR-017864,2020-04-23 13:56:09.184808,WO-000748,routine,1,2
XFMR-000844,2021-05-01 13:56:09.184828,WO-000749,emergency,4,4
XFMR-000844,2024-09-15 13:56:09.184839,WO-000750,routine,5,4
XFMR-000844,2023-03-26 13:56:09.184849,WO-000751,preventive,3,4
XFMR-012182,2022-05-22 13:56:09.184871,WO-000752,routine,3,4
XFMR-012182,2024-03-25 13:56:09.184882,WO-000753,routine,3,4
XFMR-012182,2022-12-31 13:56:09.184892,WO-000754,routine,4,4
XFMR-020770,2021-08-09 13:56:09.184912,WO-000755,routine,1,2
XFMR-020770,2024-12-24 13:56:09.184926,WO-000756,routine,2,2
XFMR-009594,2017-04-21 13:56:09.184953,WO-000757,routine,5,4
XFMR-009594,2020-12-01 13:56:09.184966,WO-000758,routine,5,4
XFMR-009594,2021-08-04 13:56:09.184977,WO-000759,routine,5,4
XFMR-018854,2019-08-23 13:56:09.184999,WO-000760,routine,3,3
XFMR-018854,2025-04-28 13:56:09.185012,WO-000761,routine,3,3
XFMR-002999,2016-06-24 13:56:09.185035,WO-000762,routine,3,2
XFMR-015814,2021-03-28 13:56:09.185058,WO-000763,emergency,4,4
XFMR-015814,2020-07-26 13:56:09.185070,WO-000764,routine,5,4
XFMR-015814,2024-08-20 13:56:09.185081,WO-000765,routine,4,4
XFMR-016796,2016-03-18 13:56:09.185104,WO-000766,routine,3,2
XFMR-016796,2019-08-30 13:56:09.185116,WO-000767,preventive,1,2
XFMR-013144,2021-02-23 13:56:09.185138,WO-000768,routine,3,2
XFMR-013144,2019-01-28 13:56:09.185150,WO-000769,preventive,2,2
XFMR-013144,2023-07-07 13:56:09.185161,WO-000770,emergency,1,2
XFMR-003618,2016-12-17 13:56:09.185184,WO-000771,preventive,1,2
XFMR-003618,2021-11-05 13:56:09.185196,WO-000772,routine,2,2
XFMR-003618,2025-02-08 13:56:09.185207,WO-000773,routine,2,2
XFMR-001298,2021-07-28 13:56:09.185229,WO-000774,routine,1,1
XFMR-007946,2020-02-12 13:56:09.185252,WO-000775,preventive,1,1
XFMR-007946,2022-06-17 13:56:09.185264,WO-000776,routine,1,1
XFMR-007946,2022-10-09 13:56:09.185275,WO-000777,routine,1,1
XFMR-020630,2018-06-13 13:56:09.185298,WO-000778,routine,3,4
XFMR-020630,2021-05-01 13:56:09.185310,WO-000779,routine,4,4
XFMR-020630,2023-09-23 13:56:09.185321,WO-000780,routine,5,4
XFMR-010935,2024-03-31 13:56:09.185343,WO-000781,routine,1,2
XFMR-010935,2020-09-06 13:56:09.185355,WO-000782,routine,3,2
XFMR-003354,2025-07-08 13:56:09.185377,WO-000783,routine,4,5
XFMR-007568,2017-06-18 13:56:09.185401,WO-000784,routine,1,1
XFMR-007568,2022-09-20 13:56:09.185413,WO-000785,preventive,2,1
XFMR-013497,2019-01-21 13:56:09.185435,WO-000786,emergency,5,5
XFMR-013497,2023-01-23 13:56:09.185447,WO-000787,preventive,5,5
XFMR-015319,2017-12-29 13:56:09.185469,WO-000788,preventive,4,3
XFMR-015319,2017-08-19 13:56:09.185481,WO-000789,routine,3,3
XFMR-011648,2025-08-15 13:56:09.185503,WO-000790,emergency,4,5
XFMR-011648,2020-04-21 13:56:09.185516,WO-000791,emergency,5,5
XFMR-011648,2025-07-29 13:56:09.185527,WO-000792,routine,5,5
XFMR-002406,2020-09-11 13:56:09.185549,WO-000793,routine,2,3
XFMR-002406,2016-09-10 13:56:09.185562,WO-000794,routine,3,3
XFMR-002715,2023-02-04 13:56:09.185583,WO-000795,routine,3,2
XFMR-002715,2025-08-18 13:56:09.185596,WO-000796,routine,2,2
XFMR-002715,2021-03-05 13:56:09.185606,WO-000797,routine,3,2
XFMR-010330,2025-02-11 13:56:09.185626,WO-000798,routine,3,2
XFMR-004270,2016-03-30 13:56:09.185647,WO-000799,routine,4,5
XFMR-004270,2021-11-21 13:56:09.185658,WO-000800,routine,5,5
XFMR-004270,2020-09-18 13:56:09.185668,WO-000801,routine,5,5
XFMR-014668,2021-03-13 13:56:09.185688,WO-000802,routine,3,3
XFMR-014668,2021-02-22 13:56:09.185699,WO-000803,emergency,3,3
XFMR-014668,2017-08-07 13:56:09.185709,WO-000804,routine,2,3
XFMR-016127,2019-06-22 13:56:09.185729,WO-000805,preventive,2,2
XFMR-006600,2019-11-09 13:56:09.185749,WO-000806,routine,1,1
XFMR-008240,2017-02-23 13:56:09.185777,WO-000807,routine,2,1
XFMR-008240,2022-12-09 13:56:09.185788,WO-000808,routine,2,1
XFMR-008240,2022-08-01 13:56:09.185798,WO-000809,preventive,1,1
XFMR-017504,2016-11-01 13:56:09.185817,WO-000810,routine,5,4
XFMR-017284,2016-09-01 13:56:09.185839,WO-000811,preventive,3,3
XFMR-017284,2020-06-15 13:56:09.185850,WO-000812,routine,4,3
XFMR-017284,2022-12-15 13:56:09.185860,WO-000813,routine,4,3
XFMR-001505,2019-07-14 13:56:09.185880,WO-000814,routine,4,5
XFMR-001505,2022-09-16 13:56:09.185891,WO-000815,routine,5,5
XFMR-001505,2016-05-27 13:56:09.185901,WO-000816,preventive,5,5
XFMR-006358,2017-10-30 13:56:09.185921,WO-000817,routine,2,2
XFMR-018938,2024-08-22 13:56:09.185945,WO-000818,routine,2,3
XFMR-018938,2016-12-04 13:56:09.185964,WO-000819,preventive,4,3
XFMR-003979,2019-03-06 13:56:09.185987,WO-000820,routine,3,3
XFMR-003979,2020-06-28 13:56:09.185999,WO-000821,routine,3,3
XFMR-006596,2018-02-28 13:56:09.186021,WO-000822,preventive,5,5
XFMR-006596,2017-10-23 13:56:09.186033,WO-000823,routine,5,5
XFMR-016641,2023-05-04 13:56:09.186058,WO-000824,preventive,2,2
XFMR-016641,2023-06-25 13:56:09.186070,WO-000825,routine,2,2
XFMR-010464,2018-04-29 13:56:09.186095,WO-000826,preventive,2,3
XFMR-016106,2017-06-03 13:56:09.186122,WO-000827,routine,3,2
XFMR-016106,2021-06-18 13:56:09.186134,WO-000828,routine,1,2
XFMR-014268,2018-03-11 13:56:09.186158,WO-000829,routine,4,3
XFMR-003107,2023-12-13 13:56:09.186180,WO-000830,routine,1,1
XFMR-008822,2021-04-10 13:56:09.186200,WO-000831,emergency,5,4
XFMR-008822,2024-03-28 13:56:09.186210,WO-000832,routine,4,4
XFMR-008822,2025-07-07 13:56:09.186220,WO-000833,preventive,3,4
XFMR-001291,2022-03-09 13:56:09.186242,WO-000834,routine,4,3
XFMR-001291,2023-10-14 13:56:09.186252,WO-000835,preventive,4,3
XFMR-019576,2024-07-04 13:56:09.186273,WO-000836,routine,3,3
XFMR-019576,2020-01-25 13:56:09.186286,WO-000837,routine,3,3
XFMR-019576,2016-09-22 13:56:09.186296,WO-000838,preventive,2,3
XFMR-020004,2024-10-04 13:56:09.186316,WO-000839,preventive,3,2
XFMR-020004,2022-08-05 13:56:09.186326,WO-000840,routine,2,2
XFMR-020004,2020-06-13 13:56:09.186336,WO-000841,preventive,2,2
XFMR-005568,2023-05-19 13:56:09.186356,WO-000842,routine,1,2
XFMR-005568,2019-10-18 13:56:09.186367,WO-000843,emergency,1,2
XFMR-005568,2022-12-07 13:56:09.186377,WO-000844,preventive,3,2
XFMR-016791,2020-03-21 13:56:09.186396,WO-000845,preventive,3,2
XFMR-000409,2021-09-16 13:56:09.186417,WO-000846,routine,2,3
XFMR-000409,2024-03-21 13:56:09.186427,WO-000847,routine,2,3
XFMR-000409,2022-09-08 13:56:09.186437,WO-000848,routine,3,3
XFMR-002642,2017-03-24 13:56:09.186457,WO-000849,routine,4,3
XFMR-002642,2022-10-09 13:56:09.186468,WO-000850,emergency,3,3
XFMR-002642,2023-11-19 13:56:09.186477,WO-000851,emergency,2,3
XFMR-009318,2019-07-27 13:56:09.186497,WO-000852,routine,2,3
XFMR-014858,2021-12-25 13:56:09.186517,WO-000853,routine,2,3
XFMR-014858,2017-02-08 13:56:09.186528,WO-000854,routine,3,3
XFMR-009871,2022-03-30 13:56:09.186548,WO-000855,routine,5,4
XFMR-009871,2020-09-22 13:56:09.186558,WO-000856,routine,3,4
XFMR-002387,2018-11-21 13:56:09.186578,WO-000857,routine,4,4
XFMR-002387,2025-10-01 13:56:09.186588,WO-000858,preventive,3,4
XFMR-002387,2019-01-16 13:56:09.186598,WO-000859,routine,3,4
XFMR-009990,2025-09-07 13:56:09.186618,WO-000860,routine,3,3
XFMR-003508,2022-07-13 13:56:09.186638,WO-000861,preventive,4,3
XFMR-003508,2017-01-31 13:56:09.186649,WO-000862,routine,4,3
XFMR-003508,2019-05-19 13:56:09.186659,WO-000863,routine,4,3
XFMR-010116,2018-07-16 13:56:09.186678,WO-000864,routine,2,1
XFMR-007959,2016-07-14 13:56:09.186698,WO-000865,routine,4,4
XFMR-007959,2022-07-25 13:56:09.186709,WO-000866,routine,4,4
XFMR-007959,2017-08-01 13:56:09.186719,WO-000867,routine,5,4
XFMR-009984,2024-08-21 13:56:09.186738,WO-000868,routine,4,5
XFMR-009984,2023-05-05 13:56:09.186749,WO-000869,emergency,4,5
XFMR-001612,2023-11-12 13:56:09.186773,WO-000870,routine,5,5
XFMR-001612,2019-08-24 13:56:09.186784,WO-000871,preventive,5,5
XFMR-020699,2021-05-25 13:56:09.186804,WO-000872,preventive,5,5
XFMR-015422,2017-05-10 13:56:09.186824,WO-000873,routine,4,4
XFMR-015422,2024-10-08 13:56:09.186835,WO-000874,routine,5,4
XFMR-010085,2025-01-12 13:56:09.186854,WO-000875,routine,3,3
XFMR-010085,2022-04-28 13:56:09.186865,WO-000876,routine,4,3
XFMR-010085,2023-08-12 13:56:09.186876,WO-000877,preventive,4,3
XFMR-011893,2020-02-07 13:56:09.186897,WO-000878,routine,3,4
XFMR-021023,2020-12-03 13:56:09.186917,WO-000879,preventive,2,3
XFMR-006162,2016-09-15 13:56:09.186940,WO-000880,preventive,5,5
XFMR-016375,2023-02-15 13:56:09.186969,WO-000881,routine,3,2
XFMR-018316,2019-10-25 13:56:09.186990,WO-000882,preventive,2,3
XFMR-018316,2023-01-30 13:56:09.187005,WO-000883,routine,3,3
XFMR-006919,2016-09-29 13:56:09.187032,WO-000884,preventive,4,3
XFMR-008295,2024-12-04 13:56:09.187061,WO-000885,routine,4,4
XFMR-008295,2025-07-27 13:56:09.187074,WO-000886,routine,4,4
XFMR-008295,2018-06-27 13:56:09.187088,WO-000887,preventive,4,4
XFMR-004875,2023-10-19 13:56:09.187112,WO-000888,preventive,4,5
XFMR-004875,2026-01-04 13:56:09.187126,WO-000889,emergency,4,5
XFMR-004875,2023-02-20 13:56:09.187138,WO-000890,routine,5,5
XFMR-012067,2022-10-26 13:56:09.187160,WO-000891,routine,3,2
XFMR-007871,2024-05-27 13:56:09.187184,WO-000892,routine,3,2
XFMR-007871,2025-08-15 13:56:09.187195,WO-000893,routine,3,2
XFMR-007871,2019-12-02 13:56:09.187205,WO-000894,routine,3,2
XFMR-020981,2024-01-11 13:56:09.187225,WO-000895,routine,4,5
XFMR-003590,2018-05-05 13:56:09.187245,WO-000896,preventive,2,1
XFMR-003590,2018-02-13 13:56:09.187256,WO-000897,routine,1,1
XFMR-003590,2025-11-09 13:56:09.187266,WO-000898,routine,1,1
XFMR-006395,2017-07-17 13:56:09.187288,WO-000899,routine,5,5
XFMR-002175,2021-09-16 13:56:09.187308,WO-000900,emergency,5,4
XFMR-002175,2017-08-27 13:56:09.187320,WO-000901,routine,4,4
XFMR-002175,2019-10-26 13:56:09.187330,WO-000902,routine,5,4
XFMR-002236,2023-08-25 13:56:09.187349,WO-000903,routine,2,2
XFMR-002236,2023-08-03 13:56:09.187360,WO-000904,routine,1,2
XFMR-012417,2019-10-24 13:56:09.187380,WO-000905,routine,4,3
XFMR-012417,2025-02-01 13:56:09.187390,WO-000906,routine,3,3
XFMR-012417,2025-11-09 13:56:09.187400,WO-000907,routine,3,3
XFMR-002268,2019-04-07 13:56:09.187424,WO-000908,routine,2,3
XFMR-002268,2023-08-14 13:56:09.187435,WO-000909,routine,3,3
XFMR-009332,2021-04-06 13:56:09.187455,WO-000910,emergency,3,4
XFMR-009332,2024-03-15 13:56:09.187466,WO-000911,routine,4,4
XFMR-009332,2025-02-28 13:56:09.187475,WO-000912,routine,3,4
XFMR-011308,2016-04-11 13:56:09.187495,WO-000913,emergency,4,4
XFMR-011308,2021-09-12 13:56:09.187506,WO-000914,preventive,5,4
XFMR-013084,2022-05-02 13:56:09.187526,WO-000915,routine,2,2
XFMR-013061,2016-08-06 13:56:09.187546,WO-000916,emergency,3,3
XFMR-018728,2019-04-16 13:56:09.187567,WO-000917,preventive,3,4
XFMR-018728,2023-07-26 13:56:09.187577,WO-000918,routine,3,4
XFMR-018728,2022-10-20 13:56:09.187587,WO-000919,routine,5,4
XFMR-016774,2022-10-09 13:56:09.187607,WO-000920,routine,3,3
XFMR-016774,2019-07-19 13:56:09.187618,WO-000921,preventive,4,3
XFMR-016774,2022-01-29 13:56:09.187630,WO-000922,emergency,4,3
XFMR-019877,2018-04-21 13:56:09.187650,WO-000923,routine,2,2
XFMR-019877,2018-11-01 13:56:09.187661,WO-000924,routine,3,2
XFMR-017996,2020-09-03 13:56:09.187680,WO-000925,routine,4,3
XFMR-009508,2023-09-18 13:56:09.187701,WO-000926,routine,5,4
XFMR-009508,2025-07-04 13:56:09.187712,WO-000927,routine,5,4
XFMR-009508,2016-12-18 13:56:09.187722,WO-000928,routine,3,4
XFMR-009746,2016-03-15 13:56:09.187741,WO-000929,routine,5,4
XFMR-006955,2025-05-26 13:56:09.187769,WO-000930,routine,1,2
XFMR-003036,2023-05-23 13:56:09.187789,WO-000931,routine,2,2
XFMR-012433,2025-04-04 13:56:09.187810,WO-000932,preventive,3,4
XFMR-012433,2025-06-03 13:56:09.187820,WO-000933,routine,5,4
XFMR-010937,2016-08-19 13:56:09.187840,WO-000934,preventive,4,5
XFMR-010937,2025-07-01 13:56:09.187851,WO-000935,routine,4,5
XFMR-010937,2018-01-04 13:56:09.187861,WO-000936,routine,5,5
XFMR-015804,2025-05-04 13:56:09.187880,WO-000937,routine,5,4
XFMR-012551,2018-03-02 13:56:09.187902,WO-000938,routine,3,2
XFMR-012551,2023-01-29 13:56:09.187913,WO-000939,routine,2,2
XFMR-009572,2025-12-26 13:56:09.187935,WO-000940,routine,2,2
XFMR-009572,2025-09-12 13:56:09.187949,WO-000941,routine,3,2
XFMR-002351,2017-12-16 13:56:09.187976,WO-000942,routine,4,3
XFMR-002351,2022-06-29 13:56:09.187988,WO-000943,routine,4,3
XFMR-002351,2019-01-24 13:56:09.188002,WO-000944,emergency,3,3
XFMR-019260,2018-03-30 13:56:09.188029,WO-000945,routine,2,2
XFMR-019260,2024-03-04 13:56:09.188044,WO-000946,preventive,2,2
XFMR-012415,2019-04-30 13:56:09.188071,WO-000947,routine,1,1
XFMR-012415,2022-09-21 13:56:09.188086,WO-000948,routine,2,1
XFMR-007883,2018-12-09 13:56:09.188109,WO-000949,routine,3,4
XFMR-007883,2018-04-07 13:56:09.188124,WO-000950,preventive,3,4
XFMR-001244,2017-04-22 13:56:09.188151,WO-000951,routine,1,2
XFMR-001244,2023-02-10 13:56:09.188166,WO-000952,routine,2,2
XFMR-001244,2026-01-02 13:56:09.188180,WO-000953,routine,2,2
XFMR-020144,2022-10-06 13:56:09.188204,WO-000954,routine,2,3
XFMR-020144,2020-07-18 13:56:09.188214,WO-000955,preventive,4,3
XFMR-020144,2020-09-16 13:56:09.188224,WO-000956,routine,4,3
XFMR-002713,2020-06-10 13:56:09.188244,WO-000957,routine,4,3
XFMR-006715,2023-03-12 13:56:09.188266,WO-000958,routine,4,3
XFMR-013838,2023-02-22 13:56:09.188287,WO-000959,routine,2,2
XFMR-013838,2022-04-12 13:56:09.188297,WO-000960,routine,1,2
XFMR-013838,2024-03-01 13:56:09.188308,WO-000961,routine,1,2
XFMR-003922,2023-03-13 13:56:09.188327,WO-000962,routine,5,4
XFMR-003922,2018-05-17 13:56:09.188338,WO-000963,emergency,4,4
XFMR-014937,2018-04-15 13:56:09.188357,WO-000964,routine,3,4
XFMR-014937,2020-10-28 13:56:09.188368,WO-000965,emergency,3,4
XFMR-010301,2020-12-09 13:56:09.188392,WO-000966,routine,5,4
XFMR-010301,2026-01-16 13:56:09.188402,WO-000967,preventive,5,4
XFMR-021466,2023-12-18 13:56:09.188422,WO-000968,routine,4,4
XFMR-021466,2024-08-24 13:56:09.188433,WO-000969,preventive,5,4
XFMR-010141,2019-09-17 13:56:09.188453,WO-000970,preventive,2,2
XFMR-012934,2022-06-11 13:56:09.188473,WO-000971,routine,1,2
XFMR-011816,2019-04-27 13:56:09.188494,WO-000972,routine,3,2
XFMR-018364,2020-03-27 13:56:09.188514,WO-000973,emergency,4,3
XFMR-018364,2025-11-16 13:56:09.188525,WO-000974,emergency,4,3
XFMR-018364,2024-05-21 13:56:09.188535,WO-000975,routine,3,3
XFMR-013629,2025-06-14 13:56:09.188555,WO-000976,routine,5,5
XFMR-013629,2017-01-14 13:56:09.188566,WO-000977,routine,5,5
XFMR-013629,2021-08-13 13:56:09.188576,WO-000978,emergency,4,5
XFMR-016615,2020-09-14 13:56:09.188595,WO-000979,routine,3,4
XFMR-016615,2023-03-21 13:56:09.188606,WO-000980,routine,4,4
XFMR-020047,2019-09-02 13:56:09.188625,WO-000981,routine,3,4
XFMR-020047,2021-07-01 13:56:09.188636,WO-000982,emergency,3,4
XFMR-005467,2017-07-24 13:56:09.188656,WO-000983,routine,3,2
XFMR-005467,2019-09-27 13:56:09.188666,WO-000984,routine,2,2
XFMR-006804,2020-04-29 13:56:09.188687,WO-000985,routine,2,3
XFMR-006804,2017-01-21 13:56:09.188698,WO-000986,routine,3,3
XFMR-006804,2024-04-03 13:56:09.188708,WO-000987,preventive,3,3
XFMR-002560,2021-01-15 13:56:09.188728,WO-000988,routine,4,3
XFMR-002560,2024-09-28 13:56:09.188738,WO-000989,routine,3,3
XFMR-002560,2023-03-24 13:56:09.188748,WO-000990,routine,4,3
XFMR-020969,2020-02-16 13:56:09.188774,WO-000991,routine,2,3
XFMR-020969,2017-05-20 13:56:09.188784,WO-000992,preventive,4,3
XFMR-012585,2025-08-18 13:56:09.188804,WO-000993,routine,3,2
XFMR-012585,2020-05-20 13:56:09.188815,WO-000994,routine,3,2
XFMR-012215,2019-08-02 13:56:09.188835,WO-000995,routine,3,3
XFMR-012215,2019-04-07 13:56:09.188845,WO-000996,emergency,3,3
XFMR-007049,2016-07-08 13:56:09.188865,WO-000997,routine,1,2
XFMR-007049,2018-04-26 13:56:09.188876,WO-000998,routine,1,2
XFMR-015763,2016-08-24 13:56:09.188895,WO-000999,routine,3,2
XFMR-015763,2022-05-16 13:56:09.188908,WO-001000,emergency,1,2
XFMR-015763,2025-04-01 13:56:09.188918,WO-001001,routine,1,2
XFMR-018469,2024-03-25 13:56:09.188942,WO-001002,routine,5,4
XFMR-018469,2019-08-07 13:56:09.188957,WO-001003,routine,4,4
XFMR-018469,2021-01-08 13:56:09.188968,WO-001004,routine,3,4
XFMR-019392,2022-08-22 13:56:09.188992,WO-001005,routine,1,2
XFMR-019392,2022-08-13 13:56:09.189007,WO-001006,preventive,3,2
XFMR-019392,2017-10-06 13:56:09.189020,WO-001007,routine,2,2
XFMR-008872,2018-06-26 13:56:09.189047,WO-001008,routine,1,1
XFMR-008391,2025-12-26 13:56:09.189075,WO-001009,routine,5,5
XFMR-008391,2023-10-01 13:56:09.189090,WO-001010,preventive,4,5
XFMR-014320,2018-11-03 13:56:09.189115,WO-001011,emergency,3,2
XFMR-014320,2021-12-25 13:56:09.189130,WO-001012,preventive,2,2
XFMR-014320,2020-05-25 13:56:09.189142,WO-001013,routine,1,2
XFMR-016427,2017-01-05 13:56:09.189171,WO-001014,preventive,4,4
XFMR-007656,2020-04-10 13:56:09.189196,WO-001015,preventive,3,2
XFMR-007656,2019-09-16 13:56:09.189207,WO-001016,routine,1,2
XFMR-001216,2020-03-23 13:56:09.189226,WO-001017,routine,5,5
XFMR-001216,2019-07-29 13:56:09.189237,WO-001018,routine,5,5
XFMR-018256,2020-03-02 13:56:09.189259,WO-001019,routine,3,4
XFMR-018256,2017-03-21 13:56:09.189270,WO-001020,routine,3,4
XFMR-018256,2018-04-08 13:56:09.189281,WO-001021,routine,3,4
XFMR-011041,2021-09-10 13:56:09.189302,WO-001022,emergency,3,4
XFMR-016865,2023-12-13 13:56:09.189323,WO-001023,routine,4,3
XFMR-002409,2025-10-09 13:56:09.189344,WO-001024,routine,4,3
XFMR-002409,2017-04-27 13:56:09.189354,WO-001025,routine,4,3
XFMR-010645,2025-06-26 13:56:09.189374,WO-001026,emergency,2,3
XFMR-010645,2021-11-26 13:56:09.189385,WO-001027,preventive,4,3
XFMR-010886,2017-03-12 13:56:09.189404,WO-001028,emergency,5,5
XFMR-007559,2017-01-16 13:56:09.189425,WO-001029,routine,2,3
XFMR-007559,2022-06-13 13:56:09.189435,WO-001030,routine,3,3
XFMR-005149,2016-10-21 13:56:09.189455,WO-001031,routine,3,4
XFMR-005149,2016-09-08 13:56:09.189466,WO-001032,routine,5,4
XFMR-006016,2024-11-22 13:56:09.189485,WO-001033,routine,2,2
XFMR-006016,2017-03-16 13:56:09.189496,WO-001034,preventive,2,2
XFMR-006016,2023-05-09 13:56:09.189505,WO-001035,routine,3,2
XFMR-001064,2021-05-21 13:56:09.189525,WO-001036,routine,3,3
XFMR-001064,2017-09-19 13:56:09.189536,WO-001037,routine,3,3
XFMR-001064,2019-06-12 13:56:09.189545,WO-001038,routine,4,3
XFMR-007200,2024-12-09 13:56:09.189565,WO-001039,preventive,5,5
XFMR-012476,2024-08-24 13:56:09.189585,WO-001040,routine,3,3
XFMR-018184,2024-02-29 13:56:09.189606,WO-001041,routine,3,3
XFMR-018184,2018-06-13 13:56:09.189616,WO-001042,routine,4,3
XFMR-018578,2024-02-13 13:56:09.189636,WO-001043,preventive,3,3
XFMR-000972,2023-03-13 13:56:09.189656,WO-001044,routine,5,5
XFMR-003264,2016-05-04 13:56:09.189677,WO-001045,preventive,2,2
XFMR-003264,2016-07-10 13:56:09.189687,WO-001046,routine,3,2
XFMR-003932,2022-07-09 13:56:09.189707,WO-001047,routine,4,4
XFMR-003932,2019-12-23 13:56:09.189718,WO-001048,routine,3,4
XFMR-013269,2025-07-10 13:56:09.189737,WO-001049,routine,4,4
XFMR-013269,2022-07-08 13:56:09.189748,WO-001050,preventive,5,4
XFMR-019755,2017-08-28 13:56:09.189775,WO-001051,preventive,3,3
XFMR-019755,2018-10-11 13:56:09.189786,WO-001052,routine,4,3
XFMR-019755,2025-12-28 13:56:09.189796,WO-001053,preventive,2,3
XFMR-015258,2022-11-18 13:56:09.189816,WO-001054,routine,3,2
XFMR-015258,2025-06-27 13:56:09.189826,WO-001055,preventive,2,2
XFMR-015258,2019-01-25 13:56:09.189836,WO-001056,preventive,1,2
XFMR-004425,2023-12-25 13:56:09.189856,WO-001057,routine,4,3
XFMR-004425,2017-07-21 13:56:09.189866,WO-001058,emergency,3,3
XFMR-002451,2024-02-23 13:56:09.189886,WO-001059,emergency,4,3
XFMR-002451,2025-12-26 13:56:09.189897,WO-001060,routine,3,3
XFMR-002451,2021-02-02 13:56:09.189907,WO-001061,routine,2,3
XFMR-019619,2022-01-25 13:56:09.189928,WO-001062,routine,3,3
XFMR-019619,2023-07-18 13:56:09.189942,WO-001063,routine,3,3
XFMR-007776,2018-08-17 13:56:09.189968,WO-001064,emergency,2,1
XFMR-007776,2022-08-17 13:56:09.189981,WO-001065,routine,1,1
XFMR-006492,2024-09-12 13:56:09.190010,WO-001066,emergency,4,5
XFMR-006492,2018-03-28 13:56:09.190022,WO-001067,preventive,5,5
XFMR-006492,2018-01-27 13:56:09.190033,WO-001068,preventive,5,5
XFMR-001476,2021-01-26 13:56:09.190058,WO-001069,routine,3,2
XFMR-001476,2025-03-14 13:56:09.190071,WO-001070,routine,3,2
XFMR-003920,2025-10-19 13:56:09.190098,WO-001071,routine,3,2
XFMR-009283,2019-02-28 13:56:09.190122,WO-001072,emergency,2,3
XFMR-005514,2024-06-15 13:56:09.190149,WO-001073,routine,3,3
XFMR-005514,2022-11-18 13:56:09.190165,WO-001074,preventive,3,3
XFMR-005514,2017-10-03 13:56:09.190176,WO-001075,emergency,4,3
XFMR-018058,2022-09-12 13:56:09.190195,WO-001076,preventive,3,3
XFMR-018058,2017-11-10 13:56:09.190206,WO-001077,preventive,4,3
XFMR-008414,2020-05-17 13:56:09.190225,WO-001078,preventive,3,4
XFMR-008414,2019-05-03 13:56:09.190238,WO-001079,emergency,4,4
XFMR-008414,2021-10-05 13:56:09.190248,WO-001080,routine,5,4
XFMR-010510,2025-04-21 13:56:09.190270,WO-001081,routine,3,3
XFMR-010510,2025-09-20 13:56:09.190281,WO-001082,preventive,4,3
XFMR-013975,2018-07-17 13:56:09.190301,WO-001083,routine,3,4
XFMR-013975,2019-02-03 13:56:09.190312,WO-001084,routine,4,4
XFMR-013975,2024-10-15 13:56:09.190322,WO-001085,routine,3,4
XFMR-016526,2026-01-02 13:56:09.190341,WO-001086,preventive,4,3
XFMR-018552,2021-03-27 13:56:09.190362,WO-001087,routine,3,2
XFMR-018552,2023-01-03 13:56:09.190372,WO-001088,routine,1,2
XFMR-018552,2021-03-13 13:56:09.190382,WO-001089,routine,1,2
XFMR-005961,2025-03-01 13:56:09.190402,WO-001090,routine,3,2
XFMR-005961,2024-10-27 13:56:09.190412,WO-001091,routine,1,2
XFMR-016937,2025-04-24 13:56:09.190431,WO-001092,preventive,3,3
XFMR-016937,2021-06-18 13:56:09.190442,WO-001093,routine,4,3
XFMR-012492,2023-10-29 13:56:09.190462,WO-001094,routine,2,3
XFMR-012492,2020-09-16 13:56:09.190472,WO-001095,emergency,3,3
XFMR-012492,2024-05-30 13:56:09.190482,WO-001096,routine,2,3
XFMR-019090,2016-04-15 13:56:09.190502,WO-001097,routine,1,2
XFMR-019090,2017-09-29 13:56:09.190512,WO-001098,emergency,1,2
XFMR-019090,2020-02-02 13:56:09.190522,WO-001099,routine,2,2
XFMR-014153,2025-06-02 13:56:09.190542,WO-001100,routine,1,2
XFMR-014153,2016-12-21 13:56:09.190552,WO-001101,routine,1,2
XFMR-010698,2023-06-17 13:56:09.190572,WO-001102,preventive,4,3
XFMR-016175,2019-07-12 13:56:09.190593,WO-001103,routine,4,5
XFMR-000425,2025-02-10 13:56:09.190613,WO-001104,routine,1,1
XFMR-000425,2025-01-06 13:56:09.190624,WO-001105,routine,1,1
XFMR-000425,2018-12-25 13:56:09.190634,WO-001106,routine,1,1
XFMR-010303,2023-05-27 13:56:09.190653,WO-001107,routine,4,3
XFMR-005853,2022-11-19 13:56:09.190674,WO-001108,routine,3,2
XFMR-005853,2023-09-25 13:56:09.190684,WO-001109,routine,3,2
XFMR-005853,2025-10-13 13:56:09.190694,WO-001110,preventive,2,2
XFMR-002153,2021-08-25 13:56:09.190714,WO-001111,routine,3,3
XFMR-002153,2020-10-19 13:56:09.190724,WO-001112,preventive,3,3
XFMR-002153,2018-03-25 13:56:09.190734,WO-001113,routine,3,3
XFMR-001720,2018-02-09 13:56:09.190753,WO-001114,routine,4,4
XFMR-001720,2020-01-16 13:56:09.190772,WO-001115,routine,3,4
XFMR-008226,2017-06-01 13:56:09.190792,WO-001116,routine,3,3
XFMR-002266,2022-12-20 13:56:09.190812,WO-001117,routine,2,2
XFMR-002266,2016-04-18 13:56:09.190823,WO-001118,preventive,3,2
XFMR-020337,2017-03-10 13:56:09.190842,WO-001119,routine,3,2
XFMR-020337,2021-05-23 13:56:09.190852,WO-001120,routine,3,2
XFMR-012251,2024-05-26 13:56:09.190872,WO-001121,routine,4,3
XFMR-012251,2025-08-25 13:56:09.190883,WO-001122,routine,4,3
XFMR-012251,2019-12-28 13:56:09.190893,WO-001123,routine,3,3
XFMR-001816,2016-12-05 13:56:09.190912,WO-001124,emergency,3,3
XFMR-004220,2024-08-15 13:56:09.190935,WO-001125,emergency,4,4
XFMR-005655,2020-09-02 13:56:09.190963,WO-001126,routine,1,2
XFMR-005655,2017-12-05 13:56:09.190975,WO-001127,preventive,1,2
XFMR-005655,2022-10-30 13:56:09.190989,WO-001128,routine,2,2
XFMR-013555,2020-05-07 13:56:09.191015,WO-001129,routine,5,4
XFMR-013555,2024-12-14 13:56:09.191026,WO-001130,emergency,3,4
XFMR-013555,2018-04-18 13:56:09.191038,WO-001131,emergency,3,4
XFMR-019571,2019-03-29 13:56:09.191065,WO-001132,preventive,3,3
XFMR-004016,2017-05-02 13:56:09.191092,WO-001133,routine,3,3
XFMR-004016,2022-03-19 13:56:09.191104,WO-001134,routine,4,3
XFMR-014149,2019-06-29 13:56:09.191132,WO-001135,routine,3,2
XFMR-014149,2022-05-23 13:56:09.191145,WO-001136,routine,3,2
XFMR-008089,2019-09-26 13:56:09.191167,WO-001137,routine,4,3
XFMR-014340,2019-06-29 13:56:09.191190,WO-001138,routine,3,2
XFMR-014489,2024-09-27 13:56:09.191212,WO-001139,routine,3,2
XFMR-014489,2023-08-14 13:56:09.191223,WO-001140,preventive,2,2
XFMR-015183,2023-09-03 13:56:09.191244,WO-001141,routine,3,3
XFMR-003951,2016-09-07 13:56:09.191265,WO-001142,routine,2,3
XFMR-003951,2023-08-13 13:56:09.191277,WO-001143,preventive,2,3
XFMR-001641,2017-05-21 13:56:09.191298,WO-001144,preventive,2,2
XFMR-005166,2020-11-20 13:56:09.191326,WO-001145,preventive,5,5
XFMR-000345,2025-11-24 13:56:09.191348,WO-001146,routine,2,3
XFMR-000345,2021-01-24 13:56:09.191359,WO-001147,emergency,4,3
XFMR-000345,2025-10-20 13:56:09.191369,WO-001148,routine,2,3
XFMR-005517,2022-05-01 13:56:09.191389,WO-001149,routine,3,3
XFMR-001504,2025-05-19 13:56:09.191409,WO-001150,routine,3,4
XFMR-009199,2025-04-24 13:56:09.191429,WO-001151,emergency,5,5
XFMR-009199,2019-06-20 13:56:09.191440,WO-001152,preventive,5,5
XFMR-009199,2019-08-29 13:56:09.191450,WO-001153,routine,5,5
XFMR-011265,2018-07-10 13:56:09.191469,WO-001154,routine,1,1
XFMR-011265,2020-07-08 13:56:09.191480,WO-001155,routine,1,1
XFMR-001289,2019-03-09 13:56:09.191499,WO-001156,routine,3,2
XFMR-001289,2025-08-04 13:56:09.191510,WO-001157,preventive,1,2
XFMR-015181,2020-03-28 13:56:09.191530,WO-001158,routine,1,1
XFMR-015181,2020-07-21 13:56:09.191540,WO-001159,preventive,2,1
XFMR-015181,2020-04-29 13:56:09.191550,WO-001160,emergency,1,1
XFMR-012760,2019-05-21 13:56:09.191569,WO-001161,preventive,4,3
XFMR-012760,2021-06-19 13:56:09.191580,WO-001162,preventive,2,3
XFMR-004510,2020-05-11 13:56:09.191599,WO-001163,routine,3,4
XFMR-018494,2016-07-17 13:56:09.191619,WO-001164,routine,5,5
XFMR-018494,2020-12-20 13:56:09.191630,WO-001165,routine,5,5
XFMR-012491,2023-01-22 13:56:09.191649,WO-001166,routine,4,4
XFMR-012491,2024-10-13 13:56:09.191660,WO-001167,preventive,5,4
XFMR-012491,2019-06-24 13:56:09.191669,WO-001168,routine,3,4
XFMR-019723,2021-05-24 13:56:09.191689,WO-001169,routine,2,3
XFMR-019723,2024-08-16 13:56:09.191700,WO-001170,routine,4,3
XFMR-000736,2016-10-23 13:56:09.191719,WO-001171,emergency,2,3
XFMR-000736,2025-05-22 13:56:09.191730,WO-001172,routine,3,3
XFMR-014752,2022-11-06 13:56:09.191750,WO-001173,emergency,5,4
XFMR-015360,2022-07-05 13:56:09.191778,WO-001174,routine,3,3
XFMR-015360,2021-08-22 13:56:09.191788,WO-001175,preventive,4,3
XFMR-015360,2018-12-04 13:56:09.191798,WO-001176,routine,2,3
XFMR-006068,2018-06-09 13:56:09.191818,WO-001177,routine,4,5
XFMR-006068,2024-12-31 13:56:09.191828,WO-001178,routine,5,5
XFMR-006068,2017-11-21 13:56:09.191838,WO-001179,routine,4,5
XFMR-014551,2021-10-05 13:56:09.191858,WO-001180,emergency,4,3
XFMR-014551,2025-08-26 13:56:09.191869,WO-001181,routine,2,3
XFMR-014551,2016-04-22 13:56:09.191879,WO-001182,routine,4,3
XFMR-012012,2021-08-24 13:56:09.191898,WO-001183,routine,1,2
XFMR-005200,2023-12-11 13:56:09.191920,WO-001184,routine,3,4
XFMR-005200,2025-09-25 13:56:09.191932,WO-001185,routine,5,4
XFMR-005200,2021-12-26 13:56:09.191945,WO-001186,preventive,5,4
XFMR-013236,2018-06-16 13:56:09.191969,WO-001187,routine,4,4
XFMR-013236,2022-06-25 13:56:09.191983,WO-001188,preventive,5,4
XFMR-013236,2018-11-16 13:56:09.191997,WO-001189,emergency,5,4
XFMR-008234,2025-01-23 13:56:09.192021,WO-001190,routine,1,2
XFMR-011891,2020-04-12 13:56:09.192045,WO-001191,routine,2,2
XFMR-012999,2023-12-10 13:56:09.192073,WO-001192,preventive,4,3
XFMR-012999,2025-06-19 13:56:09.192087,WO-001193,preventive,4,3
XFMR-013817,2025-05-25 13:56:09.192116,WO-001194,preventive,4,3
XFMR-013817,2022-10-17 13:56:09.192129,WO-001195,routine,3,3
XFMR-003287,2025-01-02 13:56:09.192156,WO-001196,preventive,1,1
XFMR-003287,2018-03-03 13:56:09.192170,WO-001197,routine,2,1
XFMR-010156,2025-12-30 13:56:09.192189,WO-001198,emergency,5,4
XFMR-010156,2025-05-10 13:56:09.192200,WO-001199,routine,3,4
XFMR-019031,2023-03-05 13:56:09.192219,WO-001200,emergency,5,5
XFMR-019031,2022-04-15 13:56:09.192230,WO-001201,preventive,5,5
XFMR-006704,2018-09-28 13:56:09.192251,WO-001202,preventive,3,2
XFMR-002151,2022-02-16 13:56:09.192273,WO-001203,routine,3,3
XFMR-009772,2019-03-14 13:56:09.192295,WO-001204,preventive,2,3
XFMR-005571,2021-06-29 13:56:09.192316,WO-001205,routine,4,5
XFMR-005571,2019-01-28 13:56:09.192327,WO-001206,preventive,4,5
XFMR-005571,2021-07-05 13:56:09.192336,WO-001207,preventive,5,5
XFMR-021358,2024-10-31 13:56:09.192356,WO-001208,preventive,3,4
XFMR-021358,2024-04-07 13:56:09.192367,WO-001209,routine,5,4
XFMR-019150,2021-08-24 13:56:09.192386,WO-001210,routine,3,4
XFMR-002831,2022-05-21 13:56:09.192407,WO-001211,routine,2,2
XFMR-012388,2018-10-28 13:56:09.192427,WO-001212,routine,3,2
XFMR-012388,2025-01-04 13:56:09.192437,WO-001213,routine,2,2
XFMR-005422,2023-06-10 13:56:09.192457,WO-001214,preventive,1,2
XFMR-005422,2017-06-13 13:56:09.192467,WO-001215,routine,1,2
XFMR-015794,2025-11-23 13:56:09.192486,WO-001216,routine,5,5
XFMR-015794,2022-08-13 13:56:09.192498,WO-001217,routine,5,5
XFMR-015794,2019-03-30 13:56:09.192509,WO-001218,emergency,4,5
XFMR-018135,2025-07-30 13:56:09.192533,WO-001219,preventive,2,3
XFMR-018135,2018-01-01 13:56:09.192544,WO-001220,routine,3,3
XFMR-018135,2019-01-18 13:56:09.192554,WO-001221,routine,4,3
XFMR-007388,2022-05-31 13:56:09.192575,WO-001222,routine,5,5
XFMR-007388,2016-03-21 13:56:09.192590,WO-001223,routine,5,5
XFMR-007922,2020-08-26 13:56:09.192615,WO-001224,routine,4,3
XFMR-007922,2022-05-05 13:56:09.192630,WO-001225,routine,2,3
XFMR-007922,2016-05-05 13:56:09.192642,WO-001226,routine,3,3
XFMR-002684,2018-10-28 13:56:09.192667,WO-001227,preventive,5,4
XFMR-019736,2016-07-27 13:56:09.192692,WO-001228,preventive,3,3
XFMR-008137,2020-05-09 13:56:09.192714,WO-001229,routine,3,2
XFMR-008137,2020-10-23 13:56:09.192726,WO-001230,routine,3,2
XFMR-020972,2019-02-06 13:56:09.192748,WO-001231,preventive,2,2
XFMR-012315,2018-02-27 13:56:09.192771,WO-001232,routine,3,4
XFMR-012315,2022-05-02 13:56:09.192782,WO-001233,routine,4,4
XFMR-012315,2023-12-25 13:56:09.192794,WO-001234,routine,4,4
XFMR-013906,2024-11-01 13:56:09.192815,WO-001235,routine,4,4
XFMR-013906,2025-08-28 13:56:09.192827,WO-001236,preventive,3,4
XFMR-013906,2023-07-09 13:56:09.192838,WO-001237,routine,5,4
XFMR-004280,2024-11-28 13:56:09.192861,WO-001238,routine,3,2
XFMR-004280,2019-01-01 13:56:09.192875,WO-001239,routine,2,2
XFMR-013348,2022-06-30 13:56:09.192897,WO-001240,routine,4,3
XFMR-013348,2020-12-03 13:56:09.192909,WO-001241,emergency,3,3
XFMR-013348,2023-07-07 13:56:09.192920,WO-001242,routine,2,3
XFMR-019887,2025-05-30 13:56:09.192942,WO-001243,routine,4,3
XFMR-019887,2018-01-29 13:56:09.192954,WO-001244,routine,4,3
XFMR-019887,2018-02-06 13:56:09.192967,WO-001245,preventive,2,3
XFMR-006649,2018-03-26 13:56:09.192994,WO-001246,routine,2,3
XFMR-006649,2023-05-14 13:56:09.193007,WO-001247,routine,3,3
XFMR-015519,2021-10-25 13:56:09.193029,WO-001248,routine,3,2
XFMR-015519,2019-04-03 13:56:09.193040,WO-001249,routine,3,2
XFMR-021029,2022-04-12 13:56:09.193062,WO-001250,routine,3,2
XFMR-021029,2025-07-08 13:56:09.193074,WO-001251,routine,3,2
XFMR-021029,2017-10-07 13:56:09.193085,WO-001252,preventive,1,2
XFMR-021113,2020-12-13 13:56:09.193112,WO-001253,routine,5,5
XFMR-021113,2018-05-11 13:56:09.193145,WO-001254,routine,5,5
XFMR-021113,2024-01-11 13:56:09.193163,WO-001255,routine,4,5
XFMR-009153,2021-12-12 13:56:09.193199,WO-001256,routine,1,2
XFMR-009153,2022-12-18 13:56:09.193216,WO-001257,routine,2,2
XFMR-019905,2019-02-03 13:56:09.193252,WO-001258,routine,2,3
XFMR-019905,2025-09-07 13:56:09.193268,WO-001259,routine,2,3
XFMR-019905,2018-04-04 13:56:09.193280,WO-001260,emergency,3,3
XFMR-012187,2021-01-17 13:56:09.193309,WO-001261,routine,2,1
XFMR-012187,2021-10-16 13:56:09.193325,WO-001262,routine,2,1
XFMR-006934,2020-06-01 13:56:09.193355,WO-001263,routine,1,2
XFMR-007173,2025-06-25 13:56:09.193379,WO-001264,routine,3,3
XFMR-007173,2022-10-10 13:56:09.193395,WO-001265,routine,3,3
XFMR-005306,2021-01-17 13:56:09.193423,WO-001266,routine,2,2
XFMR-005306,2016-11-18 13:56:09.193434,WO-001267,preventive,3,2
XFMR-009021,2018-04-08 13:56:09.193455,WO-001268,routine,3,3
XFMR-017756,2025-10-26 13:56:09.193477,WO-001269,routine,3,2
XFMR-017756,2025-09-06 13:56:09.193491,WO-001270,preventive,1,2
XFMR-017756,2022-05-21 13:56:09.193505,WO-001271,routine,3,2
XFMR-009961,2021-01-22 13:56:09.193534,WO-001272,emergency,2,2
XFMR-009961,2024-06-26 13:56:09.193549,WO-001273,routine,2,2
XFMR-008399,2017-12-24 13:56:09.193575,WO-001274,routine,4,4
XFMR-001202,2020-07-08 13:56:09.193599,WO-001275,routine,1,2
XFMR-001202,2017-06-15 13:56:09.193611,WO-001276,routine,2,2
XFMR-001202,2020-09-28 13:56:09.193623,WO-001277,routine,1,2
XFMR-015011,2021-09-15 13:56:09.193644,WO-001278,routine,4,3
XFMR-015011,2023-03-09 13:56:09.193655,WO-001279,routine,3,3
XFMR-018052,2019-08-30 13:56:09.193675,WO-001280,routine,4,3
XFMR-018052,2020-10-23 13:56:09.193686,WO-001281,routine,3,3
XFMR-020115,2024-04-13 13:56:09.193707,WO-001282,routine,5,4
XFMR-020115,2025-11-26 13:56:09.193718,WO-001283,routine,3,4
XFMR-019086,2020-12-26 13:56:09.193738,WO-001284,routine,1,2
XFMR-003469,2017-04-24 13:56:09.193759,WO-001285,routine,3,2
XFMR-002116,2025-04-26 13:56:09.193779,WO-001286,routine,5,4
XFMR-002116,2019-12-15 13:56:09.193790,WO-001287,routine,4,4
XFMR-014050,2017-01-07 13:56:09.193810,WO-001288,routine,3,3
XFMR-014050,2023-11-25 13:56:09.193821,WO-001289,preventive,3,3
XFMR-008605,2025-12-04 13:56:09.193842,WO-001290,routine,3,3
XFMR-008605,2020-02-14 13:56:09.193852,WO-001291,routine,3,3
XFMR-013943,2022-02-06 13:56:09.193873,WO-001292,routine,2,1
XFMR-013943,2016-04-14 13:56:09.193884,WO-001293,routine,1,1
XFMR-000323,2025-12-06 13:56:09.193904,WO-001294,routine,4,3
XFMR-000323,2017-01-31 13:56:09.193915,WO-001295,routine,4,3
XFMR-016945,2023-08-14 13:56:09.193935,WO-001296,routine,1,2
XFMR-011213,2018-10-08 13:56:09.193960,WO-001297,routine,1,2
XFMR-011213,2017-07-19 13:56:09.193972,WO-001298,preventive,1,2
XFMR-013571,2016-09-28 13:56:09.194000,WO-001299,routine,1,2
XFMR-005529,2025-09-23 13:56:09.194024,WO-001300,routine,3,3
XFMR-005529,2024-04-28 13:56:09.194039,WO-001301,preventive,2,3
XFMR-005529,2021-09-04 13:56:09.194062,WO-001302,routine,3,3
XFMR-007463,2017-12-12 13:56:09.194090,WO-001303,routine,4,5
XFMR-003172,2021-07-07 13:56:09.194113,WO-001304,routine,1,2
XFMR-003172,2021-08-19 13:56:09.194125,WO-001305,routine,1,2
XFMR-016958,2022-08-12 13:56:09.194149,WO-001306,preventive,4,5
XFMR-019935,2023-05-18 13:56:09.194176,WO-001307,emergency,1,2
XFMR-019935,2018-12-31 13:56:09.194191,WO-001308,routine,2,2
XFMR-002239,2021-01-17 13:56:09.194219,WO-001309,preventive,2,3
XFMR-002239,2026-01-24 13:56:09.194234,WO-001310,routine,3,3
XFMR-002239,2025-10-04 13:56:09.194244,WO-001311,routine,2,3
XFMR-015885,2024-11-19 13:56:09.194264,WO-001312,routine,5,4
XFMR-015885,2022-05-06 13:56:09.194275,WO-001313,routine,3,4
XFMR-013552,2022-10-14 13:56:09.194295,WO-001314,emergency,4,3
XFMR-013552,2019-06-24 13:56:09.194307,WO-001315,routine,2,3
XFMR-018550,2016-09-26 13:56:09.194328,WO-001316,routine,2,3
XFMR-007874,2025-10-11 13:56:09.194350,WO-001317,routine,5,5
XFMR-015645,2019-07-13 13:56:09.194372,WO-001318,routine,3,3
XFMR-021103,2019-09-06 13:56:09.194392,WO-001319,routine,3,3
XFMR-021103,2017-11-01 13:56:09.194403,WO-001320,routine,4,3
XFMR-005378,2022-05-15 13:56:09.194425,WO-001321,preventive,3,4
XFMR-005378,2022-12-10 13:56:09.194436,WO-001322,routine,3,4
XFMR-000485,2024-12-07 13:56:09.194456,WO-001323,routine,4,3
XFMR-000485,2023-11-01 13:56:09.194467,WO-001324,routine,2,3
XFMR-000485,2024-05-29 13:56:09.194477,WO-001325,routine,3,3
XFMR-019829,2020-09-14 13:56:09.194497,WO-001326,routine,3,3
XFMR-011314,2019-01-27 13:56:09.194518,WO-001327,routine,4,5
XFMR-011314,2019-05-27 13:56:09.194529,WO-001328,routine,5,5
XFMR-020894,2017-01-22 13:56:09.194549,WO-001329,routine,4,5
XFMR-020894,2016-06-03 13:56:09.194561,WO-001330,routine,5,5
XFMR-003003,2016-11-07 13:56:09.194582,WO-001331,routine,2,2
XFMR-003003,2021-08-26 13:56:09.194593,WO-001332,routine,1,2
XFMR-011353,2025-10-31 13:56:09.194613,WO-001333,emergency,5,5
XFMR-020841,2021-03-17 13:56:09.194634,WO-001334,preventive,2,1
XFMR-020841,2024-04-10 13:56:09.194644,WO-001335,routine,2,1
XFMR-019598,2022-11-24 13:56:09.194664,WO-001336,emergency,3,3
XFMR-019598,2023-05-22 13:56:09.194675,WO-001337,routine,3,3
XFMR-019598,2022-10-13 13:56:09.194685,WO-001338,routine,3,3
XFMR-010598,2019-10-29 13:56:09.194705,WO-001339,routine,3,3
XFMR-010598,2016-04-15 13:56:09.194718,WO-001340,preventive,3,3
XFMR-010598,2024-10-01 13:56:09.194728,WO-001341,routine,3,3
XFMR-015677,2025-05-06 13:56:09.194748,WO-001342,routine,4,3
XFMR-015677,2016-10-09 13:56:09.194759,WO-001343,routine,4,3
XFMR-015677,2023-11-10 13:56:09.194776,WO-001344,routine,4,3
XFMR-007271,2017-10-02 13:56:09.194796,WO-001345,preventive,2,2
XFMR-007271,2020-10-05 13:56:09.194807,WO-001346,routine,1,2
XFMR-007271,2020-12-03 13:56:09.194817,WO-001347,routine,1,2
XFMR-009735,2025-09-20 13:56:09.194837,WO-001348,preventive,4,3
XFMR-009735,2020-10-10 13:56:09.194848,WO-001349,preventive,3,3
XFMR-014422,2019-05-23 13:56:09.194867,WO-001350,routine,5,4
XFMR-009712,2021-05-15 13:56:09.194888,WO-001351,routine,3,2
XFMR-009712,2016-05-31 13:56:09.194899,WO-001352,preventive,3,2
XFMR-009712,2016-07-28 13:56:09.194909,WO-001353,routine,3,2
XFMR-001912,2020-06-07 13:56:09.194930,WO-001354,routine,2,2
XFMR-001912,2021-03-11 13:56:09.194942,WO-001355,routine,3,2
XFMR-018582,2017-07-16 13:56:09.194968,WO-001356,routine,3,3
XFMR-016594,2016-08-11 13:56:09.194992,WO-001357,routine,2,3
XFMR-016376,2021-03-17 13:56:09.195020,WO-001358,routine,5,4
XFMR-016376,2023-03-28 13:56:09.195035,WO-001359,routine,3,4
XFMR-016376,2026-01-10 13:56:09.195049,WO-001360,routine,5,4
XFMR-016342,2025-08-26 13:56:09.195077,WO-001361,preventive,3,3
XFMR-013772,2021-06-13 13:56:09.195105,WO-001362,routine,1,2
XFMR-021167,2016-03-31 13:56:09.195133,WO-001363,routine,3,2
XFMR-014330,2020-03-21 13:56:09.195160,WO-001364,routine,2,3
XFMR-014330,2023-03-05 13:56:09.195172,WO-001365,preventive,4,3
XFMR-014330,2024-03-13 13:56:09.195183,WO-001366,routine,3,3
XFMR-020504,2021-08-07 13:56:09.195205,WO-001367,routine,3,3
XFMR-020504,2017-01-27 13:56:09.195217,WO-001368,routine,4,3
XFMR-012210,2021-05-04 13:56:09.195237,WO-001369,routine,3,3
XFMR-011156,2017-05-24 13:56:09.195258,WO-001370,routine,5,4
XFMR-009761,2016-12-03 13:56:09.195284,WO-001371,preventive,4,3
XFMR-009761,2016-09-30 13:56:09.195299,WO-001372,routine,2,3
XFMR-009761,2020-07-29 13:56:09.195313,WO-001373,preventive,4,3
XFMR-013426,2023-09-22 13:56:09.195337,WO-001374,routine,5,5
XFMR-013426,2023-03-08 13:56:09.195348,WO-001375,emergency,4,5
XFMR-004829,2016-12-18 13:56:09.195369,WO-001376,routine,4,5
XFMR-004829,2018-10-31 13:56:09.195380,WO-001377,emergency,4,5
XFMR-004829,2017-01-31 13:56:09.195390,WO-001378,preventive,4,5
XFMR-002519,2017-06-24 13:56:09.195409,WO-001379,preventive,3,2
XFMR-008704,2026-01-22 13:56:09.195430,WO-001380,routine,2,3
XFMR-005916,2019-06-09 13:56:09.195450,WO-001381,routine,1,2
XFMR-002520,2021-10-16 13:56:09.195470,WO-001382,routine,5,5
XFMR-009705,2023-03-11 13:56:09.195491,WO-001383,routine,3,2
XFMR-009705,2018-06-02 13:56:09.195503,WO-001384,routine,3,2
XFMR-006843,2020-05-18 13:56:09.195523,WO-001385,preventive,3,2
XFMR-006843,2017-11-26 13:56:09.195534,WO-001386,routine,2,2
XFMR-006843,2025-12-02 13:56:09.195545,WO-001387,routine,1,2
XFMR-019419,2020-07-12 13:56:09.195566,WO-001388,routine,1,2
XFMR-019419,2025-12-16 13:56:09.195578,WO-001389,routine,1,2
XFMR-019419,2023-02-18 13:56:09.195589,WO-001390,emergency,1,2
XFMR-019843,2020-06-02 13:56:09.195609,WO-001391,routine,4,3
XFMR-017853,2017-08-27 13:56:09.195634,WO-001392,routine,1,2
XFMR-017853,2023-04-22 13:56:09.195647,WO-001393,preventive,3,2
XFMR-006025,2016-03-22 13:56:09.195672,WO-001394,preventive,1,1
XFMR-006025,2019-04-22 13:56:09.195687,WO-001395,routine,2,1
XFMR-015966,2020-09-18 13:56:09.195713,WO-001396,routine,3,3
XFMR-015966,2024-03-03 13:56:09.195724,WO-001397,routine,3,3
XFMR-015966,2017-10-28 13:56:09.195734,WO-001398,routine,4,3
XFMR-004464,2019-11-30 13:56:09.195755,WO-001399,routine,1,1
XFMR-000719,2017-01-29 13:56:09.195780,WO-001400,routine,1,2
XFMR-000719,2019-04-13 13:56:09.195791,WO-001401,routine,2,2
XFMR-019443,2024-12-08 13:56:09.195811,WO-001402,routine,1,2
XFMR-019443,2017-03-12 13:56:09.195822,WO-001403,routine,2,2
XFMR-019443,2024-06-04 13:56:09.195833,WO-001404,routine,2,2
XFMR-017322,2022-12-06 13:56:09.195856,WO-001405,preventive,2,1
XFMR-017322,2022-12-14 13:56:09.195872,WO-001406,preventive,1,1
XFMR-019005,2021-07-25 13:56:09.195895,WO-001407,routine,3,3
XFMR-019005,2023-09-01 13:56:09.195906,WO-001408,routine,4,3
XFMR-019005,2016-10-09 13:56:09.195916,WO-001409,routine,2,3
XFMR-009721,2021-05-17 13:56:09.195936,WO-001410,routine,3,2
XFMR-009721,2023-12-10 13:56:09.195951,WO-001411,routine,2,2
XFMR-020314,2019-09-03 13:56:09.195976,WO-001412,routine,5,5
XFMR-001730,2017-11-23 13:56:09.196000,WO-001413,routine,2,2
XFMR-001730,2025-09-26 13:56:09.196012,WO-001414,routine,3,2
XFMR-001730,2016-08-26 13:56:09.196022,WO-001415,routine,2,2
XFMR-018060,2017-08-11 13:56:09.196042,WO-001416,routine,2,3
XFMR-018060,2024-05-02 13:56:09.196053,WO-001417,preventive,3,3
XFMR-018060,2023-11-24 13:56:09.196063,WO-001418,routine,4,3
XFMR-021535,2016-07-24 13:56:09.196083,WO-001419,routine,1,1
XFMR-021535,2022-03-14 13:56:09.196094,WO-001420,emergency,2,1
XFMR-016842,2016-05-07 13:56:09.196121,WO-001421,routine,3,4
XFMR-016842,2016-12-22 13:56:09.196135,WO-001422,routine,5,4
XFMR-016842,2022-05-01 13:56:09.196149,WO-001423,routine,3,4
XFMR-016848,2018-01-14 13:56:09.196182,WO-001424,preventive,4,3
XFMR-016848,2017-12-06 13:56:09.196194,WO-001425,routine,2,3
XFMR-008104,2017-10-01 13:56:09.196215,WO-001426,preventive,3,2
XFMR-008104,2018-01-23 13:56:09.196226,WO-001427,routine,1,2
XFMR-008104,2018-08-01 13:56:09.196236,WO-001428,routine,2,2
XFMR-004844,2022-12-26 13:56:09.196257,WO-001429,routine,2,1
XFMR-011593,2018-10-23 13:56:09.196277,WO-001430,routine,2,2
XFMR-016017,2020-02-28 13:56:09.196297,WO-001431,routine,5,4
XFMR-016017,2024-08-10 13:56:09.196308,WO-001432,routine,3,4
XFMR-016017,2018-08-11 13:56:09.196325,WO-001433,routine,4,4
XFMR-010512,2025-11-10 13:56:09.196346,WO-001434,routine,5,4
XFMR-010135,2022-05-16 13:56:09.196367,WO-001435,routine,2,3
XFMR-020323,2022-12-04 13:56:09.196389,WO-001436,routine,2,2
XFMR-020323,2025-02-18 13:56:09.196404,WO-001437,routine,1,2
XFMR-020323,2020-12-06 13:56:09.196420,WO-001438,routine,1,2
XFMR-001748,2020-06-06 13:56:09.196445,WO-001439,emergency,3,4
XFMR-001748,2019-05-18 13:56:09.196461,WO-001440,routine,3,4
XFMR-001748,2017-10-20 13:56:09.196472,WO-001441,routine,4,4
XFMR-019481,2025-01-04 13:56:09.196494,WO-001442,routine,1,2
XFMR-019481,2024-08-29 13:56:09.196507,WO-001443,routine,3,2
XFMR-008802,2024-08-02 13:56:09.196534,WO-001444,routine,2,3
XFMR-008802,2023-10-24 13:56:09.196554,WO-001445,preventive,3,3
XFMR-004231,2018-07-29 13:56:09.196580,WO-001446,routine,1,2
XFMR-004231,2018-09-10 13:56:09.196593,WO-001447,routine,2,2
XFMR-008952,2022-01-28 13:56:09.196621,WO-001448,preventive,3,2
XFMR-009048,2018-08-27 13:56:09.196648,WO-001449,routine,4,5
XFMR-009048,2021-02-24 13:56:09.196662,WO-001450,routine,5,5
XFMR-009048,2021-09-28 13:56:09.196673,WO-001451,routine,4,5
XFMR-010874,2023-05-22 13:56:09.196693,WO-001452,preventive,2,2
XFMR-010874,2016-12-21 13:56:09.196704,WO-001453,routine,1,2
XFMR-010874,2024-08-26 13:56:09.196715,WO-001454,emergency,1,2
XFMR-003965,2020-10-03 13:56:09.196735,WO-001455,preventive,2,2
XFMR-003965,2025-08-28 13:56:09.196748,WO-001456,routine,2,2
XFMR-003965,2020-10-14 13:56:09.196758,WO-001457,routine,1,2
XFMR-018949,2025-10-14 13:56:09.196781,WO-001458,routine,3,2
XFMR-018949,2025-01-23 13:56:09.196792,WO-001459,routine,3,2
XFMR-018949,2020-11-01 13:56:09.196802,WO-001460,routine,2,2
XFMR-008338,2017-09-30 13:56:09.196823,WO-001461,routine,3,4
XFMR-012624,2021-02-17 13:56:09.196844,WO-001462,preventive,4,3
XFMR-015238,2022-12-06 13:56:09.196865,WO-001463,routine,5,5
XFMR-015238,2016-09-26 13:56:09.196876,WO-001464,emergency,4,5
XFMR-015238,2022-02-27 13:56:09.196886,WO-001465,routine,4,5
XFMR-006456,2023-05-11 13:56:09.196906,WO-001466,preventive,2,2
XFMR-018808,2025-05-14 13:56:09.196926,WO-001467,preventive,5,4
XFMR-018808,2016-03-07 13:56:09.196939,WO-001468,routine,3,4
XFMR-002618,2016-04-11 13:56:09.196964,WO-001469,routine,1,2
XFMR-002618,2022-08-29 13:56:09.196977,WO-001470,routine,2,2
XFMR-003560,2016-08-05 13:56:09.197001,WO-001471,routine,3,2
XFMR-003560,2016-11-17 13:56:09.197016,WO-001472,routine,3,2
XFMR-003560,2018-04-25 13:56:09.197028,WO-001473,preventive,3,2
XFMR-001714,2022-10-29 13:56:09.197050,WO-001474,routine,3,3
XFMR-016100,2022-10-02 13:56:09.197076,WO-001475,emergency,3,4
XFMR-016100,2019-01-17 13:56:09.197090,WO-001476,routine,5,4
XFMR-010382,2023-07-29 13:56:09.197116,WO-001477,routine,1,2
XFMR-011754,2022-11-07 13:56:09.197143,WO-001478,routine,2,1
XFMR-011754,2020-07-04 13:56:09.197158,WO-001479,routine,2,1
XFMR-008189,2021-06-10 13:56:09.197180,WO-001480,preventive,2,3
XFMR-008189,2018-06-22 13:56:09.197191,WO-001481,routine,3,3
XFMR-015267,2019-04-02 13:56:09.197210,WO-001482,routine,1,1
XFMR-015267,2024-01-29 13:56:09.197221,WO-001483,routine,1,1
XFMR-015267,2022-01-03 13:56:09.197231,WO-001484,routine,2,1
XFMR-002639,2026-01-05 13:56:09.197251,WO-001485,routine,4,5
XFMR-010854,2018-08-03 13:56:09.197273,WO-001486,routine,4,3
XFMR-010854,2016-11-16 13:56:09.197284,WO-001487,routine,3,3
XFMR-010854,2021-07-13 13:56:09.197294,WO-001488,emergency,3,3
XFMR-000134,2022-05-23 13:56:09.197316,WO-001489,emergency,3,3
XFMR-000134,2021-01-07 13:56:09.197327,WO-001490,routine,4,3
XFMR-000937,2019-05-24 13:56:09.197347,WO-001491,routine,2,1
XFMR-000937,2016-05-29 13:56:09.197358,WO-001492,preventive,2,1
XFMR-000937,2021-10-29 13:56:09.197368,WO-001493,emergency,2,1
XFMR-012631,2017-09-28 13:56:09.197388,WO-001494,routine,4,5
XFMR-012631,2019-01-22 13:56:09.197398,WO-001495,emergency,4,5
XFMR-012631,2016-08-03 13:56:09.197408,WO-001496,routine,5,5
XFMR-013019,2018-05-01 13:56:09.197428,WO-001497,routine,3,2
XFMR-013019,2021-08-06 13:56:09.197439,WO-001498,emergency,2,2
XFMR-013019,2025-05-25 13:56:09.197448,WO-001499,routine,2,2
XFMR-012400,2025-12-15 13:56:09.197468,WO-001500,routine,3,2
XFMR-012400,2018-12-03 13:56:09.197479,WO-001501,routine,2,2
XFMR-012400,2016-11-07 13:56:09.197488,WO-001502,routine,2,2
XFMR-015579,2024-12-15 13:56:09.197508,WO-001503,routine,3,3
XFMR-015579,2023-01-25 13:56:09.197519,WO-001504,emergency,2,3
XFMR-015579,2019-06-23 13:56:09.197529,WO-001505,routine,3,3
XFMR-006539,2017-11-12 13:56:09.197548,WO-001506,routine,2,3
XFMR-008655,2023-03-16 13:56:09.197569,WO-001507,preventive,2,1
XFMR-014324,2018-08-06 13:56:09.197589,WO-001508,routine,1,1
XFMR-014324,2022-05-29 13:56:09.197600,WO-001509,routine,2,1
XFMR-008058,2023-07-21 13:56:09.197619,WO-001510,routine,1,2
XFMR-008058,2022-05-29 13:56:09.197630,WO-001511,routine,2,2
XFMR-008058,2024-08-25 13:56:09.197640,WO-001512,routine,3,2
XFMR-002646,2019-11-04 13:56:09.197660,WO-001513,routine,5,4
XFMR-013701,2019-02-18 13:56:09.197681,WO-001514,routine,3,3
XFMR-013701,2018-01-30 13:56:09.197691,WO-001515,routine,3,3
XFMR-003845,2023-06-13 13:56:09.197711,WO-001516,routine,3,2
XFMR-003845,2025-07-01 13:56:09.197722,WO-001517,routine,3,2
XFMR-003845,2024-05-13 13:56:09.197732,WO-001518,emergency,1,2
XFMR-006754,2019-08-23 13:56:09.197751,WO-001519,routine,1,2
XFMR-006443,2019-07-02 13:56:09.197780,WO-001520,routine,5,5
XFMR-006443,2025-08-22 13:56:09.197791,WO-001521,routine,4,5
XFMR-012850,2024-08-28 13:56:09.197810,WO-001522,routine,5,5
XFMR-012850,2018-09-08 13:56:09.197821,WO-001523,routine,5,5
XFMR-012850,2020-04-16 13:56:09.197831,WO-001524,routine,5,5
XFMR-014873,2026-01-12 13:56:09.197850,WO-001525,routine,5,4
XFMR-016893,2024-09-23 13:56:09.197871,WO-001526,routine,2,2
XFMR-011177,2021-06-15 13:56:09.197891,WO-001527,emergency,1,2
XFMR-012958,2017-01-03 13:56:09.197911,WO-001528,preventive,2,1
XFMR-012958,2024-02-26 13:56:09.197922,WO-001529,routine,1,1
XFMR-016666,2016-03-26 13:56:09.197944,WO-001530,routine,2,2
XFMR-016666,2018-03-22 13:56:09.197957,WO-001531,routine,2,2
XFMR-016666,2016-12-18 13:56:09.197984,WO-001532,preventive,2,2
XFMR-014317,2022-12-19 13:56:09.198011,WO-001533,preventive,1,2
XFMR-013119,2020-09-11 13:56:09.198038,WO-001534,emergency,2,3
XFMR-000386,2017-08-10 13:56:09.198061,WO-001535,routine,4,3
XFMR-000386,2023-01-09 13:56:09.198076,WO-001536,routine,2,3
XFMR-000386,2018-10-22 13:56:09.198089,WO-001537,emergency,3,3
XFMR-018992,2016-12-29 13:56:09.198113,WO-001538,routine,1,1
XFMR-018992,2025-10-03 13:56:09.198126,WO-001539,routine,1,1
XFMR-018992,2022-12-20 13:56:09.198137,WO-001540,routine,1,1
XFMR-017180,2021-10-20 13:56:09.198162,WO-001541,routine,3,4
XFMR-017180,2022-06-27 13:56:09.198176,WO-001542,preventive,5,4
XFMR-017180,2025-05-18 13:56:09.198188,WO-001543,preventive,3,4
XFMR-006960,2025-01-20 13:56:09.198211,WO-001544,routine,4,3
XFMR-006960,2023-05-02 13:56:09.198225,WO-001545,routine,2,3
XFMR-001057,2017-03-18 13:56:09.198247,WO-001546,routine,2,2
XFMR-001057,2025-04-03 13:56:09.198259,WO-001547,emergency,3,2
XFMR-001057,2023-06-25 13:56:09.198271,WO-001548,routine,1,2
XFMR-020977,2018-10-05 13:56:09.198292,WO-001549,routine,3,2
XFMR-020977,2022-11-11 13:56:09.198303,WO-001550,preventive,2,2
XFMR-020977,2025-09-01 13:56:09.198314,WO-001551,routine,2,2
XFMR-012658,2017-07-19 13:56:09.198335,WO-001552,routine,1,2
XFMR-012658,2024-02-26 13:56:09.198347,WO-001553,routine,1,2
XFMR-015358,2023-08-21 13:56:09.198367,WO-001554,routine,4,3
XFMR-017156,2021-02-25 13:56:09.198388,WO-001555,routine,4,5
XFMR-017156,2019-10-19 13:56:09.198398,WO-001556,routine,4,5
XFMR-004394,2020-03-11 13:56:09.198418,WO-001557,routine,2,1
XFMR-004394,2022-04-23 13:56:09.198429,WO-001558,preventive,2,1
XFMR-004394,2021-12-24 13:56:09.198439,WO-001559,routine,2,1
XFMR-000475,2017-12-21 13:56:09.198458,WO-001560,preventive,4,5
XFMR-000475,2016-11-01 13:56:09.198469,WO-001561,emergency,5,5
XFMR-011342,2020-07-31 13:56:09.198489,WO-001562,routine,5,4
XFMR-009531,2025-06-01 13:56:09.198509,WO-001563,routine,4,3
XFMR-009531,2025-11-22 13:56:09.198519,WO-001564,routine,2,3
XFMR-009531,2022-05-05 13:56:09.198529,WO-001565,preventive,4,3
XFMR-012222,2020-11-12 13:56:09.198549,WO-001566,routine,1,1
XFMR-012222,2024-04-19 13:56:09.198559,WO-001567,routine,1,1
XFMR-012222,2019-06-26 13:56:09.198569,WO-001568,routine,1,1
XFMR-019292,2025-05-06 13:56:09.198589,WO-001569,routine,4,4
XFMR-019292,2016-04-03 13:56:09.198599,WO-001570,routine,4,4
XFMR-005590,2021-08-31 13:56:09.198618,WO-001571,routine,2,2
XFMR-005590,2019-08-20 13:56:09.198629,WO-001572,emergency,3,2
XFMR-005590,2019-02-14 13:56:09.198639,WO-001573,routine,1,2
XFMR-008716,2025-07-11 13:56:09.198659,WO-001574,routine,2,3
XFMR-008716,2021-01-31 13:56:09.198669,WO-001575,routine,3,3
XFMR-008716,2020-08-14 13:56:09.198679,WO-001576,routine,2,3
XFMR-001766,2019-06-03 13:56:09.198701,WO-001577,preventive,4,4
XFMR-001766,2021-07-22 13:56:09.198711,WO-001578,routine,4,4
XFMR-001766,2022-10-18 13:56:09.198721,WO-001579,routine,3,4
XFMR-016203,2019-02-16 13:56:09.198741,WO-001580,routine,4,4
XFMR-016203,2016-09-25 13:56:09.198752,WO-001581,routine,5,4
XFMR-012300,2018-10-16 13:56:09.198771,WO-001582,routine,5,4
XFMR-012300,2022-09-07 13:56:09.198782,WO-001583,preventive,4,4
XFMR-012300,2017-04-26 13:56:09.198792,WO-001584,routine,4,4
XFMR-020605,2017-08-14 13:56:09.198812,WO-001585,routine,3,3
XFMR-020605,2024-04-15 13:56:09.198823,WO-001586,routine,4,3
XFMR-002584,2018-03-29 13:56:09.198843,WO-001587,preventive,2,3
XFMR-002584,2022-10-24 13:56:09.198853,WO-001588,preventive,4,3
XFMR-002584,2021-06-17 13:56:09.198863,WO-001589,routine,3,3
XFMR-010980,2018-01-07 13:56:09.198883,WO-001590,routine,5,5
XFMR-010980,2023-06-11 13:56:09.198894,WO-001591,routine,4,5
XFMR-010980,2019-03-24 13:56:09.198904,WO-001592,routine,5,5
XFMR-016204,2018-06-09 13:56:09.198924,WO-001593,routine,3,4
XFMR-016204,2023-03-13 13:56:09.198936,WO-001594,routine,3,4
XFMR-016204,2020-10-24 13:56:09.198947,WO-001595,routine,4,4
XFMR-010390,2016-05-14 13:56:09.198973,WO-001596,routine,2,3
XFMR-010390,2025-05-28 13:56:09.198985,WO-001597,routine,4,3
XFMR-010031,2016-11-12 13:56:09.199007,WO-001598,routine,3,3
XFMR-020333,2018-08-03 13:56:09.199035,WO-001599,routine,2,3
XFMR-013805,2024-12-26 13:56:09.199063,WO-001600,routine,3,2
XFMR-013805,2018-02-22 13:56:09.199078,WO-001601,routine,3,2
XFMR-020372,2023-04-19 13:56:09.199105,WO-001602,preventive,2,3
XFMR-020372,2022-08-02 13:56:09.199120,WO-001603,routine,2,3
XFMR-000448,2021-12-06 13:56:09.199148,WO-001604,routine,3,4
XFMR-000448,2018-06-21 13:56:09.199163,WO-001605,emergency,3,4
XFMR-000641,2018-05-27 13:56:09.199191,WO-001606,routine,2,3
XFMR-004978,2018-04-19 13:56:09.199220,WO-001607,routine,3,2
XFMR-004978,2022-06-10 13:56:09.199230,WO-001608,routine,2,2
XFMR-002085,2016-12-09 13:56:09.199255,WO-001609,preventive,3,3
XFMR-009729,2025-03-27 13:56:09.199276,WO-001610,routine,4,3
XFMR-017542,2026-01-20 13:56:09.199296,WO-001611,routine,4,4
XFMR-017542,2023-04-02 13:56:09.199307,WO-001612,routine,3,4
XFMR-011984,2020-06-07 13:56:09.199327,WO-001613,routine,1,2
XFMR-011984,2021-01-10 13:56:09.199337,WO-001614,routine,3,2
XFMR-004014,2021-09-14 13:56:09.199357,WO-001615,preventive,1,1
XFMR-004014,2022-04-05 13:56:09.199367,WO-001616,routine,1,1
XFMR-005622,2025-10-14 13:56:09.199389,WO-001617,preventive,3,4
XFMR-005622,2018-06-11 13:56:09.199400,WO-001618,preventive,3,4
XFMR-011588,2023-03-15 13:56:09.199421,WO-001619,routine,3,3
XFMR-011588,2025-05-10 13:56:09.199432,WO-001620,routine,2,3
XFMR-011588,2018-10-02 13:56:09.199443,WO-001621,emergency,4,3
XFMR-001451,2017-07-05 13:56:09.199464,WO-001622,routine,2,3
XFMR-001451,2020-06-28 13:56:09.199475,WO-001623,preventive,3,3
XFMR-017720,2020-11-26 13:56:09.199494,WO-001624,routine,2,2
XFMR-017720,2024-04-23 13:56:09.199505,WO-001625,routine,2,2
XFMR-017720,2017-07-04 13:56:09.199515,WO-001626,preventive,3,2
XFMR-016776,2018-12-07 13:56:09.199535,WO-001627,routine,2,3
XFMR-005091,2025-06-17 13:56:09.199555,WO-001628,routine,3,2
XFMR-005091,2016-06-08 13:56:09.199565,WO-001629,routine,1,2
XFMR-012132,2020-06-26 13:56:09.199596,WO-001630,routine,3,2
XFMR-012132,2023-10-14 13:56:09.199607,WO-001631,routine,2,2
XFMR-001643,2024-06-25 13:56:09.199628,WO-001632,routine,3,2
XFMR-005554,2024-10-25 13:56:09.199648,WO-001633,routine,4,4
XFMR-014558,2023-03-21 13:56:09.199668,WO-001634,preventive,5,4
XFMR-003530,2023-06-29 13:56:09.199689,WO-001635,routine,3,2
XFMR-003530,2025-02-04 13:56:09.199700,WO-001636,routine,3,2
XFMR-003530,2021-07-20 13:56:09.199710,WO-001637,preventive,1,2
XFMR-010045,2018-04-02 13:56:09.199740,WO-001638,routine,4,5
XFMR-010045,2018-09-01 13:56:09.199751,WO-001639,preventive,5,5
XFMR-008422,2018-09-07 13:56:09.199777,WO-001640,emergency,2,2
XFMR-014529,2022-02-25 13:56:09.199797,WO-001641,preventive,2,3
XFMR-014529,2019-05-18 13:56:09.199808,WO-001642,routine,2,3
XFMR-014529,2022-08-18 13:56:09.199818,WO-001643,routine,3,3
XFMR-004885,2022-06-17 13:56:09.199842,WO-001644,preventive,2,2
XFMR-019486,2024-06-07 13:56:09.199871,WO-001645,routine,3,2
XFMR-019486,2024-02-18 13:56:09.199885,WO-001646,routine,2,2
XFMR-019486,2025-02-20 13:56:09.199899,WO-001647,preventive,2,2
XFMR-006975,2018-05-25 13:56:09.199926,WO-001648,routine,3,3
XFMR-017814,2018-01-16 13:56:09.199954,WO-001649,routine,2,3
XFMR-015307,2018-06-25 13:56:09.199980,WO-001650,routine,2,3
XFMR-015307,2017-11-13 13:56:09.199995,WO-001651,preventive,2,3
XFMR-015307,2023-11-02 13:56:09.200006,WO-001652,emergency,2,3
XFMR-007586,2017-11-06 13:56:09.200032,WO-001653,routine,5,5
XFMR-004519,2021-08-28 13:56:09.200055,WO-001654,routine,5,4
XFMR-004519,2017-07-19 13:56:09.200067,WO-001655,emergency,4,4
XFMR-017053,2022-01-24 13:56:09.200087,WO-001656,routine,3,2
XFMR-018267,2021-01-23 13:56:09.200107,WO-001657,routine,3,4
XFMR-018267,2024-08-26 13:56:09.200118,WO-001658,routine,5,4
XFMR-018267,2025-06-10 13:56:09.200128,WO-001659,routine,4,4
XFMR-006904,2017-02-17 13:56:09.200148,WO-001660,routine,3,3
XFMR-019661,2021-01-13 13:56:09.200170,WO-001661,routine,3,3
XFMR-019661,2025-02-13 13:56:09.200181,WO-001662,routine,2,3
XFMR-019661,2024-07-24 13:56:09.200191,WO-001663,routine,4,3
XFMR-015121,2022-11-21 13:56:09.200211,WO-001664,routine,3,2
XFMR-015121,2026-01-13 13:56:09.200222,WO-001665,routine,2,2
XFMR-021158,2025-08-25 13:56:09.200242,WO-001666,routine,3,2
XFMR-021158,2025-06-23 13:56:09.200252,WO-001667,preventive,2,2
XFMR-020346,2017-09-25 13:56:09.200272,WO-001668,preventive,4,3
XFMR-020346,2018-10-14 13:56:09.200283,WO-001669,routine,2,3
XFMR-020346,2018-11-27 13:56:09.200292,WO-001670,routine,3,3
XFMR-020097,2020-04-08 13:56:09.200314,WO-001671,routine,3,3
XFMR-020097,2024-09-09 13:56:09.200325,WO-001672,routine,4,3
XFMR-020097,2024-01-12 13:56:09.200335,WO-001673,preventive,4,3
XFMR-006336,2020-06-09 13:56:09.200355,WO-001674,routine,1,1
XFMR-003526,2016-04-26 13:56:09.200376,WO-001675,routine,2,2
XFMR-003526,2019-10-22 13:56:09.200388,WO-001676,routine,3,2
XFMR-014122,2022-12-25 13:56:09.200411,WO-001677,routine,5,4
XFMR-019745,2023-10-31 13:56:09.200432,WO-001678,routine,2,3
XFMR-019745,2016-09-04 13:56:09.200443,WO-001679,routine,4,3
XFMR-019745,2021-08-20 13:56:09.200455,WO-001680,routine,3,3
XFMR-017813,2018-10-04 13:56:09.200475,WO-001681,routine,2,1
XFMR-017813,2024-09-12 13:56:09.200485,WO-001682,preventive,1,1
XFMR-019339,2017-11-17 13:56:09.200505,WO-001683,routine,4,3
XFMR-014184,2021-05-21 13:56:09.200525,WO-001684,routine,4,4
XFMR-014184,2025-03-22 13:56:09.200536,WO-001685,routine,3,4
XFMR-014184,2017-04-05 13:56:09.200546,WO-001686,preventive,3,4
XFMR-009253,2022-06-10 13:56:09.200570,WO-001687,routine,3,2
XFMR-005415,2018-09-11 13:56:09.200590,WO-001688,preventive,2,1
XFMR-005415,2017-02-15 13:56:09.200601,WO-001689,routine,2,1
XFMR-007500,2023-02-10 13:56:09.200620,WO-001690,preventive,4,3
XFMR-001454,2019-03-19 13:56:09.200640,WO-001691,routine,3,4
XFMR-001454,2018-07-06 13:56:09.200651,WO-001692,routine,3,4
XFMR-019136,2018-05-19 13:56:09.200671,WO-001693,routine,3,2
XFMR-019136,2018-02-06 13:56:09.200681,WO-001694,routine,2,2
XFMR-005183,2016-09-08 13:56:09.200700,WO-001695,routine,1,2
XFMR-005183,2022-05-11 13:56:09.200711,WO-001696,routine,1,2
XFMR-004060,2020-05-16 13:56:09.200730,WO-001697,routine,5,5
XFMR-010907,2025-06-06 13:56:09.200750,WO-001698,routine,1,2
XFMR-010907,2023-05-31 13:56:09.200769,WO-001699,preventive,3,2
XFMR-005043,2018-05-04 13:56:09.200789,WO-001700,routine,1,1
XFMR-007659,2024-01-11 13:56:09.200809,WO-001701,preventive,3,2
XFMR-007659,2017-01-24 13:56:09.200819,WO-001702,routine,3,2
XFMR-007047,2025-01-03 13:56:09.200840,WO-001703,routine,3,3
XFMR-007047,2022-06-11 13:56:09.200851,WO-001704,routine,3,3
XFMR-018860,2017-08-28 13:56:09.200871,WO-001705,routine,4,4
XFMR-018860,2017-03-22 13:56:09.200882,WO-001706,routine,3,4
XFMR-019197,2024-01-25 13:56:09.200901,WO-001707,preventive,2,1
XFMR-018213,2024-11-03 13:56:09.200923,WO-001708,routine,3,3
XFMR-015503,2017-08-20 13:56:09.200948,WO-001709,routine,2,3
XFMR-015503,2022-12-14 13:56:09.200961,WO-001710,routine,2,3
XFMR-012823,2017-01-03 13:56:09.200985,WO-001711,routine,2,1
XFMR-015260,2019-06-25 13:56:09.201012,WO-001712,preventive,3,3
XFMR-015260,2023-01-30 13:56:09.201024,WO-001713,preventive,4,3
XFMR-015260,2020-09-12 13:56:09.201035,WO-001714,routine,2,3
XFMR-014559,2019-08-24 13:56:09.201059,WO-001715,routine,1,1
XFMR-014559,2017-11-05 13:56:09.201073,WO-001716,routine,2,1
XFMR-011380,2022-05-12 13:56:09.201100,WO-001717,routine,2,2
XFMR-011380,2018-09-13 13:56:09.201113,WO-001718,preventive,2,2
XFMR-011380,2023-04-20 13:56:09.201125,WO-001719,routine,1,2
XFMR-009771,2020-03-30 13:56:09.201147,WO-001720,routine,5,4
XFMR-009771,2022-01-12 13:56:09.201159,WO-001721,routine,3,4
XFMR-009771,2020-11-03 13:56:09.201171,WO-001722,preventive,5,4
XFMR-010422,2017-10-27 13:56:09.201190,WO-001723,routine,4,5
XFMR-004344,2022-04-16 13:56:09.201210,WO-001724,preventive,2,3
XFMR-004344,2023-12-04 13:56:09.201221,WO-001725,routine,2,3
XFMR-018338,2022-02-22 13:56:09.201241,WO-001726,routine,3,2
XFMR-018338,2019-06-08 13:56:09.201253,WO-001727,routine,2,2
XFMR-009779,2019-02-23 13:56:09.201273,WO-001728,routine,1,2
XFMR-009779,2022-06-09 13:56:09.201284,WO-001729,emergency,2,2
XFMR-010514,2019-01-21 13:56:09.201304,WO-001730,routine,4,4
XFMR-015040,2025-10-13 13:56:09.201325,WO-001731,preventive,5,4
XFMR-015040,2021-01-14 13:56:09.201335,WO-001732,routine,4,4
XFMR-014129,2017-01-28 13:56:09.201355,WO-001733,preventive,2,3
XFMR-014129,2025-05-26 13:56:09.201365,WO-001734,routine,2,3
XFMR-015599,2021-11-16 13:56:09.201385,WO-001735,routine,2,2
XFMR-015013,2018-01-10 13:56:09.201405,WO-001736,routine,3,4
XFMR-015013,2020-05-12 13:56:09.201415,WO-001737,emergency,3,4
XFMR-015013,2024-07-29 13:56:09.201429,WO-001738,routine,3,4
XFMR-021055,2017-09-09 13:56:09.201449,WO-001739,routine,3,3
XFMR-021055,2022-06-29 13:56:09.201460,WO-001740,routine,4,3
XFMR-014742,2025-10-27 13:56:09.201479,WO-001741,routine,4,4
XFMR-021049,2025-04-08 13:56:09.201499,WO-001742,routine,4,4
XFMR-021049,2022-03-11 13:56:09.201510,WO-001743,routine,3,4
XFMR-021049,2022-12-15 13:56:09.201520,WO-001744,preventive,3,4
XFMR-013545,2021-06-03 13:56:09.201539,WO-001745,routine,2,2
XFMR-002852,2025-06-18 13:56:09.201559,WO-001746,routine,3,4
XFMR-002852,2020-06-18 13:56:09.201569,WO-001747,preventive,5,4
XFMR-002852,2016-12-11 13:56:09.201580,WO-001748,routine,3,4
XFMR-012798,2023-06-05 13:56:09.201599,WO-001749,preventive,4,5
XFMR-012798,2018-02-18 13:56:09.201610,WO-001750,preventive,4,5
XFMR-012147,2023-12-13 13:56:09.201629,WO-001751,emergency,1,2
XFMR-012147,2020-03-22 13:56:09.201640,WO-001752,routine,2,2
XFMR-012147,2016-07-04 13:56:09.201650,WO-001753,routine,2,2
XFMR-013507,2023-03-23 13:56:09.201669,WO-001754,routine,3,3
XFMR-009154,2017-09-30 13:56:09.201689,WO-001755,routine,4,3
XFMR-009154,2024-02-01 13:56:09.201699,WO-001756,routine,3,3
XFMR-005971,2025-02-07 13:56:09.201719,WO-001757,routine,2,2
XFMR-005971,2024-08-25 13:56:09.201730,WO-001758,preventive,3,2
XFMR-005971,2018-07-21 13:56:09.201739,WO-001759,preventive,3,2
XFMR-018295,2016-11-05 13:56:09.201759,WO-001760,routine,3,3
XFMR-014174,2025-03-10 13:56:09.201787,WO-001761,routine,2,3
XFMR-014174,2019-04-10 13:56:09.201798,WO-001762,preventive,3,3
XFMR-008201,2022-08-14 13:56:09.201817,WO-001763,emergency,2,1
XFMR-008201,2024-06-14 13:56:09.201828,WO-001764,routine,1,1
XFMR-008201,2017-04-19 13:56:09.201838,WO-001765,routine,2,1
XFMR-016084,2023-10-15 13:56:09.201859,WO-001766,emergency,5,5
XFMR-004476,2018-01-02 13:56:09.201879,WO-001767,routine,5,4
XFMR-000483,2026-01-06 13:56:09.201899,WO-001768,routine,5,4
XFMR-000483,2023-10-24 13:56:09.201910,WO-001769,routine,3,4
XFMR-000483,2025-10-28 13:56:09.201920,WO-001770,routine,5,4
XFMR-004490,2022-06-20 13:56:09.201939,WO-001771,routine,4,5
XFMR-004490,2022-07-08 13:56:09.201951,WO-001772,routine,4,5
XFMR-015185,2019-08-22 13:56:09.201976,WO-001773,preventive,3,3
XFMR-001312,2019-10-25 13:56:09.202000,WO-001774,routine,2,3
XFMR-013264,2019-02-11 13:56:09.202025,WO-001775,preventive,1,2
XFMR-013264,2017-07-02 13:56:09.202040,WO-001776,routine,3,2
XFMR-001444,2021-12-04 13:56:09.202067,WO-001777,emergency,1,2
XFMR-001444,2025-06-12 13:56:09.202082,WO-001778,emergency,3,2
XFMR-001444,2021-01-22 13:56:09.202096,WO-001779,routine,2,2
XFMR-015509,2017-10-25 13:56:09.202121,WO-001780,routine,4,5
XFMR-015787,2023-07-31 13:56:09.202150,WO-001781,routine,2,3
XFMR-015886,2020-11-15 13:56:09.202175,WO-001782,routine,4,4
XFMR-015886,2020-04-14 13:56:09.202188,WO-001783,routine,4,4
XFMR-015886,2022-06-22 13:56:09.202199,WO-001784,routine,3,4
XFMR-009930,2017-11-11 13:56:09.202219,WO-001785,routine,3,2
XFMR-009930,2016-09-30 13:56:09.202230,WO-001786,preventive,3,2
XFMR-007803,2016-07-23 13:56:09.202249,WO-001787,routine,5,5
XFMR-007803,2026-01-06 13:56:09.202260,WO-001788,routine,5,5
XFMR-010081,2022-09-21 13:56:09.202279,WO-001789,routine,3,3
XFMR-004975,2018-08-24 13:56:09.202302,WO-001790,routine,1,2
XFMR-004975,2019-04-29 13:56:09.202313,WO-001791,routine,3,2
XFMR-004975,2023-10-20 13:56:09.202323,WO-001792,routine,3,2
XFMR-019126,2020-01-29 13:56:09.202343,WO-001793,routine,1,2
XFMR-019126,2017-12-25 13:56:09.202353,WO-001794,routine,1,2
XFMR-016566,2021-08-20 13:56:09.202373,WO-001795,routine,4,3
XFMR-016566,2025-07-13 13:56:09.202383,WO-001796,preventive,2,3
XFMR-020236,2023-12-04 13:56:09.202403,WO-001797,routine,1,2
XFMR-020236,2017-04-03 13:56:09.202413,WO-001798,routine,2,2
XFMR-020236,2021-01-02 13:56:09.202423,WO-001799,preventive,3,2
XFMR-018446,2017-09-20 13:56:09.202442,WO-001800,preventive,2,1
XFMR-018446,2017-03-14 13:56:09.202453,WO-001801,routine,1,1
XFMR-018446,2022-08-04 13:56:09.202463,WO-001802,routine,2,1
XFMR-021045,2019-12-17 13:56:09.202482,WO-001803,routine,5,4
XFMR-021045,2018-01-30 13:56:09.202493,WO-001804,routine,5,4
XFMR-007334,2025-06-03 13:56:09.202512,WO-001805,preventive,1,2
XFMR-004086,2017-02-14 13:56:09.202532,WO-001806,emergency,3,4
XFMR-002200,2022-12-09 13:56:09.202553,WO-001807,emergency,3,2
XFMR-002200,2020-07-01 13:56:09.202564,WO-001808,routine,2,2
XFMR-002200,2018-10-13 13:56:09.202574,WO-001809,preventive,2,2
XFMR-012223,2025-04-26 13:56:09.202593,WO-001810,routine,4,3
XFMR-012223,2018-12-18 13:56:09.202603,WO-001811,routine,4,3
XFMR-000140,2016-11-09 13:56:09.202623,WO-001812,routine,5,5
XFMR-000140,2022-09-11 13:56:09.202634,WO-001813,routine,5,5
XFMR-000140,2022-01-15 13:56:09.202644,WO-001814,preventive,5,5
XFMR-011507,2025-11-15 13:56:09.202663,WO-001815,routine,3,3
XFMR-011507,2020-01-02 13:56:09.202674,WO-001816,preventive,2,3
XFMR-011507,2024-12-07 13:56:09.202683,WO-001817,preventive,3,3
XFMR-016304,2018-11-28 13:56:09.202703,WO-001818,routine,5,5
XFMR-016304,2024-04-21 13:56:09.202713,WO-001819,routine,4,5
XFMR-016304,2021-08-20 13:56:09.202723,WO-001820,preventive,4,5
XFMR-010812,2020-10-02 13:56:09.202743,WO-001821,routine,5,5
XFMR-010812,2020-03-11 13:56:09.202754,WO-001822,emergency,5,5
XFMR-010812,2021-04-03 13:56:09.202771,WO-001823,routine,4,5
XFMR-017804,2021-01-18 13:56:09.202791,WO-001824,routine,3,2
XFMR-017804,2025-05-22 13:56:09.202801,WO-001825,routine,2,2
XFMR-010561,2017-03-10 13:56:09.202821,WO-001826,routine,4,3
XFMR-010561,2023-08-21 13:56:09.202831,WO-001827,preventive,4,3
XFMR-010561,2023-08-20 13:56:09.202841,WO-001828,routine,2,3
XFMR-001511,2024-01-28 13:56:09.202861,WO-001829,routine,1,2
XFMR-001511,2019-09-17 13:56:09.202871,WO-001830,routine,1,2
XFMR-001636,2021-06-17 13:56:09.202892,WO-001831,routine,3,3
XFMR-001636,2019-03-16 13:56:09.202903,WO-001832,routine,3,3
XFMR-001636,2018-02-23 13:56:09.202913,WO-001833,routine,4,3
XFMR-002580,2021-05-05 13:56:09.202934,WO-001834,preventive,4,3
XFMR-002580,2019-12-25 13:56:09.202947,WO-001835,routine,3,3
XFMR-002580,2020-04-12 13:56:09.202961,WO-001836,routine,4,3
XFMR-017701,2023-12-01 13:56:09.202983,WO-001837,routine,5,4
XFMR-017701,2018-07-27 13:56:09.202997,WO-001838,emergency,5,4
XFMR-017701,2018-03-14 13:56:09.203010,WO-001839,preventive,4,4
XFMR-017980,2021-12-07 13:56:09.203037,WO-001840,routine,3,3
XFMR-016263,2023-06-01 13:56:09.203065,WO-001841,routine,3,3
XFMR-016263,2022-06-23 13:56:09.203079,WO-001842,routine,4,3
XFMR-014273,2020-06-03 13:56:09.203107,WO-001843,preventive,4,3
XFMR-014273,2019-08-13 13:56:09.203121,WO-001844,preventive,4,3
XFMR-014273,2023-10-02 13:56:09.203139,WO-001845,routine,3,3
XFMR-017403,2023-10-14 13:56:09.203164,WO-001846,routine,1,1
XFMR-017403,2016-04-02 13:56:09.203175,WO-001847,preventive,1,1
XFMR-017588,2023-05-10 13:56:09.203197,WO-001848,routine,4,4
XFMR-011404,2018-07-24 13:56:09.203217,WO-001849,emergency,1,2
XFMR-006493,2019-09-23 13:56:09.203237,WO-001850,routine,3,3
XFMR-006493,2019-09-09 13:56:09.203248,WO-001851,routine,2,3
XFMR-006493,2021-03-22 13:56:09.203258,WO-001852,routine,2,3
XFMR-006078,2022-03-16 13:56:09.203280,WO-001853,preventive,1,2
XFMR-008733,2025-03-24 13:56:09.203300,WO-001854,routine,5,4
XFMR-021385,2020-02-24 13:56:09.203321,WO-001855,preventive,2,2
XFMR-013515,2023-10-18 13:56:09.203341,WO-001856,emergency,3,3
XFMR-013515,2018-06-27 13:56:09.203352,WO-001857,routine,4,3
XFMR-011434,2025-05-14 13:56:09.203371,WO-001858,routine,1,2
XFMR-011434,2023-09-24 13:56:09.203381,WO-001859,routine,1,2
XFMR-008732,2024-08-24 13:56:09.203401,WO-001860,routine,4,4
XFMR-008732,2021-08-19 13:56:09.203411,WO-001861,routine,3,4
XFMR-008732,2016-05-01 13:56:09.203421,WO-001862,routine,5,4
XFMR-010884,2017-02-06 13:56:09.203440,WO-001863,routine,2,2
XFMR-010884,2023-04-14 13:56:09.203451,WO-001864,routine,3,2
XFMR-010884,2020-07-26 13:56:09.203461,WO-001865,routine,1,2
XFMR-016359,2023-07-04 13:56:09.203480,WO-001866,routine,3,4
XFMR-016359,2023-05-26 13:56:09.203491,WO-001867,preventive,3,4
XFMR-006179,2023-10-31 13:56:09.203510,WO-001868,routine,3,2
XFMR-013488,2023-05-07 13:56:09.203530,WO-001869,routine,3,3
XFMR-013488,2025-10-17 13:56:09.203542,WO-001870,routine,3,3
XFMR-013488,2020-09-20 13:56:09.203553,WO-001871,routine,3,3
XFMR-007342,2022-03-05 13:56:09.203572,WO-001872,routine,3,4
XFMR-007342,2019-01-23 13:56:09.203583,WO-001873,emergency,5,4
XFMR-000857,2021-07-06 13:56:09.203603,WO-001874,routine,2,3
XFMR-000857,2021-12-04 13:56:09.203615,WO-001875,preventive,3,3
XFMR-000857,2023-09-29 13:56:09.203628,WO-001876,routine,2,3
XFMR-012512,2016-04-03 13:56:09.203655,WO-001877,preventive,4,4
XFMR-012512,2023-10-14 13:56:09.203669,WO-001878,routine,4,4
XFMR-001399,2025-04-14 13:56:09.203704,WO-001879,routine,2,3
XFMR-001399,2019-01-08 13:56:09.203717,WO-001880,routine,2,3
XFMR-001399,2021-07-31 13:56:09.203731,WO-001881,routine,3,3
XFMR-006757,2023-12-27 13:56:09.203757,WO-001882,routine,3,3
XFMR-006757,2019-11-01 13:56:09.203777,WO-001883,routine,3,3
XFMR-006757,2021-05-17 13:56:09.203788,WO-001884,routine,3,3
XFMR-008320,2025-05-18 13:56:09.203810,WO-001885,routine,5,4
XFMR-001490,2023-11-06 13:56:09.203833,WO-001886,routine,3,4
XFMR-001490,2023-08-11 13:56:09.203845,WO-001887,routine,5,4
XFMR-001490,2022-06-24 13:56:09.203857,WO-001888,routine,5,4
XFMR-006888,2018-02-22 13:56:09.203884,WO-001889,preventive,5,4
XFMR-006888,2018-10-19 13:56:09.203899,WO-001890,preventive,5,4
XFMR-006888,2017-01-11 13:56:09.203909,WO-001891,preventive,4,4
XFMR-017702,2019-01-22 13:56:09.203937,WO-001892,routine,1,1
XFMR-010793,2018-01-17 13:56:09.203961,WO-001893,preventive,3,2
XFMR-010793,2017-10-22 13:56:09.203973,WO-001894,routine,1,2
XFMR-010793,2021-02-05 13:56:09.203984,WO-001895,preventive,1,2
XFMR-003610,2023-09-19 13:56:09.204006,WO-001896,preventive,3,3
XFMR-003610,2024-10-11 13:56:09.204018,WO-001897,preventive,3,3
XFMR-004266,2016-11-08 13:56:09.204040,WO-001898,routine,2,3
XFMR-004266,2024-07-10 13:56:09.204053,WO-001899,routine,3,3
XFMR-001115,2018-11-11 13:56:09.204081,WO-001900,emergency,3,4
XFMR-001115,2019-06-18 13:56:09.204096,WO-001901,preventive,5,4
XFMR-001115,2024-10-28 13:56:09.204107,WO-001902,routine,4,4
XFMR-008271,2023-07-19 13:56:09.204135,WO-001903,emergency,4,3
XFMR-008271,2024-12-09 13:56:09.204150,WO-001904,routine,4,3
XFMR-008271,2021-04-10 13:56:09.204162,WO-001905,routine,3,3
XFMR-007792,2022-09-12 13:56:09.204183,WO-001906,routine,3,2
XFMR-009689,2025-10-28 13:56:09.204206,WO-001907,routine,3,2
XFMR-009689,2017-01-19 13:56:09.204218,WO-001908,routine,2,2
XFMR-020908,2025-10-31 13:56:09.204239,WO-001909,preventive,1,2
XFMR-020908,2023-11-07 13:56:09.204251,WO-001910,routine,3,2
XFMR-013389,2022-12-12 13:56:09.204273,WO-001911,emergency,1,2
XFMR-013389,2019-02-23 13:56:09.204285,WO-001912,routine,1,2
XFMR-013389,2020-11-23 13:56:09.204296,WO-001913,routine,1,2
XFMR-004581,2020-12-30 13:56:09.204318,WO-001914,emergency,2,3
XFMR-004581,2019-01-18 13:56:09.204330,WO-001915,routine,3,3
XFMR-015747,2025-05-20 13:56:09.204352,WO-001916,preventive,4,3
XFMR-015747,2022-04-18 13:56:09.204364,WO-001917,preventive,2,3
XFMR-000813,2022-07-17 13:56:09.204388,WO-001918,routine,4,3
XFMR-000813,2020-07-22 13:56:09.204402,WO-001919,routine,3,3
XFMR-000813,2022-11-21 13:56:09.204416,WO-001920,routine,4,3
XFMR-001892,2019-02-15 13:56:09.204441,WO-001921,emergency,2,3
XFMR-008531,2023-08-21 13:56:09.204464,WO-001922,emergency,3,4
XFMR-008531,2023-12-18 13:56:09.204475,WO-001923,preventive,3,4
XFMR-008531,2024-10-23 13:56:09.204488,WO-001924,preventive,5,4
XFMR-004058,2024-12-18 13:56:09.204515,WO-001925,routine,1,1
XFMR-004058,2021-07-01 13:56:09.204529,WO-001926,preventive,1,1
XFMR-004058,2020-11-28 13:56:09.204540,WO-001927,routine,1,1
XFMR-012021,2022-01-08 13:56:09.204562,WO-001928,routine,2,3
XFMR-012021,2024-01-03 13:56:09.204575,WO-001929,preventive,2,3
XFMR-012021,2024-07-18 13:56:09.204589,WO-001930,routine,3,3
XFMR-016039,2019-03-28 13:56:09.204616,WO-001931,preventive,3,3
XFMR-016039,2017-12-27 13:56:09.204630,WO-001932,routine,2,3
XFMR-008504,2019-12-23 13:56:09.204652,WO-001933,routine,4,4
XFMR-008504,2018-08-05 13:56:09.204664,WO-001934,routine,5,4
XFMR-008504,2023-07-21 13:56:09.204678,WO-001935,routine,3,4
XFMR-012294,2019-07-14 13:56:09.204704,WO-001936,routine,5,4
XFMR-014564,2025-01-19 13:56:09.204726,WO-001937,routine,3,2
XFMR-014564,2017-05-11 13:56:09.204738,WO-001938,preventive,2,2
XFMR-012898,2021-06-12 13:56:09.204760,WO-001939,routine,3,4
XFMR-012898,2017-06-17 13:56:09.204778,WO-001940,routine,3,4
XFMR-012898,2023-11-16 13:56:09.204789,WO-001941,routine,5,4
XFMR-018159,2024-12-14 13:56:09.204814,WO-001942,routine,3,4
XFMR-016787,2022-06-04 13:56:09.204842,WO-001943,preventive,3,2
XFMR-016787,2021-10-19 13:56:09.204855,WO-001944,routine,3,2
XFMR-016787,2018-01-12 13:56:09.204865,WO-001945,preventive,1,2
XFMR-015740,2022-10-13 13:56:09.204885,WO-001946,preventive,2,3
XFMR-015740,2021-04-19 13:56:09.204898,WO-001947,routine,2,3
XFMR-015740,2025-07-05 13:56:09.204912,WO-001948,routine,2,3
XFMR-006632,2017-12-23 13:56:09.204939,WO-001949,routine,4,3
XFMR-017839,2018-03-19 13:56:09.204967,WO-001950,routine,4,3
XFMR-017839,2019-04-26 13:56:09.204980,WO-001951,emergency,2,3
XFMR-004102,2022-12-17 13:56:09.205006,WO-001952,routine,3,4
XFMR-004102,2017-01-28 13:56:09.205017,WO-001953,emergency,4,4
XFMR-006109,2016-06-03 13:56:09.205038,WO-001954,routine,1,2
XFMR-006109,2020-04-01 13:56:09.205053,WO-001955,routine,1,2
XFMR-006109,2018-09-24 13:56:09.205067,WO-001956,routine,3,2
XFMR-019805,2021-08-03 13:56:09.205094,WO-001957,routine,4,5
XFMR-019805,2020-06-15 13:56:09.205109,WO-001958,routine,5,5
XFMR-019805,2020-07-25 13:56:09.205121,WO-001959,routine,5,5
XFMR-007950,2023-04-08 13:56:09.205150,WO-001960,routine,1,1
XFMR-007950,2020-03-06 13:56:09.205162,WO-001961,routine,1,1
XFMR-007950,2019-10-05 13:56:09.205172,WO-001962,routine,1,1
XFMR-002347,2018-08-30 13:56:09.205199,WO-001963,routine,2,2
XFMR-002347,2019-07-15 13:56:09.205213,WO-001964,emergency,2,2
XFMR-009427,2019-01-28 13:56:09.205241,WO-001965,routine,2,2
XFMR-013960,2021-10-04 13:56:09.205264,WO-001966,routine,2,3
XFMR-013960,2018-07-28 13:56:09.205278,WO-001967,routine,2,3
XFMR-002813,2019-06-12 13:56:09.205300,WO-001968,routine,5,4
XFMR-007925,2022-08-03 13:56:09.205327,WO-001969,routine,4,4
XFMR-007925,2025-11-30 13:56:09.205343,WO-001970,preventive,4,4
XFMR-006751,2018-05-29 13:56:09.205369,WO-001971,routine,3,4
XFMR-020693,2017-09-29 13:56:09.205394,WO-001972,emergency,1,2
XFMR-020693,2024-05-06 13:56:09.205409,WO-001973,routine,1,2
XFMR-020693,2018-10-11 13:56:09.205422,WO-001974,routine,2,2
XFMR-009893,2019-05-05 13:56:09.205442,WO-001975,routine,2,2
XFMR-009893,2019-02-03 13:56:09.205453,WO-001976,routine,1,2
XFMR-009893,2018-12-31 13:56:09.205466,WO-001977,routine,3,2
XFMR-013699,2023-04-02 13:56:09.205493,WO-001978,routine,1,2
XFMR-013699,2020-09-23 13:56:09.205504,WO-001979,routine,1,2
XFMR-020739,2020-12-01 13:56:09.205524,WO-001980,routine,4,3
XFMR-020739,2023-10-25 13:56:09.205535,WO-001981,emergency,2,3
XFMR-020739,2023-01-24 13:56:09.205548,WO-001982,emergency,2,3
XFMR-009862,2020-12-01 13:56:09.205575,WO-001983,routine,3,4
XFMR-009862,2022-10-01 13:56:09.205586,WO-001984,emergency,3,4
XFMR-009862,2024-06-30 13:56:09.205596,WO-001985,routine,5,4
XFMR-012303,2017-06-18 13:56:09.205623,WO-001986,preventive,3,2
XFMR-005949,2024-07-11 13:56:09.205651,WO-001987,routine,4,3
XFMR-005949,2024-02-01 13:56:09.205663,WO-001988,routine,3,3
XFMR-005949,2025-12-24 13:56:09.205673,WO-001989,emergency,2,3
XFMR-010535,2025-12-23 13:56:09.205694,WO-001990,routine,2,1
XFMR-015470,2022-07-14 13:56:09.205719,WO-001991,preventive,1,2
XFMR-008966,2021-05-08 13:56:09.205746,WO-001992,routine,2,2
XFMR-008966,2017-06-07 13:56:09.205757,WO-001993,routine,2,2
XFMR-004291,2025-01-20 13:56:09.205785,WO-001994,routine,5,4
XFMR-004291,2023-06-15 13:56:09.205800,WO-001995,emergency,5,4
XFMR-004291,2023-07-27 13:56:09.205814,WO-001996,routine,5,4
XFMR-000804,2021-09-20 13:56:09.205837,WO-001997,routine,5,4
XFMR-008604,2020-12-25 13:56:09.205858,WO-001998,routine,2,3
XFMR-008604,2021-01-20 13:56:09.205869,WO-001999,preventive,4,3
XFMR-008604,2021-02-03 13:56:09.205884,WO-002000,routine,4,3
XFMR-012573,2025-01-08 13:56:09.205912,WO-002001,routine,1,1
XFMR-012573,2025-01-14 13:56:09.205923,WO-002002,routine,2,1
XFMR-012573,2018-10-31 13:56:09.205933,WO-002003,routine,2,1
XFMR-004098,2025-01-16 13:56:09.205959,WO-002004,routine,1,2
XFMR-019018,2016-09-26 13:56:09.205988,WO-002005,routine,5,5
XFMR-019018,2018-05-26 13:56:09.206003,WO-002006,routine,5,5
XFMR-005546,2022-03-05 13:56:09.206027,WO-002007,routine,1,1
XFMR-005546,2019-03-22 13:56:09.206042,WO-002008,routine,2,1
XFMR-016179,2020-04-10 13:56:09.206075,WO-002009,routine,5,4
XFMR-016179,2017-04-13 13:56:09.206091,WO-002010,preventive,5,4
XFMR-016179,2020-07-18 13:56:09.206103,WO-002011,routine,4,4
XFMR-002128,2016-07-07 13:56:09.206130,WO-002012,routine,2,1
XFMR-006240,2021-11-09 13:56:09.206155,WO-002013,routine,2,2
XFMR-006240,2021-02-07 13:56:09.206167,WO-002014,routine,2,2
XFMR-019572,2020-02-14 13:56:09.206194,WO-002015,routine,4,3
XFMR-020078,2018-12-01 13:56:09.206222,WO-002016,routine,3,3
XFMR-020078,2021-07-30 13:56:09.206238,WO-002017,routine,2,3
XFMR-003734,2018-01-09 13:56:09.206261,WO-002018,routine,2,1
XFMR-003734,2025-08-17 13:56:09.206275,WO-002019,routine,1,1
XFMR-008300,2025-02-10 13:56:09.206298,WO-002020,routine,1,2
XFMR-010498,2022-06-18 13:56:09.206326,WO-002021,routine,4,5
XFMR-010498,2023-01-09 13:56:09.206338,WO-002022,routine,4,5
XFMR-010498,2021-11-26 13:56:09.206350,WO-002023,routine,5,5
XFMR-019084,2025-05-25 13:56:09.206374,WO-002024,routine,2,3
XFMR-007725,2023-03-27 13:56:09.206399,WO-002025,routine,4,5
XFMR-007725,2019-04-07 13:56:09.206413,WO-002026,routine,4,5
XFMR-016536,2022-06-19 13:56:09.206436,WO-002027,routine,5,5
XFMR-019413,2025-05-01 13:56:09.206457,WO-002028,preventive,3,2
XFMR-019413,2020-02-21 13:56:09.206471,WO-002029,routine,2,2
XFMR-019413,2018-09-18 13:56:09.206485,WO-002030,emergency,2,2
XFMR-013967,2024-10-24 13:56:09.206508,WO-002031,routine,2,3
XFMR-016473,2019-02-14 13:56:09.206529,WO-002032,preventive,4,5
XFMR-016473,2021-01-13 13:56:09.206541,WO-002033,emergency,5,5
XFMR-016473,2020-12-03 13:56:09.206554,WO-002034,routine,5,5
XFMR-018486,2025-09-07 13:56:09.206581,WO-002035,routine,3,4
XFMR-018486,2021-08-01 13:56:09.206592,WO-002036,routine,3,4
XFMR-018182,2020-10-12 13:56:09.206612,WO-002037,routine,2,2
XFMR-018182,2024-07-06 13:56:09.206624,WO-002038,preventive,3,2
XFMR-018182,2024-02-11 13:56:09.206638,WO-002039,routine,2,2
XFMR-001573,2017-12-14 13:56:09.206664,WO-002040,routine,3,4
XFMR-001573,2019-05-22 13:56:09.206674,WO-002041,routine,3,4
XFMR-016551,2025-12-15 13:56:09.206694,WO-002042,routine,2,2
XFMR-000324,2021-02-26 13:56:09.206718,WO-002043,routine,3,4
XFMR-000324,2021-02-28 13:56:09.206733,WO-002044,preventive,4,4
XFMR-000324,2017-12-30 13:56:09.206747,WO-002045,emergency,4,4
XFMR-012811,2025-01-09 13:56:09.206771,WO-002046,routine,3,3
XFMR-012811,2016-08-15 13:56:09.206782,WO-002047,routine,4,3
XFMR-012811,2025-05-09 13:56:09.206792,WO-002048,routine,4,3
XFMR-002726,2016-07-13 13:56:09.206819,WO-002049,routine,2,2
XFMR-005504,2022-11-17 13:56:09.206843,WO-002050,routine,4,4
XFMR-011149,2025-07-29 13:56:09.206864,WO-002051,routine,1,1
XFMR-011149,2021-01-02 13:56:09.206876,WO-002052,routine,2,1
XFMR-005023,2024-11-29 13:56:09.206903,WO-002053,routine,5,5
XFMR-005023,2016-07-13 13:56:09.206917,WO-002054,emergency,5,5
XFMR-005023,2025-11-06 13:56:09.206928,WO-002055,routine,4,5
XFMR-014135,2023-08-18 13:56:09.206955,WO-002056,emergency,4,4
XFMR-006329,2019-12-03 13:56:09.206981,WO-002057,routine,1,1
XFMR-003959,2018-01-31 13:56:09.207006,WO-002058,routine,2,2
XFMR-003959,2018-11-12 13:56:09.207019,WO-002059,routine,3,2
XFMR-015739,2024-02-26 13:56:09.207046,WO-002060,emergency,2,2
XFMR-015739,2019-04-28 13:56:09.207060,WO-002061,routine,2,2
XFMR-001193,2016-07-06 13:56:09.207087,WO-002062,routine,5,5
XFMR-001193,2024-07-15 13:56:09.207102,WO-002063,routine,5,5
XFMR-001193,2019-11-28 13:56:09.207116,WO-002064,preventive,5,5
XFMR-003353,2025-07-03 13:56:09.207139,WO-002065,emergency,5,5
XFMR-019397,2019-03-17 13:56:09.207166,WO-002066,preventive,2,2
XFMR-006007,2016-10-22 13:56:09.207194,WO-002067,routine,3,2
XFMR-006007,2019-06-20 13:56:09.207209,WO-002068,routine,2,2
XFMR-021091,2017-04-14 13:56:09.207233,WO-002069,preventive,3,3
XFMR-021091,2024-11-25 13:56:09.207246,WO-002070,preventive,2,3
XFMR-021091,2019-09-07 13:56:09.207258,WO-002071,routine,2,3
XFMR-019004,2017-02-14 13:56:09.207283,WO-002072,routine,2,1
XFMR-019004,2018-12-24 13:56:09.207297,WO-002073,preventive,1,1
XFMR-019004,2019-01-16 13:56:09.207311,WO-002074,routine,1,1
XFMR-007487,2024-11-20 13:56:09.207338,WO-002075,routine,5,4
XFMR-007487,2022-06-12 13:56:09.207350,WO-002076,routine,4,4
XFMR-006647,2016-11-24 13:56:09.207379,WO-002077,routine,5,4
XFMR-001053,2018-08-20 13:56:09.207402,WO-002078,routine,5,5
XFMR-001053,2024-12-10 13:56:09.207413,WO-002079,routine,4,5
XFMR-001053,2018-10-27 13:56:09.207423,WO-002080,routine,4,5
XFMR-005946,2019-09-18 13:56:09.207450,WO-002081,routine,5,5
XFMR-005946,2023-11-15 13:56:09.207464,WO-002082,routine,4,5
XFMR-013673,2024-01-15 13:56:09.207484,WO-002083,routine,3,2
XFMR-013673,2024-08-23 13:56:09.207495,WO-002084,routine,2,2
XFMR-006865,2019-02-01 13:56:09.207520,WO-002085,preventive,3,3
XFMR-006865,2024-07-03 13:56:09.207535,WO-002086,routine,4,3
XFMR-006865,2024-05-07 13:56:09.207547,WO-002087,emergency,3,3
XFMR-014920,2020-12-17 13:56:09.207572,WO-002088,preventive,5,5
XFMR-014920,2023-07-09 13:56:09.207582,WO-002089,preventive,5,5
XFMR-014920,2020-11-22 13:56:09.207595,WO-002090,routine,5,5
XFMR-011032,2019-05-19 13:56:09.207622,WO-002091,routine,2,3
XFMR-011032,2018-07-31 13:56:09.207634,WO-002092,emergency,4,3
XFMR-011032,2021-12-05 13:56:09.207644,WO-002093,preventive,3,3
XFMR-012241,2023-03-08 13:56:09.207664,WO-002094,routine,2,1
XFMR-012241,2024-08-06 13:56:09.207675,WO-002095,routine,1,1
XFMR-012241,2017-12-21 13:56:09.207688,WO-002096,routine,2,1
XFMR-006000,2022-07-03 13:56:09.207716,WO-002097,routine,1,1
XFMR-013803,2022-08-20 13:56:09.207742,WO-002098,emergency,4,4
XFMR-013803,2024-09-09 13:56:09.207754,WO-002099,routine,5,4
XFMR-014041,2016-05-01 13:56:09.207784,WO-002100,routine,3,2
XFMR-014041,2021-04-30 13:56:09.207798,WO-002101,preventive,1,2
XFMR-014035,2022-09-28 13:56:09.207825,WO-002102,routine,3,3
XFMR-014035,2018-11-15 13:56:09.207837,WO-002103,emergency,4,3
XFMR-014035,2020-10-22 13:56:09.207847,WO-002104,preventive,3,3
XFMR-003818,2018-09-26 13:56:09.207871,WO-002105,routine,2,3
XFMR-003818,2016-08-26 13:56:09.207885,WO-002106,preventive,4,3
XFMR-003818,2023-07-13 13:56:09.207899,WO-002107,routine,3,3
XFMR-018772,2022-05-29 13:56:09.207926,WO-002108,preventive,2,3
XFMR-018772,2018-07-16 13:56:09.207940,WO-002109,routine,4,3
XFMR-018667,2024-12-10 13:56:09.207971,WO-002110,emergency,4,3
XFMR-018667,2019-07-19 13:56:09.207984,WO-002111,routine,4,3
XFMR-001902,2019-12-30 13:56:09.208011,WO-002112,routine,4,4
XFMR-001902,2022-12-16 13:56:09.208026,WO-002113,routine,3,4
XFMR-001902,2019-06-11 13:56:09.208040,WO-002114,preventive,3,4
XFMR-017067,2025-06-04 13:56:09.208067,WO-002115,routine,4,3
XFMR-007720,2016-11-11 13:56:09.208095,WO-002116,emergency,2,3
XFMR-007720,2023-06-02 13:56:09.208109,WO-002117,preventive,4,3
XFMR-007720,2020-06-25 13:56:09.208119,WO-002118,routine,3,3
XFMR-013474,2024-06-13 13:56:09.208146,WO-002119,routine,5,4
XFMR-013474,2019-03-19 13:56:09.208161,WO-002120,preventive,3,4
XFMR-014150,2021-08-13 13:56:09.208189,WO-002121,routine,3,2
XFMR-014150,2020-01-11 13:56:09.208202,WO-002122,routine,1,2
XFMR-014150,2023-08-08 13:56:09.208213,WO-002123,routine,2,2
XFMR-008417,2021-09-12 13:56:09.208237,WO-002124,routine,3,3
XFMR-004611,2016-11-01 13:56:09.208263,WO-002125,routine,4,4
XFMR-004611,2024-07-14 13:56:09.208277,WO-002126,routine,4,4
XFMR-003533,2016-12-11 13:56:09.208304,WO-002127,routine,5,5
XFMR-003533,2017-11-01 13:56:09.208318,WO-002128,routine,5,5
XFMR-003533,2018-09-16 13:56:09.208329,WO-002129,routine,5,5
XFMR-014235,2019-02-24 13:56:09.208357,WO-002130,routine,3,3
XFMR-014235,2025-02-28 13:56:09.208370,WO-002131,preventive,3,3
XFMR-011661,2016-12-11 13:56:09.208390,WO-002132,routine,2,2
XFMR-011661,2021-04-08 13:56:09.208400,WO-002133,routine,3,2
XFMR-013584,2022-09-06 13:56:09.208425,WO-002134,preventive,3,4
XFMR-013584,2018-09-01 13:56:09.208440,WO-002135,routine,5,4
XFMR-013584,2017-09-12 13:56:09.208452,WO-002136,routine,3,4
XFMR-019978,2022-03-29 13:56:09.208471,WO-002137,routine,4,3
XFMR-019978,2019-04-02 13:56:09.208482,WO-002138,preventive,4,3
XFMR-019978,2018-12-24 13:56:09.208494,WO-002139,preventive,3,3
XFMR-014361,2021-04-27 13:56:09.208521,WO-002140,routine,5,4
XFMR-014361,2025-04-05 13:56:09.208533,WO-002141,preventive,3,4
XFMR-013885,2025-04-01 13:56:09.208553,WO-002142,emergency,4,3
XFMR-013885,2016-10-24 13:56:09.208564,WO-002143,routine,4,3
XFMR-019876,2023-02-04 13:56:09.208590,WO-002144,emergency,2,1
XFMR-019876,2019-07-23 13:56:09.208605,WO-002145,routine,1,1
XFMR-013134,2022-05-26 13:56:09.208627,WO-002146,routine,1,2
XFMR-013134,2017-05-06 13:56:09.208638,WO-002147,preventive,3,2
XFMR-013134,2018-07-14 13:56:09.208651,WO-002148,emergency,2,2
XFMR-015940,2023-02-28 13:56:09.208675,WO-002149,routine,3,2
XFMR-015940,2023-05-15 13:56:09.208687,WO-002150,emergency,1,2
XFMR-004721,2024-04-02 13:56:09.208711,WO-002151,preventive,5,5
XFMR-004721,2024-05-12 13:56:09.208726,WO-002152,routine,5,5
XFMR-004721,2020-10-02 13:56:09.208739,WO-002153,routine,4,5
XFMR-017093,2022-10-19 13:56:09.208767,WO-002154,routine,3,4
XFMR-017093,2019-12-08 13:56:09.208782,WO-002155,routine,5,4
XFMR-000876,2021-06-05 13:56:09.208809,WO-002156,routine,3,2
XFMR-000876,2021-01-26 13:56:09.208820,WO-002157,preventive,1,2
XFMR-000876,2016-08-11 13:56:09.208830,WO-002158,preventive,1,2
XFMR-009304,2020-06-23 13:56:09.208851,WO-002159,routine,3,2
XFMR-009304,2020-08-09 13:56:09.208866,WO-002160,preventive,3,2
XFMR-015802,2020-10-12 13:56:09.208891,WO-002161,routine,4,3
XFMR-015802,2020-03-10 13:56:09.208902,WO-002162,preventive,2,3
XFMR-015802,2025-12-13 13:56:09.208912,WO-002163,emergency,2,3
XFMR-002044,2020-04-22 13:56:09.208935,WO-002164,preventive,4,4
XFMR-002596,2017-09-26 13:56:09.208963,WO-002165,routine,1,2
XFMR-002596,2025-07-08 13:56:09.208975,WO-002166,routine,3,2
XFMR-002256,2025-03-04 13:56:09.209001,WO-002167,routine,5,4
XFMR-002256,2021-10-10 13:56:09.209016,WO-002168,routine,5,4
XFMR-019754,2018-11-12 13:56:09.209037,WO-002169,routine,3,4
XFMR-002021,2017-06-08 13:56:09.209062,WO-002170,preventive,4,3
XFMR-019850,2017-04-24 13:56:09.209090,WO-002171,preventive,3,3
XFMR-019850,2019-01-16 13:56:09.209101,WO-002172,routine,3,3
XFMR-002782,2017-02-05 13:56:09.209127,WO-002173,routine,1,2
XFMR-002782,2023-11-07 13:56:09.209142,WO-002174,routine,1,2
XFMR-013308,2018-08-02 13:56:09.209169,WO-002175,routine,4,3
XFMR-013308,2022-04-10 13:56:09.209182,WO-002176,routine,2,3
XFMR-017042,2024-01-18 13:56:09.209204,WO-002177,emergency,4,3
XFMR-017042,2024-01-18 13:56:09.209215,WO-002178,routine,2,3
XFMR-012953,2024-11-25 13:56:09.209242,WO-002179,routine,2,1
XFMR-012953,2019-06-08 13:56:09.209270,WO-002180,preventive,1,1
XFMR-016273,2023-09-18 13:56:09.209338,WO-002181,preventive,4,4
XFMR-016273,2017-01-17 13:56:09.209358,WO-002182,preventive,5,4
XFMR-011266,2026-01-02 13:56:09.209395,WO-002183,routine,1,2
XFMR-011266,2020-05-30 13:56:09.209415,WO-002184,preventive,3,2
XFMR-003895,2017-09-18 13:56:09.209444,WO-002185,routine,3,4
XFMR-011563,2020-04-05 13:56:09.209476,WO-002186,emergency,4,4
XFMR-011563,2022-05-23 13:56:09.209490,WO-002187,emergency,5,4
XFMR-005461,2022-12-12 13:56:09.209514,WO-002188,preventive,3,4
XFMR-005461,2020-02-14 13:56:09.209527,WO-002189,routine,5,4
XFMR-000347,2018-02-02 13:56:09.209549,WO-002190,routine,3,3
XFMR-003296,2018-11-09 13:56:09.209571,WO-002191,preventive,3,3
XFMR-015256,2021-09-23 13:56:09.209593,WO-002192,routine,3,4
XFMR-015256,2025-04-03 13:56:09.209605,WO-002193,preventive,3,4
XFMR-013714,2018-07-27 13:56:09.209626,WO-002194,routine,2,3
XFMR-013714,2017-10-06 13:56:09.209637,WO-002195,routine,4,3
XFMR-013714,2018-08-04 13:56:09.209648,WO-002196,routine,2,3
XFMR-008844,2016-11-13 13:56:09.209669,WO-002197,routine,1,2
XFMR-008844,2019-09-19 13:56:09.209681,WO-002198,routine,1,2
XFMR-008844,2021-01-22 13:56:09.209691,WO-002199,routine,2,2
XFMR-009469,2026-01-15 13:56:09.209712,WO-002200,routine,2,3
XFMR-009469,2022-07-29 13:56:09.209724,WO-002201,routine,4,3
XFMR-010944,2019-02-28 13:56:09.209745,WO-002202,routine,3,2
XFMR-010944,2026-01-16 13:56:09.209756,WO-002203,preventive,3,2
XFMR-001963,2017-04-28 13:56:09.209779,WO-002204,routine,2,3
XFMR-012668,2022-06-02 13:56:09.209801,WO-002205,preventive,5,5
XFMR-004398,2016-09-04 13:56:09.209822,WO-002206,preventive,3,2
XFMR-007748,2018-12-21 13:56:09.209849,WO-002207,routine,3,3
XFMR-007748,2019-12-13 13:56:09.209861,WO-002208,routine,2,3
XFMR-011523,2022-05-28 13:56:09.209884,WO-002209,preventive,1,2
XFMR-011523,2021-06-23 13:56:09.209895,WO-002210,emergency,3,2
XFMR-011523,2025-12-21 13:56:09.209907,WO-002211,routine,1,2
XFMR-014851,2019-06-18 13:56:09.209934,WO-002212,routine,4,3
XFMR-002172,2023-01-14 13:56:09.209963,WO-002213,preventive,3,2
XFMR-003807,2022-08-15 13:56:09.209987,WO-002214,routine,1,2
XFMR-012287,2018-07-24 13:56:09.210014,WO-002215,emergency,3,2
XFMR-012287,2017-02-13 13:56:09.210029,WO-002216,routine,1,2
XFMR-003257,2023-08-22 13:56:09.210057,WO-002217,preventive,1,1
XFMR-007570,2021-12-17 13:56:09.210086,WO-002218,routine,2,1
XFMR-000745,2016-12-26 13:56:09.210115,WO-002219,routine,4,4
XFMR-000745,2021-02-03 13:56:09.210131,WO-002220,routine,3,4
XFMR-019141,2022-01-28 13:56:09.210207,WO-002221,routine,4,3
XFMR-019141,2017-09-02 13:56:09.210242,WO-002222,preventive,3,3
XFMR-017346,2024-10-31 13:56:09.210285,WO-002223,routine,2,2
XFMR-009015,2021-11-22 13:56:09.210323,WO-002224,routine,2,2
XFMR-009015,2018-06-29 13:56:09.210339,WO-002225,routine,1,2
XFMR-007294,2018-02-14 13:56:09.210364,WO-002226,routine,3,4
XFMR-007294,2019-08-11 13:56:09.210376,WO-002227,routine,4,4
XFMR-009647,2016-08-06 13:56:09.210402,WO-002228,routine,2,3
XFMR-009647,2024-06-12 13:56:09.210414,WO-002229,routine,3,3
XFMR-004772,2020-09-24 13:56:09.210436,WO-002230,routine,5,5
XFMR-000650,2025-01-07 13:56:09.210458,WO-002231,routine,2,3
XFMR-000650,2016-08-05 13:56:09.210470,WO-002232,routine,3,3
XFMR-000650,2023-10-12 13:56:09.210480,WO-002233,routine,3,3
XFMR-000439,2025-10-23 13:56:09.210506,WO-002234,routine,2,2
XFMR-000439,2024-10-07 13:56:09.210518,WO-002235,routine,2,2
XFMR-000439,2021-01-11 13:56:09.210529,WO-002236,routine,2,2
XFMR-018821,2024-04-30 13:56:09.210550,WO-002237,routine,3,3
XFMR-013323,2021-08-20 13:56:09.210571,WO-002238,routine,2,1
XFMR-013323,2021-11-12 13:56:09.210582,WO-002239,routine,2,1
XFMR-013323,2023-08-01 13:56:09.210593,WO-002240,routine,1,1
XFMR-005474,2019-11-14 13:56:09.210613,WO-002241,routine,1,2
XFMR-005474,2020-07-29 13:56:09.210624,WO-002242,routine,3,2
XFMR-005474,2025-12-01 13:56:09.210635,WO-002243,routine,3,2
XFMR-006675,2024-04-04 13:56:09.210655,WO-002244,routine,1,1
XFMR-006675,2017-09-24 13:56:09.210666,WO-002245,routine,1,1
XFMR-002534,2019-05-12 13:56:09.210687,WO-002246,preventive,1,2
XFMR-002534,2022-05-23 13:56:09.210698,WO-002247,preventive,1,2
XFMR-002534,2020-10-03 13:56:09.210708,WO-002248,routine,1,2
XFMR-007584,2025-03-07 13:56:09.210729,WO-002249,preventive,1,2
XFMR-007584,2016-07-16 13:56:09.210740,WO-002250,routine,1,2
XFMR-007584,2020-11-08 13:56:09.210750,WO-002251,routine,1,2
XFMR-010748,2023-11-26 13:56:09.210779,WO-002252,routine,5,4
XFMR-006244,2020-12-11 13:56:09.210800,WO-002253,routine,3,3
XFMR-006244,2022-05-19 13:56:09.210811,WO-002254,routine,4,3
XFMR-006244,2021-10-28 13:56:09.210822,WO-002255,routine,4,3
XFMR-015119,2017-04-14 13:56:09.210846,WO-002256,routine,3,3
XFMR-015119,2018-07-24 13:56:09.210862,WO-002257,emergency,3,3
XFMR-018546,2020-11-11 13:56:09.210886,WO-002258,routine,2,3
XFMR-018546,2026-01-27 13:56:09.210901,WO-002259,routine,3,3
XFMR-003329,2019-06-03 13:56:09.210929,WO-002260,routine,5,4
XFMR-003329,2021-05-03 13:56:09.210944,WO-002261,routine,5,4
XFMR-003329,2024-12-02 13:56:09.210958,WO-002262,routine,3,4
XFMR-006664,2019-09-28 13:56:09.210983,WO-002263,routine,3,2
XFMR-006664,2016-05-02 13:56:09.210998,WO-002264,routine,2,2
XFMR-002301,2019-08-10 13:56:09.211023,WO-002265,preventive,2,3
XFMR-004549,2024-11-06 13:56:09.211050,WO-002266,routine,4,3
XFMR-004549,2023-07-20 13:56:09.211065,WO-002267,routine,3,3
XFMR-004549,2020-04-04 13:56:09.211079,WO-002268,routine,3,3
XFMR-003190,2024-08-12 13:56:09.211105,WO-002269,routine,4,5
XFMR-003190,2024-11-11 13:56:09.211116,WO-002270,routine,5,5
XFMR-007133,2025-03-26 13:56:09.211136,WO-002271,routine,2,3
XFMR-010503,2022-09-13 13:56:09.211157,WO-002272,routine,4,4
XFMR-010503,2018-05-19 13:56:09.211167,WO-002273,routine,4,4
XFMR-010503,2020-02-05 13:56:09.211178,WO-002274,preventive,5,4
XFMR-003001,2019-05-17 13:56:09.211201,WO-002275,emergency,4,3
XFMR-003001,2017-11-17 13:56:09.211212,WO-002276,routine,4,3
XFMR-003001,2023-09-09 13:56:09.211222,WO-002277,routine,4,3
XFMR-011975,2023-09-08 13:56:09.211242,WO-002278,routine,1,1
XFMR-011975,2017-03-01 13:56:09.211253,WO-002279,routine,2,1
XFMR-011975,2025-04-03 13:56:09.211263,WO-002280,preventive,1,1
XFMR-007496,2016-04-13 13:56:09.211283,WO-002281,routine,2,2
XFMR-007496,2021-08-18 13:56:09.211294,WO-002282,preventive,1,2
XFMR-015102,2023-02-13 13:56:09.211314,WO-002283,routine,2,1
XFMR-010715,2025-04-09 13:56:09.211334,WO-002284,routine,5,5
XFMR-010715,2024-05-25 13:56:09.211345,WO-002285,routine,5,5
XFMR-004352,2019-12-07 13:56:09.211365,WO-002286,routine,3,3
XFMR-010306,2021-07-31 13:56:09.211386,WO-002287,routine,5,4
XFMR-011343,2020-08-05 13:56:09.211406,WO-002288,routine,4,3
XFMR-011343,2016-03-14 13:56:09.211417,WO-002289,routine,3,3
XFMR-011468,2022-07-18 13:56:09.211437,WO-002290,routine,2,3
XFMR-011468,2022-10-18 13:56:09.211448,WO-002291,routine,3,3
XFMR-004160,2017-12-09 13:56:09.211468,WO-002292,routine,2,2
XFMR-004160,2022-08-14 13:56:09.211479,WO-002293,routine,1,2
XFMR-004160,2025-04-24 13:56:09.211489,WO-002294,routine,1,2
XFMR-005032,2024-04-27 13:56:09.211509,WO-002295,routine,3,2
XFMR-005032,2016-08-28 13:56:09.211519,WO-002296,preventive,2,2
XFMR-005032,2018-02-27 13:56:09.211529,WO-002297,preventive,1,2
XFMR-009936,2017-04-21 13:56:09.211549,WO-002298,routine,3,2
XFMR-005972,2019-06-19 13:56:09.211570,WO-002299,preventive,3,2
XFMR-005972,2020-07-13 13:56:09.211581,WO-002300,preventive,3,2
XFMR-005972,2017-04-22 13:56:09.211591,WO-002301,routine,1,2
XFMR-016920,2020-10-17 13:56:09.211610,WO-002302,routine,3,3
XFMR-016920,2018-03-20 13:56:09.211621,WO-002303,routine,2,3
XFMR-016920,2017-12-20 13:56:09.211631,WO-002304,routine,2,3
XFMR-011160,2025-09-30 13:56:09.211651,WO-002305,routine,2,2
XFMR-014094,2024-06-18 13:56:09.211671,WO-002306,routine,3,4
XFMR-018240,2017-09-22 13:56:09.211692,WO-002307,emergency,4,4
XFMR-018240,2025-10-16 13:56:09.211702,WO-002308,routine,3,4
XFMR-006254,2018-07-14 13:56:09.211722,WO-002309,routine,3,2
XFMR-006254,2023-11-30 13:56:09.211733,WO-002310,preventive,2,2
XFMR-008701,2016-03-15 13:56:09.211755,WO-002311,routine,2,3
XFMR-012959,2016-06-27 13:56:09.211781,WO-002312,preventive,4,4
XFMR-012959,2018-01-09 13:56:09.211792,WO-002313,preventive,3,4
XFMR-012959,2021-08-07 13:56:09.211802,WO-002314,routine,5,4
XFMR-001329,2020-12-23 13:56:09.211822,WO-002315,emergency,4,4
XFMR-001329,2021-09-19 13:56:09.211833,WO-002316,routine,3,4
XFMR-002677,2025-05-14 13:56:09.211852,WO-002317,routine,3,2
XFMR-002677,2023-11-06 13:56:09.211864,WO-002318,routine,3,2
XFMR-002677,2021-11-29 13:56:09.211875,WO-002319,preventive,3,2
XFMR-013925,2022-12-02 13:56:09.211896,WO-002320,routine,5,5
XFMR-012240,2020-05-26 13:56:09.211917,WO-002321,preventive,4,4
XFMR-012240,2018-01-25 13:56:09.211928,WO-002322,preventive,4,4
XFMR-012240,2023-05-26 13:56:09.211940,WO-002323,routine,4,4
XFMR-014754,2019-09-07 13:56:09.211966,WO-002324,routine,3,3
XFMR-014754,2023-03-31 13:56:09.211978,WO-002325,routine,3,3
XFMR-014754,2019-09-30 13:56:09.211991,WO-002326,routine,4,3
XFMR-003687,2018-07-27 13:56:09.212018,WO-002327,routine,5,4
XFMR-003687,2025-04-09 13:56:09.212032,WO-002328,routine,4,4
XFMR-012149,2020-01-22 13:56:09.212052,WO-002329,routine,1,1
XFMR-012149,2018-09-13 13:56:09.212064,WO-002330,routine,1,1
XFMR-012149,2024-07-22 13:56:09.212078,WO-002331,routine,1,1
XFMR-007802,2020-01-28 13:56:09.212103,WO-002332,routine,1,2
XFMR-007802,2023-06-02 13:56:09.212117,WO-002333,routine,2,2
XFMR-001098,2025-10-07 13:56:09.212143,WO-002334,routine,1,2
XFMR-008507,2022-02-26 13:56:09.212171,WO-002335,routine,1,1
XFMR-008507,2019-12-14 13:56:09.212182,WO-002336,routine,2,1
XFMR-020590,2025-05-06 13:56:09.212202,WO-002337,routine,3,2
XFMR-020590,2016-09-03 13:56:09.212213,WO-002338,routine,1,2
XFMR-020590,2019-08-21 13:56:09.212224,WO-002339,preventive,1,2
XFMR-010509,2021-03-14 13:56:09.212245,WO-002340,routine,3,2
XFMR-010509,2022-12-16 13:56:09.212257,WO-002341,emergency,2,2
XFMR-010509,2016-05-25 13:56:09.212270,WO-002342,routine,2,2
XFMR-008509,2022-10-16 13:56:09.212300,WO-002343,routine,3,4
XFMR-008509,2024-06-23 13:56:09.212311,WO-002344,routine,5,4
XFMR-008509,2022-09-19 13:56:09.212322,WO-002345,routine,4,4
XFMR-018731,2020-05-04 13:56:09.212342,WO-002346,routine,2,2
XFMR-001769,2024-01-17 13:56:09.212363,WO-002347,preventive,3,4
XFMR-001769,2024-06-30 13:56:09.212373,WO-002348,routine,5,4
XFMR-001769,2021-04-19 13:56:09.212383,WO-002349,routine,3,4
XFMR-020207,2018-05-27 13:56:09.212407,WO-002350,routine,2,1
XFMR-020207,2016-07-16 13:56:09.212418,WO-002351,routine,1,1
XFMR-009537,2017-09-08 13:56:09.212439,WO-002352,emergency,1,2
XFMR-009537,2020-02-27 13:56:09.212450,WO-002353,routine,1,2
XFMR-009537,2021-03-05 13:56:09.212460,WO-002354,routine,3,2
XFMR-020197,2020-12-20 13:56:09.212480,WO-002355,routine,3,2
XFMR-020197,2025-08-27 13:56:09.212491,WO-002356,routine,3,2
XFMR-016267,2025-03-06 13:56:09.212510,WO-002357,routine,3,4
XFMR-015995,2023-07-23 13:56:09.212531,WO-002358,routine,4,4
XFMR-015995,2019-01-13 13:56:09.212542,WO-002359,routine,4,4
XFMR-015995,2022-03-16 13:56:09.212554,WO-002360,routine,3,4
XFMR-012982,2018-10-23 13:56:09.212574,WO-002361,routine,4,3
XFMR-012982,2020-01-10 13:56:09.212584,WO-002362,routine,3,3
XFMR-007403,2024-02-26 13:56:09.212604,WO-002363,routine,3,4
XFMR-002333,2022-05-11 13:56:09.212625,WO-002364,preventive,3,2
XFMR-002333,2019-08-04 13:56:09.212636,WO-002365,preventive,3,2
XFMR-012541,2016-05-26 13:56:09.212655,WO-002366,routine,1,1
XFMR-012541,2019-05-22 13:56:09.212666,WO-002367,routine,1,1
XFMR-003499,2022-09-23 13:56:09.212686,WO-002368,routine,3,3
XFMR-012024,2021-01-31 13:56:09.212709,WO-002369,routine,4,3
XFMR-012024,2021-09-03 13:56:09.212720,WO-002370,routine,2,3
XFMR-012024,2023-05-04 13:56:09.212730,WO-002371,routine,3,3
XFMR-007600,2024-09-13 13:56:09.212752,WO-002372,routine,2,2
XFMR-007600,2018-08-27 13:56:09.212771,WO-002373,routine,2,2
XFMR-011742,2019-08-09 13:56:09.212794,WO-002374,preventive,5,4
XFMR-011742,2024-04-04 13:56:09.212806,WO-002375,preventive,3,4
XFMR-011814,2021-08-29 13:56:09.212828,WO-002376,routine,5,4
XFMR-004610,2022-07-19 13:56:09.212851,WO-002377,preventive,3,2
XFMR-004610,2017-04-15 13:56:09.212863,WO-002378,routine,1,2
XFMR-004610,2021-08-31 13:56:09.212874,WO-002379,routine,1,2
XFMR-014965,2021-04-29 13:56:09.212894,WO-002380,routine,2,2
XFMR-014965,2022-08-10 13:56:09.212905,WO-002381,routine,1,2
XFMR-000539,2021-11-20 13:56:09.212926,WO-002382,routine,5,4
XFMR-000539,2023-06-30 13:56:09.212941,WO-002383,routine,4,4
XFMR-000539,2023-04-18 13:56:09.212955,WO-002384,routine,4,4
XFMR-005894,2016-10-02 13:56:09.212981,WO-002385,routine,1,2
XFMR-005894,2024-02-25 13:56:09.212994,WO-002386,emergency,3,2
XFMR-005894,2021-09-14 13:56:09.213005,WO-002387,routine,3,2
XFMR-015280,2020-01-29 13:56:09.213027,WO-002388,routine,5,4
XFMR-015280,2025-10-15 13:56:09.213039,WO-002389,emergency,4,4
XFMR-012052,2022-04-27 13:56:09.213063,WO-002390,routine,1,2
XFMR-012052,2026-01-21 13:56:09.213075,WO-002391,routine,3,2
XFMR-003434,2024-04-11 13:56:09.213101,WO-002392,routine,2,2
XFMR-003434,2016-10-22 13:56:09.213114,WO-002393,routine,1,2
XFMR-021108,2025-11-19 13:56:09.213154,WO-002394,routine,5,4
XFMR-021108,2022-08-30 13:56:09.213170,WO-002395,preventive,3,4
XFMR-021108,2019-03-11 13:56:09.213182,WO-002396,preventive,5,4
XFMR-017194,2017-07-22 13:56:09.213205,WO-002397,routine,2,3
XFMR-006892,2025-04-18 13:56:09.213227,WO-002398,routine,4,4
XFMR-006892,2024-07-17 13:56:09.213238,WO-002399,routine,5,4
XFMR-006892,2023-07-25 13:56:09.213249,WO-002400,preventive,3,4
XFMR-006528,2018-11-05 13:56:09.213276,WO-002401,routine,5,4
XFMR-006528,2018-02-18 13:56:09.213288,WO-002402,routine,3,4
XFMR-017182,2017-11-04 13:56:09.213315,WO-002403,emergency,4,3
XFMR-010093,2016-07-13 13:56:09.213344,WO-002404,preventive,3,2
XFMR-010093,2018-06-17 13:56:09.213355,WO-002405,routine,3,2
XFMR-010093,2017-11-24 13:56:09.213365,WO-002406,emergency,3,2
XFMR-001663,2023-03-06 13:56:09.213385,WO-002407,routine,4,5
XFMR-015969,2024-11-11 13:56:09.213406,WO-002408,preventive,2,2
XFMR-015969,2021-03-03 13:56:09.213417,WO-002409,routine,1,2
XFMR-015969,2019-10-31 13:56:09.213427,WO-002410,routine,2,2
XFMR-020876,2020-12-30 13:56:09.213447,WO-002411,routine,1,1
XFMR-020876,2020-02-08 13:56:09.213458,WO-002412,routine,1,1
XFMR-020876,2021-08-09 13:56:09.213468,WO-002413,preventive,1,1
XFMR-004789,2023-07-29 13:56:09.213488,WO-002414,routine,1,2
XFMR-014451,2021-02-18 13:56:09.213509,WO-002415,routine,5,5
XFMR-014451,2025-06-21 13:56:09.213519,WO-002416,routine,4,5
XFMR-014451,2020-10-29 13:56:09.213529,WO-002417,emergency,4,5
XFMR-020042,2020-11-26 13:56:09.213549,WO-002418,routine,4,3
XFMR-013104,2019-06-17 13:56:09.213570,WO-002419,routine,4,3
XFMR-013104,2025-05-27 13:56:09.213581,WO-002420,routine,3,3
XFMR-013104,2024-03-30 13:56:09.213591,WO-002421,routine,3,3
XFMR-002517,2016-08-02 13:56:09.213611,WO-002422,routine,3,3
XFMR-002517,2018-05-19 13:56:09.213621,WO-002423,routine,3,3
XFMR-002517,2022-12-22 13:56:09.213631,WO-002424,routine,2,3
XFMR-019059,2019-09-26 13:56:09.213651,WO-002425,preventive,1,2
XFMR-004541,2016-06-05 13:56:09.213672,WO-002426,routine,1,1
XFMR-020759,2024-11-05 13:56:09.213693,WO-002427,preventive,3,2
XFMR-001969,2021-04-10 13:56:09.213714,WO-002428,routine,2,2
XFMR-009854,2018-09-15 13:56:09.213734,WO-002429,routine,2,2
XFMR-009854,2023-01-18 13:56:09.213745,WO-002430,preventive,1,2
XFMR-009854,2024-12-09 13:56:09.213755,WO-002431,preventive,1,2
XFMR-014686,2023-04-08 13:56:09.213780,WO-002432,routine,1,1
XFMR-014686,2023-10-05 13:56:09.213791,WO-002433,routine,1,1
XFMR-007692,2023-08-04 13:56:09.213811,WO-002434,routine,1,1
XFMR-007692,2020-05-01 13:56:09.213822,WO-002435,routine,1,1
XFMR-007692,2018-10-05 13:56:09.213832,WO-002436,routine,1,1
XFMR-004784,2021-02-22 13:56:09.213852,WO-002437,preventive,1,2
XFMR-019227,2016-12-24 13:56:09.213873,WO-002438,routine,3,2
XFMR-019227,2022-08-28 13:56:09.213884,WO-002439,routine,3,2
XFMR-019227,2026-01-08 13:56:09.213894,WO-002440,preventive,2,2
XFMR-012296,2016-11-25 13:56:09.213914,WO-002441,routine,4,3
XFMR-012296,2019-05-03 13:56:09.213927,WO-002442,routine,4,3
XFMR-012296,2016-07-11 13:56:09.213940,WO-002443,routine,2,3
XFMR-000291,2023-09-11 13:56:09.213964,WO-002444,routine,1,1
XFMR-000291,2022-07-05 13:56:09.213976,WO-002445,preventive,1,1
XFMR-000291,2025-03-15 13:56:09.213987,WO-002446,preventive,1,1
XFMR-007529,2025-01-17 13:56:09.214009,WO-002447,routine,1,1
XFMR-011045,2019-12-06 13:56:09.214035,WO-002448,routine,3,3
XFMR-011045,2021-11-22 13:56:09.214050,WO-002449,routine,2,3
XFMR-005245,2024-08-05 13:56:09.214073,WO-002450,routine,2,3
XFMR-005245,2022-09-28 13:56:09.214085,WO-002451,emergency,2,3
XFMR-015674,2025-01-01 13:56:09.214111,WO-002452,preventive,4,3
XFMR-015674,2020-03-12 13:56:09.214123,WO-002453,routine,3,3
XFMR-018596,2020-03-07 13:56:09.214150,WO-002454,routine,3,3
XFMR-018754,2018-05-18 13:56:09.214179,WO-002455,emergency,2,1
XFMR-018754,2022-03-11 13:56:09.214192,WO-002456,preventive,2,1
XFMR-012591,2017-11-04 13:56:09.214211,WO-002457,routine,3,2
XFMR-005702,2022-07-08 13:56:09.214231,WO-002458,routine,2,2
XFMR-005702,2020-01-09 13:56:09.214242,WO-002459,preventive,1,2
XFMR-010060,2022-05-05 13:56:09.214263,WO-002460,emergency,1,2
XFMR-018381,2022-11-25 13:56:09.214286,WO-002461,routine,2,3
XFMR-018381,2017-07-15 13:56:09.214297,WO-002462,routine,4,3
XFMR-018381,2020-08-31 13:56:09.214307,WO-002463,routine,2,3
XFMR-014967,2018-12-17 13:56:09.214327,WO-002464,routine,1,2
XFMR-014967,2019-05-20 13:56:09.214337,WO-002465,routine,3,2
XFMR-020948,2022-07-09 13:56:09.214357,WO-002466,emergency,1,1
XFMR-020948,2019-03-05 13:56:09.214368,WO-002467,routine,2,1
XFMR-004520,2024-05-04 13:56:09.214394,WO-002468,preventive,3,2
XFMR-004520,2019-12-01 13:56:09.214405,WO-002469,routine,1,2
XFMR-004520,2019-10-31 13:56:09.214415,WO-002470,routine,1,2
XFMR-010278,2022-09-08 13:56:09.214434,WO-002471,emergency,2,2
XFMR-011433,2020-08-12 13:56:09.214455,WO-002472,routine,4,3
XFMR-003573,2020-02-22 13:56:09.214475,WO-002473,emergency,2,3
XFMR-003573,2019-04-06 13:56:09.214485,WO-002474,routine,2,3
XFMR-003573,2022-03-30 13:56:09.214495,WO-002475,routine,4,3
XFMR-021253,2017-05-18 13:56:09.214515,WO-002476,routine,1,2
XFMR-021253,2022-11-09 13:56:09.214525,WO-002477,routine,1,2
XFMR-002843,2022-12-19 13:56:09.214545,WO-002478,routine,4,4
XFMR-002843,2017-06-30 13:56:09.214555,WO-002479,routine,5,4
XFMR-002843,2018-04-21 13:56:09.214565,WO-002480,routine,3,4
XFMR-011437,2018-11-19 13:56:09.214584,WO-002481,preventive,5,4
XFMR-008730,2021-08-23 13:56:09.214605,WO-002482,routine,1,2
XFMR-008730,2023-04-16 13:56:09.214615,WO-002483,routine,1,2
XFMR-008730,2016-04-15 13:56:09.214625,WO-002484,routine,2,2
XFMR-004654,2020-05-26 13:56:09.214644,WO-002485,routine,5,5
XFMR-004654,2022-07-08 13:56:09.214655,WO-002486,preventive,5,5
XFMR-004820,2023-10-10 13:56:09.214674,WO-002487,preventive,1,1
XFMR-002886,2021-04-20 13:56:09.214694,WO-002488,routine,5,5
XFMR-002886,2019-06-17 13:56:09.214705,WO-002489,routine,5,5
XFMR-007098,2022-08-27 13:56:09.214724,WO-002490,routine,1,1
XFMR-002562,2020-05-15 13:56:09.214744,WO-002491,preventive,4,4
XFMR-002562,2023-03-31 13:56:09.214755,WO-002492,routine,3,4
XFMR-002562,2023-05-16 13:56:09.214773,WO-002493,emergency,3,4
XFMR-005437,2019-01-16 13:56:09.214792,WO-002494,routine,4,3
XFMR-005437,2025-05-18 13:56:09.214803,WO-002495,preventive,3,3
XFMR-005437,2022-08-19 13:56:09.214813,WO-002496,emergency,4,3
XFMR-020181,2023-07-15 13:56:09.214832,WO-002497,routine,4,5
XFMR-020181,2021-04-09 13:56:09.214843,WO-002498,routine,5,5
XFMR-020181,2019-07-08 13:56:09.214853,WO-002499,routine,5,5
XFMR-006357,2024-11-26 13:56:09.214872,WO-002500,preventive,5,4
XFMR-006357,2023-09-19 13:56:09.214883,WO-002501,routine,4,4
XFMR-006357,2020-08-09 13:56:09.214892,WO-002502,routine,4,4
XFMR-005737,2025-12-21 13:56:09.214912,WO-002503,routine,3,3
XFMR-005737,2023-10-03 13:56:09.214923,WO-002504,emergency,3,3
XFMR-005737,2025-05-04 13:56:09.214934,WO-002505,routine,4,3
XFMR-018175,2020-04-08 13:56:09.214960,WO-002506,preventive,3,3
XFMR-018175,2024-04-10 13:56:09.214975,WO-002507,routine,3,3
XFMR-015212,2019-11-11 13:56:09.214996,WO-002508,routine,2,2
XFMR-015212,2020-01-29 13:56:09.215009,WO-002509,preventive,3,2
XFMR-015212,2021-12-25 13:56:09.215023,WO-002510,preventive,3,2
XFMR-011813,2025-08-01 13:56:09.215048,WO-002511,routine,2,2
XFMR-010153,2023-10-27 13:56:09.215076,WO-002512,routine,3,4
XFMR-011821,2016-06-23 13:56:09.215102,WO-002513,routine,3,3
XFMR-004681,2024-09-05 13:56:09.215127,WO-002514,preventive,4,4
XFMR-004681,2021-09-18 13:56:09.215142,WO-002515,routine,3,4
XFMR-002768,2025-03-15 13:56:09.215170,WO-002516,routine,4,3
XFMR-002768,2021-12-27 13:56:09.215185,WO-002517,preventive,2,3
XFMR-005666,2017-11-08 13:56:09.215211,WO-002518,preventive,3,4
XFMR-002930,2025-06-08 13:56:09.215231,WO-002519,preventive,4,4
XFMR-014726,2017-02-10 13:56:09.215251,WO-002520,preventive,5,4
XFMR-014726,2017-05-18 13:56:09.215261,WO-002521,routine,4,4
XFMR-005116,2020-02-15 13:56:09.215282,WO-002522,preventive,4,3
XFMR-020194,2018-08-23 13:56:09.215303,WO-002523,routine,5,4
XFMR-016303,2016-07-21 13:56:09.215323,WO-002524,emergency,4,4
XFMR-014713,2021-02-01 13:56:09.215344,WO-002525,preventive,2,2
XFMR-017961,2025-09-22 13:56:09.215364,WO-002526,routine,3,3
XFMR-000434,2018-08-15 13:56:09.215384,WO-002527,routine,2,1
XFMR-014194,2016-03-18 13:56:09.215404,WO-002528,preventive,1,2
XFMR-014194,2016-09-28 13:56:09.215414,WO-002529,routine,2,2
XFMR-004903,2024-01-23 13:56:09.215434,WO-002530,emergency,1,2
XFMR-004903,2019-11-23 13:56:09.215444,WO-002531,routine,3,2
XFMR-015557,2025-12-27 13:56:09.215464,WO-002532,routine,5,4
XFMR-015557,2021-12-12 13:56:09.215475,WO-002533,emergency,5,4
XFMR-015661,2021-05-05 13:56:09.215494,WO-002534,routine,4,3
XFMR-015661,2017-04-12 13:56:09.215504,WO-002535,routine,2,3
XFMR-015661,2016-11-12 13:56:09.215514,WO-002536,routine,2,3
XFMR-017466,2016-07-05 13:56:09.215534,WO-002537,routine,2,2
XFMR-017466,2025-03-14 13:56:09.215545,WO-002538,routine,3,2
XFMR-011968,2023-02-01 13:56:09.215564,WO-002539,routine,3,2
XFMR-011968,2016-12-28 13:56:09.215575,WO-002540,routine,1,2
XFMR-011968,2023-12-29 13:56:09.215585,WO-002541,routine,3,2
XFMR-014527,2022-01-06 13:56:09.215604,WO-002542,preventive,4,4
XFMR-014527,2023-10-20 13:56:09.215614,WO-002543,routine,3,4
XFMR-021508,2024-01-26 13:56:09.215634,WO-002544,routine,2,2
XFMR-011143,2025-10-09 13:56:09.215659,WO-002545,routine,1,2
XFMR-011143,2021-12-21 13:56:09.215670,WO-002546,preventive,1,2
XFMR-011143,2020-07-10 13:56:09.215680,WO-002547,preventive,3,2
XFMR-009041,2017-12-10 13:56:09.215699,WO-002548,routine,1,2
XFMR-004985,2023-06-03 13:56:09.215719,WO-002549,routine,5,5
XFMR-004985,2019-06-13 13:56:09.215729,WO-002550,preventive,4,5
XFMR-004985,2023-10-13 13:56:09.215739,WO-002551,routine,4,5
XFMR-009889,2020-05-24 13:56:09.215758,WO-002552,routine,1,2
XFMR-013213,2021-01-28 13:56:09.215784,WO-002553,preventive,2,1
XFMR-001273,2017-12-16 13:56:09.215806,WO-002554,routine,1,2
XFMR-018956,2020-10-29 13:56:09.215826,WO-002555,routine,5,4
XFMR-021509,2019-09-11 13:56:09.215846,WO-002556,routine,4,4
XFMR-021509,2025-03-10 13:56:09.215857,WO-002557,routine,3,4
XFMR-021509,2025-08-01 13:56:09.215867,WO-002558,emergency,4,4
XFMR-016288,2024-05-04 13:56:09.215886,WO-002559,routine,2,2
XFMR-016288,2016-05-07 13:56:09.215897,WO-002560,routine,2,2
XFMR-016288,2017-08-16 13:56:09.215907,WO-002561,routine,2,2
XFMR-004580,2019-10-11 13:56:09.215930,WO-002562,routine,3,3
XFMR-004580,2016-08-25 13:56:09.215945,WO-002563,routine,3,3
XFMR-004580,2025-06-18 13:56:09.215958,WO-002564,routine,3,3
XFMR-008408,2024-10-30 13:56:09.215980,WO-002565,routine,2,2
XFMR-008408,2025-12-06 13:56:09.215995,WO-002566,routine,2,2
XFMR-007734,2022-06-15 13:56:09.216022,WO-002567,preventive,3,2
XFMR-007734,2025-03-07 13:56:09.216037,WO-002568,emergency,1,2
XFMR-020415,2020-02-03 13:56:09.216059,WO-002569,routine,5,4
XFMR-003708,2016-09-05 13:56:09.216082,WO-002570,preventive,2,2
XFMR-019678,2017-09-26 13:56:09.216130,WO-002571,routine,1,2
XFMR-019678,2024-07-23 13:56:09.216156,WO-002572,routine,2,2
XFMR-002499,2020-09-03 13:56:09.216198,WO-002573,routine,5,5
XFMR-002499,2019-12-15 13:56:09.216212,WO-002574,routine,5,5
XFMR-011571,2019-12-23 13:56:09.216241,WO-002575,routine,3,3
XFMR-016092,2017-09-23 13:56:09.216269,WO-002576,routine,3,4
XFMR-016092,2018-06-22 13:56:09.216284,WO-002577,routine,3,4
XFMR-016092,2023-01-02 13:56:09.216299,WO-002578,routine,5,4
XFMR-012078,2023-11-11 13:56:09.216326,WO-002579,emergency,3,3
XFMR-017611,2023-09-24 13:56:09.216350,WO-002580,routine,2,3
XFMR-017611,2021-02-21 13:56:09.216361,WO-002581,preventive,2,3
XFMR-017611,2022-07-24 13:56:09.216372,WO-002582,routine,4,3
XFMR-018119,2019-04-15 13:56:09.216392,WO-002583,routine,5,5
XFMR-018119,2019-08-23 13:56:09.216403,WO-002584,routine,5,5
XFMR-015269,2022-02-15 13:56:09.216423,WO-002585,routine,1,2
XFMR-016847,2016-12-31 13:56:09.216444,WO-002586,routine,2,2
XFMR-016847,2025-10-20 13:56:09.216455,WO-002587,routine,2,2
XFMR-018224,2025-11-23 13:56:09.216475,WO-002588,routine,1,2
XFMR-018224,2023-08-13 13:56:09.216486,WO-002589,routine,2,2
XFMR-018224,2017-05-10 13:56:09.216496,WO-002590,routine,3,2
XFMR-010432,2018-01-15 13:56:09.216516,WO-002591,routine,1,1
XFMR-010432,2021-03-28 13:56:09.216527,WO-002592,preventive,1,1
XFMR-010432,2016-04-29 13:56:09.216537,WO-002593,routine,2,1
XFMR-003283,2017-07-22 13:56:09.216556,WO-002594,preventive,2,3
XFMR-003283,2019-11-07 13:56:09.216567,WO-002595,emergency,2,3
XFMR-003283,2023-03-24 13:56:09.216577,WO-002596,routine,2,3
XFMR-008488,2021-08-24 13:56:09.216602,WO-002597,emergency,4,5
XFMR-008488,2017-01-10 13:56:09.216613,WO-002598,emergency,5,5
XFMR-019309,2020-01-12 13:56:09.216632,WO-002599,routine,3,3
XFMR-017754,2024-11-29 13:56:09.216653,WO-002600,routine,4,4
XFMR-010412,2017-08-28 13:56:09.216674,WO-002601,preventive,3,2
XFMR-010412,2019-08-22 13:56:09.216684,WO-002602,preventive,3,2
XFMR-010412,2025-09-11 13:56:09.216695,WO-002603,routine,2,2
XFMR-019436,2019-05-24 13:56:09.216714,WO-002604,routine,4,4
XFMR-019436,2025-12-18 13:56:09.216725,WO-002605,preventive,3,4
XFMR-019436,2016-12-04 13:56:09.216735,WO-002606,routine,4,4
XFMR-003827,2023-11-22 13:56:09.216754,WO-002607,routine,3,2
XFMR-003827,2020-08-23 13:56:09.216773,WO-002608,preventive,2,2
XFMR-001711,2022-10-30 13:56:09.216793,WO-002609,routine,3,3
XFMR-001711,2018-07-03 13:56:09.216804,WO-002610,emergency,4,3
XFMR-011492,2025-05-14 13:56:09.216824,WO-002611,routine,4,3
XFMR-019681,2019-11-07 13:56:09.216844,WO-002612,routine,3,2
XFMR-019681,2025-01-02 13:56:09.216855,WO-002613,emergency,3,2
XFMR-019566,2017-02-16 13:56:09.216874,WO-002614,routine,2,1
XFMR-012701,2023-03-30 13:56:09.216895,WO-002615,preventive,5,4
XFMR-016369,2025-12-21 13:56:09.216915,WO-002616,routine,4,4
XFMR-016369,2024-10-09 13:56:09.216927,WO-002617,emergency,4,4
XFMR-016369,2022-01-30 13:56:09.216938,WO-002618,routine,4,4
XFMR-007722,2023-12-24 13:56:09.216964,WO-002619,routine,5,5
XFMR-007722,2022-05-04 13:56:09.216977,WO-002620,emergency,5,5
XFMR-021100,2025-10-15 13:56:09.217004,WO-002621,preventive,4,3
XFMR-021100,2016-05-11 13:56:09.217018,WO-002622,routine,2,3
XFMR-021100,2019-07-30 13:56:09.217030,WO-002623,routine,2,3
XFMR-015941,2022-04-01 13:56:09.217054,WO-002624,emergency,3,3
XFMR-015941,2021-01-27 13:56:09.217069,WO-002625,routine,2,3
XFMR-008779,2017-06-09 13:56:09.217095,WO-002626,preventive,4,3
XFMR-008779,2022-02-20 13:56:09.217108,WO-002627,routine,3,3
XFMR-010883,2017-08-27 13:56:09.217132,WO-002628,routine,3,2
XFMR-006139,2021-04-07 13:56:09.217158,WO-002629,routine,4,3
XFMR-006139,2021-12-09 13:56:09.217169,WO-002630,routine,4,3
XFMR-016411,2020-07-16 13:56:09.217191,WO-002631,routine,4,4
XFMR-016411,2023-05-02 13:56:09.217202,WO-002632,routine,4,4
XFMR-016411,2018-06-23 13:56:09.217212,WO-002633,preventive,5,4
XFMR-013355,2019-03-20 13:56:09.217232,WO-002634,preventive,1,1
XFMR-013355,2021-01-12 13:56:09.217242,WO-002635,emergency,1,1
XFMR-004731,2025-08-14 13:56:09.217264,WO-002636,routine,3,2
XFMR-004731,2017-09-10 13:56:09.217275,WO-002637,routine,1,2
XFMR-004731,2024-09-23 13:56:09.217286,WO-002638,routine,1,2
XFMR-008204,2018-12-13 13:56:09.217307,WO-002639,routine,3,2
XFMR-008204,2016-04-07 13:56:09.217319,WO-002640,routine,2,2
XFMR-007556,2020-04-30 13:56:09.217339,WO-002641,routine,2,2
XFMR-007556,2023-07-03 13:56:09.217349,WO-002642,routine,3,2
XFMR-007556,2020-09-25 13:56:09.217359,WO-002643,routine,1,2
XFMR-001581,2022-04-03 13:56:09.217379,WO-002644,preventive,3,3
XFMR-001581,2017-07-12 13:56:09.217390,WO-002645,routine,2,3
XFMR-001581,2017-07-14 13:56:09.217399,WO-002646,preventive,2,3
XFMR-008510,2016-12-10 13:56:09.217419,WO-002647,preventive,3,3
XFMR-009467,2023-11-16 13:56:09.217439,WO-002648,routine,5,5
XFMR-009467,2016-06-15 13:56:09.217450,WO-002649,routine,4,5
XFMR-009467,2018-07-27 13:56:09.217459,WO-002650,routine,4,5
XFMR-007713,2018-10-08 13:56:09.217480,WO-002651,preventive,2,2
XFMR-017559,2019-11-28 13:56:09.217500,WO-002652,routine,3,4
XFMR-017559,2021-01-03 13:56:09.217510,WO-002653,routine,5,4
XFMR-004193,2023-10-07 13:56:09.217530,WO-002654,routine,1,2
XFMR-004193,2023-08-17 13:56:09.217540,WO-002655,preventive,1,2
XFMR-004193,2018-01-11 13:56:09.217550,WO-002656,routine,1,2
XFMR-002421,2024-09-06 13:56:09.217570,WO-002657,routine,1,1
XFMR-019277,2025-11-11 13:56:09.217590,WO-002658,routine,3,3
XFMR-005872,2024-08-30 13:56:09.217610,WO-002659,routine,2,2
XFMR-004905,2019-10-26 13:56:09.217631,WO-002660,routine,4,4
XFMR-004905,2022-01-25 13:56:09.217641,WO-002661,preventive,3,4
XFMR-004905,2024-05-31 13:56:09.217651,WO-002662,preventive,5,4
XFMR-006741,2025-10-16 13:56:09.217671,WO-002663,preventive,2,3
XFMR-020803,2023-06-24 13:56:09.217692,WO-002664,routine,2,2
XFMR-020803,2022-05-25 13:56:09.217702,WO-002665,emergency,1,2
XFMR-020803,2016-10-26 13:56:09.217712,WO-002666,routine,1,2
XFMR-019503,2020-09-24 13:56:09.217732,WO-002667,routine,5,4
XFMR-019503,2021-02-03 13:56:09.217742,WO-002668,routine,4,4
XFMR-019503,2019-01-20 13:56:09.217753,WO-002669,routine,4,4
XFMR-014298,2020-05-03 13:56:09.217772,WO-002670,routine,1,1
XFMR-014298,2019-09-23 13:56:09.217783,WO-002671,routine,1,1
XFMR-014298,2018-10-03 13:56:09.217793,WO-002672,routine,2,1
XFMR-002267,2017-04-13 13:56:09.217812,WO-002673,routine,2,3
XFMR-002267,2025-05-17 13:56:09.217823,WO-002674,routine,4,3
XFMR-014561,2018-01-17 13:56:09.217843,WO-002675,preventive,1,2
XFMR-014561,2018-04-03 13:56:09.217853,WO-002676,routine,2,2
XFMR-014561,2022-12-05 13:56:09.217863,WO-002677,routine,1,2
XFMR-015968,2020-05-23 13:56:09.217883,WO-002678,routine,2,2
XFMR-020399,2016-11-11 13:56:09.217903,WO-002679,routine,2,2
XFMR-020399,2025-01-28 13:56:09.217914,WO-002680,emergency,1,2
XFMR-003980,2022-01-24 13:56:09.217938,WO-002681,preventive,4,3
XFMR-003980,2025-11-11 13:56:09.217952,WO-002682,emergency,4,3
XFMR-015200,2017-01-17 13:56:09.217975,WO-002683,routine,2,2
XFMR-015200,2019-05-05 13:56:09.217989,WO-002684,routine,3,2
XFMR-016581,2020-10-22 13:56:09.218016,WO-002685,routine,4,3
XFMR-016581,2020-11-28 13:56:09.218031,WO-002686,routine,3,3
XFMR-016581,2018-03-17 13:56:09.218045,WO-002687,routine,2,3
XFMR-005338,2020-04-25 13:56:09.218072,WO-002688,routine,3,3
XFMR-005338,2020-11-29 13:56:09.218086,WO-002689,emergency,4,3
XFMR-005338,2023-12-14 13:56:09.218100,WO-002690,routine,4,3
XFMR-013228,2020-06-17 13:56:09.218125,WO-002691,routine,4,4
XFMR-000352,2017-02-02 13:56:09.218150,WO-002692,routine,3,2
XFMR-000352,2020-07-03 13:56:09.218162,WO-002693,routine,3,2
XFMR-000352,2016-04-30 13:56:09.218173,WO-002694,routine,1,2
XFMR-003395,2024-05-06 13:56:09.218193,WO-002695,routine,4,4
XFMR-003395,2020-06-09 13:56:09.218204,WO-002696,routine,3,4
XFMR-003395,2025-02-28 13:56:09.218214,WO-002697,routine,5,4
XFMR-007846,2023-04-05 13:56:09.218233,WO-002698,routine,1,2
XFMR-007846,2018-01-07 13:56:09.218246,WO-002699,routine,2,2
XFMR-003185,2023-06-25 13:56:09.218270,WO-002700,routine,4,5
XFMR-003185,2016-12-31 13:56:09.218282,WO-002701,preventive,5,5
XFMR-003185,2022-09-27 13:56:09.218293,WO-002702,routine,5,5
XFMR-000777,2021-11-06 13:56:09.218314,WO-002703,preventive,2,2
XFMR-000777,2019-03-20 13:56:09.218325,WO-002704,routine,2,2
XFMR-003367,2016-11-27 13:56:09.218344,WO-002705,routine,1,2
XFMR-003367,2019-08-04 13:56:09.218355,WO-002706,emergency,2,2
XFMR-003367,2017-10-05 13:56:09.218364,WO-002707,preventive,2,2
XFMR-014138,2025-08-02 13:56:09.218384,WO-002708,routine,3,2
XFMR-014138,2017-06-02 13:56:09.218395,WO-002709,routine,3,2
XFMR-014138,2021-11-18 13:56:09.218404,WO-002710,preventive,3,2
XFMR-014514,2016-09-14 13:56:09.218424,WO-002711,routine,2,3
XFMR-013505,2020-10-10 13:56:09.218444,WO-002712,routine,3,2
XFMR-013505,2018-06-19 13:56:09.218455,WO-002713,routine,3,2
XFMR-006736,2022-03-12 13:56:09.218474,WO-002714,preventive,4,3
XFMR-006736,2024-06-13 13:56:09.218485,WO-002715,routine,3,3
XFMR-006736,2019-08-30 13:56:09.218495,WO-002716,routine,2,3
XFMR-014933,2017-02-04 13:56:09.218514,WO-002717,emergency,5,5
XFMR-013895,2024-01-19 13:56:09.218535,WO-002718,routine,4,4
XFMR-005181,2019-05-05 13:56:09.218555,WO-002719,routine,4,4
XFMR-006537,2021-03-04 13:56:09.218575,WO-002720,preventive,3,3
XFMR-006537,2019-11-23 13:56:09.218585,WO-002721,routine,4,3
XFMR-006537,2017-11-03 13:56:09.218596,WO-002722,routine,2,3
XFMR-013890,2020-07-08 13:56:09.218619,WO-002723,routine,5,4
XFMR-013890,2024-05-21 13:56:09.218630,WO-002724,routine,3,4
XFMR-003490,2020-03-31 13:56:09.218649,WO-002725,preventive,4,3
XFMR-007287,2020-07-14 13:56:09.218669,WO-002726,preventive,5,4
XFMR-007287,2019-08-31 13:56:09.218680,WO-002727,routine,5,4
XFMR-007287,2019-11-06 13:56:09.218690,WO-002728,routine,4,4
XFMR-003051,2018-09-15 13:56:09.218710,WO-002729,routine,2,2
XFMR-003051,2017-02-13 13:56:09.218720,WO-002730,routine,2,2
XFMR-003051,2025-07-24 13:56:09.218730,WO-002731,routine,3,2
XFMR-014888,2021-04-23 13:56:09.218750,WO-002732,routine,1,2
XFMR-014888,2024-08-16 13:56:09.218768,WO-002733,preventive,2,2
XFMR-000120,2018-04-09 13:56:09.218789,WO-002734,routine,3,3
XFMR-000120,2022-04-17 13:56:09.218799,WO-002735,routine,2,3
XFMR-000120,2016-10-01 13:56:09.218809,WO-002736,routine,3,3
XFMR-019301,2025-05-18 13:56:09.218829,WO-002737,preventive,4,4
XFMR-019301,2016-12-29 13:56:09.218840,WO-002738,routine,4,4
XFMR-019301,2022-09-22 13:56:09.218850,WO-002739,routine,5,4
XFMR-003227,2019-07-16 13:56:09.218869,WO-002740,routine,2,2
XFMR-003227,2017-04-15 13:56:09.218880,WO-002741,routine,1,2
XFMR-011987,2023-10-05 13:56:09.218899,WO-002742,routine,2,3
XFMR-013028,2018-01-16 13:56:09.218920,WO-002743,routine,3,4
XFMR-013028,2022-07-20 13:56:09.218932,WO-002744,routine,3,4
XFMR-013028,2024-10-09 13:56:09.218945,WO-002745,routine,4,4
XFMR-002880,2019-09-15 13:56:09.218969,WO-002746,routine,3,2
XFMR-008157,2023-12-04 13:56:09.218995,WO-002747,preventive,3,4
XFMR-008157,2018-09-20 13:56:09.219009,WO-002748,routine,4,4
XFMR-010611,2018-10-28 13:56:09.219031,WO-002749,preventive,1,2
XFMR-010611,2017-10-13 13:56:09.219043,WO-002750,routine,2,2
XFMR-020858,2024-03-29 13:56:09.219067,WO-002751,routine,2,2
XFMR-020858,2022-08-06 13:56:09.219081,WO-002752,routine,1,2
XFMR-017929,2023-10-18 13:56:09.219106,WO-002753,routine,2,3
XFMR-017929,2023-02-25 13:56:09.219121,WO-002754,preventive,2,3
XFMR-000721,2017-01-26 13:56:09.219145,WO-002755,preventive,5,4
XFMR-000055,2024-08-17 13:56:09.219168,WO-002756,routine,1,1
XFMR-000055,2022-04-25 13:56:09.219180,WO-002757,emergency,1,1
XFMR-011549,2018-08-05 13:56:09.219201,WO-002758,routine,3,3
XFMR-003777,2024-07-08 13:56:09.219222,WO-002759,routine,3,4
XFMR-003726,2016-12-14 13:56:09.219244,WO-002760,routine,3,4
XFMR-019867,2020-01-05 13:56:09.219265,WO-002761,routine,5,5
XFMR-019867,2023-09-29 13:56:09.219276,WO-002762,routine,4,5
XFMR-019867,2021-12-25 13:56:09.219288,WO-002763,routine,4,5
XFMR-021415,2016-10-01 13:56:09.219312,WO-002764,routine,3,3
XFMR-010250,2026-01-06 13:56:09.219333,WO-002765,routine,1,1
XFMR-010250,2025-03-07 13:56:09.219343,WO-002766,routine,1,1
XFMR-010250,2016-11-22 13:56:09.219353,WO-002767,routine,1,1
XFMR-007684,2018-06-15 13:56:09.219373,WO-002768,routine,1,1
XFMR-007684,2023-09-09 13:56:09.219383,WO-002769,routine,1,1
XFMR-012247,2016-08-06 13:56:09.219402,WO-002770,routine,1,1
XFMR-012247,2017-12-15 13:56:09.219413,WO-002771,routine,1,1
XFMR-012247,2024-12-20 13:56:09.219422,WO-002772,emergency,1,1
XFMR-019102,2019-11-19 13:56:09.219442,WO-002773,routine,2,2
XFMR-019102,2018-06-08 13:56:09.219452,WO-002774,emergency,2,2
XFMR-000675,2016-12-27 13:56:09.219472,WO-002775,routine,1,2
XFMR-000675,2016-07-05 13:56:09.219482,WO-002776,routine,2,2
XFMR-011989,2024-01-13 13:56:09.219502,WO-002777,emergency,4,4
XFMR-011989,2019-01-15 13:56:09.219512,WO-002778,routine,4,4
XFMR-011989,2020-07-15 13:56:09.219522,WO-002779,routine,4,4
XFMR-011068,2025-03-12 13:56:09.219546,WO-002780,routine,3,3
XFMR-008758,2023-03-15 13:56:09.219566,WO-002781,preventive,1,2
XFMR-008758,2025-04-16 13:56:09.219577,WO-002782,routine,1,2
XFMR-005395,2023-02-14 13:56:09.219596,WO-002783,routine,3,2
XFMR-003711,2020-06-19 13:56:09.219616,WO-002784,routine,1,1
XFMR-003711,2023-06-22 13:56:09.219626,WO-002785,routine,2,1
XFMR-021492,2023-02-28 13:56:09.219646,WO-002786,routine,4,4
XFMR-008087,2019-04-27 13:56:09.219666,WO-002787,routine,5,4
XFMR-008087,2019-01-28 13:56:09.219676,WO-002788,routine,3,4
XFMR-000517,2020-12-28 13:56:09.219696,WO-002789,preventive,2,3
XFMR-011934,2023-11-03 13:56:09.219716,WO-002790,routine,3,3
XFMR-011934,2018-07-09 13:56:09.219726,WO-002791,routine,4,3
XFMR-011934,2023-09-02 13:56:09.219736,WO-002792,routine,4,3
XFMR-008679,2018-06-10 13:56:09.219756,WO-002793,routine,2,2
XFMR-008679,2021-04-09 13:56:09.219771,WO-002794,routine,1,2
XFMR-008679,2021-05-18 13:56:09.219781,WO-002795,routine,2,2
XFMR-008175,2022-08-02 13:56:09.219800,WO-002796,routine,2,3
XFMR-008175,2023-01-01 13:56:09.219811,WO-002797,emergency,2,3
XFMR-006670,2021-11-21 13:56:09.219830,WO-002798,preventive,3,3
XFMR-003475,2023-01-02 13:56:09.219850,WO-002799,routine,1,2
XFMR-003475,2017-07-01 13:56:09.219861,WO-002800,routine,2,2
XFMR-021124,2019-11-04 13:56:09.219880,WO-002801,routine,2,3
XFMR-021124,2022-03-04 13:56:09.219891,WO-002802,routine,4,3
XFMR-021124,2021-03-25 13:56:09.219901,WO-002803,preventive,2,3
XFMR-002141,2019-12-01 13:56:09.219922,WO-002804,preventive,2,2
XFMR-002141,2024-07-01 13:56:09.219934,WO-002805,routine,3,2
XFMR-012619,2018-03-30 13:56:09.219960,WO-002806,preventive,3,2
XFMR-012619,2024-11-08 13:56:09.219975,WO-002807,preventive,1,2
XFMR-005917,2022-12-01 13:56:09.220000,WO-002808,routine,5,4
XFMR-005917,2024-08-29 13:56:09.220015,WO-002809,routine,4,4
XFMR-005917,2023-08-08 13:56:09.220028,WO-002810,emergency,3,4
XFMR-014021,2019-01-30 13:56:09.220056,WO-002811,routine,2,3
XFMR-014021,2023-05-29 13:56:09.220070,WO-002812,routine,2,3
XFMR-020317,2025-01-05 13:56:09.220094,WO-002813,routine,3,4
XFMR-020317,2020-05-25 13:56:09.220107,WO-002814,routine,4,4
XFMR-020317,2017-08-11 13:56:09.220119,WO-002815,routine,3,4
XFMR-008281,2022-01-30 13:56:09.220146,WO-002816,routine,3,3
XFMR-007982,2018-04-19 13:56:09.220172,WO-002817,routine,4,4
XFMR-007982,2016-08-31 13:56:09.220183,WO-002818,routine,5,4
XFMR-002993,2020-05-09 13:56:09.220202,WO-002819,preventive,2,3
XFMR-002993,2018-07-28 13:56:09.220215,WO-002820,routine,3,3
XFMR-006024,2023-09-12 13:56:09.220234,WO-002821,preventive,3,4
XFMR-016275,2022-10-11 13:56:09.220258,WO-002822,routine,1,2
XFMR-016275,2020-04-18 13:56:09.220273,WO-002823,emergency,1,2
XFMR-008932,2022-07-05 13:56:09.220300,WO-002824,routine,2,2
XFMR-010666,2025-08-27 13:56:09.220328,WO-002825,preventive,4,3
XFMR-007815,2022-01-25 13:56:09.220355,WO-002826,routine,3,2
XFMR-007815,2018-06-25 13:56:09.220365,WO-002827,emergency,1,2
XFMR-007815,2016-09-06 13:56:09.220375,WO-002828,routine,2,2
XFMR-014450,2022-11-23 13:56:09.220395,WO-002829,routine,2,3
XFMR-014450,2023-06-04 13:56:09.220405,WO-002830,routine,4,3
XFMR-014450,2020-07-11 13:56:09.220415,WO-002831,routine,2,3
XFMR-021161,2017-08-07 13:56:09.220435,WO-002832,routine,4,4
XFMR-021161,2024-10-16 13:56:09.220445,WO-002833,emergency,5,4
XFMR-021161,2018-04-14 13:56:09.220455,WO-002834,routine,5,4
XFMR-017723,2017-02-06 13:56:09.220475,WO-002835,preventive,1,1
XFMR-013475,2019-03-19 13:56:09.220495,WO-002836,routine,2,3
XFMR-007811,2018-06-22 13:56:09.220515,WO-002837,routine,4,3
XFMR-000195,2020-05-03 13:56:09.220535,WO-002838,emergency,5,5
XFMR-006134,2020-10-22 13:56:09.220555,WO-002839,routine,1,1
XFMR-006134,2024-12-22 13:56:09.220566,WO-002840,preventive,1,1
XFMR-011901,2019-07-11 13:56:09.220585,WO-002841,routine,3,2
XFMR-011901,2019-02-25 13:56:09.220596,WO-002842,routine,1,2
XFMR-006552,2022-04-26 13:56:09.220615,WO-002843,routine,3,4
XFMR-006552,2016-07-28 13:56:09.220626,WO-002844,preventive,4,4
XFMR-010095,2025-01-07 13:56:09.220645,WO-002845,routine,5,5
XFMR-010095,2024-07-07 13:56:09.220656,WO-002846,preventive,4,5
XFMR-010095,2022-07-02 13:56:09.220666,WO-002847,routine,5,5
XFMR-009385,2020-10-14 13:56:09.220685,WO-002848,routine,2,2
XFMR-012054,2020-04-05 13:56:09.220705,WO-002849,emergency,3,2
XFMR-013766,2023-02-24 13:56:09.220730,WO-002850,routine,1,2
XFMR-013766,2021-08-25 13:56:09.220741,WO-002851,emergency,1,2
XFMR-013766,2023-09-09 13:56:09.220751,WO-002852,routine,3,2
XFMR-014651,2016-09-25 13:56:09.220778,WO-002853,routine,1,2
XFMR-014651,2018-05-09 13:56:09.220788,WO-002854,routine,3,2
XFMR-014651,2017-01-03 13:56:09.220798,WO-002855,routine,1,2
XFMR-015244,2019-09-23 13:56:09.220818,WO-002856,routine,4,4
XFMR-003489,2021-11-07 13:56:09.220839,WO-002857,preventive,1,1
XFMR-003489,2024-01-14 13:56:09.220850,WO-002858,routine,1,1
XFMR-020426,2021-09-08 13:56:09.220869,WO-002859,routine,5,4
XFMR-002899,2021-04-30 13:56:09.220890,WO-002860,emergency,4,5
XFMR-002899,2017-07-16 13:56:09.220901,WO-002861,routine,5,5
XFMR-007027,2022-07-26 13:56:09.220922,WO-002862,routine,1,2
XFMR-007027,2024-07-07 13:56:09.220933,WO-002863,routine,1,2
XFMR-010856,2016-12-10 13:56:09.220959,WO-002864,preventive,2,3
XFMR-015383,2025-10-11 13:56:09.220981,WO-002865,emergency,2,3
XFMR-015383,2019-07-31 13:56:09.220992,WO-002866,routine,4,3
XFMR-006758,2021-07-18 13:56:09.221016,WO-002867,preventive,2,2
XFMR-006758,2020-02-04 13:56:09.221030,WO-002868,routine,1,2
XFMR-006758,2025-11-05 13:56:09.221041,WO-002869,routine,2,2
XFMR-002326,2023-03-12 13:56:09.221063,WO-002870,routine,3,4
XFMR-002326,2018-12-21 13:56:09.221075,WO-002871,preventive,3,4
XFMR-002326,2018-04-12 13:56:09.221089,WO-002872,routine,4,4
XFMR-014935,2022-05-08 13:56:09.221111,WO-002873,routine,2,2
XFMR-014935,2021-12-24 13:56:09.221125,WO-002874,preventive,1,2
XFMR-014935,2024-05-12 13:56:09.221139,WO-002875,routine,1,2
XFMR-000312,2020-06-26 13:56:09.221165,WO-002876,routine,1,2
XFMR-021455,2016-06-01 13:56:09.221187,WO-002877,routine,3,2
XFMR-020155,2022-08-07 13:56:09.221207,WO-002878,preventive,3,3
XFMR-020155,2020-01-28 13:56:09.221218,WO-002879,routine,2,3
XFMR-003586,2020-11-26 13:56:09.221242,WO-002880,preventive,1,2
XFMR-003586,2025-04-01 13:56:09.221256,WO-002881,routine,2,2
XFMR-020172,2019-09-08 13:56:09.221283,WO-002882,routine,2,3
XFMR-020172,2023-09-04 13:56:09.221298,WO-002883,routine,4,3
XFMR-007122,2024-09-12 13:56:09.221320,WO-002884,routine,1,1
XFMR-017632,2025-07-04 13:56:09.221340,WO-002885,routine,5,5
XFMR-017632,2016-12-07 13:56:09.221351,WO-002886,preventive,4,5
XFMR-006467,2024-05-10 13:56:09.221370,WO-002887,routine,4,4
XFMR-006467,2018-09-04 13:56:09.221381,WO-002888,routine,3,4
XFMR-006467,2024-06-19 13:56:09.221391,WO-002889,routine,4,4
XFMR-001372,2023-09-30 13:56:09.221410,WO-002890,routine,3,2
XFMR-001372,2018-03-08 13:56:09.221421,WO-002891,emergency,1,2
XFMR-001372,2019-01-08 13:56:09.221431,WO-002892,emergency,3,2
XFMR-003247,2022-12-25 13:56:09.221450,WO-002893,routine,2,2
XFMR-011863,2023-03-17 13:56:09.221470,WO-002894,routine,3,2
XFMR-011863,2024-05-28 13:56:09.221481,WO-002895,preventive,2,2
XFMR-011863,2017-04-25 13:56:09.221491,WO-002896,routine,1,2
XFMR-015142,2024-08-27 13:56:09.221510,WO-002897,routine,3,3
XFMR-015142,2022-01-21 13:56:09.221521,WO-002898,routine,2,3
XFMR-015142,2017-02-15 13:56:09.221531,WO-002899,preventive,3,3
XFMR-018393,2020-03-14 13:56:09.221550,WO-002900,preventive,5,4
XFMR-017876,2023-04-25 13:56:09.221570,WO-002901,routine,5,5
XFMR-008471,2023-09-01 13:56:09.221590,WO-002902,preventive,4,4
XFMR-018036,2020-09-26 13:56:09.221610,WO-002903,emergency,4,4
XFMR-018036,2016-04-20 13:56:09.221620,WO-002904,preventive,5,4
XFMR-018036,2018-02-13 13:56:09.221630,WO-002905,preventive,3,4
XFMR-013812,2020-05-24 13:56:09.221650,WO-002906,preventive,3,2
XFMR-013178,2019-11-13 13:56:09.221669,WO-002907,routine,3,3
XFMR-012901,2018-09-28 13:56:09.221689,WO-002908,routine,4,3
XFMR-012901,2019-08-31 13:56:09.221700,WO-002909,preventive,4,3
XFMR-014591,2025-03-26 13:56:09.221719,WO-002910,routine,3,2
XFMR-014591,2023-10-31 13:56:09.221730,WO-002911,routine,3,2
XFMR-004150,2018-11-28 13:56:09.221749,WO-002912,routine,2,3
XFMR-004150,2022-04-13 13:56:09.221760,WO-002913,routine,2,3
XFMR-004150,2017-10-16 13:56:09.221775,WO-002914,routine,4,3
XFMR-006418,2020-05-07 13:56:09.221794,WO-002915,routine,2,2
XFMR-018863,2016-08-23 13:56:09.221814,WO-002916,preventive,1,2
XFMR-019848,2025-06-27 13:56:09.221835,WO-002917,routine,2,1
XFMR-019848,2023-05-14 13:56:09.221845,WO-002918,preventive,1,1
XFMR-016782,2024-03-06 13:56:09.221865,WO-002919,routine,3,4
XFMR-016782,2016-05-10 13:56:09.221875,WO-002920,preventive,3,4
XFMR-005684,2017-12-21 13:56:09.221895,WO-002921,routine,2,2
XFMR-005684,2018-09-09 13:56:09.221905,WO-002922,emergency,2,2
XFMR-005684,2020-07-17 13:56:09.221917,WO-002923,emergency,3,2
XFMR-005227,2025-07-08 13:56:09.221939,WO-002924,routine,3,3
XFMR-005227,2020-09-17 13:56:09.221954,WO-002925,routine,2,3
XFMR-008827,2020-11-02 13:56:09.221978,WO-002926,routine,1,2
XFMR-008827,2023-12-06 13:56:09.221990,WO-002927,routine,3,2
XFMR-017007,2022-05-19 13:56:09.222017,WO-002928,routine,2,2
XFMR-020870,2025-03-13 13:56:09.222045,WO-002929,routine,5,4
XFMR-020870,2020-07-06 13:56:09.222060,WO-002930,emergency,3,4
XFMR-002352,2019-01-19 13:56:09.222087,WO-002931,routine,5,5
XFMR-002352,2025-12-19 13:56:09.222100,WO-002932,preventive,4,5
XFMR-020956,2022-09-25 13:56:09.222126,WO-002933,routine,4,4
XFMR-014218,2024-07-19 13:56:09.222154,WO-002934,routine,4,3
XFMR-014218,2019-01-05 13:56:09.222169,WO-002935,preventive,2,3
XFMR-014218,2022-02-26 13:56:09.222184,WO-002936,routine,4,3
XFMR-006613,2024-07-30 13:56:09.222204,WO-002937,routine,2,3
XFMR-012452,2017-02-08 13:56:09.222224,WO-002938,routine,3,3
XFMR-012452,2018-03-12 13:56:09.222234,WO-002939,routine,3,3
XFMR-012452,2025-08-07 13:56:09.222244,WO-002940,routine,4,3
XFMR-015773,2016-10-12 13:56:09.222266,WO-002941,routine,3,3
XFMR-015773,2017-08-22 13:56:09.222277,WO-002942,routine,3,3
XFMR-015773,2018-05-14 13:56:09.222289,WO-002943,routine,2,3
XFMR-000827,2021-05-20 13:56:09.222309,WO-002944,routine,1,2
XFMR-000827,2021-03-09 13:56:09.222320,WO-002945,routine,2,2
XFMR-000961,2022-10-24 13:56:09.222339,WO-002946,emergency,2,3
XFMR-000961,2019-10-26 13:56:09.222350,WO-002947,routine,4,3
XFMR-006926,2021-06-14 13:56:09.222369,WO-002948,routine,1,1
XFMR-006926,2023-03-29 13:56:09.222380,WO-002949,routine,1,1
XFMR-006926,2016-11-29 13:56:09.222390,WO-002950,routine,1,1
XFMR-002362,2016-05-20 13:56:09.222409,WO-002951,routine,2,3
XFMR-002362,2018-10-26 13:56:09.222420,WO-002952,routine,3,3
XFMR-008158,2021-01-29 13:56:09.222439,WO-002953,routine,2,3
XFMR-019050,2018-12-31 13:56:09.222459,WO-002954,preventive,2,3
XFMR-019050,2017-09-21 13:56:09.222470,WO-002955,routine,3,3
XFMR-019050,2026-01-03 13:56:09.222480,WO-002956,preventive,3,3
XFMR-011370,2018-02-12 13:56:09.222499,WO-002957,routine,4,3
XFMR-011370,2025-05-22 13:56:09.222510,WO-002958,routine,2,3
XFMR-011370,2017-09-01 13:56:09.222519,WO-002959,emergency,2,3
XFMR-007016,2024-02-02 13:56:09.222538,WO-002960,routine,4,5
XFMR-015428,2023-06-09 13:56:09.222559,WO-002961,routine,2,1
XFMR-015428,2023-02-15 13:56:09.222573,WO-002962,routine,2,1
XFMR-015428,2025-01-27 13:56:09.222584,WO-002963,routine,1,1
XFMR-016864,2021-08-22 13:56:09.222603,WO-002964,routine,2,3
XFMR-016864,2024-12-31 13:56:09.222614,WO-002965,preventive,3,3
XFMR-006546,2021-12-22 13:56:09.222633,WO-002966,preventive,1,1
XFMR-006546,2022-12-07 13:56:09.222644,WO-002967,routine,1,1
XFMR-006546,2016-11-11 13:56:09.222654,WO-002968,preventive,1,1
XFMR-000201,2025-10-10 13:56:09.222673,WO-002969,routine,3,2
XFMR-000201,2021-09-21 13:56:09.222684,WO-002970,emergency,1,2
XFMR-005827,2016-09-07 13:56:09.222704,WO-002971,routine,4,3
XFMR-005827,2018-02-08 13:56:09.222714,WO-002972,routine,4,3
XFMR-010654,2016-11-06 13:56:09.222733,WO-002973,routine,4,3
XFMR-010654,2024-01-21 13:56:09.222744,WO-002974,routine,3,3
XFMR-010654,2023-01-18 13:56:09.222754,WO-002975,routine,4,3
XFMR-009101,2019-04-02 13:56:09.222781,WO-002976,routine,5,5
XFMR-009101,2022-10-11 13:56:09.222792,WO-002977,routine,5,5
XFMR-009101,2019-11-21 13:56:09.222801,WO-002978,routine,5,5
XFMR-016465,2023-07-01 13:56:09.222823,WO-002979,routine,4,4
XFMR-016465,2026-01-08 13:56:09.222833,WO-002980,routine,4,4
XFMR-016465,2017-08-23 13:56:09.222843,WO-002981,routine,5,4
XFMR-007440,2019-07-21 13:56:09.222862,WO-002982,routine,3,3
XFMR-007440,2020-10-23 13:56:09.222873,WO-002983,routine,2,3
XFMR-007440,2019-01-14 13:56:09.222883,WO-002984,preventive,4,3
XFMR-001982,2019-08-18 13:56:09.222902,WO-002985,routine,2,2
XFMR-001528,2024-04-18 13:56:09.222924,WO-002986,routine,3,2
XFMR-001528,2020-03-16 13:56:09.222935,WO-002987,routine,2,2
XFMR-001528,2018-01-23 13:56:09.222948,WO-002988,routine,3,2
XFMR-005528,2021-07-29 13:56:09.222975,WO-002989,routine,2,2
XFMR-005528,2025-08-20 13:56:09.222987,WO-002990,routine,2,2
XFMR-005528,2019-01-31 13:56:09.222997,WO-002991,routine,3,2
XFMR-020475,2022-03-28 13:56:09.223024,WO-002992,preventive,4,4
XFMR-020475,2024-10-28 13:56:09.223038,WO-002993,routine,4,4
XFMR-020475,2017-02-25 13:56:09.223052,WO-002994,routine,5,4
XFMR-015608,2024-05-23 13:56:09.223079,WO-002995,preventive,4,3
XFMR-008159,2017-10-27 13:56:09.223105,WO-002996,routine,2,2
XFMR-008159,2023-04-02 13:56:09.223120,WO-002997,routine,3,2
XFMR-008159,2019-08-17 13:56:09.223133,WO-002998,emergency,1,2
XFMR-021181,2018-01-20 13:56:09.223160,WO-002999,preventive,3,3
XFMR-009872,2019-10-27 13:56:09.223183,WO-003000,routine,4,3
XFMR-020363,2024-08-22 13:56:09.223204,WO-003001,routine,3,2
XFMR-020363,2017-09-26 13:56:09.223215,WO-003002,routine,3,2
XFMR-020363,2016-12-31 13:56:09.223225,WO-003003,routine,2,2
XFMR-014846,2023-09-23 13:56:09.223244,WO-003004,preventive,1,2
XFMR-014846,2024-06-14 13:56:09.223255,WO-003005,routine,1,2
XFMR-020702,2022-08-19 13:56:09.223276,WO-003006,routine,5,4
XFMR-020702,2019-04-12 13:56:09.223288,WO-003007,routine,5,4
XFMR-004619,2018-07-08 13:56:09.223311,WO-003008,routine,1,2
XFMR-000899,2024-09-13 13:56:09.223332,WO-003009,routine,3,2
XFMR-000899,2017-10-27 13:56:09.223343,WO-003010,emergency,2,2
XFMR-000899,2024-03-27 13:56:09.223353,WO-003011,routine,2,2
XFMR-007101,2016-05-06 13:56:09.223373,WO-003012,routine,4,4
XFMR-007101,2018-01-10 13:56:09.223384,WO-003013,preventive,4,4
XFMR-007101,2018-06-20 13:56:09.223398,WO-003014,preventive,4,4
XFMR-010811,2019-11-08 13:56:09.223418,WO-003015,routine,4,3
XFMR-010019,2017-10-03 13:56:09.223439,WO-003016,preventive,2,3
XFMR-010019,2023-07-07 13:56:09.223449,WO-003017,routine,3,3
XFMR-008064,2018-12-23 13:56:09.223469,WO-003018,routine,3,3
XFMR-008064,2016-06-14 13:56:09.223479,WO-003019,routine,3,3
XFMR-008064,2020-05-30 13:56:09.223489,WO-003020,routine,3,3
XFMR-009580,2023-10-08 13:56:09.223508,WO-003021,routine,1,2
XFMR-009580,2020-05-21 13:56:09.223519,WO-003022,routine,1,2
XFMR-009580,2023-11-30 13:56:09.223529,WO-003023,routine,3,2
XFMR-017746,2020-10-13 13:56:09.223548,WO-003024,emergency,1,2
XFMR-005976,2022-02-23 13:56:09.223568,WO-003025,routine,4,3
XFMR-005976,2016-10-15 13:56:09.223579,WO-003026,routine,4,3
XFMR-016904,2021-09-01 13:56:09.223598,WO-003027,routine,1,1
XFMR-016904,2017-08-20 13:56:09.223609,WO-003028,routine,2,1
XFMR-016904,2017-02-16 13:56:09.223619,WO-003029,routine,1,1
XFMR-021032,2016-05-29 13:56:09.223638,WO-003030,routine,5,4
XFMR-012309,2025-01-21 13:56:09.223658,WO-003031,routine,2,3
XFMR-012309,2023-05-22 13:56:09.223669,WO-003032,routine,3,3
XFMR-008661,2016-07-24 13:56:09.223688,WO-003033,routine,1,2
XFMR-008661,2016-04-21 13:56:09.223699,WO-003034,routine,3,2
XFMR-008661,2024-11-30 13:56:09.223708,WO-003035,routine,1,2
XFMR-020638,2021-10-13 13:56:09.223728,WO-003036,routine,4,3
XFMR-003753,2016-10-19 13:56:09.223748,WO-003037,routine,5,4
XFMR-006504,2017-01-22 13:56:09.223775,WO-003038,preventive,2,2
XFMR-006504,2021-08-15 13:56:09.223786,WO-003039,routine,3,2
XFMR-012863,2020-11-18 13:56:09.223808,WO-003040,emergency,5,4
XFMR-012863,2024-09-20 13:56:09.223818,WO-003041,routine,3,4
XFMR-011079,2018-12-03 13:56:09.223838,WO-003042,preventive,1,1
XFMR-021165,2022-07-18 13:56:09.223858,WO-003043,preventive,1,1
XFMR-004329,2020-12-20 13:56:09.223878,WO-003044,routine,3,2
XFMR-004329,2016-12-03 13:56:09.223889,WO-003045,preventive,2,2
XFMR-004329,2021-05-05 13:56:09.223898,WO-003046,routine,3,2
XFMR-015630,2022-08-31 13:56:09.223919,WO-003047,routine,3,2
XFMR-004872,2018-05-26 13:56:09.223943,WO-003048,preventive,2,1
XFMR-004872,2021-03-27 13:56:09.223957,WO-003049,emergency,1,1
XFMR-004872,2023-10-30 13:56:09.223971,WO-003050,routine,1,1
XFMR-005251,2018-09-10 13:56:09.223993,WO-003051,routine,5,4
XFMR-005251,2023-03-30 13:56:09.224007,WO-003052,emergency,3,4
XFMR-005251,2017-02-11 13:56:09.224021,WO-003053,routine,5,4
XFMR-013275,2017-03-28 13:56:09.224048,WO-003054,routine,4,4
XFMR-013275,2025-10-22 13:56:09.224063,WO-003055,routine,3,4
XFMR-005997,2024-07-07 13:56:09.224089,WO-003056,routine,3,3
XFMR-005997,2024-11-08 13:56:09.224101,WO-003057,routine,4,3
XFMR-005997,2019-08-14 13:56:09.224114,WO-003058,routine,4,3
XFMR-015171,2024-11-30 13:56:09.224140,WO-003059,routine,2,2
XFMR-015171,2016-04-28 13:56:09.224155,WO-003060,routine,3,2
XFMR-015171,2021-11-12 13:56:09.224169,WO-003061,routine,2,2
XFMR-003262,2017-04-07 13:56:09.224194,WO-003062,routine,3,3
XFMR-000219,2023-08-25 13:56:09.224215,WO-003063,preventive,1,2
XFMR-010962,2016-08-13 13:56:09.224235,WO-003064,routine,5,4
XFMR-010962,2019-11-14 13:56:09.224245,WO-003065,emergency,4,4
XFMR-010962,2019-03-24 13:56:09.224256,WO-003066,routine,4,4
XFMR-018286,2026-01-19 13:56:09.224277,WO-003067,routine,4,4
XFMR-017806,2022-04-26 13:56:09.224298,WO-003068,preventive,3,2
XFMR-017806,2017-10-01 13:56:09.224309,WO-003069,routine,3,2
XFMR-009607,2022-04-29 13:56:09.224328,WO-003070,routine,3,3
XFMR-009368,2021-06-22 13:56:09.224348,WO-003071,routine,1,2
XFMR-009368,2025-07-30 13:56:09.224359,WO-003072,emergency,1,2
XFMR-009170,2017-03-24 13:56:09.224380,WO-003073,routine,3,3
XFMR-009170,2022-07-22 13:56:09.224391,WO-003074,routine,2,3
XFMR-009397,2022-12-28 13:56:09.224411,WO-003075,routine,2,1
XFMR-006683,2017-04-26 13:56:09.224431,WO-003076,routine,2,3
XFMR-000829,2019-09-02 13:56:09.224453,WO-003077,preventive,4,4
XFMR-008553,2021-03-07 13:56:09.224474,WO-003078,preventive,1,2
XFMR-008553,2020-07-17 13:56:09.224485,WO-003079,routine,2,2
XFMR-012807,2023-01-17 13:56:09.224504,WO-003080,routine,2,2
XFMR-012807,2023-04-03 13:56:09.224515,WO-003081,emergency,1,2
XFMR-012807,2024-03-20 13:56:09.224526,WO-003082,preventive,3,2
XFMR-020107,2019-02-05 13:56:09.224546,WO-003083,emergency,4,3
XFMR-020107,2021-09-02 13:56:09.224557,WO-003084,routine,2,3
XFMR-020107,2025-08-25 13:56:09.224567,WO-003085,preventive,2,3
XFMR-004822,2022-08-26 13:56:09.224587,WO-003086,routine,3,3
XFMR-004822,2022-08-27 13:56:09.224597,WO-003087,routine,2,3
XFMR-004822,2019-09-27 13:56:09.224617,WO-003088,routine,2,3
XFMR-009116,2023-01-29 13:56:09.224639,WO-003089,routine,1,1
XFMR-009116,2025-10-09 13:56:09.224650,WO-003090,routine,1,1
XFMR-014923,2025-07-22 13:56:09.224673,WO-003091,emergency,2,3
XFMR-014923,2016-08-08 13:56:09.224684,WO-003092,preventive,4,3
XFMR-014923,2017-09-23 13:56:09.224694,WO-003093,routine,4,3
XFMR-018735,2016-06-23 13:56:09.224713,WO-003094,routine,2,3
XFMR-018735,2018-10-16 13:56:09.224724,WO-003095,routine,2,3
XFMR-012775,2022-11-13 13:56:09.224743,WO-003096,routine,4,4
XFMR-012775,2025-04-07 13:56:09.224754,WO-003097,routine,3,4
XFMR-012775,2020-01-15 13:56:09.224768,WO-003098,preventive,5,4
XFMR-004192,2020-10-08 13:56:09.224788,WO-003099,emergency,1,1
XFMR-009071,2016-05-07 13:56:09.224808,WO-003100,routine,3,2
XFMR-017058,2023-03-19 13:56:09.224828,WO-003101,routine,2,2
XFMR-017058,2019-06-22 13:56:09.224839,WO-003102,routine,1,2
XFMR-017058,2018-02-28 13:56:09.224849,WO-003103,routine,2,2
XFMR-019249,2019-04-09 13:56:09.224868,WO-003104,routine,4,5
XFMR-004780,2020-09-11 13:56:09.224890,WO-003105,routine,2,2
XFMR-004780,2021-05-17 13:56:09.224901,WO-003106,routine,2,2
XFMR-004780,2018-11-22 13:56:09.224910,WO-003107,emergency,1,2
XFMR-013074,2019-08-26 13:56:09.224932,WO-003108,routine,3,3
XFMR-021143,2019-08-26 13:56:09.224959,WO-003109,routine,1,2
XFMR-021143,2016-03-31 13:56:09.224971,WO-003110,routine,2,2
XFMR-021143,2018-10-25 13:56:09.224982,WO-003111,routine,1,2
XFMR-011302,2017-07-16 13:56:09.225008,WO-003112,routine,1,1
XFMR-011302,2019-02-01 13:56:09.225023,WO-003113,routine,1,1
XFMR-003712,2019-02-01 13:56:09.225050,WO-003114,preventive,3,4
XFMR-003712,2019-12-08 13:56:09.225064,WO-003115,routine,3,4
XFMR-003712,2017-07-21 13:56:09.225078,WO-003116,routine,4,4
XFMR-004878,2023-04-22 13:56:09.225103,WO-003117,routine,2,3
XFMR-004878,2016-06-05 13:56:09.225117,WO-003118,emergency,3,3
XFMR-004878,2018-12-16 13:56:09.225129,WO-003119,routine,3,3
XFMR-017944,2025-07-09 13:56:09.225150,WO-003120,routine,4,3
XFMR-017944,2020-08-28 13:56:09.225162,WO-003121,routine,2,3
XFMR-002413,2023-04-02 13:56:09.225184,WO-003122,preventive,4,3
XFMR-006959,2017-04-14 13:56:09.225204,WO-003123,preventive,3,3
XFMR-001699,2024-02-05 13:56:09.225224,WO-003124,routine,5,5
XFMR-001699,2018-08-22 13:56:09.225235,WO-003125,routine,5,5
XFMR-003822,2021-09-25 13:56:09.225256,WO-003126,preventive,3,2
XFMR-016624,2016-05-07 13:56:09.225278,WO-003127,routine,4,3
XFMR-016624,2020-01-27 13:56:09.225290,WO-003128,routine,4,3
XFMR-016624,2019-12-02 13:56:09.225300,WO-003129,preventive,4,3
XFMR-017320,2020-12-15 13:56:09.225323,WO-003130,preventive,2,3
XFMR-017320,2018-12-04 13:56:09.225334,WO-003131,routine,2,3
XFMR-017320,2023-02-28 13:56:09.225344,WO-003132,preventive,4,3
XFMR-008589,2016-10-01 13:56:09.225363,WO-003133,routine,1,2
XFMR-008589,2024-05-20 13:56:09.225374,WO-003134,routine,2,2
XFMR-008589,2025-11-08 13:56:09.225386,WO-003135,routine,2,2
XFMR-014640,2018-05-24 13:56:09.225406,WO-003136,routine,3,2
XFMR-014640,2021-09-05 13:56:09.225416,WO-003137,preventive,3,2
XFMR-014640,2019-01-09 13:56:09.225426,WO-003138,routine,3,2
XFMR-009654,2025-02-14 13:56:09.225445,WO-003139,routine,2,2
XFMR-009654,2021-10-23 13:56:09.225456,WO-003140,routine,1,2
XFMR-009654,2024-02-22 13:56:09.225466,WO-003141,routine,1,2
XFMR-011528,2023-09-30 13:56:09.225485,WO-003142,routine,2,3
XFMR-011528,2019-04-08 13:56:09.225495,WO-003143,preventive,2,3
XFMR-012297,2017-09-14 13:56:09.225515,WO-003144,routine,5,4
XFMR-010813,2025-10-30 13:56:09.225535,WO-003145,routine,4,3
XFMR-010813,2018-01-30 13:56:09.225545,WO-003146,routine,4,3
XFMR-010813,2022-12-04 13:56:09.225555,WO-003147,preventive,3,3
XFMR-006603,2025-10-14 13:56:09.225574,WO-003148,emergency,3,2
XFMR-006603,2021-08-14 13:56:09.225585,WO-003149,emergency,2,2
XFMR-006603,2021-08-30 13:56:09.225595,WO-003150,preventive,3,2
XFMR-000697,2017-09-03 13:56:09.225614,WO-003151,routine,4,3
XFMR-000697,2017-12-05 13:56:09.225624,WO-003152,routine,2,3
XFMR-008362,2025-04-17 13:56:09.225643,WO-003153,emergency,4,3
XFMR-000521,2022-09-12 13:56:09.225663,WO-003154,routine,3,3
XFMR-000521,2020-11-07 13:56:09.225674,WO-003155,routine,2,3
XFMR-017136,2026-01-07 13:56:09.225694,WO-003156,routine,4,4
XFMR-017136,2018-11-24 13:56:09.225704,WO-003157,routine,5,4
XFMR-017292,2023-05-25 13:56:09.225723,WO-003158,emergency,3,2
XFMR-017292,2018-10-11 13:56:09.225734,WO-003159,preventive,2,2
XFMR-014592,2021-09-20 13:56:09.225753,WO-003160,routine,4,3
XFMR-013103,2021-09-10 13:56:09.225781,WO-003161,preventive,3,3
XFMR-013103,2016-05-31 13:56:09.225792,WO-003162,routine,3,3
XFMR-001394,2017-07-29 13:56:09.225811,WO-003163,routine,5,4
XFMR-001394,2018-09-20 13:56:09.225822,WO-003164,routine,5,4
XFMR-001394,2017-04-16 13:56:09.225832,WO-003165,emergency,3,4
XFMR-000963,2017-07-13 13:56:09.225855,WO-003166,routine,2,2
XFMR-000963,2019-04-25 13:56:09.225866,WO-003167,emergency,3,2
XFMR-006847,2020-08-08 13:56:09.225886,WO-003168,routine,4,4
XFMR-006847,2024-04-02 13:56:09.225897,WO-003169,routine,3,4
XFMR-006847,2024-07-12 13:56:09.225908,WO-003170,routine,3,4
XFMR-007248,2023-12-29 13:56:09.225935,WO-003171,preventive,3,2
XFMR-013167,2020-04-09 13:56:09.225960,WO-003172,preventive,4,4
XFMR-013167,2016-03-09 13:56:09.225972,WO-003173,preventive,4,4
XFMR-013167,2018-12-09 13:56:09.225983,WO-003174,routine,4,4
XFMR-001881,2021-07-08 13:56:09.226005,WO-003175,routine,4,3
XFMR-001881,2025-06-07 13:56:09.226017,WO-003176,routine,2,3
XFMR-012557,2017-05-15 13:56:09.226039,WO-003177,routine,4,5
XFMR-012557,2025-08-31 13:56:09.226054,WO-003178,preventive,5,5
XFMR-012557,2020-09-14 13:56:09.226066,WO-003179,emergency,5,5
XFMR-020100,2016-11-11 13:56:09.226144,WO-003180,routine,2,3
XFMR-020100,2025-12-03 13:56:09.226184,WO-003181,routine,4,3
XFMR-020100,2016-10-11 13:56:09.226202,WO-003182,routine,2,3
XFMR-021197,2019-08-23 13:56:09.226239,WO-003183,preventive,2,2
XFMR-021197,2019-01-28 13:56:09.226253,WO-003184,routine,3,2
XFMR-000328,2018-12-14 13:56:09.226279,WO-003185,routine,4,3
XFMR-000328,2022-03-12 13:56:09.226291,WO-003186,routine,4,3
XFMR-000328,2023-05-14 13:56:09.226301,WO-003187,routine,3,3
XFMR-021156,2016-05-01 13:56:09.226325,WO-003188,routine,5,5
XFMR-000665,2018-02-12 13:56:09.226349,WO-003189,routine,1,2
XFMR-000665,2025-08-06 13:56:09.226360,WO-003190,preventive,1,2
XFMR-008825,2024-05-10 13:56:09.226381,WO-003191,preventive,4,4
XFMR-008825,2021-06-20 13:56:09.226392,WO-003192,preventive,3,4
XFMR-008825,2020-12-13 13:56:09.226402,WO-003193,routine,5,4
XFMR-014277,2019-03-25 13:56:09.226422,WO-003194,preventive,1,1
XFMR-014277,2023-04-22 13:56:09.226433,WO-003195,routine,1,1
XFMR-017202,2022-02-09 13:56:09.226454,WO-003196,emergency,4,3
XFMR-017202,2024-05-23 13:56:09.226465,WO-003197,routine,3,3
XFMR-017202,2018-08-10 13:56:09.226475,WO-003198,routine,3,3
XFMR-006085,2021-03-01 13:56:09.226495,WO-003199,routine,3,3
XFMR-002091,2023-07-01 13:56:09.226516,WO-003200,routine,2,2
XFMR-015558,2018-06-20 13:56:09.226536,WO-003201,routine,2,2
XFMR-018885,2025-09-30 13:56:09.226557,WO-003202,routine,2,3
XFMR-018885,2022-10-08 13:56:09.226568,WO-003203,preventive,3,3
XFMR-018885,2017-07-09 13:56:09.226578,WO-003204,routine,4,3
XFMR-013347,2021-11-20 13:56:09.226598,WO-003205,emergency,3,4
XFMR-002054,2023-04-21 13:56:09.226619,WO-003206,routine,3,4
XFMR-002054,2018-11-30 13:56:09.226630,WO-003207,routine,3,4
XFMR-008710,2024-05-16 13:56:09.226649,WO-003208,routine,2,3
XFMR-006163,2022-01-03 13:56:09.226670,WO-003209,routine,2,3
XFMR-006163,2020-05-27 13:56:09.226680,WO-003210,routine,2,3
XFMR-006163,2019-03-26 13:56:09.226690,WO-003211,preventive,3,3
XFMR-008539,2019-04-05 13:56:09.226711,WO-003212,emergency,4,4
XFMR-017946,2019-01-03 13:56:09.226731,WO-003213,preventive,1,2
XFMR-014725,2021-10-14 13:56:09.226751,WO-003214,routine,4,3
XFMR-014725,2024-10-25 13:56:09.226770,WO-003215,preventive,4,3
XFMR-014725,2017-07-28 13:56:09.226780,WO-003216,emergency,2,3
XFMR-018813,2024-07-29 13:56:09.226800,WO-003217,routine,2,3
XFMR-018813,2020-07-03 13:56:09.226811,WO-003218,preventive,4,3
XFMR-018813,2025-11-03 13:56:09.226821,WO-003219,routine,4,3
XFMR-007301,2022-08-19 13:56:09.226845,WO-003220,preventive,3,3
XFMR-007301,2019-01-17 13:56:09.226860,WO-003221,routine,3,3
XFMR-004059,2023-12-04 13:56:09.226884,WO-003222,routine,3,2
XFMR-004059,2025-11-22 13:56:09.226896,WO-003223,emergency,1,2
XFMR-004059,2024-06-07 13:56:09.226910,WO-003224,routine,3,2
XFMR-004837,2018-12-27 13:56:09.226938,WO-003225,routine,2,3
XFMR-004837,2020-02-13 13:56:09.226953,WO-003226,preventive,3,3
XFMR-004837,2017-12-09 13:56:09.226967,WO-003227,emergency,4,3
XFMR-003209,2024-08-29 13:56:09.226995,WO-003228,routine,4,3
XFMR-003209,2025-11-15 13:56:09.227009,WO-003229,emergency,3,3
XFMR-003209,2019-05-09 13:56:09.227020,WO-003230,routine,4,3
XFMR-016891,2023-05-17 13:56:09.227046,WO-003231,routine,3,3
XFMR-003394,2017-09-12 13:56:09.227071,WO-003232,preventive,2,3
XFMR-017599,2019-09-17 13:56:09.227096,WO-003233,preventive,2,2
XFMR-017599,2019-11-07 13:56:09.227107,WO-003234,routine,3,2
XFMR-004462,2025-01-12 13:56:09.227127,WO-003235,routine,3,3
XFMR-005648,2018-10-21 13:56:09.227148,WO-003236,preventive,3,2
XFMR-005648,2016-11-23 13:56:09.227158,WO-003237,routine,3,2
XFMR-004044,2024-07-31 13:56:09.227180,WO-003238,emergency,2,3
XFMR-004044,2020-09-08 13:56:09.227191,WO-003239,routine,4,3
XFMR-013730,2025-07-19 13:56:09.227211,WO-003240,routine,4,5
XFMR-013730,2024-04-24 13:56:09.227223,WO-003241,routine,5,5
XFMR-021354,2024-04-09 13:56:09.227243,WO-003242,routine,3,2
XFMR-021354,2020-11-27 13:56:09.227253,WO-003243,preventive,3,2
XFMR-016119,2025-03-13 13:56:09.227273,WO-003244,routine,2,2
XFMR-007859,2025-08-04 13:56:09.227293,WO-003245,routine,1,1
XFMR-007176,2022-05-18 13:56:09.227314,WO-003246,preventive,5,4
XFMR-011104,2023-04-30 13:56:09.227339,WO-003247,routine,5,5
XFMR-000102,2023-02-24 13:56:09.227360,WO-003248,routine,4,3
XFMR-000102,2016-10-31 13:56:09.227372,WO-003249,routine,4,3
XFMR-008146,2024-04-26 13:56:09.227394,WO-003250,routine,2,2
XFMR-008146,2024-03-16 13:56:09.227405,WO-003251,routine,1,2
XFMR-008146,2017-01-08 13:56:09.227415,WO-003252,routine,3,2
XFMR-001828,2018-03-23 13:56:09.227435,WO-003253,routine,3,3
XFMR-001535,2021-07-21 13:56:09.227455,WO-003254,routine,3,4
XFMR-001535,2024-10-12 13:56:09.227466,WO-003255,preventive,3,4
XFMR-004025,2023-06-02 13:56:09.227485,WO-003256,routine,5,4
XFMR-004025,2024-06-15 13:56:09.227496,WO-003257,routine,4,4
XFMR-018935,2019-09-23 13:56:09.227516,WO-003258,preventive,2,2
XFMR-015581,2025-09-15 13:56:09.227537,WO-003259,routine,2,3
XFMR-002648,2016-04-05 13:56:09.227557,WO-003260,emergency,4,3
XFMR-002648,2022-07-31 13:56:09.227568,WO-003261,routine,4,3
XFMR-002648,2016-09-15 13:56:09.227578,WO-003262,routine,4,3
XFMR-009479,2017-04-03 13:56:09.227598,WO-003263,routine,2,2
XFMR-009479,2020-07-13 13:56:09.227608,WO-003264,preventive,2,2
XFMR-009479,2022-04-24 13:56:09.227618,WO-003265,routine,3,2
XFMR-008239,2017-06-23 13:56:09.227638,WO-003266,routine,5,5
XFMR-008239,2025-02-05 13:56:09.227648,WO-003267,routine,4,5
XFMR-002190,2017-08-20 13:56:09.227668,WO-003268,emergency,4,3
XFMR-002190,2023-12-12 13:56:09.227679,WO-003269,routine,4,3
XFMR-002190,2021-04-20 13:56:09.227689,WO-003270,routine,4,3
XFMR-012308,2018-10-09 13:56:09.227708,WO-003271,routine,5,5
XFMR-012308,2017-08-07 13:56:09.227719,WO-003272,routine,5,5
XFMR-020251,2021-08-13 13:56:09.227739,WO-003273,routine,4,3
XFMR-020251,2016-11-15 13:56:09.227749,WO-003274,emergency,4,3
XFMR-020251,2025-11-06 13:56:09.227759,WO-003275,preventive,4,3
XFMR-007683,2019-11-25 13:56:09.227787,WO-003276,routine,3,2
XFMR-007683,2018-08-02 13:56:09.227798,WO-003277,routine,3,2
XFMR-006833,2019-06-05 13:56:09.227818,WO-003278,routine,4,4
XFMR-002169,2017-09-20 13:56:09.227838,WO-003279,routine,5,4
XFMR-002169,2018-01-08 13:56:09.227849,WO-003280,routine,4,4
XFMR-002169,2019-12-31 13:56:09.227859,WO-003281,preventive,5,4
XFMR-003311,2020-07-21 13:56:09.227879,WO-003282,routine,3,3
XFMR-003311,2025-10-10 13:56:09.227889,WO-003283,preventive,4,3
XFMR-003311,2022-06-12 13:56:09.227900,WO-003284,routine,3,3
XFMR-020546,2023-11-19 13:56:09.227919,WO-003285,routine,5,5
XFMR-020546,2019-02-04 13:56:09.227932,WO-003286,emergency,4,5
XFMR-018106,2025-04-11 13:56:09.227956,WO-003287,emergency,2,2
XFMR-012830,2018-11-16 13:56:09.227980,WO-003288,routine,2,2
XFMR-008627,2022-04-15 13:56:09.228008,WO-003289,routine,3,2
XFMR-008627,2025-05-16 13:56:09.228022,WO-003290,emergency,2,2
XFMR-018638,2020-10-18 13:56:09.228044,WO-003291,preventive,3,3
XFMR-018638,2024-08-22 13:56:09.228056,WO-003292,preventive,2,3
XFMR-019131,2016-10-01 13:56:09.228082,WO-003293,routine,3,3
XFMR-019131,2019-11-30 13:56:09.228095,WO-003294,routine,2,3
XFMR-019131,2021-05-26 13:56:09.228108,WO-003295,routine,4,3
XFMR-009151,2016-07-05 13:56:09.228133,WO-003296,routine,2,3
XFMR-009151,2023-01-12 13:56:09.228147,WO-003297,routine,3,3
XFMR-010456,2019-03-25 13:56:09.228174,WO-003298,preventive,3,3
XFMR-010456,2019-07-05 13:56:09.228185,WO-003299,routine,4,3
XFMR-003690,2019-08-15 13:56:09.228205,WO-003300,routine,2,1
XFMR-003690,2018-11-03 13:56:09.228216,WO-003301,routine,2,1
XFMR-003063,2018-03-27 13:56:09.228241,WO-003302,routine,4,4
XFMR-003063,2021-09-22 13:56:09.228256,WO-003303,routine,3,4
XFMR-003063,2024-11-13 13:56:09.228269,WO-003304,emergency,4,4
XFMR-020505,2025-09-22 13:56:09.228291,WO-003305,routine,1,2
XFMR-020505,2022-04-21 13:56:09.228303,WO-003306,routine,2,2
XFMR-020505,2017-05-21 13:56:09.228312,WO-003307,routine,1,2
XFMR-019235,2023-04-10 13:56:09.228332,WO-003308,emergency,1,2
XFMR-019235,2022-03-27 13:56:09.228343,WO-003309,routine,1,2
XFMR-019235,2024-05-05 13:56:09.228353,WO-003310,emergency,1,2
XFMR-019336,2023-10-20 13:56:09.228373,WO-003311,routine,5,5
XFMR-019336,2023-12-16 13:56:09.228383,WO-003312,routine,4,5
XFMR-019336,2018-04-06 13:56:09.228393,WO-003313,routine,5,5
XFMR-006873,2022-04-07 13:56:09.228413,WO-003314,routine,2,2
XFMR-016713,2020-09-04 13:56:09.228434,WO-003315,routine,3,2
XFMR-016713,2018-11-11 13:56:09.228444,WO-003316,routine,2,2
XFMR-016713,2020-09-04 13:56:09.228454,WO-003317,preventive,3,2
XFMR-013867,2016-12-19 13:56:09.228474,WO-003318,routine,3,4
XFMR-017820,2025-06-26 13:56:09.228495,WO-003319,routine,3,4
XFMR-010014,2024-09-06 13:56:09.228515,WO-003320,preventive,2,2
XFMR-010014,2019-07-13 13:56:09.228526,WO-003321,preventive,2,2
XFMR-010014,2025-04-16 13:56:09.228536,WO-003322,routine,2,2
XFMR-014983,2020-09-03 13:56:09.228558,WO-003323,routine,4,3
XFMR-004171,2019-06-26 13:56:09.228579,WO-003324,routine,1,1
XFMR-004171,2016-11-01 13:56:09.228590,WO-003325,routine,1,1
XFMR-003406,2022-10-20 13:56:09.228613,WO-003326,routine,3,2
XFMR-003406,2021-08-26 13:56:09.228625,WO-003327,routine,1,2
XFMR-013757,2025-07-24 13:56:09.228645,WO-003328,routine,2,3
XFMR-013757,2025-08-24 13:56:09.228656,WO-003329,routine,3,3
XFMR-014353,2019-03-04 13:56:09.228684,WO-003330,emergency,3,4
XFMR-014353,2019-01-04 13:56:09.228695,WO-003331,preventive,3,4
XFMR-014353,2021-05-08 13:56:09.228705,WO-003332,emergency,3,4
XFMR-019531,2017-03-13 13:56:09.228724,WO-003333,routine,3,2
XFMR-019531,2022-04-21 13:56:09.228735,WO-003334,routine,2,2
XFMR-004227,2019-03-13 13:56:09.228759,WO-003335,routine,2,2
XFMR-018433,2021-08-24 13:56:09.228785,WO-003336,routine,1,2
XFMR-018433,2021-05-15 13:56:09.228796,WO-003337,routine,1,2
XFMR-018433,2016-09-23 13:56:09.228806,WO-003338,routine,1,2
XFMR-000314,2024-10-08 13:56:09.228825,WO-003339,routine,4,5
XFMR-000314,2020-07-22 13:56:09.228838,WO-003340,routine,4,5
XFMR-000314,2024-11-21 13:56:09.228848,WO-003341,preventive,5,5
XFMR-007793,2024-06-27 13:56:09.228868,WO-003342,routine,4,3
XFMR-007793,2025-03-12 13:56:09.228879,WO-003343,routine,4,3
XFMR-021058,2021-04-28 13:56:09.228900,WO-003344,routine,1,2
XFMR-021058,2018-10-15 13:56:09.228912,WO-003345,routine,3,2
XFMR-002291,2018-12-23 13:56:09.228937,WO-003346,preventive,4,3
XFMR-002291,2017-06-08 13:56:09.228951,WO-003347,routine,4,3
XFMR-002291,2021-12-26 13:56:09.228963,WO-003348,routine,4,3
XFMR-013558,2022-11-20 13:56:09.228984,WO-003349,preventive,4,5
XFMR-013558,2020-07-04 13:56:09.228998,WO-003350,preventive,4,5
XFMR-011960,2023-04-24 13:56:09.229025,WO-003351,routine,5,5
XFMR-011960,2016-05-24 13:56:09.229037,WO-003352,routine,4,5
XFMR-011960,2021-05-15 13:56:09.229048,WO-003353,routine,5,5
XFMR-000252,2019-06-17 13:56:09.229073,WO-003354,routine,3,4
XFMR-000252,2022-05-10 13:56:09.229088,WO-003355,routine,3,4
XFMR-003504,2017-05-19 13:56:09.229112,WO-003356,routine,3,2
XFMR-006071,2023-12-31 13:56:09.229132,WO-003357,routine,5,4
XFMR-009793,2019-07-31 13:56:09.229153,WO-003358,preventive,2,1
XFMR-009793,2021-12-08 13:56:09.229164,WO-003359,routine,1,1
XFMR-009793,2018-03-25 13:56:09.229174,WO-003360,routine,1,1
XFMR-009858,2021-05-01 13:56:09.229199,WO-003361,routine,3,2
XFMR-004843,2016-06-26 13:56:09.229220,WO-003362,routine,1,2
XFMR-004843,2019-01-28 13:56:09.229235,WO-003363,preventive,2,2
XFMR-017898,2018-12-12 13:56:09.229262,WO-003364,preventive,4,3
XFMR-017898,2019-10-12 13:56:09.229273,WO-003365,routine,3,3
XFMR-018789,2016-12-15 13:56:09.229293,WO-003366,routine,3,3
XFMR-020216,2019-09-28 13:56:09.229314,WO-003367,routine,2,2
XFMR-020216,2016-04-09 13:56:09.229325,WO-003368,routine,3,2
XFMR-004190,2018-06-20 13:56:09.229345,WO-003369,routine,4,3
XFMR-004190,2022-12-06 13:56:09.229358,WO-003370,preventive,2,3
XFMR-004190,2018-01-26 13:56:09.229368,WO-003371,preventive,3,3
XFMR-011202,2016-08-11 13:56:09.229389,WO-003372,routine,3,3
XFMR-006614,2017-08-25 13:56:09.229410,WO-003373,routine,3,4
XFMR-006614,2019-08-29 13:56:09.229421,WO-003374,preventive,3,4
XFMR-006614,2022-07-18 13:56:09.229431,WO-003375,routine,4,4
XFMR-013656,2021-05-26 13:56:09.229451,WO-003376,routine,5,4
XFMR-019705,2024-10-08 13:56:09.229472,WO-003377,preventive,3,3
XFMR-016436,2017-05-21 13:56:09.229492,WO-003378,routine,3,3
XFMR-016436,2023-01-22 13:56:09.229503,WO-003379,preventive,4,3
XFMR-006875,2016-05-31 13:56:09.229526,WO-003380,emergency,3,3
XFMR-006875,2017-06-07 13:56:09.229537,WO-003381,preventive,3,3
XFMR-000739,2018-09-21 13:56:09.229563,WO-003382,emergency,1,2
XFMR-017684,2019-10-29 13:56:09.229591,WO-003383,routine,1,1
XFMR-002120,2019-03-21 13:56:09.229622,WO-003384,preventive,2,3
XFMR-002120,2026-01-19 13:56:09.229635,WO-003385,routine,2,3
XFMR-002120,2017-01-09 13:56:09.229646,WO-003386,routine,4,3
XFMR-005585,2020-09-24 13:56:09.229666,WO-003387,emergency,3,4
XFMR-007915,2016-08-21 13:56:09.229687,WO-003388,routine,3,2
XFMR-003482,2017-10-03 13:56:09.229707,WO-003389,routine,3,3
XFMR-016915,2025-09-22 13:56:09.229727,WO-003390,routine,2,3
XFMR-016915,2016-11-12 13:56:09.229738,WO-003391,routine,4,3
XFMR-016915,2021-02-11 13:56:09.229755,WO-003392,routine,3,3
XFMR-012910,2020-01-30 13:56:09.229782,WO-003393,routine,3,4
XFMR-012910,2020-07-18 13:56:09.229793,WO-003394,routine,5,4
XFMR-012910,2023-10-21 13:56:09.229803,WO-003395,routine,5,4
XFMR-001789,2021-11-17 13:56:09.229826,WO-003396,emergency,2,2
XFMR-020237,2022-07-10 13:56:09.229853,WO-003397,preventive,1,2
XFMR-020237,2016-04-11 13:56:09.229866,WO-003398,routine,3,2
XFMR-020237,2022-09-26 13:56:09.229879,WO-003399,emergency,2,2
XFMR-008101,2017-02-16 13:56:09.229903,WO-003400,emergency,4,5
XFMR-008101,2019-11-17 13:56:09.229916,WO-003401,routine,5,5
XFMR-019707,2020-07-19 13:56:09.229939,WO-003402,preventive,2,1
XFMR-019707,2018-07-25 13:56:09.229953,WO-003403,routine,1,1
XFMR-019707,2023-02-23 13:56:09.229968,WO-003404,routine,2,1
XFMR-020334,2020-08-04 13:56:09.229992,WO-003405,routine,3,4
XFMR-020334,2023-12-11 13:56:09.230005,WO-003406,emergency,3,4
XFMR-020334,2020-08-03 13:56:09.230018,WO-003407,routine,5,4
XFMR-007740,2019-06-04 13:56:09.230044,WO-003408,routine,1,1
XFMR-002725,2021-02-01 13:56:09.230066,WO-003409,emergency,4,3
XFMR-002725,2017-12-08 13:56:09.230078,WO-003410,routine,2,3
XFMR-013036,2026-01-16 13:56:09.230100,WO-003411,emergency,1,2
XFMR-016542,2021-09-24 13:56:09.230128,WO-003412,routine,4,3
XFMR-011450,2020-10-19 13:56:09.230157,WO-003413,routine,3,4
XFMR-011450,2023-09-15 13:56:09.230172,WO-003414,emergency,3,4
XFMR-011450,2017-07-23 13:56:09.230184,WO-003415,routine,5,4
XFMR-006914,2017-12-21 13:56:09.230206,WO-003416,routine,3,2
XFMR-006914,2023-03-05 13:56:09.230217,WO-003417,routine,2,2
XFMR-006914,2019-06-08 13:56:09.230227,WO-003418,routine,2,2
XFMR-013204,2024-10-06 13:56:09.230248,WO-003419,preventive,5,5
XFMR-013204,2026-01-23 13:56:09.230259,WO-003420,routine,5,5
XFMR-009062,2020-04-03 13:56:09.230284,WO-003421,routine,4,3
XFMR-009062,2016-05-17 13:56:09.230300,WO-003422,routine,2,3
XFMR-009062,2025-08-22 13:56:09.230311,WO-003423,routine,3,3
XFMR-002535,2022-03-26 13:56:09.230334,WO-003424,routine,3,3
XFMR-002535,2018-07-05 13:56:09.230346,WO-003425,routine,2,3
XFMR-002535,2021-12-27 13:56:09.230360,WO-003426,routine,3,3
XFMR-016382,2016-08-29 13:56:09.230387,WO-003427,preventive,3,4
XFMR-003617,2018-01-16 13:56:09.230415,WO-003428,emergency,2,2
XFMR-003617,2019-01-24 13:56:09.230430,WO-003429,preventive,3,2
XFMR-003617,2021-07-31 13:56:09.230443,WO-003430,emergency,2,2
XFMR-002546,2018-08-23 13:56:09.230462,WO-003431,routine,1,1
XFMR-002546,2020-10-18 13:56:09.230473,WO-003432,routine,1,1
XFMR-021542,2025-05-13 13:56:09.230492,WO-003433,routine,3,3
XFMR-021542,2021-02-14 13:56:09.230503,WO-003434,preventive,3,3
XFMR-013682,2023-05-18 13:56:09.230522,WO-003435,routine,4,5
XFMR-013682,2017-11-16 13:56:09.230533,WO-003436,routine,4,5
XFMR-013682,2020-10-12 13:56:09.230543,WO-003437,routine,5,5
XFMR-004069,2021-03-24 13:56:09.230563,WO-003438,emergency,3,4
XFMR-000200,2024-08-10 13:56:09.230584,WO-003439,preventive,3,3
XFMR-007485,2017-11-30 13:56:09.230604,WO-003440,routine,3,3
XFMR-007485,2020-09-29 13:56:09.230615,WO-003441,emergency,2,3
XFMR-006294,2016-07-17 13:56:09.230634,WO-003442,preventive,4,3
XFMR-006294,2022-05-11 13:56:09.230645,WO-003443,preventive,4,3
XFMR-010429,2025-05-26 13:56:09.230664,WO-003444,routine,1,2
XFMR-019478,2016-10-05 13:56:09.230685,WO-003445,routine,1,2
XFMR-019478,2024-09-27 13:56:09.230695,WO-003446,routine,2,2
XFMR-012103,2023-05-18 13:56:09.230715,WO-003447,routine,5,4
XFMR-012103,2020-01-01 13:56:09.230726,WO-003448,routine,5,4
XFMR-006312,2018-05-27 13:56:09.230745,WO-003449,routine,4,4
XFMR-006312,2022-12-02 13:56:09.230756,WO-003450,preventive,5,4
XFMR-019621,2017-05-25 13:56:09.230784,WO-003451,routine,3,4
XFMR-019621,2016-04-11 13:56:09.230794,WO-003452,routine,4,4
XFMR-019621,2017-02-11 13:56:09.230804,WO-003453,preventive,5,4
XFMR-006182,2025-07-23 13:56:09.230823,WO-003454,routine,3,3
XFMR-002248,2024-04-29 13:56:09.230844,WO-003455,routine,3,2
XFMR-002248,2021-04-16 13:56:09.230854,WO-003456,routine,1,2
XFMR-002248,2017-07-08 13:56:09.230864,WO-003457,routine,3,2
XFMR-019524,2023-10-26 13:56:09.230884,WO-003458,routine,1,2
XFMR-014992,2020-11-09 13:56:09.230904,WO-003459,routine,3,2
XFMR-014992,2021-10-06 13:56:09.230915,WO-003460,routine,1,2
XFMR-014134,2021-06-12 13:56:09.230937,WO-003461,routine,5,5
XFMR-014134,2016-09-10 13:56:09.230951,WO-003462,routine,5,5
XFMR-014134,2017-05-05 13:56:09.230964,WO-003463,routine,5,5
XFMR-014145,2018-02-12 13:56:09.230988,WO-003464,routine,2,2
XFMR-014145,2020-07-14 13:56:09.231002,WO-003465,routine,1,2
XFMR-018781,2023-10-18 13:56:09.231026,WO-003466,emergency,2,3
XFMR-018781,2016-05-06 13:56:09.231038,WO-003467,routine,2,3
XFMR-004073,2019-03-22 13:56:09.231060,WO-003468,routine,3,2
XFMR-017719,2025-09-11 13:56:09.231088,WO-003469,routine,5,4
XFMR-000128,2018-04-05 13:56:09.231113,WO-003470,routine,4,4
XFMR-000128,2017-01-12 13:56:09.231125,WO-003471,preventive,4,4
XFMR-001356,2018-02-05 13:56:09.231152,WO-003472,routine,3,3
XFMR-001356,2023-01-11 13:56:09.231167,WO-003473,preventive,2,3
XFMR-001356,2023-03-10 13:56:09.231181,WO-003474,preventive,4,3
XFMR-005628,2019-08-28 13:56:09.231203,WO-003475,routine,1,2
XFMR-005628,2018-03-26 13:56:09.231214,WO-003476,preventive,2,2
XFMR-008110,2025-08-22 13:56:09.231233,WO-003477,emergency,3,2
XFMR-003231,2018-04-01 13:56:09.231254,WO-003478,routine,3,3
XFMR-015638,2022-06-11 13:56:09.231282,WO-003479,preventive,2,1
XFMR-015638,2020-05-14 13:56:09.231295,WO-003480,routine,1,1
XFMR-015638,2018-09-09 13:56:09.231306,WO-003481,preventive,2,1
XFMR-012700,2024-04-13 13:56:09.231329,WO-003482,preventive,1,1
XFMR-012700,2020-01-31 13:56:09.231340,WO-003483,routine,1,1
XFMR-019384,2019-10-19 13:56:09.231360,WO-003484,routine,4,4
XFMR-010853,2016-09-24 13:56:09.231382,WO-003485,preventive,3,3
XFMR-010853,2024-05-05 13:56:09.231393,WO-003486,routine,3,3
XFMR-010853,2016-11-14 13:56:09.231403,WO-003487,routine,3,3
XFMR-011574,2023-05-05 13:56:09.231427,WO-003488,routine,4,4
XFMR-011574,2016-04-22 13:56:09.231438,WO-003489,preventive,3,4
XFMR-016708,2021-03-04 13:56:09.231458,WO-003490,routine,5,5
XFMR-016708,2024-09-28 13:56:09.231469,WO-003491,routine,5,5
XFMR-005175,2017-10-10 13:56:09.231488,WO-003492,routine,4,3
XFMR-001339,2022-04-17 13:56:09.231509,WO-003493,routine,3,3
XFMR-001944,2018-10-10 13:56:09.231529,WO-003494,emergency,2,2
XFMR-001944,2024-08-04 13:56:09.231539,WO-003495,routine,2,2
XFMR-001944,2022-03-16 13:56:09.231549,WO-003496,routine,3,2
XFMR-021519,2022-12-13 13:56:09.231569,WO-003497,routine,2,2
XFMR-021519,2018-09-11 13:56:09.231580,WO-003498,routine,2,2
XFMR-021519,2025-03-04 13:56:09.231589,WO-003499,routine,2,2
XFMR-009093,2017-12-27 13:56:09.231609,WO-003500,emergency,2,2
XFMR-008869,2024-02-12 13:56:09.231629,WO-003501,routine,2,2
XFMR-013710,2016-12-21 13:56:09.231649,WO-003502,preventive,4,3
XFMR-013710,2017-10-28 13:56:09.231660,WO-003503,routine,2,3
XFMR-020893,2017-03-06 13:56:09.231679,WO-003504,routine,2,1
XFMR-010910,2017-06-12 13:56:09.231700,WO-003505,preventive,2,3
XFMR-010910,2022-11-03 13:56:09.231710,WO-003506,routine,3,3
XFMR-000060,2016-06-01 13:56:09.231730,WO-003507,routine,3,3
XFMR-000060,2019-12-29 13:56:09.231740,WO-003508,preventive,4,3
XFMR-002916,2016-04-25 13:56:09.231760,WO-003509,preventive,5,4
XFMR-002916,2024-08-21 13:56:09.231775,WO-003510,routine,3,4
XFMR-008019,2023-01-21 13:56:09.231795,WO-003511,routine,2,3
XFMR-005406,2020-06-19 13:56:09.231815,WO-003512,preventive,1,2
XFMR-012865,2022-04-23 13:56:09.231836,WO-003513,routine,4,3
XFMR-012865,2022-11-04 13:56:09.231846,WO-003514,routine,2,3
XFMR-002042,2016-03-23 13:56:09.231866,WO-003515,routine,3,4
XFMR-001164,2022-12-17 13:56:09.231886,WO-003516,emergency,4,3
XFMR-001164,2018-10-16 13:56:09.231897,WO-003517,routine,3,3
XFMR-010446,2023-07-11 13:56:09.231917,WO-003518,routine,1,2
XFMR-010446,2022-09-08 13:56:09.231929,WO-003519,routine,3,2
XFMR-010446,2016-09-12 13:56:09.231940,WO-003520,preventive,3,2
XFMR-000411,2019-02-01 13:56:09.231966,WO-003521,routine,1,1
XFMR-000411,2025-12-23 13:56:09.231977,WO-003522,routine,1,1
XFMR-001007,2017-09-16 13:56:09.232003,WO-003523,routine,2,3
XFMR-001007,2016-09-21 13:56:09.232018,WO-003524,preventive,3,3
XFMR-001007,2018-08-22 13:56:09.232032,WO-003525,routine,2,3
XFMR-010440,2017-12-18 13:56:09.232059,WO-003526,routine,4,5
XFMR-010440,2025-05-22 13:56:09.232073,WO-003527,routine,4,5
XFMR-010200,2022-07-21 13:56:09.232099,WO-003528,routine,5,4
XFMR-010200,2022-11-18 13:56:09.232115,WO-003529,routine,3,4
XFMR-019315,2018-04-22 13:56:09.232142,WO-003530,routine,5,5
XFMR-019315,2020-05-01 13:56:09.232157,WO-003531,routine,5,5
XFMR-004149,2023-12-03 13:56:09.232185,WO-003532,routine,4,3
XFMR-005712,2021-02-06 13:56:09.232208,WO-003533,routine,4,4
XFMR-006957,2019-08-28 13:56:09.232228,WO-003534,routine,4,4
XFMR-006957,2024-04-24 13:56:09.232239,WO-003535,preventive,3,4
XFMR-006957,2020-01-16 13:56:09.232249,WO-003536,routine,5,4
XFMR-009546,2022-10-22 13:56:09.232270,WO-003537,routine,2,1
XFMR-005599,2016-10-16 13:56:09.232293,WO-003538,routine,3,4
XFMR-005599,2019-04-08 13:56:09.232304,WO-003539,routine,5,4
XFMR-005715,2018-07-19 13:56:09.232324,WO-003540,routine,5,4
XFMR-005715,2017-01-11 13:56:09.232335,WO-003541,routine,3,4
XFMR-014533,2016-12-23 13:56:09.232355,WO-003542,routine,1,2
XFMR-017905,2017-10-04 13:56:09.232375,WO-003543,routine,1,2
XFMR-003223,2019-11-26 13:56:09.232395,WO-003544,routine,1,1
XFMR-007932,2016-06-12 13:56:09.232415,WO-003545,preventive,2,3
XFMR-007932,2016-09-04 13:56:09.232426,WO-003546,routine,2,3
XFMR-012170,2020-08-29 13:56:09.232445,WO-003547,routine,3,3
XFMR-006498,2017-12-18 13:56:09.232466,WO-003548,routine,5,4
XFMR-006498,2017-06-06 13:56:09.232476,WO-003549,routine,5,4
XFMR-006498,2021-01-17 13:56:09.232486,WO-003550,routine,4,4
XFMR-002203,2018-10-20 13:56:09.232506,WO-003551,routine,4,3
XFMR-012285,2017-01-09 13:56:09.232526,WO-003552,routine,3,2
XFMR-012285,2022-08-10 13:56:09.232536,WO-003553,routine,2,2
XFMR-012285,2020-01-26 13:56:09.232546,WO-003554,routine,1,2
XFMR-010329,2021-03-21 13:56:09.232566,WO-003555,emergency,3,3
XFMR-020192,2017-12-16 13:56:09.232586,WO-003556,routine,3,4
XFMR-009353,2020-10-13 13:56:09.232606,WO-003557,routine,2,3
XFMR-004506,2021-11-09 13:56:09.232626,WO-003558,emergency,4,4
XFMR-004506,2020-03-02 13:56:09.232637,WO-003559,routine,5,4
XFMR-004506,2016-11-29 13:56:09.232651,WO-003560,routine,3,4
XFMR-011947,2016-09-19 13:56:09.232670,WO-003561,preventive,2,3
XFMR-011947,2018-09-26 13:56:09.232681,WO-003562,routine,2,3
XFMR-011947,2018-09-29 13:56:09.232691,WO-003563,preventive,3,3
XFMR-010629,2020-08-24 13:56:09.232712,WO-003564,preventive,2,2
XFMR-021094,2025-05-09 13:56:09.232733,WO-003565,routine,4,3
XFMR-021094,2021-05-30 13:56:09.232744,WO-003566,routine,2,3
XFMR-021094,2023-02-22 13:56:09.232754,WO-003567,routine,3,3
XFMR-005736,2025-06-19 13:56:09.232778,WO-003568,routine,3,4
XFMR-012751,2025-05-12 13:56:09.232800,WO-003569,routine,2,1
XFMR-012751,2023-06-17 13:56:09.232811,WO-003570,routine,1,1
XFMR-016815,2019-01-12 13:56:09.232831,WO-003571,preventive,2,3
XFMR-004259,2020-08-07 13:56:09.232851,WO-003572,preventive,3,2
XFMR-004259,2022-11-25 13:56:09.232862,WO-003573,routine,1,2
XFMR-009724,2023-06-26 13:56:09.232883,WO-003574,routine,4,4
XFMR-009724,2025-01-15 13:56:09.232893,WO-003575,routine,3,4
XFMR-015333,2016-05-22 13:56:09.232913,WO-003576,routine,2,2
XFMR-015333,2024-04-04 13:56:09.232924,WO-003577,routine,1,2
XFMR-013250,2024-01-03 13:56:09.232949,WO-003578,routine,2,2
XFMR-013250,2016-06-11 13:56:09.232964,WO-003579,routine,2,2
XFMR-010114,2022-01-26 13:56:09.232991,WO-003580,routine,2,2
XFMR-010114,2023-12-04 13:56:09.233005,WO-003581,routine,3,2
XFMR-010114,2019-12-29 13:56:09.233019,WO-003582,routine,2,2
XFMR-007583,2023-01-13 13:56:09.233046,WO-003583,routine,2,1
XFMR-007583,2019-05-29 13:56:09.233060,WO-003584,routine,1,1
XFMR-007583,2017-11-15 13:56:09.233074,WO-003585,preventive,1,1
XFMR-012139,2018-05-04 13:56:09.233101,WO-003586,routine,2,1
XFMR-013827,2021-12-18 13:56:09.233126,WO-003587,preventive,3,4
XFMR-013827,2021-02-15 13:56:09.233141,WO-003588,preventive,5,4
XFMR-013827,2019-09-30 13:56:09.233155,WO-003589,preventive,4,4
XFMR-008247,2024-11-10 13:56:09.233177,WO-003590,routine,1,2
XFMR-017849,2020-09-12 13:56:09.233199,WO-003591,routine,5,4
XFMR-011199,2017-05-05 13:56:09.233219,WO-003592,preventive,5,4
XFMR-011199,2024-10-03 13:56:09.233230,WO-003593,routine,5,4
XFMR-011199,2017-08-24 13:56:09.233240,WO-003594,routine,3,4
XFMR-015560,2025-05-31 13:56:09.233259,WO-003595,routine,3,4
XFMR-008285,2018-07-14 13:56:09.233282,WO-003596,routine,1,2
XFMR-008285,2021-01-15 13:56:09.233293,WO-003597,preventive,1,2
XFMR-008285,2019-12-30 13:56:09.233303,WO-003598,routine,3,2
XFMR-007610,2016-11-04 13:56:09.233326,WO-003599,routine,4,3
XFMR-007610,2021-08-03 13:56:09.233337,WO-003600,routine,2,3
XFMR-007610,2020-02-01 13:56:09.233346,WO-003601,routine,2,3
XFMR-008162,2025-11-08 13:56:09.233366,WO-003602,routine,1,2
XFMR-008162,2025-03-25 13:56:09.233377,WO-003603,routine,3,2
XFMR-008162,2020-08-31 13:56:09.233387,WO-003604,routine,2,2
XFMR-013105,2018-05-24 13:56:09.233406,WO-003605,preventive,4,3
XFMR-013105,2019-03-30 13:56:09.233417,WO-003606,preventive,4,3
XFMR-000644,2020-07-20 13:56:09.233436,WO-003607,preventive,3,3
XFMR-016228,2025-08-18 13:56:09.233456,WO-003608,routine,4,3
XFMR-019569,2026-01-11 13:56:09.233477,WO-003609,routine,2,3
XFMR-019569,2016-04-05 13:56:09.233487,WO-003610,preventive,2,3
XFMR-003740,2018-10-17 13:56:09.233507,WO-003611,routine,3,2
XFMR-003740,2023-03-12 13:56:09.233517,WO-003612,routine,1,2
XFMR-007639,2019-08-03 13:56:09.233537,WO-003613,emergency,3,3
XFMR-007639,2019-06-08 13:56:09.233547,WO-003614,preventive,3,3
XFMR-007639,2016-11-16 13:56:09.233557,WO-003615,routine,3,3
XFMR-012962,2022-06-27 13:56:09.233578,WO-003616,routine,1,1
XFMR-012962,2024-03-20 13:56:09.233589,WO-003617,routine,1,1
XFMR-003116,2021-06-26 13:56:09.233609,WO-003618,routine,1,2
XFMR-003116,2021-09-12 13:56:09.233619,WO-003619,routine,2,2
XFMR-007459,2023-11-05 13:56:09.233639,WO-003620,routine,3,4
XFMR-007459,2020-01-01 13:56:09.233651,WO-003621,preventive,3,4
XFMR-007459,2023-09-11 13:56:09.233661,WO-003622,routine,3,4
XFMR-002316,2024-07-26 13:56:09.233681,WO-003623,preventive,1,2
XFMR-012826,2021-09-13 13:56:09.233702,WO-003624,routine,1,2
XFMR-012826,2020-07-24 13:56:09.233715,WO-003625,routine,3,2
XFMR-003317,2018-01-27 13:56:09.233735,WO-003626,routine,2,2
XFMR-015281,2022-09-14 13:56:09.233755,WO-003627,routine,4,4
XFMR-015281,2017-10-04 13:56:09.233766,WO-003628,emergency,5,4
XFMR-005136,2024-03-06 13:56:09.233785,WO-003629,routine,3,3
XFMR-005136,2024-08-28 13:56:09.233796,WO-003630,routine,4,3
XFMR-010039,2016-08-03 13:56:09.233816,WO-003631,routine,1,2
XFMR-007088,2017-06-05 13:56:09.233836,WO-003632,emergency,5,4
XFMR-008366,2019-03-05 13:56:09.233856,WO-003633,routine,3,3
XFMR-013506,2022-04-28 13:56:09.233877,WO-003634,routine,4,3
XFMR-016260,2023-03-18 13:56:09.233897,WO-003635,emergency,1,2
XFMR-016260,2021-09-30 13:56:09.233907,WO-003636,routine,3,2
XFMR-010575,2024-08-04 13:56:09.233929,WO-003637,routine,5,5
XFMR-010575,2021-11-26 13:56:09.233941,WO-003638,routine,5,5
XFMR-015920,2017-12-02 13:56:09.233967,WO-003639,routine,1,2
XFMR-003577,2018-11-16 13:56:09.233990,WO-003640,routine,1,2
XFMR-018237,2021-09-05 13:56:09.234017,WO-003641,routine,3,3
XFMR-018908,2018-07-05 13:56:09.234045,WO-003642,routine,2,3
XFMR-018908,2017-06-21 13:56:09.234060,WO-003643,routine,3,3
XFMR-002622,2019-08-04 13:56:09.234087,WO-003644,routine,3,3
XFMR-002622,2022-12-30 13:56:09.234102,WO-003645,routine,2,3
XFMR-009959,2021-10-30 13:56:09.234128,WO-003646,routine,5,4
XFMR-003101,2024-12-17 13:56:09.234157,WO-003647,emergency,2,1
XFMR-005246,2017-10-11 13:56:09.234185,WO-003648,routine,2,2
XFMR-007746,2018-08-28 13:56:09.234205,WO-003649,routine,4,3
XFMR-007746,2025-05-23 13:56:09.234216,WO-003650,routine,2,3
XFMR-000452,2022-11-05 13:56:09.234235,WO-003651,routine,2,3
XFMR-005099,2020-05-26 13:56:09.234256,WO-003652,routine,2,2
XFMR-019938,2017-12-10 13:56:09.234278,WO-003653,preventive,2,2
XFMR-019938,2019-12-30 13:56:09.234289,WO-003654,routine,3,2
XFMR-009135,2017-08-07 13:56:09.234309,WO-003655,routine,5,5
XFMR-009135,2022-05-14 13:56:09.234320,WO-003656,preventive,5,5
XFMR-009135,2018-04-27 13:56:09.234330,WO-003657,routine,5,5
XFMR-008969,2021-06-19 13:56:09.234350,WO-003658,routine,2,3
XFMR-010754,2022-01-18 13:56:09.234370,WO-003659,routine,1,2
XFMR-010754,2023-03-14 13:56:09.234381,WO-003660,routine,3,2
XFMR-010754,2019-11-18 13:56:09.234390,WO-003661,routine,1,2
XFMR-009699,2022-11-07 13:56:09.234417,WO-003662,routine,2,2
XFMR-009699,2020-11-18 13:56:09.234428,WO-003663,preventive,2,2
XFMR-009699,2019-01-10 13:56:09.234437,WO-003664,routine,2,2
XFMR-008183,2016-04-22 13:56:09.234457,WO-003665,emergency,2,1
XFMR-001607,2024-06-02 13:56:09.234478,WO-003666,routine,3,2
XFMR-001607,2017-03-19 13:56:09.234488,WO-003667,routine,3,2
XFMR-001607,2023-04-06 13:56:09.234498,WO-003668,preventive,1,2
XFMR-020710,2018-08-03 13:56:09.234518,WO-003669,routine,4,4
XFMR-020710,2023-11-20 13:56:09.234528,WO-003670,routine,3,4
XFMR-019990,2020-08-14 13:56:09.234548,WO-003671,routine,5,5
XFMR-019990,2021-09-13 13:56:09.234558,WO-003672,routine,4,5
XFMR-019990,2021-01-11 13:56:09.234568,WO-003673,routine,5,5
XFMR-005479,2023-04-24 13:56:09.234588,WO-003674,routine,4,3
XFMR-016919,2022-09-29 13:56:09.234608,WO-003675,routine,5,4
XFMR-000222,2020-07-04 13:56:09.234628,WO-003676,preventive,5,5
XFMR-021539,2019-01-25 13:56:09.234649,WO-003677,routine,4,3
XFMR-021539,2023-07-28 13:56:09.234659,WO-003678,routine,3,3
XFMR-021539,2021-02-11 13:56:09.234669,WO-003679,routine,4,3
XFMR-003487,2025-03-13 13:56:09.234689,WO-003680,routine,5,5
XFMR-003487,2016-11-04 13:56:09.234699,WO-003681,routine,4,5
XFMR-020328,2019-03-11 13:56:09.234719,WO-003682,emergency,3,2
XFMR-020328,2018-02-19 13:56:09.234729,WO-003683,emergency,3,2
XFMR-007113,2018-01-30 13:56:09.234749,WO-003684,emergency,1,2
XFMR-008296,2021-12-05 13:56:09.234774,WO-003685,emergency,3,2
XFMR-012048,2020-12-03 13:56:09.234795,WO-003686,routine,2,3
XFMR-012048,2016-10-28 13:56:09.234806,WO-003687,emergency,4,3
XFMR-008410,2022-06-26 13:56:09.234825,WO-003688,routine,4,3
XFMR-007726,2024-07-08 13:56:09.234845,WO-003689,routine,3,2
XFMR-011009,2025-09-26 13:56:09.234866,WO-003690,routine,2,2
XFMR-011009,2023-03-02 13:56:09.234876,WO-003691,emergency,3,2
XFMR-011009,2018-08-07 13:56:09.234886,WO-003692,emergency,3,2
XFMR-014469,2016-08-21 13:56:09.234906,WO-003693,emergency,1,2
XFMR-006463,2024-12-24 13:56:09.234928,WO-003694,routine,4,3
XFMR-006463,2021-10-11 13:56:09.234939,WO-003695,preventive,2,3
XFMR-006463,2023-05-11 13:56:09.234953,WO-003696,preventive,3,3
XFMR-012903,2026-01-28 13:56:09.234980,WO-003697,routine,1,2
XFMR-012903,2020-04-24 13:56:09.234991,WO-003698,routine,1,2
XFMR-012903,2025-07-13 13:56:09.235003,WO-003699,routine,1,2
XFMR-013828,2020-07-08 13:56:09.235030,WO-003700,preventive,2,3
XFMR-013828,2023-11-01 13:56:09.235045,WO-003701,routine,3,3
XFMR-013828,2022-01-12 13:56:09.235058,WO-003702,routine,3,3
XFMR-021025,2023-10-18 13:56:09.235085,WO-003703,routine,2,2
XFMR-021025,2023-07-11 13:56:09.235099,WO-003704,routine,1,2
XFMR-007801,2017-01-10 13:56:09.235123,WO-003705,preventive,5,4
XFMR-007801,2020-03-28 13:56:09.235138,WO-003706,emergency,5,4
XFMR-007801,2023-05-13 13:56:09.235151,WO-003707,routine,3,4
XFMR-014128,2022-10-16 13:56:09.235173,WO-003708,routine,3,3
XFMR-014128,2020-05-04 13:56:09.235184,WO-003709,routine,3,3
XFMR-001458,2019-12-30 13:56:09.235205,WO-003710,emergency,3,2
XFMR-011048,2017-01-04 13:56:09.235225,WO-003711,routine,4,4
XFMR-011048,2022-01-04 13:56:09.235236,WO-003712,routine,5,4
XFMR-000266,2019-07-08 13:56:09.235255,WO-003713,routine,3,3
XFMR-000266,2023-04-13 13:56:09.235268,WO-003714,routine,2,3
XFMR-000460,2023-07-02 13:56:09.235297,WO-003715,routine,2,1
XFMR-000460,2016-08-05 13:56:09.235308,WO-003716,preventive,2,1
XFMR-000460,2025-10-14 13:56:09.235319,WO-003717,preventive,1,1
XFMR-014103,2023-10-29 13:56:09.235339,WO-003718,preventive,2,3
XFMR-014103,2016-03-10 13:56:09.235349,WO-003719,routine,3,3
XFMR-014103,2019-11-09 13:56:09.235361,WO-003720,routine,2,3
XFMR-006816,2019-12-23 13:56:09.235381,WO-003721,routine,5,4
XFMR-014500,2020-01-31 13:56:09.235401,WO-003722,routine,2,2
XFMR-014500,2024-11-24 13:56:09.235412,WO-003723,routine,1,2
XFMR-014500,2022-07-13 13:56:09.235422,WO-003724,preventive,2,2
XFMR-013333,2016-08-27 13:56:09.235441,WO-003725,routine,3,4
XFMR-013333,2022-12-23 13:56:09.235451,WO-003726,routine,5,4
XFMR-013333,2021-09-24 13:56:09.235461,WO-003727,routine,4,4
XFMR-008500,2023-06-19 13:56:09.235481,WO-003728,routine,3,2
XFMR-008500,2019-07-17 13:56:09.235492,WO-003729,preventive,1,2
XFMR-008500,2023-09-03 13:56:09.235501,WO-003730,routine,3,2
XFMR-006098,2019-12-28 13:56:09.235521,WO-003731,routine,3,4
XFMR-006098,2020-05-23 13:56:09.235532,WO-003732,routine,3,4
XFMR-006098,2018-05-29 13:56:09.235541,WO-003733,routine,4,4
XFMR-001028,2022-11-11 13:56:09.235561,WO-003734,preventive,5,4
XFMR-009287,2024-11-01 13:56:09.235581,WO-003735,routine,4,4
XFMR-013109,2022-01-15 13:56:09.235602,WO-003736,routine,5,4
XFMR-020024,2020-12-17 13:56:09.235622,WO-003737,preventive,3,4
XFMR-016239,2022-06-30 13:56:09.235642,WO-003738,routine,4,4
XFMR-006690,2023-05-12 13:56:09.235662,WO-003739,routine,1,1
XFMR-006690,2025-05-16 13:56:09.235673,WO-003740,routine,1,1
XFMR-006690,2025-07-15 13:56:09.235682,WO-003741,routine,1,1
XFMR-003201,2022-04-25 13:56:09.235702,WO-003742,routine,4,3
XFMR-015865,2018-03-22 13:56:09.235727,WO-003743,routine,5,4
XFMR-018973,2016-12-22 13:56:09.235748,WO-003744,preventive,1,2
XFMR-018973,2020-05-12 13:56:09.235758,WO-003745,emergency,2,2
XFMR-001523,2025-04-08 13:56:09.235786,WO-003746,routine,3,4
XFMR-002394,2017-07-06 13:56:09.235806,WO-003747,routine,3,2
XFMR-002394,2018-11-23 13:56:09.235817,WO-003748,preventive,2,2
XFMR-002394,2019-07-08 13:56:09.235827,WO-003749,preventive,3,2
XFMR-002572,2023-10-22 13:56:09.235847,WO-003750,preventive,3,4
XFMR-002572,2018-10-20 13:56:09.235857,WO-003751,preventive,5,4
XFMR-002572,2019-01-14 13:56:09.235867,WO-003752,routine,4,4
XFMR-018944,2021-08-19 13:56:09.235887,WO-003753,routine,3,4
XFMR-018944,2017-11-20 13:56:09.235897,WO-003754,routine,4,4
XFMR-020421,2023-03-04 13:56:09.235917,WO-003755,preventive,4,3
XFMR-020421,2020-07-18 13:56:09.235930,WO-003756,emergency,3,3
XFMR-015646,2020-09-21 13:56:09.235956,WO-003757,emergency,4,5
XFMR-012219,2022-12-19 13:56:09.235979,WO-003758,routine,2,3
XFMR-012219,2016-11-29 13:56:09.235993,WO-003759,preventive,4,3
XFMR-012219,2022-10-23 13:56:09.236007,WO-003760,preventive,2,3
XFMR-009110,2022-11-25 13:56:09.236034,WO-003761,routine,2,2
XFMR-009110,2022-01-01 13:56:09.236049,WO-003762,routine,3,2
XFMR-009110,2023-11-23 13:56:09.236063,WO-003763,preventive,3,2
XFMR-000135,2018-03-05 13:56:09.236087,WO-003764,preventive,5,4
XFMR-000135,2016-06-07 13:56:09.236101,WO-003765,routine,4,4
XFMR-021490,2025-06-26 13:56:09.236133,WO-003766,routine,1,2
XFMR-021490,2023-05-16 13:56:09.236145,WO-003767,routine,1,2
XFMR-021490,2017-02-19 13:56:09.236156,WO-003768,routine,2,2
XFMR-009396,2016-08-03 13:56:09.236178,WO-003769,routine,4,3
XFMR-011568,2017-08-27 13:56:09.236198,WO-003770,routine,3,3
XFMR-010609,2020-04-20 13:56:09.236218,WO-003771,preventive,5,4
XFMR-010609,2020-07-24 13:56:09.236229,WO-003772,routine,3,4
XFMR-001449,2017-05-22 13:56:09.236250,WO-003773,preventive,2,3
XFMR-001449,2018-09-09 13:56:09.236261,WO-003774,routine,4,3
XFMR-001449,2025-12-13 13:56:09.236271,WO-003775,routine,2,3
XFMR-009327,2025-12-26 13:56:09.236291,WO-003776,emergency,1,2
XFMR-009327,2020-03-14 13:56:09.236302,WO-003777,preventive,3,2
XFMR-009327,2025-07-09 13:56:09.236314,WO-003778,preventive,2,2
XFMR-012728,2020-03-09 13:56:09.236334,WO-003779,routine,1,2
XFMR-012728,2019-05-14 13:56:09.236345,WO-003780,routine,1,2
XFMR-007111,2020-03-23 13:56:09.236365,WO-003781,emergency,3,3
XFMR-016137,2024-03-22 13:56:09.236385,WO-003782,emergency,3,2
XFMR-011481,2018-12-26 13:56:09.236405,WO-003783,emergency,5,5
XFMR-015282,2016-08-06 13:56:09.236426,WO-003784,emergency,1,2
XFMR-015282,2021-04-14 13:56:09.236436,WO-003785,preventive,3,2
XFMR-015282,2022-11-23 13:56:09.236446,WO-003786,emergency,3,2
XFMR-015415,2021-02-06 13:56:09.236465,WO-003787,preventive,1,2
XFMR-015415,2021-05-15 13:56:09.236476,WO-003788,routine,3,2
XFMR-015415,2016-06-03 13:56:09.236486,WO-003789,routine,1,2
XFMR-018406,2020-09-07 13:56:09.236505,WO-003790,routine,1,1
XFMR-018406,2020-10-15 13:56:09.236516,WO-003791,routine,1,1
XFMR-017249,2018-03-26 13:56:09.236535,WO-003792,routine,4,3
XFMR-003729,2016-08-06 13:56:09.236560,WO-003793,routine,5,4
XFMR-017875,2025-01-16 13:56:09.236580,WO-003794,routine,4,4
XFMR-017875,2016-11-25 13:56:09.236591,WO-003795,emergency,3,4
XFMR-011120,2025-08-11 13:56:09.236610,WO-003796,routine,4,3
XFMR-015506,2022-05-09 13:56:09.236631,WO-003797,routine,4,3
XFMR-015506,2021-08-12 13:56:09.236641,WO-003798,routine,3,3
XFMR-008638,2019-03-29 13:56:09.236661,WO-003799,routine,4,3
XFMR-008638,2017-06-17 13:56:09.236671,WO-003800,routine,4,3
XFMR-008638,2023-05-12 13:56:09.236681,WO-003801,routine,3,3
XFMR-007305,2017-05-06 13:56:09.236701,WO-003802,routine,2,1
XFMR-007305,2020-01-20 13:56:09.236711,WO-003803,emergency,1,1
XFMR-007305,2016-08-31 13:56:09.236721,WO-003804,routine,2,1
XFMR-005152,2023-04-19 13:56:09.236741,WO-003805,preventive,2,2
XFMR-005152,2017-09-12 13:56:09.236751,WO-003806,preventive,1,2
XFMR-010447,2019-02-24 13:56:09.236778,WO-003807,routine,4,4
XFMR-010447,2023-09-19 13:56:09.236789,WO-003808,preventive,4,4
XFMR-018029,2020-09-22 13:56:09.236809,WO-003809,routine,3,2
XFMR-005750,2025-03-19 13:56:09.236829,WO-003810,preventive,2,2
XFMR-005750,2021-09-04 13:56:09.236840,WO-003811,preventive,1,2
XFMR-005750,2021-02-02 13:56:09.236850,WO-003812,emergency,2,2
XFMR-013926,2020-10-04 13:56:09.236869,WO-003813,routine,1,1
XFMR-013926,2017-10-25 13:56:09.236881,WO-003814,routine,2,1
XFMR-013926,2016-05-14 13:56:09.236892,WO-003815,preventive,1,1
XFMR-017002,2020-07-10 13:56:09.236911,WO-003816,routine,1,2
XFMR-017002,2018-04-02 13:56:09.236923,WO-003817,routine,2,2
XFMR-016508,2022-02-21 13:56:09.236950,WO-003818,emergency,2,2
XFMR-011839,2019-02-07 13:56:09.236979,WO-003819,preventive,3,2
XFMR-005060,2024-05-06 13:56:09.237007,WO-003820,routine,4,4
XFMR-005060,2019-02-13 13:56:09.237021,WO-003821,preventive,4,4
XFMR-005060,2018-09-18 13:56:09.237035,WO-003822,emergency,3,4
XFMR-021383,2016-09-21 13:56:09.237062,WO-003823,preventive,5,4
XFMR-019498,2025-04-07 13:56:09.237090,WO-003824,routine,5,5
XFMR-019498,2016-04-23 13:56:09.237104,WO-003825,emergency,4,5
XFMR-019498,2019-02-25 13:56:09.237119,WO-003826,routine,5,5
XFMR-002230,2022-10-07 13:56:09.237175,WO-003827,routine,4,3
XFMR-002230,2017-01-12 13:56:09.237192,WO-003828,preventive,4,3
XFMR-002230,2016-03-10 13:56:09.237204,WO-003829,routine,4,3
XFMR-007666,2017-04-29 13:56:09.237229,WO-003830,emergency,5,5
XFMR-007666,2021-08-02 13:56:09.237241,WO-003831,routine,4,5
XFMR-007666,2016-05-13 13:56:09.237251,WO-003832,routine,5,5
XFMR-017800,2017-12-18 13:56:09.237276,WO-003833,preventive,3,2
XFMR-017800,2025-08-05 13:56:09.237288,WO-003834,preventive,3,2
XFMR-017800,2025-03-26 13:56:09.237299,WO-003835,routine,1,2
XFMR-000181,2018-11-28 13:56:09.237325,WO-003836,preventive,1,2
XFMR-019708,2020-12-14 13:56:09.237348,WO-003837,routine,4,5
XFMR-019708,2021-05-05 13:56:09.237360,WO-003838,emergency,5,5
XFMR-019708,2023-10-17 13:56:09.237370,WO-003839,preventive,5,5
XFMR-001494,2016-06-04 13:56:09.237391,WO-003840,preventive,1,1
XFMR-001494,2017-04-02 13:56:09.237402,WO-003841,routine,1,1
XFMR-001494,2023-07-12 13:56:09.237413,WO-003842,routine,1,1
XFMR-012957,2019-12-19 13:56:09.237433,WO-003843,preventive,4,4
XFMR-012957,2025-12-13 13:56:09.237444,WO-003844,emergency,4,4
XFMR-012957,2019-06-18 13:56:09.237454,WO-003845,routine,5,4
XFMR-008035,2021-07-06 13:56:09.237475,WO-003846,routine,4,3
XFMR-009515,2016-05-26 13:56:09.237496,WO-003847,routine,4,5
XFMR-021360,2019-08-12 13:56:09.237517,WO-003848,routine,2,3
XFMR-021360,2018-06-11 13:56:09.237528,WO-003849,routine,2,3
XFMR-021360,2019-09-02 13:56:09.237538,WO-003850,routine,2,3
XFMR-005260,2020-11-14 13:56:09.237559,WO-003851,routine,4,3
XFMR-005260,2020-07-19 13:56:09.237570,WO-003852,routine,3,3
XFMR-018424,2020-05-28 13:56:09.237590,WO-003853,routine,5,5
XFMR-018424,2022-10-06 13:56:09.237601,WO-003854,routine,4,5
XFMR-018424,2018-06-20 13:56:09.237611,WO-003855,routine,5,5
XFMR-000981,2020-04-01 13:56:09.237631,WO-003856,emergency,2,3
XFMR-018884,2024-03-12 13:56:09.237652,WO-003857,routine,2,3
XFMR-018884,2019-08-16 13:56:09.237663,WO-003858,routine,3,3
XFMR-001536,2020-09-14 13:56:09.237683,WO-003859,emergency,3,2
XFMR-001536,2016-10-07 13:56:09.237694,WO-003860,routine,3,2
XFMR-010597,2017-06-26 13:56:09.237713,WO-003861,preventive,5,4
XFMR-010597,2022-04-22 13:56:09.237724,WO-003862,routine,3,4
XFMR-010597,2017-05-24 13:56:09.237734,WO-003863,routine,5,4
XFMR-001347,2020-11-19 13:56:09.237754,WO-003864,routine,2,3
XFMR-001347,2019-07-30 13:56:09.237773,WO-003865,preventive,3,3
XFMR-015419,2024-07-15 13:56:09.237793,WO-003866,emergency,1,2
XFMR-015419,2021-08-18 13:56:09.237804,WO-003867,routine,2,2
XFMR-015419,2018-05-27 13:56:09.237814,WO-003868,routine,1,2
XFMR-009801,2022-05-19 13:56:09.237834,WO-003869,preventive,5,4
XFMR-009801,2018-07-12 13:56:09.237845,WO-003870,routine,5,4
XFMR-017879,2025-12-09 13:56:09.237869,WO-003871,preventive,4,3
XFMR-017879,2025-01-04 13:56:09.237880,WO-003872,routine,3,3
XFMR-017342,2023-07-16 13:56:09.237901,WO-003873,routine,2,3
XFMR-017342,2023-06-14 13:56:09.237912,WO-003874,routine,3,3
XFMR-017342,2024-07-28 13:56:09.237923,WO-003875,routine,4,3
XFMR-012556,2022-01-01 13:56:09.237951,WO-003876,routine,1,2
XFMR-012556,2017-10-14 13:56:09.237965,WO-003877,routine,1,2
XFMR-002894,2022-01-23 13:56:09.237989,WO-003878,routine,3,3
XFMR-012896,2023-01-13 13:56:09.238017,WO-003879,routine,1,2
XFMR-012896,2024-08-14 13:56:09.238029,WO-003880,routine,2,2
XFMR-012896,2020-02-02 13:56:09.238040,WO-003881,routine,1,2
XFMR-007525,2020-02-16 13:56:09.238066,WO-003882,emergency,2,3
XFMR-007525,2021-07-03 13:56:09.238080,WO-003883,routine,2,3
XFMR-018351,2020-09-16 13:56:09.238105,WO-003884,routine,4,4
XFMR-001035,2023-11-18 13:56:09.238130,WO-003885,preventive,2,2
XFMR-001035,2023-03-02 13:56:09.238146,WO-003886,routine,3,2
XFMR-001035,2024-01-20 13:56:09.238158,WO-003887,routine,1,2
XFMR-000689,2016-12-11 13:56:09.238178,WO-003888,routine,3,4
XFMR-000689,2021-08-28 13:56:09.238189,WO-003889,routine,5,4
XFMR-000689,2020-09-23 13:56:09.238199,WO-003890,routine,5,4
XFMR-001513,2023-07-21 13:56:09.238218,WO-003891,emergency,3,4
XFMR-004075,2020-05-23 13:56:09.238239,WO-003892,preventive,4,5
XFMR-004075,2025-07-06 13:56:09.238252,WO-003893,routine,5,5
XFMR-004075,2018-10-27 13:56:09.238262,WO-003894,preventive,4,5
XFMR-007908,2017-01-26 13:56:09.238282,WO-003895,routine,3,2
XFMR-007908,2021-11-03 13:56:09.238294,WO-003896,routine,2,2
XFMR-008367,2025-02-01 13:56:09.238314,WO-003897,routine,5,4
XFMR-008367,2021-12-18 13:56:09.238324,WO-003898,routine,3,4
XFMR-008367,2021-10-16 13:56:09.238335,WO-003899,routine,4,4
XFMR-016027,2019-09-06 13:56:09.238354,WO-003900,routine,5,5
XFMR-016027,2022-09-13 13:56:09.238365,WO-003901,preventive,4,5
XFMR-017708,2024-06-30 13:56:09.238385,WO-003902,preventive,4,4
XFMR-017708,2016-12-19 13:56:09.238396,WO-003903,emergency,3,4
XFMR-021017,2023-06-25 13:56:09.238416,WO-003904,routine,5,5
XFMR-021017,2020-12-20 13:56:09.238426,WO-003905,preventive,5,5
XFMR-012627,2022-02-07 13:56:09.238446,WO-003906,routine,5,4
XFMR-012627,2024-08-12 13:56:09.238457,WO-003907,routine,5,4
XFMR-012627,2019-08-13 13:56:09.238467,WO-003908,routine,5,4
XFMR-012951,2016-05-28 13:56:09.238487,WO-003909,preventive,1,2
XFMR-003634,2019-09-18 13:56:09.238508,WO-003910,routine,5,5
XFMR-010245,2024-04-30 13:56:09.238529,WO-003911,preventive,3,3
XFMR-010245,2017-03-17 13:56:09.238539,WO-003912,routine,3,3
XFMR-010245,2019-02-10 13:56:09.238550,WO-003913,routine,4,3
XFMR-008590,2024-01-23 13:56:09.238569,WO-003914,routine,2,2
XFMR-008590,2021-05-25 13:56:09.238580,WO-003915,routine,1,2
XFMR-018688,2024-04-26 13:56:09.238600,WO-003916,routine,4,3
XFMR-018688,2018-09-02 13:56:09.238611,WO-003917,preventive,4,3
XFMR-018688,2025-06-29 13:56:09.238621,WO-003918,emergency,3,3
XFMR-016331,2026-01-21 13:56:09.238640,WO-003919,routine,1,1
XFMR-016331,2017-01-24 13:56:09.238651,WO-003920,routine,2,1
XFMR-016331,2017-07-01 13:56:09.238661,WO-003921,routine,1,1
XFMR-016993,2019-12-25 13:56:09.238681,WO-003922,routine,3,3
XFMR-016993,2023-05-07 13:56:09.238692,WO-003923,emergency,4,3
XFMR-016993,2021-04-04 13:56:09.238702,WO-003924,emergency,4,3
XFMR-005501,2020-08-27 13:56:09.238722,WO-003925,preventive,3,3
XFMR-005501,2019-07-17 13:56:09.238733,WO-003926,routine,2,3
XFMR-005501,2022-07-06 13:56:09.238743,WO-003927,routine,4,3
XFMR-007977,2025-04-17 13:56:09.238770,WO-003928,routine,4,3
XFMR-013742,2022-03-30 13:56:09.238791,WO-003929,routine,1,1
XFMR-013742,2022-09-28 13:56:09.238801,WO-003930,routine,1,1
XFMR-013796,2016-09-23 13:56:09.238821,WO-003931,routine,2,3
XFMR-013796,2022-03-13 13:56:09.238832,WO-003932,routine,3,3
XFMR-013796,2018-12-12 13:56:09.238842,WO-003933,preventive,2,3
XFMR-020801,2017-06-10 13:56:09.238862,WO-003934,routine,4,3
XFMR-020801,2023-12-07 13:56:09.238872,WO-003935,routine,3,3
XFMR-020801,2016-10-06 13:56:09.238882,WO-003936,routine,2,3
XFMR-013968,2024-07-28 13:56:09.238902,WO-003937,preventive,4,5
XFMR-013968,2016-12-21 13:56:09.238913,WO-003938,emergency,5,5
XFMR-000656,2019-07-15 13:56:09.238936,WO-003939,routine,2,1
XFMR-000656,2020-12-13 13:56:09.238951,WO-003940,routine,2,1
XFMR-000656,2023-09-03 13:56:09.238963,WO-003941,routine,1,1
XFMR-007516,2020-10-20 13:56:09.238987,WO-003942,routine,3,3
XFMR-007516,2018-07-28 13:56:09.239002,WO-003943,routine,2,3
XFMR-007516,2017-11-28 13:56:09.239016,WO-003944,preventive,3,3
XFMR-003639,2020-06-13 13:56:09.239043,WO-003945,routine,5,5
XFMR-003639,2023-07-04 13:56:09.239058,WO-003946,routine,5,5
XFMR-003639,2019-08-28 13:56:09.239072,WO-003947,preventive,4,5
XFMR-019189,2019-01-08 13:56:09.239097,WO-003948,preventive,3,2
XFMR-003785,2021-05-24 13:56:09.239127,WO-003949,preventive,2,2
XFMR-016038,2017-05-23 13:56:09.239151,WO-003950,emergency,1,2
XFMR-000410,2025-10-03 13:56:09.239174,WO-003951,emergency,1,1
XFMR-009166,2016-10-14 13:56:09.239195,WO-003952,routine,5,4
XFMR-009710,2021-05-16 13:56:09.239215,WO-003953,emergency,2,2
XFMR-008841,2017-12-29 13:56:09.239235,WO-003954,routine,4,4
XFMR-008841,2024-04-10 13:56:09.239247,WO-003955,routine,3,4
XFMR-008841,2021-07-04 13:56:09.239258,WO-003956,routine,5,4
XFMR-018969,2017-04-27 13:56:09.239281,WO-003957,routine,3,3
XFMR-020760,2017-05-04 13:56:09.239302,WO-003958,routine,2,3
XFMR-020760,2020-08-26 13:56:09.239313,WO-003959,routine,3,3
XFMR-020760,2022-02-09 13:56:09.239323,WO-003960,routine,4,3
XFMR-009000,2017-06-03 13:56:09.239343,WO-003961,routine,4,3
XFMR-009000,2019-01-27 13:56:09.239354,WO-003962,emergency,2,3
XFMR-010581,2018-01-15 13:56:09.239373,WO-003963,preventive,1,2
XFMR-019430,2016-07-30 13:56:09.239394,WO-003964,routine,4,3
XFMR-018070,2023-09-06 13:56:09.239415,WO-003965,routine,3,4
XFMR-008497,2016-10-07 13:56:09.239435,WO-003966,preventive,4,4
XFMR-002879,2021-11-15 13:56:09.239456,WO-003967,routine,5,4
XFMR-002879,2020-07-30 13:56:09.239466,WO-003968,preventive,4,4
XFMR-002879,2022-08-06 13:56:09.239476,WO-003969,preventive,5,4
XFMR-003389,2022-01-06 13:56:09.239496,WO-003970,routine,2,1
XFMR-002911,2016-07-21 13:56:09.239517,WO-003971,routine,4,3
XFMR-002911,2023-12-13 13:56:09.239527,WO-003972,preventive,3,3
XFMR-002911,2025-06-28 13:56:09.239538,WO-003973,routine,4,3
XFMR-015123,2025-04-19 13:56:09.239557,WO-003974,routine,4,3
XFMR-012140,2020-09-23 13:56:09.239578,WO-003975,emergency,3,2
XFMR-012140,2025-02-21 13:56:09.239589,WO-003976,preventive,3,2
XFMR-012140,2023-12-18 13:56:09.239599,WO-003977,routine,2,2
XFMR-019248,2017-01-12 13:56:09.239618,WO-003978,emergency,2,2
XFMR-002271,2020-03-03 13:56:09.239638,WO-003979,routine,1,1
XFMR-002271,2020-02-21 13:56:09.239649,WO-003980,preventive,1,1
XFMR-002271,2019-02-12 13:56:09.239659,WO-003981,routine,1,1
XFMR-018655,2019-04-01 13:56:09.239684,WO-003982,routine,3,4
XFMR-018655,2022-09-23 13:56:09.239694,WO-003983,routine,3,4
XFMR-020635,2024-08-15 13:56:09.239715,WO-003984,routine,3,4
XFMR-020635,2022-11-26 13:56:09.239726,WO-003985,routine,5,4
XFMR-009470,2024-06-21 13:56:09.239746,WO-003986,routine,3,3
XFMR-009470,2023-12-16 13:56:09.239756,WO-003987,routine,4,3
XFMR-009470,2021-04-20 13:56:09.239774,WO-003988,routine,3,3
XFMR-018963,2023-05-04 13:56:09.239794,WO-003989,routine,5,4
XFMR-017894,2016-11-15 13:56:09.239815,WO-003990,routine,5,4
XFMR-017894,2025-10-11 13:56:09.239825,WO-003991,routine,3,4
XFMR-017894,2023-10-07 13:56:09.239836,WO-003992,emergency,4,4
XFMR-021238,2021-01-07 13:56:09.239855,WO-003993,routine,2,2
XFMR-021238,2017-05-01 13:56:09.239866,WO-003994,routine,2,2
XFMR-021238,2022-02-27 13:56:09.239876,WO-003995,preventive,2,2
XFMR-000867,2016-09-14 13:56:09.239896,WO-003996,preventive,1,1
XFMR-000867,2020-12-28 13:56:09.239907,WO-003997,preventive,1,1
XFMR-000867,2024-10-24 13:56:09.239918,WO-003998,routine,1,1
XFMR-020820,2016-05-09 13:56:09.239950,WO-003999,preventive,2,3
XFMR-020820,2023-03-28 13:56:09.239966,WO-004000,routine,2,3
XFMR-005389,2016-11-29 13:56:09.239990,WO-004001,routine,2,2
XFMR-005389,2018-11-11 13:56:09.240005,WO-004002,emergency,1,2
XFMR-009454,2023-10-11 13:56:09.240033,WO-004003,routine,3,2
XFMR-009454,2019-05-06 13:56:09.240048,WO-004004,routine,3,2
XFMR-009454,2019-05-24 13:56:09.240062,WO-004005,routine,3,2
XFMR-013602,2019-08-13 13:56:09.240089,WO-004006,routine,1,1
XFMR-017444,2022-01-24 13:56:09.240115,WO-004007,routine,3,2
XFMR-017444,2018-03-31 13:56:09.240129,WO-004008,routine,3,2
XFMR-017444,2016-03-28 13:56:09.240144,WO-004009,routine,1,2
XFMR-000994,2022-06-24 13:56:09.240170,WO-004010,routine,4,4
XFMR-000994,2016-04-01 13:56:09.240182,WO-004011,routine,4,4
XFMR-009986,2025-06-17 13:56:09.240205,WO-004012,routine,2,3
XFMR-009986,2018-09-21 13:56:09.240216,WO-004013,preventive,2,3
XFMR-009986,2022-06-15 13:56:09.240226,WO-004014,emergency,3,3
XFMR-014738,2019-10-23 13:56:09.240245,WO-004015,routine,2,2
XFMR-014738,2019-10-17 13:56:09.240256,WO-004016,emergency,1,2
XFMR-005636,2021-09-21 13:56:09.240278,WO-004017,routine,1,1
XFMR-005636,2021-11-12 13:56:09.240289,WO-004018,routine,2,1
XFMR-005636,2020-04-29 13:56:09.240300,WO-004019,routine,1,1
XFMR-018555,2025-11-11 13:56:09.240320,WO-004020,preventive,3,3
XFMR-018555,2017-01-30 13:56:09.240331,WO-004021,preventive,4,3
XFMR-018129,2017-05-27 13:56:09.240351,WO-004022,routine,3,2
XFMR-001167,2018-04-27 13:56:09.240371,WO-004023,preventive,3,3
XFMR-005858,2025-09-15 13:56:09.240392,WO-004024,routine,1,2
XFMR-005858,2020-10-22 13:56:09.240403,WO-004025,routine,3,2
XFMR-005858,2019-12-04 13:56:09.240413,WO-004026,routine,3,2
XFMR-011168,2023-02-07 13:56:09.240437,WO-004027,routine,4,4
XFMR-011168,2025-05-17 13:56:09.240448,WO-004028,routine,4,4
XFMR-011168,2020-01-23 13:56:09.240458,WO-004029,preventive,5,4
XFMR-015781,2017-07-24 13:56:09.240479,WO-004030,preventive,1,1
XFMR-015781,2023-05-12 13:56:09.240490,WO-004031,emergency,1,1
XFMR-015781,2022-01-24 13:56:09.240500,WO-004032,routine,2,1
XFMR-011686,2016-07-08 13:56:09.240520,WO-004033,routine,3,3
XFMR-011686,2023-10-09 13:56:09.240531,WO-004034,routine,2,3
XFMR-011686,2020-05-14 13:56:09.240541,WO-004035,routine,2,3
XFMR-002797,2020-02-13 13:56:09.240561,WO-004036,preventive,1,1
XFMR-002797,2023-03-13 13:56:09.240572,WO-004037,routine,1,1
XFMR-004167,2022-05-15 13:56:09.240592,WO-004038,routine,5,5
XFMR-004167,2018-03-21 13:56:09.240603,WO-004039,routine,5,5
XFMR-004167,2022-12-12 13:56:09.240613,WO-004040,emergency,5,5
XFMR-013881,2022-10-23 13:56:09.240632,WO-004041,routine,3,4
XFMR-013881,2025-11-15 13:56:09.240643,WO-004042,preventive,5,4
XFMR-013881,2022-06-15 13:56:09.240653,WO-004043,routine,4,4
XFMR-015132,2018-02-15 13:56:09.240673,WO-004044,preventive,3,3
XFMR-015132,2017-09-18 13:56:09.240684,WO-004045,preventive,2,3
XFMR-015132,2017-09-17 13:56:09.240694,WO-004046,routine,2,3
XFMR-018606,2017-06-10 13:56:09.240713,WO-004047,routine,3,4
XFMR-017368,2022-08-06 13:56:09.240734,WO-004048,routine,5,4
XFMR-017368,2022-03-13 13:56:09.240745,WO-004049,preventive,5,4
XFMR-013523,2025-01-06 13:56:09.240772,WO-004050,routine,2,3
XFMR-020030,2020-01-25 13:56:09.240793,WO-004051,routine,2,1
XFMR-020030,2020-09-26 13:56:09.240803,WO-004052,routine,1,1
XFMR-020030,2020-09-08 13:56:09.240814,WO-004053,routine,2,1
XFMR-012621,2019-06-24 13:56:09.240834,WO-004054,routine,1,2
XFMR-015757,2025-09-09 13:56:09.240854,WO-004055,routine,3,3
XFMR-015757,2023-10-09 13:56:09.240865,WO-004056,routine,2,3
XFMR-019337,2024-07-18 13:56:09.240885,WO-004057,routine,3,3
XFMR-019337,2022-07-03 13:56:09.240895,WO-004058,routine,3,3
XFMR-019337,2021-02-10 13:56:09.240906,WO-004059,routine,2,3
XFMR-010679,2019-08-28 13:56:09.240929,WO-004060,routine,2,1
XFMR-004739,2019-09-17 13:56:09.240956,WO-004061,emergency,4,3
XFMR-004739,2019-07-13 13:56:09.240968,WO-004062,preventive,3,3
XFMR-004739,2025-05-21 13:56:09.240979,WO-004063,routine,4,3
XFMR-018891,2023-03-20 13:56:09.241007,WO-004064,routine,4,3
XFMR-018891,2025-09-11 13:56:09.241022,WO-004065,routine,3,3
XFMR-018891,2017-05-08 13:56:09.241036,WO-004066,preventive,2,3
XFMR-011459,2018-05-12 13:56:09.241060,WO-004067,routine,3,3
XFMR-011459,2025-03-13 13:56:09.241072,WO-004068,routine,3,3
XFMR-012028,2020-04-03 13:56:09.241099,WO-004069,routine,3,2
XFMR-012028,2020-07-19 13:56:09.241116,WO-004070,routine,1,2
XFMR-012028,2021-11-06 13:56:09.241127,WO-004071,routine,3,2
XFMR-010159,2019-07-15 13:56:09.241150,WO-004072,emergency,5,5
XFMR-004253,2024-05-30 13:56:09.241173,WO-004073,preventive,3,2
XFMR-015604,2016-03-11 13:56:09.241196,WO-004074,routine,4,4
XFMR-015604,2024-09-27 13:56:09.241207,WO-004075,routine,5,4
XFMR-018673,2025-04-19 13:56:09.241227,WO-004076,routine,1,2
XFMR-003503,2020-04-02 13:56:09.241247,WO-004077,routine,3,4
XFMR-003503,2023-11-11 13:56:09.241258,WO-004078,routine,3,4
XFMR-020920,2019-10-30 13:56:09.241279,WO-004079,emergency,3,3
XFMR-001808,2018-09-08 13:56:09.241303,WO-004080,preventive,1,1
XFMR-001808,2018-07-06 13:56:09.241318,WO-004081,routine,1,1
XFMR-001808,2016-05-29 13:56:09.241332,WO-004082,routine,2,1
XFMR-008055,2020-04-15 13:56:09.241352,WO-004083,preventive,3,3
XFMR-004376,2021-12-15 13:56:09.241374,WO-004084,routine,3,3
XFMR-004376,2022-06-08 13:56:09.241385,WO-004085,routine,3,3
XFMR-004376,2020-04-13 13:56:09.241395,WO-004086,preventive,4,3
XFMR-019685,2019-08-07 13:56:09.241414,WO-004087,preventive,3,4
XFMR-017390,2016-12-01 13:56:09.241435,WO-004088,preventive,3,2
XFMR-000327,2022-06-27 13:56:09.241455,WO-004089,routine,3,2
XFMR-000327,2025-08-25 13:56:09.241466,WO-004090,routine,3,2
XFMR-016883,2019-10-05 13:56:09.241486,WO-004091,routine,4,4
XFMR-016883,2020-02-27 13:56:09.241496,WO-004092,routine,3,4
XFMR-016883,2024-04-02 13:56:09.241506,WO-004093,routine,3,4
XFMR-021435,2025-04-16 13:56:09.241526,WO-004094,routine,3,2
XFMR-021435,2023-10-29 13:56:09.241537,WO-004095,routine,1,2
XFMR-012520,2021-08-05 13:56:09.241557,WO-004096,routine,4,4
XFMR-012520,2017-01-07 13:56:09.241567,WO-004097,routine,3,4
XFMR-012520,2020-03-05 13:56:09.241579,WO-004098,routine,4,4
XFMR-012507,2020-04-09 13:56:09.241599,WO-004099,preventive,4,4
XFMR-012507,2017-02-22 13:56:09.241610,WO-004100,emergency,4,4
XFMR-003948,2017-07-26 13:56:09.241630,WO-004101,routine,4,4
XFMR-004405,2019-03-17 13:56:09.241650,WO-004102,preventive,4,3
XFMR-006309,2022-03-20 13:56:09.241671,WO-004103,routine,4,4
XFMR-003486,2024-02-18 13:56:09.241691,WO-004104,routine,3,2
XFMR-017220,2019-12-15 13:56:09.241725,WO-004105,routine,4,4
XFMR-018654,2021-01-07 13:56:09.241747,WO-004106,routine,1,2
XFMR-018654,2023-06-30 13:56:09.241758,WO-004107,emergency,1,2
XFMR-018654,2023-11-23 13:56:09.241772,WO-004108,routine,1,2
XFMR-012935,2022-04-02 13:56:09.241793,WO-004109,routine,2,2
XFMR-012935,2019-01-27 13:56:09.241803,WO-004110,routine,1,2
XFMR-012935,2016-11-08 13:56:09.241814,WO-004111,routine,1,2
XFMR-010260,2017-11-12 13:56:09.241834,WO-004112,routine,3,3
XFMR-010260,2021-08-05 13:56:09.241844,WO-004113,preventive,2,3
XFMR-010260,2024-08-20 13:56:09.241854,WO-004114,preventive,2,3
XFMR-007404,2018-11-25 13:56:09.241874,WO-004115,preventive,2,3
XFMR-007404,2016-06-27 13:56:09.241885,WO-004116,routine,3,3
XFMR-016109,2024-01-20 13:56:09.241905,WO-004117,preventive,3,2
XFMR-016109,2017-09-28 13:56:09.241916,WO-004118,routine,3,2
XFMR-016109,2025-02-24 13:56:09.241928,WO-004119,preventive,1,2
XFMR-003902,2024-03-02 13:56:09.241954,WO-004120,routine,5,4
XFMR-003902,2019-05-11 13:56:09.241966,WO-004121,emergency,5,4
XFMR-003902,2017-03-29 13:56:09.241977,WO-004122,routine,4,4
XFMR-000696,2023-12-31 13:56:09.242003,WO-004123,routine,4,5
XFMR-010496,2017-10-06 13:56:09.242026,WO-004124,routine,2,2
XFMR-010496,2017-08-01 13:56:09.242038,WO-004125,routine,3,2
XFMR-013843,2022-09-08 13:56:09.242067,WO-004126,routine,2,3
XFMR-013843,2020-02-13 13:56:09.242083,WO-004127,routine,2,3
XFMR-013843,2020-10-29 13:56:09.242096,WO-004128,routine,2,3
XFMR-015847,2021-12-10 13:56:09.242121,WO-004129,routine,3,4
XFMR-015847,2023-02-22 13:56:09.242134,WO-004130,preventive,5,4
XFMR-015847,2023-10-18 13:56:09.242145,WO-004131,emergency,4,4
XFMR-001021,2025-08-08 13:56:09.242167,WO-004132,routine,5,5
XFMR-001021,2022-04-04 13:56:09.242178,WO-004133,emergency,4,5
XFMR-017062,2024-10-17 13:56:09.242197,WO-004134,routine,3,4
XFMR-016657,2021-07-14 13:56:09.242218,WO-004135,preventive,4,3
XFMR-016657,2022-02-28 13:56:09.242228,WO-004136,routine,2,3
XFMR-016657,2020-08-24 13:56:09.242239,WO-004137,routine,3,3
XFMR-013086,2024-07-22 13:56:09.242260,WO-004138,routine,5,4
XFMR-013086,2019-03-25 13:56:09.242271,WO-004139,routine,5,4
XFMR-013086,2025-01-29 13:56:09.242283,WO-004140,preventive,5,4
XFMR-018484,2016-05-09 13:56:09.242304,WO-004141,preventive,1,2
XFMR-018484,2020-12-07 13:56:09.242315,WO-004142,routine,3,2
XFMR-012440,2023-01-24 13:56:09.242334,WO-004143,preventive,1,2
XFMR-012440,2017-08-29 13:56:09.242345,WO-004144,routine,2,2
XFMR-012440,2017-05-28 13:56:09.242355,WO-004145,preventive,2,2
XFMR-002389,2017-12-14 13:56:09.242375,WO-004146,routine,5,5
XFMR-002389,2025-02-12 13:56:09.242386,WO-004147,routine,5,5
XFMR-017810,2021-07-03 13:56:09.242406,WO-004148,routine,4,4
XFMR-017810,2020-04-22 13:56:09.242416,WO-004149,routine,3,4
XFMR-017438,2023-12-21 13:56:09.242436,WO-004150,routine,3,3
XFMR-017438,2021-01-28 13:56:09.242447,WO-004151,routine,2,3
XFMR-017438,2021-01-16 13:56:09.242457,WO-004152,routine,3,3
XFMR-004338,2021-04-17 13:56:09.242476,WO-004153,routine,2,3
XFMR-004338,2021-08-21 13:56:09.242487,WO-004154,routine,2,3
XFMR-004338,2023-08-28 13:56:09.242497,WO-004155,preventive,3,3
XFMR-009200,2025-08-07 13:56:09.242519,WO-004156,routine,4,3
XFMR-009200,2019-08-14 13:56:09.242530,WO-004157,routine,2,3
XFMR-009200,2021-09-04 13:56:09.242540,WO-004158,routine,2,3
XFMR-015603,2025-05-31 13:56:09.242560,WO-004159,preventive,4,4
XFMR-003644,2025-01-18 13:56:09.242583,WO-004160,routine,5,5
XFMR-003644,2017-11-11 13:56:09.242598,WO-004161,routine,5,5
XFMR-015764,2025-08-08 13:56:09.242625,WO-004162,routine,3,3
XFMR-015764,2018-08-04 13:56:09.242637,WO-004163,routine,3,3
XFMR-015764,2024-06-18 13:56:09.242651,WO-004164,routine,3,3
XFMR-013882,2022-04-03 13:56:09.242677,WO-004165,routine,3,3
XFMR-018252,2017-12-04 13:56:09.242703,WO-004166,emergency,4,4
XFMR-018252,2025-01-12 13:56:09.242715,WO-004167,routine,3,4
XFMR-013425,2018-02-07 13:56:09.242738,WO-004168,routine,2,1
XFMR-018996,2019-04-15 13:56:09.242760,WO-004169,preventive,5,4
XFMR-018996,2016-10-19 13:56:09.242772,WO-004170,routine,4,4
XFMR-015903,2016-03-17 13:56:09.242794,WO-004171,preventive,3,4
XFMR-015903,2021-09-30 13:56:09.242806,WO-004172,preventive,4,4
XFMR-015903,2022-03-01 13:56:09.242816,WO-004173,emergency,4,4
XFMR-008879,2019-08-06 13:56:09.242835,WO-004174,routine,4,5
XFMR-013344,2019-07-22 13:56:09.242856,WO-004175,routine,4,4
XFMR-013344,2023-12-01 13:56:09.242868,WO-004176,routine,4,4
XFMR-002877,2016-12-24 13:56:09.242888,WO-004177,routine,4,4
XFMR-002877,2019-07-18 13:56:09.242899,WO-004178,routine,5,4
XFMR-001085,2020-05-11 13:56:09.242919,WO-004179,routine,4,3
XFMR-001085,2023-01-28 13:56:09.242930,WO-004180,emergency,3,3
XFMR-015031,2023-04-01 13:56:09.242952,WO-004181,emergency,3,3
XFMR-015031,2020-12-27 13:56:09.242966,WO-004182,preventive,2,3
XFMR-015031,2016-08-26 13:56:09.242980,WO-004183,routine,2,3
XFMR-018820,2016-03-11 13:56:09.243006,WO-004184,preventive,2,2
XFMR-009203,2019-12-15 13:56:09.243034,WO-004185,routine,3,2
XFMR-001625,2018-02-22 13:56:09.243064,WO-004186,routine,1,2
XFMR-001625,2017-11-01 13:56:09.243079,WO-004187,emergency,1,2
XFMR-001625,2023-12-27 13:56:09.243093,WO-004188,preventive,1,2
XFMR-012224,2018-07-28 13:56:09.243120,WO-004189,routine,5,4
XFMR-012224,2023-07-24 13:56:09.243134,WO-004190,routine,4,4
XFMR-012224,2017-12-12 13:56:09.243147,WO-004191,routine,3,4
XFMR-009459,2016-04-10 13:56:09.243175,WO-004192,preventive,1,2
XFMR-005360,2025-08-18 13:56:09.243203,WO-004193,routine,2,3
XFMR-005360,2016-10-29 13:56:09.243215,WO-004194,preventive,3,3
XFMR-020417,2019-07-11 13:56:09.243235,WO-004195,routine,4,3
XFMR-020417,2024-05-12 13:56:09.243245,WO-004196,routine,3,3
XFMR-020417,2019-01-15 13:56:09.243255,WO-004197,routine,4,3
XFMR-016268,2023-11-19 13:56:09.243275,WO-004198,preventive,3,2
XFMR-016268,2016-10-09 13:56:09.243287,WO-004199,routine,3,2
XFMR-012539,2021-04-11 13:56:09.243307,WO-004200,routine,4,4
XFMR-000500,2024-06-10 13:56:09.243328,WO-004201,routine,5,5
XFMR-017986,2024-08-27 13:56:09.243349,WO-004202,routine,2,2
XFMR-017986,2025-06-01 13:56:09.243359,WO-004203,routine,2,2
XFMR-008356,2020-09-19 13:56:09.243379,WO-004204,routine,2,2
XFMR-017128,2020-09-13 13:56:09.243399,WO-004205,emergency,5,4
XFMR-017128,2017-02-11 13:56:09.243410,WO-004206,routine,5,4
XFMR-002076,2025-02-04 13:56:09.243429,WO-004207,routine,3,2
XFMR-008172,2022-08-16 13:56:09.243450,WO-004208,emergency,2,3
XFMR-008172,2018-01-14 13:56:09.243461,WO-004209,routine,3,3
XFMR-008172,2019-05-02 13:56:09.243471,WO-004210,routine,3,3
XFMR-013819,2023-12-22 13:56:09.243490,WO-004211,routine,1,1
XFMR-017671,2025-05-25 13:56:09.243510,WO-004212,preventive,4,3
XFMR-017671,2016-10-15 13:56:09.243521,WO-004213,routine,3,3
XFMR-006449,2024-08-02 13:56:09.243541,WO-004214,routine,2,3
XFMR-009439,2021-03-19 13:56:09.243561,WO-004215,routine,4,4
XFMR-012443,2019-05-09 13:56:09.243581,WO-004216,preventive,2,3
XFMR-017013,2025-08-20 13:56:09.243601,WO-004217,routine,4,4
XFMR-013535,2022-03-06 13:56:09.243621,WO-004218,routine,4,3
XFMR-013535,2021-08-13 13:56:09.243632,WO-004219,preventive,4,3
XFMR-002458,2018-05-29 13:56:09.243651,WO-004220,routine,3,3
XFMR-018476,2025-04-28 13:56:09.243672,WO-004221,preventive,4,4
XFMR-002004,2018-05-27 13:56:09.243692,WO-004222,routine,2,3
XFMR-002004,2024-02-06 13:56:09.243703,WO-004223,routine,3,3
XFMR-002004,2020-06-12 13:56:09.243713,WO-004224,routine,3,3
XFMR-019595,2025-07-19 13:56:09.243733,WO-004225,routine,3,4
XFMR-019595,2016-11-18 13:56:09.243743,WO-004226,routine,4,4
XFMR-014709,2022-04-06 13:56:09.243771,WO-004227,routine,2,3
XFMR-014709,2023-12-06 13:56:09.243782,WO-004228,routine,3,3
XFMR-014709,2020-03-18 13:56:09.243792,WO-004229,routine,2,3
XFMR-007794,2025-10-01 13:56:09.243812,WO-004230,preventive,4,3
XFMR-007794,2025-08-25 13:56:09.243822,WO-004231,routine,3,3
XFMR-007794,2023-03-26 13:56:09.243832,WO-004232,routine,4,3
XFMR-010369,2020-09-15 13:56:09.243852,WO-004233,routine,4,4
XFMR-010369,2021-10-10 13:56:09.243863,WO-004234,routine,4,4
XFMR-017683,2020-03-11 13:56:09.243882,WO-004235,emergency,4,5
XFMR-017683,2018-11-28 13:56:09.243893,WO-004236,routine,5,5
XFMR-017683,2021-03-28 13:56:09.243903,WO-004237,routine,4,5
XFMR-013848,2024-04-06 13:56:09.243923,WO-004238,routine,1,2
XFMR-013848,2017-03-07 13:56:09.243935,WO-004239,routine,1,2
XFMR-013848,2017-11-09 13:56:09.243946,WO-004240,routine,1,2
XFMR-010513,2020-06-18 13:56:09.243972,WO-004241,routine,2,2
XFMR-010513,2020-03-31 13:56:09.243984,WO-004242,routine,1,2
XFMR-010513,2023-09-04 13:56:09.243996,WO-004243,routine,3,2
XFMR-014365,2024-11-10 13:56:09.244023,WO-004244,routine,1,2
XFMR-010084,2016-09-05 13:56:09.244051,WO-004245,routine,4,4
XFMR-004635,2024-03-03 13:56:09.244080,WO-004246,routine,2,2
XFMR-004635,2017-02-24 13:56:09.244095,WO-004247,preventive,1,2
XFMR-004635,2019-05-24 13:56:09.244108,WO-004248,routine,2,2
XFMR-001704,2023-08-22 13:56:09.244136,WO-004249,routine,4,3
XFMR-001704,2019-02-08 13:56:09.244149,WO-004250,routine,3,3
XFMR-001704,2025-05-16 13:56:09.244162,WO-004251,preventive,3,3
XFMR-004334,2024-02-16 13:56:09.244185,WO-004252,preventive,5,4
XFMR-004334,2017-02-24 13:56:09.244198,WO-004253,routine,4,4
XFMR-004334,2018-08-09 13:56:09.244207,WO-004254,routine,5,4
XFMR-010632,2019-03-01 13:56:09.244229,WO-004255,routine,3,3
XFMR-010632,2026-01-19 13:56:09.244239,WO-004256,routine,4,3
XFMR-019694,2019-01-09 13:56:09.244259,WO-004257,routine,1,2
XFMR-003126,2018-08-17 13:56:09.244280,WO-004258,emergency,1,2
XFMR-003126,2019-12-23 13:56:09.244292,WO-004259,routine,2,2
XFMR-003126,2019-03-18 13:56:09.244303,WO-004260,routine,3,2
XFMR-018150,2016-05-11 13:56:09.244326,WO-004261,routine,5,4
XFMR-007662,2024-03-28 13:56:09.244348,WO-004262,routine,1,2
XFMR-007662,2016-03-10 13:56:09.244359,WO-004263,routine,3,2
XFMR-007662,2016-11-24 13:56:09.244369,WO-004264,routine,2,2
XFMR-001203,2024-09-19 13:56:09.244389,WO-004265,routine,1,1
XFMR-003269,2020-04-18 13:56:09.244409,WO-004266,routine,3,4
XFMR-003269,2017-09-20 13:56:09.244419,WO-004267,routine,3,4
XFMR-003269,2016-04-20 13:56:09.244429,WO-004268,routine,5,4
XFMR-000032,2023-09-01 13:56:09.244449,WO-004269,routine,3,3
XFMR-000032,2022-08-11 13:56:09.244460,WO-004270,routine,2,3
XFMR-000032,2017-07-05 13:56:09.244470,WO-004271,routine,2,3
XFMR-000698,2020-05-04 13:56:09.244490,WO-004272,routine,3,3
XFMR-003848,2023-08-20 13:56:09.244510,WO-004273,routine,2,2
XFMR-003848,2024-11-08 13:56:09.244521,WO-004274,routine,2,2
XFMR-003848,2021-01-01 13:56:09.244530,WO-004275,routine,3,2
XFMR-018828,2023-03-10 13:56:09.244550,WO-004276,routine,5,5
XFMR-018828,2018-09-18 13:56:09.244561,WO-004277,routine,5,5
XFMR-018828,2019-10-07 13:56:09.244571,WO-004278,preventive,5,5
XFMR-000632,2019-01-13 13:56:09.244591,WO-004279,routine,3,4
XFMR-000632,2025-11-03 13:56:09.244601,WO-004280,routine,5,4
XFMR-000632,2019-08-16 13:56:09.244611,WO-004281,routine,4,4
XFMR-011215,2020-04-04 13:56:09.244630,WO-004282,routine,1,2
XFMR-011215,2025-08-09 13:56:09.244641,WO-004283,routine,1,2
XFMR-019955,2018-08-29 13:56:09.244661,WO-004284,routine,2,1
XFMR-019955,2021-07-17 13:56:09.244671,WO-004285,emergency,2,1
XFMR-019955,2016-04-07 13:56:09.244681,WO-004286,preventive,1,1
XFMR-012126,2019-10-26 13:56:09.244700,WO-004287,routine,5,5
XFMR-012126,2022-03-14 13:56:09.244711,WO-004288,preventive,4,5
XFMR-014264,2019-04-27 13:56:09.244730,WO-004289,emergency,4,5
XFMR-014264,2024-02-25 13:56:09.244741,WO-004290,routine,5,5
XFMR-014264,2018-12-14 13:56:09.244751,WO-004291,routine,5,5
XFMR-013161,2020-07-31 13:56:09.244778,WO-004292,routine,2,2
XFMR-013161,2024-08-29 13:56:09.244789,WO-004293,routine,2,2
XFMR-013161,2019-05-03 13:56:09.244799,WO-004294,routine,2,2
XFMR-000636,2019-07-31 13:56:09.244819,WO-004295,emergency,4,3
XFMR-007062,2020-07-26 13:56:09.244839,WO-004296,emergency,1,2
XFMR-007062,2016-06-25 13:56:09.244850,WO-004297,routine,3,2
XFMR-007062,2019-07-12 13:56:09.244859,WO-004298,preventive,3,2
XFMR-019505,2025-02-05 13:56:09.244879,WO-004299,preventive,4,3
XFMR-019505,2024-08-27 13:56:09.244890,WO-004300,routine,4,3
XFMR-016118,2025-09-23 13:56:09.244909,WO-004301,preventive,2,3
XFMR-016118,2019-09-05 13:56:09.244921,WO-004302,routine,2,3
XFMR-016346,2021-01-15 13:56:09.244944,WO-004303,routine,2,2
XFMR-016346,2025-03-19 13:56:09.244959,WO-004304,routine,2,2
XFMR-013298,2023-08-13 13:56:09.244982,WO-004305,preventive,2,2
XFMR-013298,2019-08-25 13:56:09.244996,WO-004306,routine,1,2
XFMR-013298,2026-01-22 13:56:09.245010,WO-004307,preventive,2,2
XFMR-009481,2021-04-02 13:56:09.245033,WO-004308,routine,3,2
XFMR-009481,2024-02-21 13:56:09.245045,WO-004309,routine,1,2
XFMR-009481,2018-01-10 13:56:09.245057,WO-004310,routine,3,2
XFMR-016983,2022-01-19 13:56:09.245082,WO-004311,routine,3,4
XFMR-016983,2024-06-12 13:56:09.245096,WO-004312,routine,5,4
XFMR-007015,2017-10-21 13:56:09.245123,WO-004313,routine,4,3
XFMR-007015,2023-04-28 13:56:09.245136,WO-004314,preventive,4,3
XFMR-004389,2018-01-14 13:56:09.245158,WO-004315,preventive,1,1
XFMR-005788,2024-02-07 13:56:09.245179,WO-004316,routine,4,4
XFMR-005788,2021-02-11 13:56:09.245190,WO-004317,preventive,4,4
XFMR-005788,2020-04-29 13:56:09.245200,WO-004318,preventive,4,4
XFMR-011669,2024-12-04 13:56:09.245222,WO-004319,routine,4,3
XFMR-011669,2021-02-17 13:56:09.245233,WO-004320,preventive,4,3
XFMR-006299,2017-02-22 13:56:09.245255,WO-004321,routine,1,2
XFMR-006299,2021-07-11 13:56:09.245270,WO-004322,routine,2,2
XFMR-006299,2023-08-06 13:56:09.245284,WO-004323,routine,3,2
XFMR-002555,2023-12-19 13:56:09.245311,WO-004324,routine,1,2
XFMR-010181,2022-09-03 13:56:09.245335,WO-004325,routine,1,2
XFMR-010181,2021-11-20 13:56:09.245346,WO-004326,preventive,3,2
XFMR-010181,2020-10-19 13:56:09.245356,WO-004327,routine,2,2
XFMR-016191,2019-08-12 13:56:09.245375,WO-004328,routine,2,2
XFMR-016191,2025-09-08 13:56:09.245386,WO-004329,routine,3,2
XFMR-016507,2019-01-05 13:56:09.245406,WO-004330,routine,2,3
XFMR-016507,2023-07-09 13:56:09.245417,WO-004331,routine,4,3
XFMR-016507,2021-08-20 13:56:09.245426,WO-004332,preventive,4,3
XFMR-007474,2017-05-12 13:56:09.245446,WO-004333,emergency,5,4
XFMR-007474,2016-11-18 13:56:09.245457,WO-004334,routine,3,4
XFMR-007474,2021-01-07 13:56:09.245466,WO-004335,routine,3,4
XFMR-008942,2024-05-27 13:56:09.245486,WO-004336,routine,4,3
XFMR-008942,2020-04-08 13:56:09.245497,WO-004337,routine,2,3
XFMR-004308,2022-05-17 13:56:09.245519,WO-004338,routine,4,3
XFMR-003471,2017-09-14 13:56:09.245541,WO-004339,routine,1,2
XFMR-003471,2025-09-15 13:56:09.245552,WO-004340,emergency,3,2
XFMR-004195,2017-12-10 13:56:09.245574,WO-004341,preventive,5,5
XFMR-004195,2025-02-02 13:56:09.245585,WO-004342,routine,5,5
XFMR-004195,2020-08-09 13:56:09.245596,WO-004343,emergency,4,5
XFMR-005867,2022-06-09 13:56:09.245620,WO-004344,routine,2,2
XFMR-019381,2016-05-19 13:56:09.245645,WO-004345,emergency,1,1
XFMR-004144,2018-08-05 13:56:09.245669,WO-004346,emergency,1,2
XFMR-004144,2019-07-09 13:56:09.245680,WO-004347,routine,3,2
XFMR-004144,2016-08-18 13:56:09.245690,WO-004348,routine,3,2
XFMR-010445,2024-11-20 13:56:09.245714,WO-004349,emergency,3,2
XFMR-019143,2017-11-26 13:56:09.245738,WO-004350,routine,3,4
XFMR-019143,2023-09-20 13:56:09.245750,WO-004351,preventive,3,4
XFMR-019143,2023-01-19 13:56:09.245761,WO-004352,preventive,3,4
XFMR-017972,2024-12-15 13:56:09.245783,WO-004353,routine,3,3
XFMR-017972,2022-08-26 13:56:09.245795,WO-004354,routine,2,3
XFMR-020436,2025-08-19 13:56:09.245817,WO-004355,emergency,3,3
XFMR-020436,2022-03-26 13:56:09.245829,WO-004356,routine,2,3
XFMR-020436,2016-12-05 13:56:09.245841,WO-004357,emergency,3,3
XFMR-017407,2019-01-15 13:56:09.245861,WO-004358,preventive,3,3
XFMR-017407,2020-03-02 13:56:09.245871,WO-004359,routine,2,3
XFMR-017407,2019-08-21 13:56:09.245882,WO-004360,emergency,3,3
XFMR-014569,2025-04-03 13:56:09.245906,WO-004361,routine,4,3
XFMR-005044,2025-08-18 13:56:09.245934,WO-004362,routine,3,2
XFMR-016783,2021-05-05 13:56:09.245961,WO-004363,emergency,3,3
XFMR-019044,2017-11-14 13:56:09.245984,WO-004364,preventive,3,2
XFMR-019044,2022-08-06 13:56:09.245999,WO-004365,preventive,3,2
XFMR-019044,2024-02-21 13:56:09.246013,WO-004366,preventive,3,2
XFMR-014093,2019-01-15 13:56:09.246035,WO-004367,routine,2,2
XFMR-002711,2018-03-25 13:56:09.246059,WO-004368,routine,2,2
XFMR-002711,2024-11-20 13:56:09.246074,WO-004369,routine,1,2
XFMR-002711,2022-10-05 13:56:09.246087,WO-004370,routine,3,2
XFMR-000116,2021-05-01 13:56:09.246112,WO-004371,routine,3,3
XFMR-000116,2016-07-30 13:56:09.246127,WO-004372,routine,4,3
XFMR-000929,2020-08-06 13:56:09.246153,WO-004373,routine,2,3
XFMR-000929,2019-03-23 13:56:09.246168,WO-004374,routine,3,3
XFMR-017566,2025-02-15 13:56:09.246189,WO-004375,preventive,4,3
XFMR-017566,2022-07-11 13:56:09.246200,WO-004376,routine,4,3
XFMR-021494,2024-08-26 13:56:09.246219,WO-004377,routine,3,4
XFMR-021494,2020-12-12 13:56:09.246230,WO-004378,routine,5,4
XFMR-006452,2018-05-16 13:56:09.246251,WO-004379,routine,5,5
XFMR-006452,2023-03-12 13:56:09.246262,WO-004380,routine,4,5
XFMR-011277,2021-09-24 13:56:09.246284,WO-004381,preventive,3,3
XFMR-011277,2019-10-24 13:56:09.246295,WO-004382,routine,3,3
XFMR-011277,2023-04-28 13:56:09.246305,WO-004383,routine,3,3
XFMR-010866,2016-03-17 13:56:09.246325,WO-004384,preventive,5,5
XFMR-010866,2021-12-18 13:56:09.246336,WO-004385,routine,5,5
XFMR-021515,2022-07-07 13:56:09.246355,WO-004386,routine,4,3
XFMR-021515,2025-01-17 13:56:09.246366,WO-004387,emergency,3,3
XFMR-021515,2025-10-10 13:56:09.246376,WO-004388,routine,4,3
XFMR-007673,2017-07-29 13:56:09.246396,WO-004389,routine,3,2
XFMR-007673,2022-10-28 13:56:09.246410,WO-004390,routine,3,2
XFMR-007673,2021-10-25 13:56:09.246421,WO-004391,preventive,2,2
XFMR-016110,2020-02-04 13:56:09.246440,WO-004392,routine,2,1
XFMR-007589,2021-04-27 13:56:09.246461,WO-004393,routine,4,3
XFMR-016656,2017-08-08 13:56:09.246481,WO-004394,preventive,1,2
XFMR-015362,2023-09-18 13:56:09.246501,WO-004395,routine,1,1
XFMR-015362,2019-03-11 13:56:09.246512,WO-004396,routine,1,1
XFMR-019593,2020-03-31 13:56:09.246531,WO-004397,routine,1,1
XFMR-018783,2022-03-27 13:56:09.246551,WO-004398,routine,4,3
XFMR-019765,2016-04-28 13:56:09.246572,WO-004399,routine,3,2
XFMR-019765,2019-11-05 13:56:09.246584,WO-004400,routine,2,2
XFMR-008353,2020-01-25 13:56:09.246604,WO-004401,routine,3,2
XFMR-011097,2021-04-23 13:56:09.246624,WO-004402,routine,1,2
XFMR-001693,2016-12-28 13:56:09.246644,WO-004403,routine,2,3
XFMR-001693,2017-01-30 13:56:09.246655,WO-004404,routine,3,3
XFMR-001693,2021-05-28 13:56:09.246664,WO-004405,routine,3,3
XFMR-014207,2016-07-04 13:56:09.246684,WO-004406,emergency,3,4
XFMR-014207,2019-11-26 13:56:09.246694,WO-004407,routine,4,4
XFMR-014207,2023-08-09 13:56:09.246704,WO-004408,preventive,5,4
XFMR-020859,2021-07-05 13:56:09.246724,WO-004409,preventive,5,4
XFMR-019561,2016-03-12 13:56:09.246744,WO-004410,routine,2,2
XFMR-004979,2018-02-06 13:56:09.246769,WO-004411,routine,1,1
XFMR-004979,2019-04-15 13:56:09.246780,WO-004412,routine,2,1
XFMR-004979,2022-02-08 13:56:09.246790,WO-004413,preventive,1,1
XFMR-013318,2024-08-20 13:56:09.246810,WO-004414,preventive,5,5
XFMR-013318,2017-08-05 13:56:09.246820,WO-004415,routine,4,5
XFMR-013318,2022-06-22 13:56:09.246830,WO-004416,routine,4,5
XFMR-015818,2021-05-31 13:56:09.246851,WO-004417,emergency,5,5
XFMR-007780,2020-08-01 13:56:09.246872,WO-004418,routine,2,2
XFMR-001555,2022-01-16 13:56:09.246892,WO-004419,preventive,4,4
XFMR-011399,2025-12-23 13:56:09.246912,WO-004420,emergency,5,4
XFMR-011399,2016-06-01 13:56:09.246922,WO-004421,routine,5,4
XFMR-014325,2016-06-03 13:56:09.246944,WO-004422,routine,5,5
XFMR-014325,2024-04-09 13:56:09.246957,WO-004423,emergency,5,5
XFMR-010092,2021-10-28 13:56:09.246985,WO-004424,routine,1,1
XFMR-010092,2021-07-27 13:56:09.246996,WO-004425,routine,2,1
XFMR-010092,2016-04-05 13:56:09.247009,WO-004426,routine,2,1
XFMR-005372,2022-10-06 13:56:09.247037,WO-004427,routine,3,3
XFMR-005372,2025-03-26 13:56:09.247051,WO-004428,routine,2,3
XFMR-005372,2024-11-16 13:56:09.247064,WO-004429,routine,4,3
XFMR-007410,2021-02-15 13:56:09.247091,WO-004430,preventive,4,5
XFMR-007410,2023-03-25 13:56:09.247105,WO-004431,preventive,4,5
XFMR-004011,2018-06-22 13:56:09.247135,WO-004432,preventive,4,4
XFMR-008243,2019-09-14 13:56:09.247161,WO-004433,routine,2,2
XFMR-008243,2025-01-15 13:56:09.247173,WO-004434,routine,2,2
XFMR-008243,2021-09-25 13:56:09.247184,WO-004435,preventive,3,2
XFMR-014107,2021-03-17 13:56:09.247205,WO-004436,emergency,3,3
XFMR-007828,2019-01-07 13:56:09.247225,WO-004437,routine,2,3
XFMR-007828,2022-01-26 13:56:09.247236,WO-004438,routine,2,3
XFMR-007828,2019-06-09 13:56:09.247246,WO-004439,preventive,2,3
XFMR-004986,2024-08-12 13:56:09.247266,WO-004440,routine,3,2
XFMR-001338,2019-06-20 13:56:09.247288,WO-004441,routine,4,5
XFMR-001605,2020-09-24 13:56:09.247308,WO-004442,preventive,1,1
XFMR-002113,2016-03-12 13:56:09.247329,WO-004443,routine,4,4
XFMR-017764,2017-08-31 13:56:09.247349,WO-004444,routine,5,4
XFMR-017764,2021-07-24 13:56:09.247360,WO-004445,routine,4,4
XFMR-010205,2016-11-25 13:56:09.247380,WO-004446,routine,2,1
XFMR-010205,2021-12-12 13:56:09.247390,WO-004447,routine,2,1
XFMR-010205,2023-05-14 13:56:09.247400,WO-004448,emergency,2,1
XFMR-003523,2019-11-05 13:56:09.247420,WO-004449,routine,3,2
XFMR-018264,2017-11-30 13:56:09.247440,WO-004450,routine,4,3
XFMR-015253,2023-05-02 13:56:09.247460,WO-004451,routine,2,3
XFMR-015253,2025-01-21 13:56:09.247471,WO-004452,routine,4,3
XFMR-015253,2024-05-07 13:56:09.247481,WO-004453,emergency,4,3
XFMR-001434,2024-04-13 13:56:09.247500,WO-004454,routine,1,2
XFMR-002215,2023-08-11 13:56:09.247521,WO-004455,routine,5,4
XFMR-009227,2018-12-25 13:56:09.247541,WO-004456,preventive,4,3
XFMR-014143,2024-08-28 13:56:09.247561,WO-004457,routine,5,4
XFMR-014143,2019-04-05 13:56:09.247572,WO-004458,routine,4,4
XFMR-014143,2018-02-25 13:56:09.247582,WO-004459,routine,4,4
XFMR-012831,2016-03-22 13:56:09.247601,WO-004460,routine,4,3
XFMR-012831,2020-07-02 13:56:09.247612,WO-004461,routine,2,3
XFMR-012831,2016-03-31 13:56:09.247622,WO-004462,emergency,3,3
XFMR-017384,2016-04-21 13:56:09.247642,WO-004463,routine,5,4
XFMR-017777,2016-03-28 13:56:09.247662,WO-004464,routine,5,5
XFMR-017777,2018-01-27 13:56:09.247672,WO-004465,routine,5,5
XFMR-017777,2025-05-22 13:56:09.247682,WO-004466,preventive,5,5
XFMR-018278,2022-02-04 13:56:09.247702,WO-004467,routine,2,2
XFMR-006629,2025-10-18 13:56:09.247722,WO-004468,routine,2,3
XFMR-006629,2022-04-02 13:56:09.247733,WO-004469,routine,2,3
XFMR-007221,2018-06-07 13:56:09.247753,WO-004470,routine,4,3
XFMR-007221,2016-07-18 13:56:09.247771,WO-004471,preventive,4,3
XFMR-005815,2022-06-19 13:56:09.247791,WO-004472,routine,1,1
XFMR-005815,2021-03-08 13:56:09.247802,WO-004473,routine,2,1
XFMR-005815,2019-07-15 13:56:09.247812,WO-004474,routine,1,1
XFMR-019917,2023-03-17 13:56:09.247832,WO-004475,preventive,3,3
XFMR-021176,2024-09-18 13:56:09.247852,WO-004476,emergency,3,2
XFMR-021176,2024-10-20 13:56:09.247863,WO-004477,routine,3,2
XFMR-014029,2025-10-16 13:56:09.247882,WO-004478,preventive,2,1
XFMR-015727,2021-03-31 13:56:09.247903,WO-004479,preventive,2,3
XFMR-015727,2019-10-08 13:56:09.247913,WO-004480,routine,2,3
XFMR-004337,2019-11-05 13:56:09.247937,WO-004481,preventive,4,3
XFMR-004337,2021-08-21 13:56:09.247952,WO-004482,routine,3,3
XFMR-008337,2020-08-07 13:56:09.247974,WO-004483,routine,4,5
XFMR-010127,2020-02-10 13:56:09.247996,WO-004484,preventive,5,5
XFMR-010127,2018-06-14 13:56:09.248010,WO-004485,preventive,5,5
XFMR-014005,2023-03-11 13:56:09.248037,WO-004486,routine,3,2
XFMR-014005,2019-10-08 13:56:09.248049,WO-004487,routine,2,2
XFMR-003015,2017-03-04 13:56:09.248073,WO-004488,routine,4,5
XFMR-012895,2019-06-08 13:56:09.248101,WO-004489,preventive,1,2
XFMR-012895,2019-03-18 13:56:09.248113,WO-004490,preventive,2,2
XFMR-012895,2024-07-27 13:56:09.248127,WO-004491,routine,2,2
XFMR-011834,2023-04-17 13:56:09.248149,WO-004492,routine,3,3
XFMR-009656,2020-02-07 13:56:09.248172,WO-004493,preventive,3,2
XFMR-009656,2020-07-07 13:56:09.248182,WO-004494,routine,3,2
XFMR-009656,2019-09-22 13:56:09.248192,WO-004495,routine,2,2
XFMR-011880,2019-03-08 13:56:09.248214,WO-004496,routine,3,2
XFMR-011880,2024-10-31 13:56:09.248224,WO-004497,routine,3,2
XFMR-002752,2023-08-10 13:56:09.248244,WO-004498,emergency,2,2
XFMR-009758,2017-08-20 13:56:09.248266,WO-004499,preventive,5,5
XFMR-009758,2017-08-27 13:56:09.248277,WO-004500,routine,5,5
XFMR-010477,2022-11-23 13:56:09.248298,WO-004501,routine,4,3
XFMR-001148,2025-01-22 13:56:09.248318,WO-004502,emergency,2,3
XFMR-001148,2024-10-07 13:56:09.248329,WO-004503,routine,4,3
XFMR-006422,2017-07-28 13:56:09.248348,WO-004504,emergency,2,2
XFMR-006422,2021-03-27 13:56:09.248359,WO-004505,preventive,1,2
XFMR-006422,2020-06-08 13:56:09.248369,WO-004506,routine,3,2
XFMR-002767,2019-12-20 13:56:09.248388,WO-004507,routine,5,4
XFMR-002767,2016-09-27 13:56:09.248399,WO-004508,routine,3,4
XFMR-011902,2017-03-12 13:56:09.248423,WO-004509,routine,2,3
XFMR-011902,2018-06-16 13:56:09.248434,WO-004510,routine,3,3
XFMR-006393,2021-07-12 13:56:09.248454,WO-004511,routine,3,3
XFMR-006393,2023-05-30 13:56:09.248464,WO-004512,routine,2,3
XFMR-013309,2019-06-21 13:56:09.248484,WO-004513,routine,3,4
XFMR-013309,2023-12-09 13:56:09.248494,WO-004514,routine,4,4
XFMR-002027,2016-03-25 13:56:09.248522,WO-004515,routine,3,4
XFMR-002027,2016-04-11 13:56:09.248532,WO-004516,routine,4,4
XFMR-002027,2019-05-03 13:56:09.248542,WO-004517,routine,3,4
XFMR-005278,2019-04-01 13:56:09.248562,WO-004518,routine,2,2
XFMR-005278,2023-04-24 13:56:09.248573,WO-004519,preventive,1,2
XFMR-021304,2020-09-09 13:56:09.248592,WO-004520,routine,2,3
XFMR-021304,2019-09-30 13:56:09.248603,WO-004521,preventive,3,3
XFMR-016499,2020-07-20 13:56:09.248623,WO-004522,routine,1,2
XFMR-002343,2018-05-31 13:56:09.248643,WO-004523,preventive,2,1
XFMR-019362,2017-07-19 13:56:09.248663,WO-004524,preventive,3,3
XFMR-005171,2022-11-17 13:56:09.248684,WO-004525,routine,3,3
XFMR-000240,2020-04-10 13:56:09.248704,WO-004526,preventive,2,1
XFMR-000240,2024-08-05 13:56:09.248715,WO-004527,routine,2,1
XFMR-011805,2019-08-06 13:56:09.248734,WO-004528,emergency,4,3
XFMR-011805,2017-08-05 13:56:09.248745,WO-004529,routine,3,3
XFMR-009271,2024-06-25 13:56:09.248772,WO-004530,preventive,3,3
XFMR-009271,2022-10-26 13:56:09.248783,WO-004531,preventive,2,3
XFMR-002827,2019-02-21 13:56:09.248802,WO-004532,emergency,5,4
XFMR-002827,2021-04-13 13:56:09.248813,WO-004533,routine,3,4
XFMR-015912,2019-08-05 13:56:09.248832,WO-004534,routine,5,5
XFMR-010827,2021-11-08 13:56:09.248853,WO-004535,routine,3,3
XFMR-005991,2019-08-11 13:56:09.248873,WO-004536,routine,4,4
XFMR-005991,2017-05-15 13:56:09.248883,WO-004537,routine,3,4
XFMR-005991,2022-06-10 13:56:09.248894,WO-004538,routine,4,4
XFMR-020682,2016-12-15 13:56:09.248913,WO-004539,routine,2,2
XFMR-020780,2018-03-01 13:56:09.248936,WO-004540,emergency,2,3
XFMR-020780,2024-05-02 13:56:09.248950,WO-004541,routine,2,3
XFMR-018519,2019-09-01 13:56:09.248974,WO-004542,routine,4,3
XFMR-018519,2021-04-28 13:56:09.248986,WO-004543,routine,4,3
XFMR-018519,2018-01-05 13:56:09.249000,WO-004544,preventive,4,3
XFMR-017551,2020-08-05 13:56:09.249028,WO-004545,preventive,3,3
XFMR-017551,2025-12-29 13:56:09.249042,WO-004546,routine,2,3
XFMR-017551,2020-10-05 13:56:09.249056,WO-004547,routine,3,3
XFMR-004732,2024-09-13 13:56:09.249083,WO-004548,routine,4,4
XFMR-004732,2020-04-12 13:56:09.249097,WO-004549,routine,4,4
XFMR-016252,2023-03-10 13:56:09.249123,WO-004550,routine,2,3
XFMR-016252,2020-10-13 13:56:09.249136,WO-004551,preventive,2,3
XFMR-006979,2022-09-20 13:56:09.249160,WO-004552,emergency,5,4
XFMR-006979,2019-08-16 13:56:09.249172,WO-004553,routine,5,4
XFMR-006979,2021-11-12 13:56:09.249183,WO-004554,routine,3,4
XFMR-006096,2026-01-27 13:56:09.249205,WO-004555,routine,3,3
XFMR-006096,2025-02-19 13:56:09.249216,WO-004556,routine,4,3
XFMR-001351,2024-06-23 13:56:09.249235,WO-004557,preventive,5,5
XFMR-021445,2019-06-25 13:56:09.249255,WO-004558,routine,5,5
XFMR-021445,2020-10-13 13:56:09.249267,WO-004559,routine,5,5
XFMR-004463,2017-11-29 13:56:09.249288,WO-004560,routine,3,2
XFMR-019985,2024-05-20 13:56:09.249309,WO-004561,routine,3,3
XFMR-004411,2022-11-27 13:56:09.249329,WO-004562,routine,1,2
XFMR-004411,2020-03-23 13:56:09.249339,WO-004563,routine,2,2
XFMR-004411,2023-12-06 13:56:09.249349,WO-004564,routine,3,2
XFMR-008192,2025-05-09 13:56:09.249369,WO-004565,routine,4,4
XFMR-008963,2021-03-26 13:56:09.249391,WO-004566,routine,4,3
XFMR-004564,2016-04-02 13:56:09.249412,WO-004567,emergency,3,4
XFMR-004564,2021-04-09 13:56:09.249423,WO-004568,routine,3,4
XFMR-004564,2016-10-14 13:56:09.249433,WO-004569,preventive,4,4
XFMR-015077,2019-07-17 13:56:09.249457,WO-004570,routine,2,3
XFMR-015077,2022-06-09 13:56:09.249472,WO-004571,routine,2,3
XFMR-008196,2024-01-07 13:56:09.249499,WO-004572,routine,4,4
XFMR-008196,2016-08-26 13:56:09.249514,WO-004573,routine,3,4
XFMR-008196,2023-05-24 13:56:09.249529,WO-004574,routine,5,4
XFMR-003016,2020-09-27 13:56:09.249551,WO-004575,routine,1,2
XFMR-003016,2022-10-19 13:56:09.249562,WO-004576,routine,2,2
XFMR-003016,2025-11-17 13:56:09.249572,WO-004577,emergency,2,2
XFMR-012396,2025-02-26 13:56:09.249591,WO-004578,preventive,5,5
XFMR-012396,2025-10-30 13:56:09.249602,WO-004579,routine,4,5
XFMR-013214,2016-08-05 13:56:09.249630,WO-004580,routine,3,3
XFMR-017361,2018-12-31 13:56:09.249653,WO-004581,routine,2,2
XFMR-017361,2021-06-17 13:56:09.249664,WO-004582,preventive,1,2
XFMR-013543,2018-04-24 13:56:09.249683,WO-004583,preventive,1,1
XFMR-013543,2016-07-09 13:56:09.249694,WO-004584,routine,2,1
XFMR-011278,2022-01-11 13:56:09.249713,WO-004585,preventive,2,3
XFMR-011278,2022-02-19 13:56:09.249724,WO-004586,routine,4,3
XFMR-011278,2024-11-03 13:56:09.249734,WO-004587,routine,4,3
XFMR-007511,2017-03-02 13:56:09.249753,WO-004588,preventive,4,4
XFMR-016495,2023-10-05 13:56:09.249780,WO-004589,routine,2,1
XFMR-017453,2023-06-20 13:56:09.249801,WO-004590,preventive,3,3
XFMR-017453,2020-12-26 13:56:09.249811,WO-004591,routine,4,3
XFMR-003114,2020-03-23 13:56:09.249831,WO-004592,routine,3,2
XFMR-003114,2018-05-21 13:56:09.249842,WO-004593,routine,3,2
XFMR-010920,2024-05-20 13:56:09.249863,WO-004594,routine,2,3
XFMR-010920,2018-12-10 13:56:09.249873,WO-004595,emergency,4,3
XFMR-018318,2025-12-28 13:56:09.249893,WO-004596,routine,5,5
XFMR-018318,2016-09-01 13:56:09.249904,WO-004597,routine,5,5
XFMR-002278,2025-10-21 13:56:09.249925,WO-004598,routine,2,2
XFMR-002278,2020-09-24 13:56:09.249938,WO-004599,routine,3,2
XFMR-002278,2023-09-01 13:56:09.249951,WO-004600,preventive,3,2
XFMR-018328,2018-11-27 13:56:09.249977,WO-004601,routine,2,3
XFMR-012526,2017-05-17 13:56:09.250003,WO-004602,routine,1,2
XFMR-012526,2020-08-25 13:56:09.250018,WO-004603,routine,3,2
XFMR-001731,2017-08-11 13:56:09.250045,WO-004604,routine,5,4
XFMR-002947,2023-06-14 13:56:09.250073,WO-004605,routine,2,3
XFMR-002947,2025-11-23 13:56:09.250087,WO-004606,routine,3,3
XFMR-003426,2025-01-04 13:56:09.250113,WO-004607,routine,4,3
XFMR-003426,2025-10-09 13:56:09.250126,WO-004608,preventive,3,3
XFMR-003426,2024-07-06 13:56:09.250140,WO-004609,routine,2,3
XFMR-005674,2018-06-17 13:56:09.250168,WO-004610,preventive,5,4
XFMR-005674,2020-06-30 13:56:09.250180,WO-004611,routine,3,4
XFMR-016071,2019-10-16 13:56:09.250200,WO-004612,preventive,5,5
XFMR-016071,2023-01-10 13:56:09.250210,WO-004613,routine,5,5
XFMR-011248,2023-06-14 13:56:09.250230,WO-004614,preventive,3,3
XFMR-011248,2025-08-13 13:56:09.250241,WO-004615,preventive,4,3
XFMR-007886,2019-05-08 13:56:09.250262,WO-004616,routine,3,4
XFMR-007886,2024-03-30 13:56:09.250273,WO-004617,routine,3,4
XFMR-007886,2020-09-08 13:56:09.250284,WO-004618,routine,4,4
XFMR-020727,2022-01-15 13:56:09.250304,WO-004619,emergency,5,4
XFMR-017573,2022-04-22 13:56:09.250326,WO-004620,preventive,2,2
XFMR-017573,2016-03-11 13:56:09.250337,WO-004621,preventive,2,2
XFMR-017573,2021-03-22 13:56:09.250347,WO-004622,routine,1,2
XFMR-003324,2021-10-29 13:56:09.250367,WO-004623,preventive,3,3
XFMR-003324,2018-06-19 13:56:09.250379,WO-004624,routine,3,3
XFMR-003324,2025-01-24 13:56:09.250390,WO-004625,preventive,3,3
XFMR-018473,2023-10-03 13:56:09.250411,WO-004626,routine,3,3
XFMR-018473,2024-08-09 13:56:09.250421,WO-004627,routine,3,3
XFMR-018473,2024-05-06 13:56:09.250431,WO-004628,emergency,2,3
XFMR-021423,2025-12-14 13:56:09.250450,WO-004629,routine,4,3
XFMR-021423,2024-04-09 13:56:09.250461,WO-004630,routine,2,3
XFMR-021423,2018-09-02 13:56:09.250471,WO-004631,routine,2,3
XFMR-009774,2018-12-30 13:56:09.250490,WO-004632,routine,3,4
XFMR-018977,2023-02-10 13:56:09.250511,WO-004633,emergency,4,4
XFMR-005184,2021-09-27 13:56:09.250531,WO-004634,routine,5,4
XFMR-005184,2016-06-27 13:56:09.250542,WO-004635,routine,3,4
XFMR-005184,2022-01-01 13:56:09.250551,WO-004636,preventive,4,4
XFMR-011445,2021-01-12 13:56:09.250575,WO-004637,routine,3,3
XFMR-011445,2022-06-27 13:56:09.250585,WO-004638,preventive,2,3
XFMR-014620,2021-11-08 13:56:09.250605,WO-004639,routine,3,2
XFMR-014620,2016-04-15 13:56:09.250616,WO-004640,routine,2,2
XFMR-014620,2021-12-02 13:56:09.250626,WO-004641,preventive,1,2
XFMR-009819,2022-05-03 13:56:09.250645,WO-004642,routine,1,2
XFMR-005392,2024-12-10 13:56:09.250665,WO-004643,preventive,3,2
XFMR-020773,2018-11-30 13:56:09.250685,WO-004644,routine,2,3
XFMR-020773,2017-05-24 13:56:09.250696,WO-004645,emergency,2,3
XFMR-020773,2016-04-25 13:56:09.250706,WO-004646,routine,4,3
XFMR-017166,2019-08-20 13:56:09.250728,WO-004647,preventive,4,5
XFMR-017166,2019-04-30 13:56:09.250739,WO-004648,emergency,4,5
XFMR-008658,2020-12-08 13:56:09.250758,WO-004649,emergency,1,1
XFMR-008658,2025-07-08 13:56:09.250774,WO-004650,routine,1,1
XFMR-008658,2018-05-28 13:56:09.250784,WO-004651,routine,1,1
XFMR-011627,2019-07-19 13:56:09.250806,WO-004652,preventive,5,4
XFMR-011627,2017-04-16 13:56:09.250817,WO-004653,routine,3,4
XFMR-011898,2017-11-08 13:56:09.250836,WO-004654,preventive,3,4
XFMR-012034,2018-12-14 13:56:09.250857,WO-004655,emergency,4,3
XFMR-012034,2021-03-03 13:56:09.250867,WO-004656,routine,3,3
XFMR-001531,2020-03-08 13:56:09.250887,WO-004657,routine,3,3
XFMR-001531,2025-03-18 13:56:09.250897,WO-004658,routine,3,3
XFMR-017752,2020-11-30 13:56:09.250917,WO-004659,routine,2,2
XFMR-017653,2020-03-18 13:56:09.250941,WO-004660,preventive,4,3
XFMR-017653,2019-03-07 13:56:09.250956,WO-004661,routine,3,3
XFMR-017653,2024-07-23 13:56:09.250967,WO-004662,routine,2,3
XFMR-007242,2016-05-14 13:56:09.250992,WO-004663,preventive,4,3
XFMR-007242,2020-11-25 13:56:09.251006,WO-004664,preventive,2,3
XFMR-007242,2016-05-12 13:56:09.251018,WO-004665,routine,4,3
XFMR-006290,2018-05-21 13:56:09.251040,WO-004666,routine,1,2
XFMR-006290,2021-11-30 13:56:09.251052,WO-004667,routine,2,2
XFMR-016684,2024-06-25 13:56:09.251078,WO-004668,preventive,2,3
XFMR-016684,2020-12-15 13:56:09.251091,WO-004669,preventive,3,3
XFMR-004339,2021-09-18 13:56:09.251119,WO-004670,preventive,4,3
XFMR-009120,2024-09-09 13:56:09.251146,WO-004671,routine,3,2
XFMR-009120,2023-04-28 13:56:09.251161,WO-004672,routine,3,2
XFMR-003459,2022-06-14 13:56:09.251183,WO-004673,preventive,3,2
XFMR-003459,2019-03-16 13:56:09.251193,WO-004674,routine,1,2
XFMR-003459,2020-07-20 13:56:09.251203,WO-004675,preventive,2,2
XFMR-006077,2024-09-13 13:56:09.251223,WO-004676,routine,1,1
XFMR-006077,2018-12-28 13:56:09.251234,WO-004677,routine,1,1
XFMR-013691,2017-06-19 13:56:09.251255,WO-004678,preventive,4,3
XFMR-011044,2020-02-10 13:56:09.251276,WO-004679,routine,5,4
XFMR-011044,2017-12-06 13:56:09.251287,WO-004680,routine,5,4
XFMR-012121,2020-07-04 13:56:09.251307,WO-004681,routine,4,3
XFMR-002459,2019-02-06 13:56:09.251327,WO-004682,routine,5,5
XFMR-002426,2020-11-17 13:56:09.251348,WO-004683,routine,5,5
XFMR-014980,2024-11-13 13:56:09.251368,WO-004684,routine,5,4
XFMR-014980,2024-07-13 13:56:09.251379,WO-004685,preventive,3,4
XFMR-016374,2019-02-13 13:56:09.251398,WO-004686,routine,3,3
XFMR-016374,2020-03-24 13:56:09.251409,WO-004687,routine,4,3
XFMR-016374,2018-11-11 13:56:09.251419,WO-004688,routine,4,3
XFMR-020049,2022-03-02 13:56:09.251438,WO-004689,routine,2,3
XFMR-020049,2019-01-15 13:56:09.251449,WO-004690,preventive,2,3
XFMR-001713,2021-08-17 13:56:09.251469,WO-004691,emergency,4,5
XFMR-010461,2017-02-12 13:56:09.251489,WO-004692,emergency,3,3
XFMR-010461,2021-03-17 13:56:09.251500,WO-004693,routine,4,3
XFMR-006196,2021-10-05 13:56:09.251519,WO-004694,routine,1,1
XFMR-006196,2020-09-07 13:56:09.251530,WO-004695,routine,1,1
XFMR-006196,2022-09-29 13:56:09.251540,WO-004696,emergency,1,1
XFMR-014845,2021-01-06 13:56:09.251560,WO-004697,routine,2,2
XFMR-012790,2026-01-28 13:56:09.251580,WO-004698,routine,3,3
XFMR-012847,2020-04-16 13:56:09.251600,WO-004699,preventive,4,4
XFMR-007360,2023-03-14 13:56:09.251620,WO-004700,routine,2,2
XFMR-007360,2021-06-05 13:56:09.251631,WO-004701,routine,1,2
XFMR-007360,2019-04-19 13:56:09.251641,WO-004702,routine,1,2
XFMR-020842,2018-07-07 13:56:09.251660,WO-004703,routine,5,4
XFMR-020842,2020-11-05 13:56:09.251671,WO-004704,routine,5,4
XFMR-003462,2016-04-07 13:56:09.251690,WO-004705,preventive,1,1
XFMR-003462,2023-05-03 13:56:09.251701,WO-004706,preventive,1,1
XFMR-003462,2023-12-25 13:56:09.251711,WO-004707,routine,1,1
XFMR-006439,2021-08-30 13:56:09.251730,WO-004708,routine,1,2
XFMR-006439,2020-07-11 13:56:09.251741,WO-004709,preventive,2,2
XFMR-002753,2020-05-13 13:56:09.251760,WO-004710,routine,4,3
XFMR-007307,2017-12-31 13:56:09.251788,WO-004711,routine,1,2
XFMR-007307,2022-04-04 13:56:09.251799,WO-004712,routine,2,2
XFMR-009586,2018-04-14 13:56:09.251819,WO-004713,routine,2,2
XFMR-009586,2017-03-15 13:56:09.251829,WO-004714,routine,2,2
XFMR-009586,2021-07-01 13:56:09.251839,WO-004715,routine,2,2
XFMR-012112,2023-02-20 13:56:09.251859,WO-004716,emergency,3,3
XFMR-012112,2023-10-26 13:56:09.251869,WO-004717,preventive,2,3
XFMR-012112,2016-09-16 13:56:09.251879,WO-004718,routine,3,3
XFMR-002009,2024-07-01 13:56:09.251899,WO-004719,routine,3,2
XFMR-002009,2020-10-03 13:56:09.251909,WO-004720,routine,1,2
XFMR-002547,2023-01-05 13:56:09.251931,WO-004721,routine,2,1
XFMR-020946,2023-09-08 13:56:09.251957,WO-004722,routine,3,3
XFMR-008133,2023-10-27 13:56:09.251980,WO-004723,preventive,4,4
XFMR-008133,2021-10-17 13:56:09.251995,WO-004724,routine,4,4
XFMR-020828,2019-03-18 13:56:09.252020,WO-004725,routine,2,2
XFMR-020828,2023-01-14 13:56:09.252032,WO-004726,routine,1,2
XFMR-009417,2025-06-14 13:56:09.252053,WO-004727,preventive,3,2
XFMR-009417,2023-03-15 13:56:09.252068,WO-004728,routine,3,2
XFMR-009417,2025-11-01 13:56:09.252080,WO-004729,emergency,2,2
XFMR-018514,2016-09-14 13:56:09.252108,WO-004730,routine,4,3
XFMR-011417,2020-03-01 13:56:09.252135,WO-004731,routine,3,4
XFMR-020725,2016-08-22 13:56:09.252159,WO-004732,routine,3,4
XFMR-014594,2021-11-06 13:56:09.252182,WO-004733,routine,4,4
XFMR-014594,2018-06-18 13:56:09.252193,WO-004734,routine,4,4
XFMR-011905,2018-05-23 13:56:09.252212,WO-004735,routine,5,5
XFMR-011789,2016-12-03 13:56:09.252232,WO-004736,routine,1,2
XFMR-015842,2021-02-10 13:56:09.252255,WO-004737,routine,5,5
XFMR-015845,2018-08-15 13:56:09.252275,WO-004738,routine,4,3
XFMR-015845,2024-12-25 13:56:09.252286,WO-004739,preventive,2,3
XFMR-015845,2018-09-18 13:56:09.252298,WO-004740,routine,2,3
XFMR-013883,2025-06-28 13:56:09.252318,WO-004741,routine,3,4
XFMR-013883,2021-11-15 13:56:09.252329,WO-004742,preventive,3,4
XFMR-013883,2020-12-04 13:56:09.252339,WO-004743,routine,3,4
XFMR-017337,2016-10-10 13:56:09.252358,WO-004744,preventive,3,2
XFMR-017337,2024-01-17 13:56:09.252369,WO-004745,routine,1,2
XFMR-006688,2021-04-03 13:56:09.252388,WO-004746,preventive,4,4
XFMR-006688,2024-08-18 13:56:09.252399,WO-004747,routine,5,4
XFMR-006688,2019-09-06 13:56:09.252409,WO-004748,routine,5,4
XFMR-020118,2024-11-10 13:56:09.252428,WO-004749,preventive,5,5
XFMR-020118,2025-01-09 13:56:09.252439,WO-004750,preventive,4,5
XFMR-020118,2016-03-20 13:56:09.252449,WO-004751,routine,4,5
XFMR-010934,2016-12-27 13:56:09.252468,WO-004752,routine,2,2
XFMR-010934,2021-01-04 13:56:09.252479,WO-004753,emergency,2,2
XFMR-007020,2016-03-26 13:56:09.252498,WO-004754,routine,3,4
XFMR-008228,2018-11-07 13:56:09.252519,WO-004755,routine,1,1
XFMR-006307,2019-06-19 13:56:09.252539,WO-004756,routine,4,5
XFMR-006307,2021-02-20 13:56:09.252549,WO-004757,routine,4,5
XFMR-005169,2017-05-23 13:56:09.252569,WO-004758,emergency,3,2
XFMR-005169,2016-10-12 13:56:09.252580,WO-004759,routine,3,2
XFMR-011519,2020-01-21 13:56:09.252599,WO-004760,preventive,5,4
XFMR-011519,2025-01-03 13:56:09.252610,WO-004761,routine,3,4
XFMR-011519,2021-08-19 13:56:09.252620,WO-004762,routine,4,4
XFMR-005202,2019-03-22 13:56:09.252643,WO-004763,routine,4,3
XFMR-014693,2023-06-24 13:56:09.252664,WO-004764,emergency,3,2
XFMR-015391,2023-06-23 13:56:09.252684,WO-004765,emergency,2,2
XFMR-015391,2022-11-19 13:56:09.252695,WO-004766,routine,2,2
XFMR-015391,2018-03-09 13:56:09.252705,WO-004767,routine,3,2
XFMR-014735,2020-01-22 13:56:09.252724,WO-004768,routine,4,3
XFMR-014735,2016-11-26 13:56:09.252735,WO-004769,routine,3,3
XFMR-010782,2017-04-26 13:56:09.252755,WO-004770,preventive,3,4
XFMR-010782,2020-09-30 13:56:09.252773,WO-004771,routine,3,4
XFMR-010782,2024-04-19 13:56:09.252783,WO-004772,routine,3,4
XFMR-017389,2017-10-04 13:56:09.252802,WO-004773,routine,1,2
XFMR-020674,2019-08-04 13:56:09.252823,WO-004774,routine,2,1
XFMR-020674,2023-12-11 13:56:09.252833,WO-004775,routine,2,1
XFMR-018846,2020-04-04 13:56:09.252853,WO-004776,routine,3,2
XFMR-018846,2019-05-26 13:56:09.252863,WO-004777,routine,3,2
XFMR-014791,2023-11-15 13:56:09.252883,WO-004778,preventive,5,5
XFMR-014791,2024-06-02 13:56:09.252893,WO-004779,routine,5,5
XFMR-014791,2022-10-16 13:56:09.252903,WO-004780,emergency,4,5
XFMR-003143,2025-07-15 13:56:09.252924,WO-004781,routine,2,1
XFMR-003143,2021-07-09 13:56:09.252936,WO-004782,preventive,1,1
XFMR-003143,2020-09-02 13:56:09.252949,WO-004783,routine,2,1
XFMR-015165,2018-10-26 13:56:09.252973,WO-004784,routine,3,2
XFMR-005349,2022-03-19 13:56:09.252998,WO-004785,emergency,4,3
XFMR-013763,2016-09-24 13:56:09.253026,WO-004786,routine,2,1
XFMR-013763,2020-04-16 13:56:09.253040,WO-004787,preventive,2,1
XFMR-013763,2017-02-06 13:56:09.253054,WO-004788,routine,1,1
XFMR-001062,2018-06-17 13:56:09.253081,WO-004789,routine,4,4
XFMR-001062,2025-05-31 13:56:09.253094,WO-004790,routine,3,4
XFMR-001062,2024-11-22 13:56:09.253107,WO-004791,routine,5,4
XFMR-012578,2025-01-16 13:56:09.253135,WO-004792,routine,2,3
XFMR-012578,2024-12-23 13:56:09.253148,WO-004793,routine,3,3
XFMR-012578,2017-11-27 13:56:09.253159,WO-004794,routine,2,3
XFMR-011026,2024-02-28 13:56:09.253181,WO-004795,routine,2,3
XFMR-011026,2016-09-17 13:56:09.253192,WO-004796,routine,2,3
XFMR-017662,2016-05-18 13:56:09.253211,WO-004797,emergency,5,5
XFMR-017662,2016-04-20 13:56:09.253224,WO-004798,routine,5,5
XFMR-019051,2018-08-04 13:56:09.253244,WO-004799,preventive,4,3
XFMR-015552,2020-05-06 13:56:09.253266,WO-004800,routine,3,2
XFMR-012838,2020-10-24 13:56:09.253287,WO-004801,routine,1,2
XFMR-012838,2018-04-16 13:56:09.253298,WO-004802,preventive,3,2
XFMR-012838,2019-10-14 13:56:09.253308,WO-004803,routine,1,2
XFMR-018887,2023-12-06 13:56:09.253328,WO-004804,routine,3,2
XFMR-018887,2023-02-04 13:56:09.253338,WO-004805,routine,1,2
XFMR-018887,2025-04-01 13:56:09.253348,WO-004806,routine,3,2
XFMR-004741,2021-11-07 13:56:09.253369,WO-004807,routine,1,1
XFMR-004741,2020-04-02 13:56:09.253380,WO-004808,routine,1,1
XFMR-004741,2022-04-10 13:56:09.253390,WO-004809,routine,2,1
XFMR-019296,2025-01-22 13:56:09.253410,WO-004810,routine,3,2
XFMR-019909,2016-08-04 13:56:09.253430,WO-004811,routine,3,4
XFMR-019909,2018-03-18 13:56:09.253441,WO-004812,routine,4,4
XFMR-006076,2017-07-27 13:56:09.253460,WO-004813,routine,4,4
XFMR-006076,2023-02-16 13:56:09.253471,WO-004814,routine,4,4
XFMR-006076,2021-12-08 13:56:09.253481,WO-004815,routine,4,4
XFMR-008693,2025-08-18 13:56:09.253500,WO-004816,routine,1,2
XFMR-006518,2023-07-08 13:56:09.253521,WO-004817,routine,1,2
XFMR-000089,2016-04-19 13:56:09.253543,WO-004818,routine,5,4
XFMR-021132,2017-06-03 13:56:09.253564,WO-004819,emergency,2,2
XFMR-021132,2024-11-10 13:56:09.253575,WO-004820,routine,1,2
XFMR-021132,2018-07-12 13:56:09.253585,WO-004821,routine,3,2
XFMR-003148,2020-03-08 13:56:09.253605,WO-004822,routine,3,4
XFMR-003148,2025-01-28 13:56:09.253618,WO-004823,routine,5,4
XFMR-010959,2023-03-25 13:56:09.253638,WO-004824,routine,3,3
XFMR-021381,2017-12-07 13:56:09.253658,WO-004825,routine,2,3
XFMR-021381,2019-06-15 13:56:09.253669,WO-004826,routine,3,3
XFMR-021203,2020-08-20 13:56:09.253693,WO-004827,routine,4,4
XFMR-021203,2019-08-02 13:56:09.253704,WO-004828,routine,4,4
XFMR-021203,2016-05-18 13:56:09.253714,WO-004829,routine,4,4
XFMR-004775,2025-10-04 13:56:09.253734,WO-004830,routine,3,4
XFMR-008230,2017-08-25 13:56:09.253754,WO-004831,emergency,5,5
XFMR-008230,2023-01-29 13:56:09.253773,WO-004832,routine,5,5
XFMR-008230,2018-05-18 13:56:09.253783,WO-004833,routine,5,5
XFMR-019404,2022-01-10 13:56:09.253802,WO-004834,routine,2,3
XFMR-019404,2017-12-14 13:56:09.253813,WO-004835,routine,3,3
XFMR-019404,2021-04-16 13:56:09.253823,WO-004836,routine,4,3
XFMR-017506,2017-10-06 13:56:09.253843,WO-004837,routine,3,3
XFMR-015691,2018-03-03 13:56:09.253863,WO-004838,preventive,2,3
XFMR-010471,2018-06-29 13:56:09.253884,WO-004839,emergency,3,2
XFMR-008214,2019-03-06 13:56:09.253904,WO-004840,preventive,2,3
XFMR-008214,2023-06-24 13:56:09.253915,WO-004841,routine,2,3
XFMR-008214,2024-02-14 13:56:09.253927,WO-004842,routine,3,3
XFMR-006400,2020-09-05 13:56:09.253951,WO-004843,emergency,5,4
XFMR-006400,2025-02-25 13:56:09.253964,WO-004844,routine,4,4
XFMR-006400,2023-06-03 13:56:09.253975,WO-004845,preventive,5,4
XFMR-015014,2026-01-23 13:56:09.254001,WO-004846,routine,2,3
XFMR-017172,2024-05-22 13:56:09.254026,WO-004847,routine,3,4
XFMR-017172,2022-01-23 13:56:09.254038,WO-004848,emergency,5,4
XFMR-017528,2025-05-28 13:56:09.254061,WO-004849,routine,5,5
XFMR-017528,2024-08-19 13:56:09.254076,WO-004850,emergency,5,5
XFMR-001206,2024-06-28 13:56:09.254100,WO-004851,routine,4,4
XFMR-001206,2020-02-15 13:56:09.254113,WO-004852,routine,4,4
XFMR-013303,2021-12-06 13:56:09.254137,WO-004853,preventive,4,5
XFMR-003046,2021-11-28 13:56:09.254160,WO-004854,preventive,4,3
XFMR-003046,2017-01-16 13:56:09.254171,WO-004855,emergency,2,3
XFMR-003046,2024-04-11 13:56:09.254181,WO-004856,routine,3,3
XFMR-020195,2017-06-05 13:56:09.254201,WO-004857,routine,2,3
XFMR-011449,2017-03-16 13:56:09.254221,WO-004858,routine,1,1
XFMR-011449,2019-02-26 13:56:09.254232,WO-004859,routine,2,1
XFMR-011449,2017-12-06 13:56:09.254243,WO-004860,routine,1,1
XFMR-016881,2024-01-28 13:56:09.254264,WO-004861,routine,4,4
XFMR-005934,2024-11-28 13:56:09.254287,WO-004862,preventive,4,3
XFMR-005934,2021-06-03 13:56:09.254298,WO-004863,routine,3,3
XFMR-005934,2023-04-03 13:56:09.254308,WO-004864,emergency,4,3
XFMR-013056,2018-12-14 13:56:09.254328,WO-004865,routine,5,5
XFMR-013056,2024-06-11 13:56:09.254339,WO-004866,routine,5,5
XFMR-013056,2021-11-17 13:56:09.254349,WO-004867,routine,5,5
XFMR-002735,2018-02-25 13:56:09.254368,WO-004868,routine,3,3
XFMR-002735,2023-08-02 13:56:09.254379,WO-004869,routine,3,3
XFMR-001367,2019-06-14 13:56:09.254398,WO-004870,routine,1,2
XFMR-001367,2024-07-30 13:56:09.254409,WO-004871,routine,3,2
XFMR-006464,2018-12-05 13:56:09.254429,WO-004872,routine,5,4
XFMR-006464,2017-04-26 13:56:09.254440,WO-004873,routine,3,4
XFMR-005478,2019-07-18 13:56:09.254459,WO-004874,routine,2,2
XFMR-005478,2022-06-25 13:56:09.254469,WO-004875,routine,2,2
XFMR-005478,2024-08-01 13:56:09.254479,WO-004876,routine,3,2
XFMR-002863,2024-04-05 13:56:09.254499,WO-004877,routine,5,4
XFMR-002306,2018-06-18 13:56:09.254519,WO-004878,routine,3,3
XFMR-011864,2017-01-07 13:56:09.254539,WO-004879,routine,4,4
XFMR-011864,2022-11-18 13:56:09.254550,WO-004880,preventive,5,4
XFMR-011864,2022-08-26 13:56:09.254559,WO-004881,preventive,5,4
XFMR-019980,2023-01-29 13:56:09.254579,WO-004882,routine,3,2
XFMR-019980,2021-03-13 13:56:09.254589,WO-004883,preventive,1,2
XFMR-021326,2018-12-03 13:56:09.254609,WO-004884,routine,3,4
XFMR-021326,2017-03-09 13:56:09.254620,WO-004885,preventive,5,4
XFMR-018274,2022-10-26 13:56:09.254644,WO-004886,preventive,1,1
XFMR-018274,2019-09-30 13:56:09.254654,WO-004887,routine,2,1
XFMR-019492,2025-07-25 13:56:09.254674,WO-004888,preventive,2,3
XFMR-008122,2020-02-18 13:56:09.254694,WO-004889,routine,5,4
XFMR-008122,2017-08-01 13:56:09.254705,WO-004890,routine,3,4
XFMR-010651,2022-09-13 13:56:09.254727,WO-004891,routine,4,5
XFMR-010651,2019-06-23 13:56:09.254738,WO-004892,routine,5,5
XFMR-015240,2023-02-14 13:56:09.254757,WO-004893,emergency,5,4
XFMR-015240,2021-01-07 13:56:09.254776,WO-004894,routine,3,4
XFMR-007376,2025-11-16 13:56:09.254796,WO-004895,preventive,2,3
XFMR-007376,2023-06-08 13:56:09.254807,WO-004896,routine,3,3
XFMR-007376,2022-04-10 13:56:09.254816,WO-004897,preventive,4,3
XFMR-003994,2018-12-19 13:56:09.254836,WO-004898,preventive,1,1
XFMR-003994,2021-01-20 13:56:09.254847,WO-004899,routine,2,1
XFMR-003994,2016-09-26 13:56:09.254857,WO-004900,routine,1,1
XFMR-003316,2021-09-16 13:56:09.254876,WO-004901,routine,2,2
XFMR-003316,2021-09-06 13:56:09.254887,WO-004902,preventive,1,2
XFMR-008811,2019-07-27 13:56:09.254907,WO-004903,routine,5,5
XFMR-008811,2018-06-08 13:56:09.254918,WO-004904,routine,5,5
XFMR-007140,2016-08-03 13:56:09.254942,WO-004905,routine,1,2
XFMR-007140,2018-07-09 13:56:09.254956,WO-004906,routine,1,2
XFMR-012292,2019-07-17 13:56:09.254979,WO-004907,emergency,3,2
XFMR-012292,2019-08-14 13:56:09.254993,WO-004908,routine,2,2
XFMR-012292,2020-12-05 13:56:09.255007,WO-004909,routine,1,2
XFMR-003303,2023-08-18 13:56:09.255029,WO-004910,routine,2,3
XFMR-003303,2016-11-11 13:56:09.255042,WO-004911,routine,3,3
XFMR-015411,2025-02-08 13:56:09.255067,WO-004912,routine,4,5
XFMR-013928,2017-06-15 13:56:09.255091,WO-004913,routine,3,2
XFMR-013928,2017-12-15 13:56:09.255106,WO-004914,routine,2,2
XFMR-010646,2021-04-26 13:56:09.255131,WO-004915,preventive,2,3
XFMR-000577,2023-09-08 13:56:09.255153,WO-004916,routine,3,3
XFMR-000577,2018-03-12 13:56:09.255166,WO-004917,preventive,3,3
XFMR-006260,2017-11-17 13:56:09.255185,WO-004918,emergency,3,3
XFMR-004771,2022-08-13 13:56:09.255205,WO-004919,emergency,4,4
XFMR-004771,2020-05-13 13:56:09.255216,WO-004920,emergency,3,4
XFMR-012837,2023-03-17 13:56:09.255236,WO-004921,routine,2,3
XFMR-012837,2016-05-03 13:56:09.255248,WO-004922,routine,2,3
XFMR-012837,2018-05-03 13:56:09.255258,WO-004923,routine,3,3
XFMR-018637,2024-01-28 13:56:09.255281,WO-004924,preventive,4,5
XFMR-018637,2016-07-14 13:56:09.255292,WO-004925,routine,4,5
XFMR-011234,2023-05-07 13:56:09.255312,WO-004926,preventive,5,5
XFMR-011234,2020-09-10 13:56:09.255323,WO-004927,routine,5,5
XFMR-011234,2018-03-28 13:56:09.255333,WO-004928,routine,5,5
XFMR-009150,2025-03-08 13:56:09.255352,WO-004929,routine,4,5
XFMR-009150,2019-07-21 13:56:09.255363,WO-004930,preventive,5,5
XFMR-009150,2021-06-08 13:56:09.255373,WO-004931,emergency,5,5
XFMR-015754,2019-12-27 13:56:09.255392,WO-004932,routine,3,3
XFMR-015754,2017-01-31 13:56:09.255403,WO-004933,preventive,4,3
XFMR-015754,2025-11-08 13:56:09.255413,WO-004934,emergency,3,3
XFMR-002481,2021-01-09 13:56:09.255432,WO-004935,routine,2,3
XFMR-018810,2020-01-17 13:56:09.255453,WO-004936,routine,4,3
XFMR-010169,2020-01-22 13:56:09.255473,WO-004937,preventive,5,5
XFMR-010169,2016-11-26 13:56:09.255484,WO-004938,routine,4,5
XFMR-010169,2019-05-15 13:56:09.255494,WO-004939,preventive,4,5
XFMR-002178,2025-03-17 13:56:09.255513,WO-004940,routine,3,3
XFMR-018079,2024-09-16 13:56:09.255533,WO-004941,routine,1,2
XFMR-018079,2016-10-25 13:56:09.255544,WO-004942,preventive,2,2
XFMR-018079,2019-10-30 13:56:09.255554,WO-004943,routine,1,2
XFMR-015693,2019-02-25 13:56:09.255574,WO-004944,routine,4,3
XFMR-002860,2018-06-21 13:56:09.255594,WO-004945,routine,2,3
XFMR-017990,2025-04-05 13:56:09.255614,WO-004946,routine,2,1
XFMR-011558,2020-08-20 13:56:09.255634,WO-004947,routine,4,3
XFMR-011558,2025-07-09 13:56:09.255645,WO-004948,routine,4,3
XFMR-006648,2020-04-10 13:56:09.255671,WO-004949,emergency,3,3
XFMR-006648,2020-12-21 13:56:09.255682,WO-004950,routine,2,3
XFMR-017552,2023-11-19 13:56:09.255703,WO-004951,routine,4,3
XFMR-017552,2016-06-16 13:56:09.255714,WO-004952,emergency,2,3
XFMR-017552,2023-03-31 13:56:09.255724,WO-004953,preventive,3,3
XFMR-011859,2021-08-08 13:56:09.255743,WO-004954,routine,3,3
XFMR-011859,2022-06-13 13:56:09.255754,WO-004955,routine,2,3
XFMR-007540,2023-07-13 13:56:09.255781,WO-004956,routine,3,2
XFMR-007540,2025-05-11 13:56:09.255792,WO-004957,routine,2,2
XFMR-007540,2019-05-17 13:56:09.255802,WO-004958,routine,2,2
XFMR-003704,2024-12-30 13:56:09.255821,WO-004959,preventive,1,2
XFMR-003704,2019-02-26 13:56:09.255832,WO-004960,emergency,2,2
XFMR-003704,2023-08-31 13:56:09.255842,WO-004961,preventive,3,2
XFMR-017175,2024-09-16 13:56:09.255861,WO-004962,routine,2,2
XFMR-017175,2024-10-05 13:56:09.255872,WO-004963,routine,2,2
XFMR-000467,2024-12-23 13:56:09.255893,WO-004964,routine,1,1
XFMR-018006,2016-07-24 13:56:09.255914,WO-004965,routine,1,2
XFMR-018006,2020-09-13 13:56:09.255926,WO-004966,emergency,3,2
XFMR-018006,2019-03-13 13:56:09.255936,WO-004967,preventive,2,2
XFMR-009816,2024-02-27 13:56:09.255962,WO-004968,routine,4,3
XFMR-009816,2018-11-03 13:56:09.255974,WO-004969,emergency,2,3
XFMR-000818,2017-10-07 13:56:09.256000,WO-004970,routine,2,3
XFMR-017169,2017-08-02 13:56:09.256026,WO-004971,routine,3,3
XFMR-003335,2025-11-21 13:56:09.256049,WO-004972,routine,1,2
XFMR-003335,2021-10-13 13:56:09.256063,WO-004973,routine,3,2
XFMR-003695,2021-10-07 13:56:09.256086,WO-004974,preventive,4,5
XFMR-003695,2019-09-09 13:56:09.256101,WO-004975,routine,5,5
XFMR-008261,2017-08-05 13:56:09.256127,WO-004976,routine,4,3
XFMR-008261,2021-04-11 13:56:09.256139,WO-004977,preventive,2,3
XFMR-016880,2020-05-04 13:56:09.256161,WO-004978,preventive,3,2
XFMR-016880,2023-11-22 13:56:09.256172,WO-004979,routine,3,2
XFMR-002528,2026-01-12 13:56:09.256192,WO-004980,routine,4,5
XFMR-002528,2019-06-04 13:56:09.256202,WO-004981,emergency,5,5
XFMR-004140,2020-10-16 13:56:09.256222,WO-004982,routine,3,2
XFMR-004140,2016-04-11 13:56:09.256233,WO-004983,emergency,3,2
XFMR-007669,2023-10-31 13:56:09.256254,WO-004984,routine,2,3
XFMR-007669,2018-07-01 13:56:09.256265,WO-004985,routine,3,3
XFMR-007669,2023-05-17 13:56:09.256276,WO-004986,preventive,3,3
XFMR-007766,2025-09-12 13:56:09.256297,WO-004987,routine,2,1
XFMR-007766,2024-03-05 13:56:09.256308,WO-004988,routine,2,1
XFMR-001633,2023-05-02 13:56:09.256328,WO-004989,preventive,1,2
XFMR-001633,2020-08-30 13:56:09.256339,WO-004990,routine,1,2
XFMR-001633,2025-03-22 13:56:09.256348,WO-004991,emergency,1,2
XFMR-020982,2024-12-16 13:56:09.256368,WO-004992,routine,1,2
XFMR-020982,2025-06-23 13:56:09.256378,WO-004993,routine,1,2
XFMR-012027,2018-06-28 13:56:09.256398,WO-004994,preventive,4,3
XFMR-012027,2018-12-01 13:56:09.256409,WO-004995,routine,2,3
XFMR-012027,2017-12-02 13:56:09.256419,WO-004996,emergency,2,3
XFMR-000879,2020-09-23 13:56:09.256438,WO-004997,preventive,4,3
XFMR-000879,2021-07-29 13:56:09.256449,WO-004998,routine,2,3
XFMR-000879,2020-12-17 13:56:09.256459,WO-004999,routine,4,3
XFMR-006370,2022-07-30 13:56:09.256478,WO-005000,emergency,4,5
XFMR-006370,2022-02-12 13:56:09.256489,WO-005001,routine,4,5
XFMR-017278,2018-12-27 13:56:09.256513,WO-005002,emergency,5,4
XFMR-005842,2024-01-15 13:56:09.256534,WO-005003,routine,3,3
XFMR-004004,2018-01-29 13:56:09.256554,WO-005004,preventive,3,2
XFMR-021240,2017-01-26 13:56:09.256575,WO-005005,preventive,4,3
XFMR-020522,2025-02-27 13:56:09.256595,WO-005006,routine,2,3
XFMR-020522,2021-10-26 13:56:09.256606,WO-005007,routine,2,3
XFMR-020522,2020-06-21 13:56:09.256615,WO-005008,emergency,2,3
XFMR-003746,2023-01-28 13:56:09.256635,WO-005009,emergency,4,3
XFMR-003746,2020-12-31 13:56:09.256645,WO-005010,routine,2,3
XFMR-000073,2022-07-18 13:56:09.256665,WO-005011,routine,1,1
XFMR-000073,2021-04-03 13:56:09.256676,WO-005012,routine,1,1
XFMR-000073,2021-03-15 13:56:09.256685,WO-005013,routine,2,1
XFMR-001403,2017-02-28 13:56:09.256705,WO-005014,preventive,2,1
XFMR-013540,2019-01-30 13:56:09.256725,WO-005015,preventive,2,2
XFMR-013540,2023-10-19 13:56:09.256736,WO-005016,emergency,3,2
XFMR-009137,2023-07-12 13:56:09.256755,WO-005017,routine,4,3
XFMR-018227,2019-03-11 13:56:09.256785,WO-005018,routine,4,3
XFMR-012891,2023-03-22 13:56:09.256805,WO-005019,preventive,4,3
XFMR-004497,2018-09-08 13:56:09.256826,WO-005020,routine,3,2
XFMR-015611,2025-02-05 13:56:09.256846,WO-005021,routine,2,3
XFMR-015611,2017-07-03 13:56:09.256857,WO-005022,routine,4,3
XFMR-015611,2017-06-22 13:56:09.256867,WO-005023,preventive,3,3
XFMR-004740,2020-01-30 13:56:09.256886,WO-005024,routine,3,3
XFMR-009937,2022-12-08 13:56:09.256906,WO-005025,preventive,3,2
XFMR-009937,2024-05-15 13:56:09.256917,WO-005026,routine,1,2
XFMR-015144,2021-05-15 13:56:09.256941,WO-005027,routine,1,2
XFMR-007268,2024-01-01 13:56:09.256966,WO-005028,routine,3,3
XFMR-007268,2016-11-29 13:56:09.256979,WO-005029,routine,2,3
XFMR-011498,2018-01-08 13:56:09.257005,WO-005030,routine,2,3
XFMR-011498,2022-09-25 13:56:09.257019,WO-005031,routine,2,3
XFMR-007947,2025-03-16 13:56:09.257040,WO-005032,preventive,4,4
XFMR-007947,2021-06-23 13:56:09.257053,WO-005033,preventive,3,4
XFMR-004768,2017-12-24 13:56:09.257078,WO-005034,routine,2,1
XFMR-004768,2024-05-05 13:56:09.257091,WO-005035,routine,1,1
XFMR-004768,2018-03-31 13:56:09.257105,WO-005036,preventive,1,1
XFMR-015938,2017-12-24 13:56:09.257134,WO-005037,routine,2,1
XFMR-012884,2019-12-21 13:56:09.257163,WO-005038,emergency,3,4
XFMR-011711,2023-08-01 13:56:09.257186,WO-005039,routine,4,3
XFMR-021504,2024-06-20 13:56:09.257206,WO-005040,routine,2,1
XFMR-021504,2021-10-24 13:56:09.257217,WO-005041,routine,1,1
XFMR-021504,2018-07-03 13:56:09.257228,WO-005042,routine,1,1
XFMR-014984,2023-01-26 13:56:09.257250,WO-005043,preventive,4,4
XFMR-014984,2017-10-15 13:56:09.257261,WO-005044,routine,3,4
XFMR-013889,2022-08-22 13:56:09.257281,WO-005045,routine,2,1
XFMR-013889,2022-05-12 13:56:09.257292,WO-005046,routine,1,1
XFMR-003954,2025-10-26 13:56:09.257312,WO-005047,routine,1,1
XFMR-018383,2024-03-11 13:56:09.257332,WO-005048,routine,5,4
XFMR-018383,2018-07-04 13:56:09.257343,WO-005049,routine,4,4
XFMR-018383,2018-02-25 13:56:09.257353,WO-005050,routine,5,4
XFMR-019888,2023-06-03 13:56:09.257374,WO-005051,routine,1,2
XFMR-009061,2024-09-28 13:56:09.257394,WO-005052,emergency,3,4
XFMR-009061,2017-10-11 13:56:09.257405,WO-005053,routine,5,4
XFMR-014973,2017-03-09 13:56:09.257425,WO-005054,routine,2,2
XFMR-014973,2016-08-13 13:56:09.257435,WO-005055,routine,1,2
XFMR-009709,2023-06-16 13:56:09.257455,WO-005056,routine,4,4
XFMR-009709,2024-11-14 13:56:09.257465,WO-005057,routine,5,4
XFMR-010050,2018-05-22 13:56:09.257485,WO-005058,preventive,4,3
XFMR-010050,2018-09-19 13:56:09.257496,WO-005059,preventive,3,3
XFMR-021204,2025-10-25 13:56:09.257515,WO-005060,routine,3,4
XFMR-021204,2018-05-19 13:56:09.257526,WO-005061,routine,4,4
XFMR-007661,2019-03-16 13:56:09.257546,WO-005062,routine,1,2
XFMR-003208,2024-09-12 13:56:09.257566,WO-005063,emergency,2,3
XFMR-003208,2016-12-07 13:56:09.257576,WO-005064,emergency,4,3
XFMR-003208,2024-03-26 13:56:09.257586,WO-005065,routine,3,3
XFMR-009738,2025-05-11 13:56:09.257606,WO-005066,routine,3,2
XFMR-009738,2023-07-09 13:56:09.257616,WO-005067,routine,1,2
XFMR-009738,2020-03-14 13:56:09.257626,WO-005068,routine,1,2
XFMR-012030,2023-08-19 13:56:09.257646,WO-005069,preventive,5,4
XFMR-012030,2018-11-07 13:56:09.257657,WO-005070,preventive,4,4
XFMR-012030,2021-12-31 13:56:09.257667,WO-005071,routine,5,4
XFMR-017639,2020-03-01 13:56:09.257686,WO-005072,routine,2,2
XFMR-013957,2020-07-05 13:56:09.257708,WO-005073,routine,1,1
XFMR-013957,2018-02-09 13:56:09.257719,WO-005074,routine,1,1
XFMR-013957,2023-12-29 13:56:09.257729,WO-005075,routine,1,1
XFMR-014240,2025-05-31 13:56:09.257749,WO-005076,routine,2,3
XFMR-014240,2018-09-09 13:56:09.257760,WO-005077,routine,2,3
XFMR-014240,2025-06-07 13:56:09.257774,WO-005078,routine,2,3
XFMR-007108,2024-05-23 13:56:09.257796,WO-005079,routine,4,3
XFMR-007108,2019-01-14 13:56:09.257809,WO-005080,routine,3,3
XFMR-007108,2018-12-13 13:56:09.257819,WO-005081,preventive,4,3
XFMR-011956,2025-01-17 13:56:09.257843,WO-005082,routine,3,4
XFMR-019557,2017-07-04 13:56:09.257865,WO-005083,routine,2,3
XFMR-021128,2019-01-12 13:56:09.257887,WO-005084,routine,3,3
XFMR-019173,2023-10-22 13:56:09.257907,WO-005085,preventive,4,3
XFMR-019173,2023-02-26 13:56:09.257917,WO-005086,preventive,4,3
XFMR-019173,2021-09-20 13:56:09.257929,WO-005087,routine,4,3
XFMR-008232,2016-05-31 13:56:09.257954,WO-005088,routine,1,2
XFMR-008232,2025-07-07 13:56:09.257967,WO-005089,routine,2,2
XFMR-021482,2022-11-17 13:56:09.257992,WO-005090,preventive,2,3
XFMR-006978,2022-04-15 13:56:09.258020,WO-005091,routine,1,2
XFMR-006978,2018-09-05 13:56:09.258035,WO-005092,routine,2,2
XFMR-006978,2021-02-15 13:56:09.258049,WO-005093,preventive,1,2
XFMR-010701,2017-10-05 13:56:09.258075,WO-005094,routine,1,1
XFMR-017665,2024-12-30 13:56:09.258101,WO-005095,routine,2,2
XFMR-017665,2019-07-20 13:56:09.258115,WO-005096,routine,1,2
XFMR-003438,2025-07-12 13:56:09.258141,WO-005097,routine,3,2
XFMR-003166,2025-06-17 13:56:09.258169,WO-005098,emergency,1,2
XFMR-003166,2023-09-04 13:56:09.258183,WO-005099,preventive,2,2
XFMR-008978,2022-10-13 13:56:09.258203,WO-005100,routine,3,4
XFMR-014054,2022-12-18 13:56:09.258223,WO-005101,routine,5,5
XFMR-014054,2023-05-02 13:56:09.258233,WO-005102,routine,5,5
XFMR-014054,2025-03-22 13:56:09.258244,WO-005103,routine,4,5
XFMR-004845,2025-03-17 13:56:09.258266,WO-005104,routine,4,3
XFMR-017652,2023-09-09 13:56:09.258288,WO-005105,routine,5,5
XFMR-017652,2020-06-12 13:56:09.258299,WO-005106,routine,5,5
XFMR-017652,2025-10-25 13:56:09.258309,WO-005107,preventive,4,5
XFMR-003019,2024-05-23 13:56:09.258329,WO-005108,routine,3,2
XFMR-003019,2019-03-19 13:56:09.258339,WO-005109,preventive,2,2
XFMR-003019,2020-09-30 13:56:09.258349,WO-005110,emergency,3,2
XFMR-006761,2024-05-24 13:56:09.258369,WO-005111,routine,4,4
XFMR-006761,2021-07-26 13:56:09.258380,WO-005112,emergency,4,4
XFMR-006761,2022-09-17 13:56:09.258390,WO-005113,emergency,3,4
XFMR-006408,2024-11-07 13:56:09.258409,WO-005114,emergency,5,4
XFMR-006408,2017-07-02 13:56:09.258420,WO-005115,preventive,5,4
XFMR-016888,2017-01-21 13:56:09.258439,WO-005116,preventive,4,5
XFMR-016888,2019-04-30 13:56:09.258450,WO-005117,routine,5,5
XFMR-016888,2017-04-28 13:56:09.258460,WO-005118,routine,5,5
XFMR-011598,2017-12-22 13:56:09.258484,WO-005119,routine,2,2
XFMR-002931,2025-04-30 13:56:09.258505,WO-005120,routine,3,2
XFMR-018660,2022-12-02 13:56:09.258525,WO-005121,emergency,5,5
XFMR-006849,2021-01-21 13:56:09.258545,WO-005122,routine,2,2
XFMR-006849,2022-06-02 13:56:09.258556,WO-005123,routine,2,2
XFMR-006849,2022-11-19 13:56:09.258566,WO-005124,emergency,1,2
XFMR-015778,2022-07-29 13:56:09.258586,WO-005125,routine,3,4
XFMR-015778,2020-10-02 13:56:09.258596,WO-005126,preventive,4,4
XFMR-001283,2020-09-01 13:56:09.258616,WO-005127,routine,3,4
XFMR-001283,2017-12-30 13:56:09.258627,WO-005128,routine,4,4
XFMR-001283,2024-05-07 13:56:09.258637,WO-005129,routine,5,4
XFMR-010034,2019-10-25 13:56:09.258658,WO-005130,emergency,3,3
XFMR-010034,2024-12-06 13:56:09.258669,WO-005131,routine,4,3
XFMR-014609,2022-08-02 13:56:09.258689,WO-005132,routine,3,4
XFMR-014609,2024-01-02 13:56:09.258700,WO-005133,routine,5,4
XFMR-011275,2018-01-16 13:56:09.258720,WO-005134,emergency,1,2
XFMR-011275,2025-11-06 13:56:09.258732,WO-005135,routine,2,2
XFMR-011275,2016-05-13 13:56:09.258742,WO-005136,routine,2,2
XFMR-014800,2025-01-19 13:56:09.258762,WO-005137,routine,2,1
XFMR-014800,2017-12-03 13:56:09.258777,WO-005138,routine,1,1
XFMR-011365,2018-09-04 13:56:09.258797,WO-005139,emergency,1,2
XFMR-011365,2020-05-05 13:56:09.258807,WO-005140,preventive,2,2
XFMR-006836,2025-03-11 13:56:09.258827,WO-005141,routine,2,2
XFMR-006836,2020-08-22 13:56:09.258838,WO-005142,preventive,3,2
XFMR-006836,2019-02-14 13:56:09.258848,WO-005143,routine,3,2
XFMR-001159,2024-06-23 13:56:09.258867,WO-005144,preventive,3,3
XFMR-021105,2022-12-21 13:56:09.258889,WO-005145,routine,3,2
XFMR-004950,2018-05-03 13:56:09.258909,WO-005146,routine,4,5
XFMR-004950,2018-12-01 13:56:09.258921,WO-005147,routine,5,5
XFMR-008937,2023-06-18 13:56:09.258945,WO-005148,routine,2,2
XFMR-016731,2025-10-23 13:56:09.258970,WO-005149,preventive,2,3
XFMR-017537,2019-11-06 13:56:09.258996,WO-005150,routine,3,2
XFMR-017537,2019-01-21 13:56:09.259011,WO-005151,routine,1,2
XFMR-015792,2024-11-15 13:56:09.259038,WO-005152,preventive,2,2
XFMR-015792,2020-01-21 13:56:09.259053,WO-005153,routine,3,2
XFMR-015792,2016-07-02 13:56:09.259067,WO-005154,routine,2,2
XFMR-015959,2023-11-28 13:56:09.259092,WO-005155,routine,1,2
XFMR-013801,2018-07-10 13:56:09.259119,WO-005156,emergency,3,4
XFMR-007976,2018-10-27 13:56:09.259147,WO-005157,preventive,1,1
XFMR-007976,2019-03-10 13:56:09.259162,WO-005158,routine,1,1
XFMR-010053,2024-03-16 13:56:09.259186,WO-005159,preventive,4,4
XFMR-010053,2024-02-24 13:56:09.259197,WO-005160,preventive,3,4
XFMR-015454,2022-11-30 13:56:09.259217,WO-005161,routine,2,3
XFMR-015454,2017-03-26 13:56:09.259228,WO-005162,routine,4,3
XFMR-015454,2021-07-12 13:56:09.259238,WO-005163,routine,4,3
XFMR-010936,2025-06-02 13:56:09.259264,WO-005164,preventive,4,4
XFMR-010936,2016-12-05 13:56:09.259278,WO-005165,routine,4,4
XFMR-004744,2019-11-13 13:56:09.259302,WO-005166,routine,5,4
XFMR-004744,2020-08-06 13:56:09.259316,WO-005167,routine,5,4
XFMR-004744,2019-03-01 13:56:09.259330,WO-005168,emergency,4,4
XFMR-005141,2021-07-04 13:56:09.259352,WO-005169,routine,2,3
XFMR-005141,2018-06-22 13:56:09.259364,WO-005170,routine,3,3
XFMR-005141,2018-09-20 13:56:09.259375,WO-005171,emergency,2,3
XFMR-012102,2023-12-31 13:56:09.259397,WO-005172,preventive,3,4
XFMR-012102,2018-09-05 13:56:09.259409,WO-005173,preventive,5,4
XFMR-012102,2016-11-24 13:56:09.259421,WO-005174,emergency,5,4
XFMR-003211,2025-09-21 13:56:09.259442,WO-005175,routine,4,3
XFMR-007222,2021-02-03 13:56:09.259465,WO-005176,routine,3,4
XFMR-007222,2020-12-23 13:56:09.259478,WO-005177,routine,4,4
XFMR-017025,2016-05-27 13:56:09.259505,WO-005178,routine,3,4
XFMR-017025,2019-04-08 13:56:09.259518,WO-005179,routine,3,4
XFMR-017025,2016-08-15 13:56:09.259529,WO-005180,routine,3,4
XFMR-000964,2016-04-02 13:56:09.259555,WO-005181,routine,5,4
XFMR-000964,2024-05-26 13:56:09.259570,WO-005182,routine,4,4
XFMR-000964,2018-09-25 13:56:09.259582,WO-005183,routine,3,4
XFMR-003975,2025-08-07 13:56:09.259604,WO-005184,preventive,4,3
XFMR-007302,2022-05-06 13:56:09.259627,WO-005185,preventive,3,3
XFMR-007302,2017-08-16 13:56:09.259638,WO-005186,preventive,4,3
XFMR-011608,2016-11-12 13:56:09.259658,WO-005187,emergency,1,2
XFMR-020525,2023-04-16 13:56:09.259679,WO-005188,routine,2,1
XFMR-006550,2018-01-02 13:56:09.259699,WO-005189,routine,2,3
XFMR-006550,2022-12-16 13:56:09.259710,WO-005190,routine,2,3
XFMR-006550,2024-10-18 13:56:09.259720,WO-005191,routine,2,3
XFMR-002741,2019-05-02 13:56:09.259740,WO-005192,routine,4,4
XFMR-002741,2024-08-14 13:56:09.259751,WO-005193,routine,4,4
XFMR-002741,2020-09-01 13:56:09.259768,WO-005194,routine,5,4
XFMR-016023,2017-05-01 13:56:09.259789,WO-005195,routine,1,2
XFMR-014025,2020-01-21 13:56:09.259810,WO-005196,routine,5,4
XFMR-004473,2019-05-03 13:56:09.259834,WO-005197,preventive,4,5
XFMR-004473,2024-12-05 13:56:09.259849,WO-005198,emergency,5,5
XFMR-001732,2021-06-19 13:56:09.259876,WO-005199,routine,2,3
XFMR-001732,2024-10-11 13:56:09.259891,WO-005200,routine,2,3
XFMR-001732,2026-01-09 13:56:09.259902,WO-005201,routine,4,3
XFMR-003387,2024-05-06 13:56:09.259924,WO-005202,preventive,3,4
XFMR-010719,2025-02-24 13:56:09.259951,WO-005203,routine,2,1
XFMR-010719,2024-11-21 13:56:09.259966,WO-005204,routine,1,1
XFMR-003352,2022-02-09 13:56:09.259990,WO-005205,routine,2,3
XFMR-020209,2017-09-13 13:56:09.260015,WO-005206,emergency,2,3
XFMR-014501,2022-03-18 13:56:09.260038,WO-005207,routine,2,3
XFMR-014501,2023-02-17 13:56:09.260050,WO-005208,emergency,3,3
XFMR-013567,2016-06-02 13:56:09.260072,WO-005209,routine,3,2
XFMR-006127,2019-10-01 13:56:09.260100,WO-005210,routine,3,2
XFMR-006127,2021-05-23 13:56:09.260184,WO-005211,routine,1,2
XFMR-019221,2018-03-25 13:56:09.260221,WO-005212,routine,5,4
XFMR-020939,2021-09-20 13:56:09.260249,WO-005213,routine,1,1
XFMR-020939,2024-03-03 13:56:09.260262,WO-005214,routine,2,1
XFMR-007072,2023-12-15 13:56:09.260285,WO-005215,routine,4,4
XFMR-007072,2022-09-19 13:56:09.260297,WO-005216,routine,3,4
XFMR-012141,2016-11-02 13:56:09.260317,WO-005217,routine,2,2
XFMR-015570,2021-08-19 13:56:09.260339,WO-005218,routine,3,3
XFMR-004904,2018-10-15 13:56:09.260360,WO-005219,preventive,3,4
XFMR-019622,2023-11-12 13:56:09.260381,WO-005220,routine,2,3
XFMR-021458,2024-06-28 13:56:09.260402,WO-005221,routine,4,3
XFMR-021458,2022-11-06 13:56:09.260413,WO-005222,routine,2,3
XFMR-002688,2019-02-02 13:56:09.260434,WO-005223,preventive,5,5
XFMR-002688,2017-11-29 13:56:09.260445,WO-005224,preventive,4,5
XFMR-002688,2023-11-28 13:56:09.260462,WO-005225,routine,5,5
XFMR-016451,2021-01-11 13:56:09.260483,WO-005226,routine,5,4
XFMR-016451,2016-10-02 13:56:09.260494,WO-005227,emergency,5,4
XFMR-016415,2022-04-12 13:56:09.260514,WO-005228,preventive,3,3
XFMR-016415,2018-10-08 13:56:09.260525,WO-005229,routine,4,3
XFMR-015005,2017-09-08 13:56:09.260545,WO-005230,routine,2,1
XFMR-015005,2020-09-03 13:56:09.260556,WO-005231,routine,1,1
XFMR-016284,2018-03-28 13:56:09.260576,WO-005232,emergency,1,2
XFMR-016284,2025-05-02 13:56:09.260588,WO-005233,routine,3,2
XFMR-016284,2020-10-12 13:56:09.260598,WO-005234,emergency,1,2
XFMR-013573,2023-05-11 13:56:09.260618,WO-005235,routine,4,3
XFMR-013573,2021-06-15 13:56:09.260634,WO-005236,preventive,4,3
XFMR-001259,2016-04-16 13:56:09.260656,WO-005237,routine,2,2
XFMR-001259,2023-03-10 13:56:09.260668,WO-005238,routine,3,2
XFMR-012688,2024-11-01 13:56:09.260691,WO-005239,preventive,3,2
XFMR-010455,2025-07-11 13:56:09.260711,WO-005240,routine,4,4
XFMR-019287,2016-03-30 13:56:09.260732,WO-005241,preventive,3,3
XFMR-009702,2019-06-13 13:56:09.260752,WO-005242,preventive,4,4
XFMR-021411,2020-12-13 13:56:09.260781,WO-005243,routine,4,5
XFMR-000274,2024-02-08 13:56:09.260801,WO-005244,routine,5,4
XFMR-000274,2017-02-23 13:56:09.260812,WO-005245,routine,3,4
XFMR-000274,2018-11-12 13:56:09.260822,WO-005246,preventive,4,4
XFMR-012214,2016-06-30 13:56:09.260846,WO-005247,preventive,3,4
XFMR-012214,2016-07-07 13:56:09.260861,WO-005248,routine,4,4
XFMR-012214,2024-12-24 13:56:09.260873,WO-005249,routine,5,4
XFMR-007931,2025-01-01 13:56:09.260897,WO-005250,routine,1,2
XFMR-007931,2016-07-31 13:56:09.260911,WO-005251,preventive,1,2
XFMR-005752,2020-10-07 13:56:09.260939,WO-005252,emergency,4,3
XFMR-005752,2021-09-06 13:56:09.260954,WO-005253,routine,4,3
XFMR-004725,2016-09-29 13:56:09.260982,WO-005254,preventive,2,2
XFMR-009279,2022-08-06 13:56:09.261010,WO-005255,routine,2,2
XFMR-007229,2020-01-26 13:56:09.261038,WO-005256,routine,5,5
XFMR-007229,2019-11-28 13:56:09.261050,WO-005257,preventive,4,5
XFMR-007229,2019-07-23 13:56:09.261061,WO-005258,routine,5,5
XFMR-014705,2017-06-23 13:56:09.261088,WO-005259,preventive,5,4
XFMR-014146,2017-11-17 13:56:09.261111,WO-005260,routine,2,2
XFMR-012267,2023-03-14 13:56:09.261131,WO-005261,preventive,1,1
XFMR-012267,2017-05-03 13:56:09.261142,WO-005262,routine,2,1
XFMR-012267,2019-07-20 13:56:09.261152,WO-005263,routine,2,1
XFMR-015534,2022-10-03 13:56:09.261171,WO-005264,routine,1,1
XFMR-015534,2022-05-30 13:56:09.261182,WO-005265,routine,2,1
XFMR-007318,2023-02-05 13:56:09.261202,WO-005266,routine,5,4
XFMR-016760,2018-07-15 13:56:09.261222,WO-005267,preventive,1,2
XFMR-015388,2016-09-20 13:56:09.261242,WO-005268,routine,3,2
XFMR-013859,2024-01-08 13:56:09.261263,WO-005269,routine,3,3
XFMR-004592,2020-08-30 13:56:09.261283,WO-005270,emergency,3,4
XFMR-019623,2023-12-22 13:56:09.261303,WO-005271,routine,2,2
XFMR-019623,2025-06-13 13:56:09.261314,WO-005272,routine,1,2
XFMR-013556,2025-04-28 13:56:09.261336,WO-005273,routine,5,4
XFMR-013556,2016-08-05 13:56:09.261347,WO-005274,routine,5,4
XFMR-013556,2024-12-12 13:56:09.261357,WO-005275,routine,3,4
XFMR-018906,2019-11-18 13:56:09.261378,WO-005276,routine,5,5
XFMR-018906,2023-10-25 13:56:09.261389,WO-005277,routine,5,5
XFMR-017759,2023-01-07 13:56:09.261409,WO-005278,routine,1,1
XFMR-017759,2018-03-17 13:56:09.261420,WO-005279,routine,1,1
XFMR-017759,2020-12-04 13:56:09.261430,WO-005280,routine,2,1
XFMR-021537,2024-05-19 13:56:09.261450,WO-005281,preventive,1,2
XFMR-010420,2023-07-11 13:56:09.261470,WO-005282,emergency,2,3
XFMR-010420,2016-10-22 13:56:09.261481,WO-005283,routine,2,3
XFMR-020283,2017-10-16 13:56:09.261500,WO-005284,routine,3,4
XFMR-020283,2019-07-05 13:56:09.261511,WO-005285,routine,4,4
XFMR-020283,2025-10-27 13:56:09.261521,WO-005286,routine,5,4
XFMR-012970,2017-03-08 13:56:09.261541,WO-005287,preventive,3,3
XFMR-012970,2020-06-22 13:56:09.261552,WO-005288,emergency,4,3
XFMR-005598,2018-08-01 13:56:09.261571,WO-005289,routine,2,3
XFMR-005598,2025-10-30 13:56:09.261582,WO-005290,routine,4,3
XFMR-005598,2016-05-18 13:56:09.261592,WO-005291,routine,2,3
XFMR-003799,2017-01-04 13:56:09.261612,WO-005292,routine,4,3
XFMR-003799,2025-12-19 13:56:09.261623,WO-005293,routine,4,3
XFMR-020585,2023-02-22 13:56:09.261642,WO-005294,emergency,2,3
XFMR-007224,2025-06-15 13:56:09.261663,WO-005295,preventive,3,2
XFMR-007224,2024-04-09 13:56:09.261673,WO-005296,routine,2,2
XFMR-006481,2024-11-09 13:56:09.261693,WO-005297,routine,1,2
XFMR-006481,2022-07-05 13:56:09.261703,WO-005298,routine,3,2
XFMR-004346,2024-08-02 13:56:09.261723,WO-005299,emergency,5,5
XFMR-018799,2024-11-19 13:56:09.261743,WO-005300,routine,1,1
XFMR-018799,2025-06-02 13:56:09.261754,WO-005301,routine,1,1
XFMR-018799,2020-09-07 13:56:09.261772,WO-005302,routine,1,1
XFMR-003474,2025-07-14 13:56:09.261792,WO-005303,routine,5,4
XFMR-003474,2016-04-07 13:56:09.261802,WO-005304,preventive,3,4
XFMR-009247,2018-09-11 13:56:09.261822,WO-005305,routine,3,3
XFMR-009247,2019-01-24 13:56:09.261833,WO-005306,routine,4,3
XFMR-009247,2023-06-21 13:56:09.261843,WO-005307,preventive,2,3
XFMR-009141,2019-10-05 13:56:09.261863,WO-005308,routine,1,2
XFMR-009141,2017-12-31 13:56:09.261875,WO-005309,emergency,2,2
XFMR-009141,2017-11-17 13:56:09.261886,WO-005310,routine,2,2
XFMR-008092,2019-11-30 13:56:09.261906,WO-005311,preventive,5,4
XFMR-010288,2018-04-24 13:56:09.261928,WO-005312,emergency,2,1
XFMR-010288,2025-06-28 13:56:09.261943,WO-005313,emergency,1,1
XFMR-004773,2023-10-16 13:56:09.261969,WO-005314,routine,4,3
XFMR-004773,2021-10-18 13:56:09.261982,WO-005315,emergency,3,3
XFMR-004773,2021-04-10 13:56:09.261993,WO-005316,routine,2,3
XFMR-017008,2019-06-10 13:56:09.262026,WO-005317,emergency,3,3
XFMR-019214,2020-08-03 13:56:09.262054,WO-005318,routine,3,2
XFMR-019214,2017-12-17 13:56:09.262069,WO-005319,preventive,3,2
XFMR-019214,2024-09-26 13:56:09.262083,WO-005320,routine,1,2
XFMR-017120,2016-12-27 13:56:09.262109,WO-005321,routine,3,3
XFMR-017120,2018-10-12 13:56:09.262122,WO-005322,routine,4,3
XFMR-017120,2023-11-19 13:56:09.262134,WO-005323,preventive,4,3
XFMR-016694,2016-08-05 13:56:09.262158,WO-005324,preventive,2,3
XFMR-012889,2022-11-11 13:56:09.262185,WO-005325,routine,3,4
XFMR-008687,2019-11-24 13:56:09.262211,WO-005326,routine,2,3
XFMR-008687,2017-12-05 13:56:09.262221,WO-005327,preventive,4,3
XFMR-008687,2023-09-29 13:56:09.262232,WO-005328,preventive,2,3
XFMR-006253,2016-12-26 13:56:09.262254,WO-005329,routine,2,2
XFMR-006382,2020-02-19 13:56:09.262274,WO-005330,routine,2,2
XFMR-002609,2016-09-16 13:56:09.262301,WO-005331,routine,2,2
XFMR-019205,2017-12-22 13:56:09.262324,WO-005332,routine,3,3
XFMR-004345,2022-09-23 13:56:09.262346,WO-005333,routine,3,2
XFMR-004345,2020-12-12 13:56:09.262358,WO-005334,routine,1,2
XFMR-004345,2021-01-08 13:56:09.262369,WO-005335,routine,2,2
XFMR-002238,2020-08-26 13:56:09.262389,WO-005336,preventive,3,2
XFMR-010685,2024-09-30 13:56:09.262409,WO-005337,routine,2,2
XFMR-010685,2019-11-27 13:56:09.262420,WO-005338,routine,1,2
XFMR-010685,2017-05-26 13:56:09.262431,WO-005339,routine,2,2
XFMR-021372,2023-08-24 13:56:09.262450,WO-005340,routine,2,2
XFMR-021372,2016-11-01 13:56:09.262461,WO-005341,routine,3,2
XFMR-021372,2017-12-05 13:56:09.262472,WO-005342,routine,3,2
XFMR-013532,2021-08-01 13:56:09.262499,WO-005343,emergency,4,5
XFMR-013532,2022-09-12 13:56:09.262513,WO-005344,preventive,5,5
XFMR-013532,2026-01-08 13:56:09.262523,WO-005345,routine,5,5
XFMR-020257,2022-11-06 13:56:09.262543,WO-005346,routine,1,2
XFMR-020376,2025-01-30 13:56:09.262564,WO-005347,routine,2,3
XFMR-020376,2019-11-30 13:56:09.262574,WO-005348,routine,3,3
XFMR-020376,2020-10-30 13:56:09.262585,WO-005349,routine,2,3
XFMR-000258,2022-11-27 13:56:09.262605,WO-005350,emergency,4,4
XFMR-000258,2019-11-17 13:56:09.262616,WO-005351,routine,3,4
XFMR-014111,2022-02-07 13:56:09.262636,WO-005352,preventive,2,2
XFMR-014111,2022-08-11 13:56:09.262647,WO-005353,routine,3,2
XFMR-014111,2022-05-07 13:56:09.262661,WO-005354,preventive,2,2
XFMR-015273,2017-02-27 13:56:09.262681,WO-005355,routine,3,4
XFMR-015273,2023-04-11 13:56:09.262692,WO-005356,routine,3,4
XFMR-010403,2020-07-21 13:56:09.262714,WO-005357,routine,3,3
XFMR-005679,2018-08-16 13:56:09.262741,WO-005358,preventive,5,4
XFMR-005679,2024-06-17 13:56:09.262756,WO-005359,routine,5,4
XFMR-005679,2021-05-18 13:56:09.262777,WO-005360,emergency,5,4
XFMR-021062,2024-05-26 13:56:09.262804,WO-005361,routine,3,4
XFMR-009576,2021-03-02 13:56:09.262826,WO-005362,routine,3,4
XFMR-009576,2022-03-03 13:56:09.262837,WO-005363,routine,5,4
XFMR-009576,2022-07-29 13:56:09.262847,WO-005364,preventive,5,4
XFMR-005187,2018-04-08 13:56:09.262868,WO-005365,preventive,4,3
XFMR-003351,2025-01-14 13:56:09.262888,WO-005366,routine,4,3
XFMR-003351,2017-07-14 13:56:09.262899,WO-005367,preventive,4,3
XFMR-007469,2018-07-23 13:56:09.262918,WO-005368,preventive,2,3
XFMR-007469,2021-03-25 13:56:09.262931,WO-005369,routine,2,3
XFMR-007469,2022-09-20 13:56:09.262942,WO-005370,preventive,4,3
XFMR-019456,2016-08-22 13:56:09.262968,WO-005371,routine,1,2
XFMR-019456,2017-12-07 13:56:09.262980,WO-005372,preventive,2,2
XFMR-019456,2024-08-22 13:56:09.262992,WO-005373,routine,2,2
XFMR-016178,2022-10-17 13:56:09.263018,WO-005374,routine,3,3
XFMR-016178,2022-10-06 13:56:09.263030,WO-005375,emergency,3,3
XFMR-016178,2021-06-06 13:56:09.263044,WO-005376,routine,3,3
XFMR-010614,2018-07-04 13:56:09.263068,WO-005377,routine,1,2
XFMR-010614,2017-12-29 13:56:09.263083,WO-005378,routine,1,2
XFMR-010614,2023-01-02 13:56:09.263097,WO-005379,routine,1,2
XFMR-008483,2018-02-21 13:56:09.263120,WO-005380,routine,4,3
XFMR-008483,2022-08-17 13:56:09.263135,WO-005381,routine,4,3
XFMR-008483,2017-09-09 13:56:09.263147,WO-005382,routine,2,3
XFMR-007841,2025-03-26 13:56:09.263172,WO-005383,preventive,3,2
XFMR-007841,2016-08-08 13:56:09.263186,WO-005384,preventive,1,2
XFMR-015066,2019-07-19 13:56:09.263213,WO-005385,routine,4,3
XFMR-015066,2019-11-06 13:56:09.263226,WO-005386,routine,2,3
XFMR-001744,2019-10-03 13:56:09.263248,WO-005387,routine,2,2
XFMR-012930,2019-04-10 13:56:09.263270,WO-005388,routine,2,2
XFMR-012930,2020-04-11 13:56:09.263281,WO-005389,routine,1,2
XFMR-012930,2024-07-07 13:56:09.263291,WO-005390,routine,3,2
XFMR-008165,2022-10-16 13:56:09.263311,WO-005391,routine,4,4
XFMR-008165,2018-10-03 13:56:09.263321,WO-005392,routine,5,4
XFMR-008165,2018-07-13 13:56:09.263331,WO-005393,routine,4,4
XFMR-013988,2022-04-25 13:56:09.263353,WO-005394,routine,1,2
XFMR-008526,2016-10-10 13:56:09.263374,WO-005395,routine,1,2
XFMR-008526,2018-08-01 13:56:09.263385,WO-005396,emergency,2,2
XFMR-016073,2025-10-25 13:56:09.263405,WO-005397,routine,4,5
XFMR-016073,2019-07-19 13:56:09.263416,WO-005398,routine,5,5
XFMR-019989,2016-06-24 13:56:09.263435,WO-005399,emergency,1,1
XFMR-019989,2022-05-08 13:56:09.263446,WO-005400,routine,1,1
XFMR-019989,2021-08-16 13:56:09.263456,WO-005401,routine,2,1
XFMR-009962,2023-08-31 13:56:09.263477,WO-005402,preventive,1,2
XFMR-003534,2016-09-13 13:56:09.263498,WO-005403,routine,2,2
XFMR-002313,2020-09-24 13:56:09.263518,WO-005404,routine,3,4
XFMR-002313,2016-11-29 13:56:09.263529,WO-005405,routine,4,4
XFMR-002313,2020-03-25 13:56:09.263539,WO-005406,preventive,5,4
XFMR-012545,2025-08-20 13:56:09.263559,WO-005407,emergency,5,4
XFMR-014616,2018-09-08 13:56:09.263579,WO-005408,preventive,1,2
XFMR-014616,2019-10-15 13:56:09.263590,WO-005409,emergency,1,2
XFMR-014616,2017-07-12 13:56:09.263604,WO-005410,emergency,1,2
XFMR-015848,2025-07-26 13:56:09.263625,WO-005411,routine,5,5
XFMR-015848,2021-03-07 13:56:09.263636,WO-005412,routine,5,5
XFMR-017147,2017-08-10 13:56:09.263656,WO-005413,routine,5,5
XFMR-018008,2022-02-02 13:56:09.263676,WO-005414,routine,2,3
XFMR-018008,2020-07-24 13:56:09.263687,WO-005415,preventive,4,3
XFMR-007160,2025-09-07 13:56:09.263707,WO-005416,preventive,2,2
XFMR-007160,2020-04-25 13:56:09.263718,WO-005417,routine,2,2
XFMR-007160,2021-04-16 13:56:09.263727,WO-005418,routine,2,2
XFMR-008381,2019-04-08 13:56:09.263747,WO-005419,preventive,4,3
XFMR-019861,2026-01-17 13:56:09.263773,WO-005420,routine,4,4
XFMR-019861,2024-06-30 13:56:09.263784,WO-005421,routine,5,4
XFMR-018800,2019-01-10 13:56:09.263804,WO-005422,routine,5,5
XFMR-020007,2026-01-02 13:56:09.263824,WO-005423,routine,5,5
XFMR-020007,2023-03-31 13:56:09.263835,WO-005424,routine,4,5
XFMR-011569,2017-03-11 13:56:09.263855,WO-005425,routine,1,1
XFMR-020681,2024-02-27 13:56:09.263875,WO-005426,routine,4,3
XFMR-020022,2020-02-15 13:56:09.263895,WO-005427,routine,5,4
XFMR-012979,2018-05-28 13:56:09.263916,WO-005428,routine,4,3
XFMR-012979,2018-08-19 13:56:09.263928,WO-005429,routine,2,3
XFMR-012979,2023-12-30 13:56:09.263941,WO-005430,routine,4,3
XFMR-020660,2022-10-20 13:56:09.263972,WO-005431,routine,2,3
XFMR-020660,2021-07-18 13:56:09.263984,WO-005432,routine,4,3
XFMR-020660,2025-01-22 13:56:09.263998,WO-005433,routine,2,3
XFMR-004601,2020-07-27 13:56:09.264025,WO-005434,routine,3,2
XFMR-001645,2022-11-30 13:56:09.264053,WO-005435,emergency,1,1
XFMR-001645,2025-02-02 13:56:09.264068,WO-005436,routine,1,1
XFMR-006947,2025-07-04 13:56:09.264092,WO-005437,preventive,3,2
XFMR-006947,2025-10-07 13:56:09.264107,WO-005438,routine,2,2
XFMR-014403,2016-08-29 13:56:09.264131,WO-005439,routine,1,1
XFMR-014403,2019-05-21 13:56:09.264142,WO-005440,routine,2,1
XFMR-014403,2024-07-17 13:56:09.264153,WO-005441,routine,2,1
XFMR-020223,2025-01-31 13:56:09.264175,WO-005442,routine,4,3
XFMR-020223,2018-10-05 13:56:09.264186,WO-005443,routine,3,3
XFMR-019999,2023-11-10 13:56:09.264205,WO-005444,routine,1,2
XFMR-019999,2025-07-25 13:56:09.264216,WO-005445,emergency,1,2
XFMR-000104,2017-10-27 13:56:09.264237,WO-005446,routine,4,3
XFMR-010842,2019-05-28 13:56:09.264260,WO-005447,routine,4,4
XFMR-010842,2020-05-04 13:56:09.264271,WO-005448,routine,3,4
XFMR-010842,2025-01-03 13:56:09.264284,WO-005449,routine,5,4
XFMR-017141,2017-06-10 13:56:09.264311,WO-005450,routine,3,2
XFMR-017141,2022-07-07 13:56:09.264326,WO-005451,routine,2,2
XFMR-017141,2025-07-13 13:56:09.264340,WO-005452,routine,3,2
XFMR-014593,2018-07-26 13:56:09.264362,WO-005453,routine,3,4
XFMR-014593,2016-08-17 13:56:09.264373,WO-005454,routine,5,4
XFMR-010157,2016-03-27 13:56:09.264393,WO-005455,routine,3,3
XFMR-010157,2016-06-12 13:56:09.264403,WO-005456,routine,2,3
XFMR-012263,2018-07-09 13:56:09.264423,WO-005457,emergency,3,2
XFMR-007306,2020-03-25 13:56:09.264443,WO-005458,emergency,4,3
XFMR-007306,2023-11-05 13:56:09.264454,WO-005459,emergency,3,3
XFMR-007306,2020-08-16 13:56:09.264464,WO-005460,routine,4,3
XFMR-003510,2024-02-04 13:56:09.264483,WO-005461,preventive,4,3
XFMR-005941,2020-02-27 13:56:09.264504,WO-005462,routine,2,2
XFMR-005941,2021-10-14 13:56:09.264514,WO-005463,routine,3,2
XFMR-005941,2022-04-11 13:56:09.264524,WO-005464,preventive,3,2
XFMR-007110,2020-04-30 13:56:09.264544,WO-005465,routine,3,2
XFMR-007458,2017-06-22 13:56:09.264564,WO-005466,routine,3,3
XFMR-019692,2021-11-02 13:56:09.264585,WO-005467,routine,3,3
XFMR-018951,2020-11-03 13:56:09.264605,WO-005468,routine,5,5
XFMR-018951,2018-09-16 13:56:09.264616,WO-005469,preventive,5,5
XFMR-018951,2025-06-19 13:56:09.264625,WO-005470,routine,5,5
XFMR-003972,2020-10-19 13:56:09.264645,WO-005471,preventive,4,4
XFMR-003972,2017-12-01 13:56:09.264656,WO-005472,routine,5,4
XFMR-002905,2019-05-27 13:56:09.264675,WO-005473,routine,4,5
XFMR-002905,2019-08-22 13:56:09.264686,WO-005474,preventive,4,5
XFMR-002905,2016-04-18 13:56:09.264695,WO-005475,routine,5,5
XFMR-017616,2017-09-30 13:56:09.264715,WO-005476,preventive,3,2
XFMR-017616,2021-09-10 13:56:09.264726,WO-005477,routine,3,2
XFMR-012929,2025-07-24 13:56:09.264745,WO-005478,emergency,2,3
XFMR-012929,2019-09-20 13:56:09.264756,WO-005479,routine,2,3
XFMR-012929,2020-07-12 13:56:09.264774,WO-005480,routine,4,3
XFMR-019778,2019-01-30 13:56:09.264794,WO-005481,routine,3,2
XFMR-019778,2023-10-07 13:56:09.264804,WO-005482,routine,1,2
XFMR-020480,2019-02-08 13:56:09.264824,WO-005483,routine,4,5
XFMR-020480,2018-07-16 13:56:09.264835,WO-005484,routine,5,5
XFMR-020480,2025-10-20 13:56:09.264844,WO-005485,preventive,5,5
XFMR-010954,2023-07-28 13:56:09.264864,WO-005486,routine,3,3
XFMR-010954,2016-04-19 13:56:09.264875,WO-005487,routine,2,3
XFMR-010954,2016-05-30 13:56:09.264885,WO-005488,routine,3,3
XFMR-018498,2022-02-11 13:56:09.264904,WO-005489,routine,2,2
XFMR-018498,2018-02-01 13:56:09.264915,WO-005490,routine,1,2
XFMR-012364,2019-10-08 13:56:09.264937,WO-005491,routine,3,3
XFMR-012762,2022-03-24 13:56:09.264963,WO-005492,preventive,1,2
XFMR-013206,2018-01-29 13:56:09.264986,WO-005493,routine,5,4
XFMR-013206,2024-09-05 13:56:09.265000,WO-005494,preventive,5,4
XFMR-005208,2018-06-08 13:56:09.265027,WO-005495,routine,4,3
XFMR-005208,2018-02-10 13:56:09.265042,WO-005496,emergency,3,3
XFMR-011662,2024-08-29 13:56:09.265069,WO-005497,routine,3,4
XFMR-011662,2023-04-03 13:56:09.265084,WO-005498,routine,3,4
XFMR-011662,2016-06-28 13:56:09.265098,WO-005499,routine,4,4
XFMR-005164,2022-05-10 13:56:09.265122,WO-005500,preventive,3,4
XFMR-021154,2022-09-03 13:56:09.265150,WO-005501,routine,5,4
XFMR-021154,2024-11-29 13:56:09.265162,WO-005502,routine,4,4
XFMR-006243,2016-09-15 13:56:09.265184,WO-005503,routine,2,3
XFMR-006243,2025-07-14 13:56:09.265196,WO-005504,preventive,3,3
XFMR-006243,2023-09-26 13:56:09.265206,WO-005505,preventive,2,3
XFMR-017640,2016-07-15 13:56:09.265225,WO-005506,routine,4,3
XFMR-015264,2021-06-18 13:56:09.265246,WO-005507,preventive,4,3
XFMR-000058,2024-07-14 13:56:09.265268,WO-005508,routine,5,4
XFMR-000058,2016-10-06 13:56:09.265279,WO-005509,routine,5,4
XFMR-000058,2018-04-12 13:56:09.265291,WO-005510,routine,5,4
XFMR-014698,2021-03-05 13:56:09.265311,WO-005511,routine,3,4
XFMR-014698,2024-01-20 13:56:09.265322,WO-005512,preventive,5,4
XFMR-014698,2016-05-05 13:56:09.265332,WO-005513,routine,4,4
XFMR-016936,2021-12-13 13:56:09.265352,WO-005514,emergency,3,2
XFMR-016936,2025-08-05 13:56:09.265362,WO-005515,routine,1,2
XFMR-017953,2024-10-19 13:56:09.265382,WO-005516,routine,4,3
XFMR-018790,2025-01-18 13:56:09.265402,WO-005517,preventive,3,2
XFMR-018790,2017-06-13 13:56:09.265413,WO-005518,routine,3,2
XFMR-018790,2017-12-02 13:56:09.265422,WO-005519,preventive,3,2
XFMR-017398,2021-10-06 13:56:09.265442,WO-005520,routine,2,3
XFMR-017398,2023-05-19 13:56:09.265452,WO-005521,routine,2,3
XFMR-013632,2019-11-17 13:56:09.265472,WO-005522,routine,3,3
XFMR-013632,2018-09-10 13:56:09.265483,WO-005523,routine,4,3
XFMR-021120,2025-02-04 13:56:09.265502,WO-005524,routine,2,2
XFMR-021120,2022-11-19 13:56:09.265513,WO-005525,routine,1,2
XFMR-021120,2024-04-24 13:56:09.265523,WO-005526,routine,2,2
XFMR-011312,2022-03-13 13:56:09.265542,WO-005527,routine,5,5
XFMR-012367,2024-02-11 13:56:09.265567,WO-005528,routine,2,2
XFMR-012367,2024-04-28 13:56:09.265578,WO-005529,routine,1,2
XFMR-012367,2024-02-03 13:56:09.265588,WO-005530,routine,2,2
XFMR-017656,2021-08-27 13:56:09.265607,WO-005531,preventive,3,3
XFMR-020445,2021-11-21 13:56:09.265628,WO-005532,routine,4,5
XFMR-018322,2017-01-29 13:56:09.265648,WO-005533,preventive,5,4
XFMR-018322,2023-11-02 13:56:09.265659,WO-005534,routine,4,4
XFMR-018322,2024-07-17 13:56:09.265669,WO-005535,routine,4,4
XFMR-014916,2022-11-27 13:56:09.265688,WO-005536,routine,1,2
XFMR-014916,2019-06-11 13:56:09.265699,WO-005537,routine,2,2
XFMR-014220,2025-04-06 13:56:09.265719,WO-005538,routine,5,4
XFMR-006507,2016-07-25 13:56:09.265739,WO-005539,emergency,1,2
XFMR-002302,2023-08-20 13:56:09.265759,WO-005540,routine,5,5
XFMR-002302,2021-10-02 13:56:09.265777,WO-005541,emergency,5,5
XFMR-013770,2019-06-20 13:56:09.265797,WO-005542,routine,2,1
XFMR-013770,2019-08-15 13:56:09.265808,WO-005543,emergency,2,1
XFMR-013770,2016-08-06 13:56:09.265818,WO-005544,emergency,1,1
XFMR-010399,2024-12-23 13:56:09.265837,WO-005545,routine,3,4
XFMR-005333,2020-10-10 13:56:09.265858,WO-005546,routine,1,1
XFMR-008479,2023-05-13 13:56:09.265878,WO-005547,emergency,3,3
XFMR-008479,2019-02-14 13:56:09.265889,WO-005548,routine,2,3
XFMR-008479,2025-02-14 13:56:09.265899,WO-005549,routine,4,3
XFMR-011763,2020-05-20 13:56:09.265919,WO-005550,preventive,3,2
XFMR-011763,2024-10-28 13:56:09.265931,WO-005551,routine,1,2
XFMR-011763,2024-02-18 13:56:09.265943,WO-005552,preventive,3,2
XFMR-000380,2016-03-15 13:56:09.265970,WO-005553,preventive,2,3
XFMR-000380,2017-06-23 13:56:09.265984,WO-005554,routine,4,3
XFMR-000380,2017-04-08 13:56:09.265994,WO-005555,routine,4,3
XFMR-003109,2019-03-23 13:56:09.266021,WO-005556,routine,3,2
XFMR-003109,2019-08-19 13:56:09.266036,WO-005557,preventive,1,2
XFMR-015963,2021-12-31 13:56:09.266062,WO-005558,routine,2,2
XFMR-015963,2025-06-02 13:56:09.266073,WO-005559,emergency,1,2
XFMR-008918,2025-04-24 13:56:09.266095,WO-005560,preventive,4,3
XFMR-008918,2025-04-09 13:56:09.266109,WO-005561,emergency,2,3
XFMR-012655,2019-02-26 13:56:09.266135,WO-005562,routine,2,2
XFMR-012655,2016-07-05 13:56:09.266149,WO-005563,routine,2,2
XFMR-008511,2024-03-11 13:56:09.266174,WO-005564,preventive,3,2
XFMR-013477,2024-02-04 13:56:09.266199,WO-005565,preventive,1,2
XFMR-018123,2024-11-21 13:56:09.266219,WO-005566,routine,4,3
XFMR-018123,2016-03-14 13:56:09.266230,WO-005567,emergency,2,3
XFMR-018123,2022-10-07 13:56:09.266240,WO-005568,routine,4,3
XFMR-015474,2018-05-13 13:56:09.266259,WO-005569,routine,1,1
XFMR-015474,2025-03-20 13:56:09.266273,WO-005570,routine,1,1
XFMR-002865,2024-11-23 13:56:09.266300,WO-005571,routine,3,3
XFMR-002865,2024-01-02 13:56:09.266315,WO-005572,routine,2,3
XFMR-002865,2019-04-02 13:56:09.266326,WO-005573,routine,3,3
XFMR-000928,2023-02-22 13:56:09.266346,WO-005574,routine,5,4
XFMR-000928,2025-07-18 13:56:09.266357,WO-005575,preventive,3,4
XFMR-019788,2025-12-16 13:56:09.266377,WO-005576,routine,2,2
XFMR-019417,2017-05-23 13:56:09.266397,WO-005577,routine,2,2
XFMR-016632,2017-02-16 13:56:09.266419,WO-005578,routine,2,3
XFMR-016632,2025-09-09 13:56:09.266430,WO-005579,routine,3,3
XFMR-016632,2018-06-02 13:56:09.266440,WO-005580,routine,2,3
XFMR-021084,2019-09-27 13:56:09.266460,WO-005581,preventive,4,5
XFMR-021084,2025-12-19 13:56:09.266470,WO-005582,routine,5,5
XFMR-003589,2026-01-23 13:56:09.266490,WO-005583,routine,2,3
XFMR-003589,2021-09-25 13:56:09.266500,WO-005584,routine,3,3
XFMR-003589,2021-04-19 13:56:09.266510,WO-005585,routine,2,3
XFMR-014588,2016-05-10 13:56:09.266530,WO-005586,routine,1,1
XFMR-014588,2020-02-16 13:56:09.266541,WO-005587,routine,1,1
XFMR-004348,2024-08-20 13:56:09.266565,WO-005588,routine,1,2
XFMR-004348,2021-04-26 13:56:09.266575,WO-005589,preventive,3,2
XFMR-003112,2026-01-08 13:56:09.266595,WO-005590,routine,3,4
XFMR-003112,2022-08-21 13:56:09.266606,WO-005591,routine,4,4
XFMR-003112,2019-09-11 13:56:09.266615,WO-005592,emergency,4,4
XFMR-000400,2025-10-18 13:56:09.266635,WO-005593,routine,3,3
XFMR-000400,2019-08-07 13:56:09.266645,WO-005594,emergency,4,3
XFMR-000400,2023-12-03 13:56:09.266655,WO-005595,emergency,3,3
XFMR-016108,2025-04-20 13:56:09.266675,WO-005596,routine,5,5
XFMR-015291,2020-06-17 13:56:09.266695,WO-005597,routine,1,2
XFMR-015291,2019-12-25 13:56:09.266706,WO-005598,preventive,1,2
XFMR-005294,2020-12-17 13:56:09.266726,WO-005599,routine,1,1
XFMR-002504,2022-09-20 13:56:09.266746,WO-005600,routine,4,5
XFMR-002504,2020-08-19 13:56:09.266757,WO-005601,preventive,5,5
XFMR-002504,2020-10-03 13:56:09.266774,WO-005602,routine,4,5
XFMR-018478,2017-12-09 13:56:09.266794,WO-005603,preventive,3,3
XFMR-018478,2024-06-27 13:56:09.266804,WO-005604,routine,3,3
XFMR-018478,2021-05-01 13:56:09.266815,WO-005605,preventive,4,3
XFMR-010120,2019-08-10 13:56:09.266834,WO-005606,emergency,3,2
XFMR-010120,2016-03-29 13:56:09.266845,WO-005607,preventive,1,2
XFMR-009587,2025-08-27 13:56:09.266864,WO-005608,routine,2,2
XFMR-009587,2016-12-07 13:56:09.266875,WO-005609,routine,3,2
XFMR-007790,2023-09-22 13:56:09.266895,WO-005610,routine,1,1
XFMR-007790,2019-08-04 13:56:09.266906,WO-005611,routine,1,1
XFMR-007790,2018-01-29 13:56:09.266915,WO-005612,preventive,2,1
XFMR-006706,2017-09-03 13:56:09.266938,WO-005613,routine,5,4
XFMR-006706,2018-01-26 13:56:09.266955,WO-005614,routine,5,4
XFMR-014433,2016-09-16 13:56:09.266978,WO-005615,routine,4,3
XFMR-015857,2017-01-20 13:56:09.267007,WO-005616,preventive,3,3
XFMR-013283,2021-03-22 13:56:09.267031,WO-005617,routine,2,2
XFMR-013283,2018-08-26 13:56:09.267043,WO-005618,routine,2,2
XFMR-013283,2017-08-13 13:56:09.267055,WO-005619,routine,3,2
XFMR-017129,2016-06-19 13:56:09.267082,WO-005620,routine,5,5
XFMR-017129,2020-10-19 13:56:09.267095,WO-005621,routine,5,5
XFMR-016001,2020-07-04 13:56:09.267122,WO-005622,routine,1,1
XFMR-005577,2020-04-22 13:56:09.267150,WO-005623,routine,2,2
XFMR-005577,2020-05-18 13:56:09.267162,WO-005624,routine,1,2
XFMR-005577,2019-08-07 13:56:09.267174,WO-005625,routine,1,2
XFMR-007572,2024-06-03 13:56:09.267194,WO-005626,routine,1,2
XFMR-007572,2025-08-23 13:56:09.267205,WO-005627,routine,2,2
XFMR-019601,2025-10-20 13:56:09.267224,WO-005628,routine,4,5
XFMR-002498,2022-12-08 13:56:09.267245,WO-005629,preventive,3,2
XFMR-002498,2024-01-18 13:56:09.267256,WO-005630,routine,1,2
XFMR-019924,2016-07-13 13:56:09.267277,WO-005631,routine,2,3
XFMR-019931,2022-07-02 13:56:09.267298,WO-005632,preventive,4,5
XFMR-013382,2016-06-28 13:56:09.267319,WO-005633,routine,1,1
XFMR-013382,2022-02-11 13:56:09.267329,WO-005634,routine,1,1
XFMR-013382,2021-08-30 13:56:09.267339,WO-005635,routine,2,1
XFMR-009543,2017-06-06 13:56:09.267359,WO-005636,emergency,3,2
XFMR-009543,2024-04-07 13:56:09.267370,WO-005637,routine,1,2
XFMR-009543,2023-12-31 13:56:09.267380,WO-005638,routine,2,2
XFMR-010499,2022-12-14 13:56:09.267399,WO-005639,routine,1,2
XFMR-010499,2023-11-01 13:56:09.267410,WO-005640,routine,2,2
XFMR-013591,2017-08-01 13:56:09.267429,WO-005641,routine,1,2
XFMR-015854,2021-04-30 13:56:09.267450,WO-005642,emergency,5,5
XFMR-006236,2019-08-24 13:56:09.267470,WO-005643,preventive,2,3
XFMR-004414,2023-03-22 13:56:09.267490,WO-005644,routine,5,4
XFMR-004414,2020-05-22 13:56:09.267501,WO-005645,routine,4,4
XFMR-004414,2016-07-03 13:56:09.267511,WO-005646,routine,3,4
XFMR-002617,2016-03-09 13:56:09.267530,WO-005647,routine,4,3
XFMR-002617,2016-04-23 13:56:09.267541,WO-005648,routine,4,3
XFMR-002617,2025-04-15 13:56:09.267551,WO-005649,routine,4,3
XFMR-000468,2024-10-23 13:56:09.267570,WO-005650,routine,1,2
XFMR-000468,2019-08-15 13:56:09.267581,WO-005651,preventive,2,2
XFMR-000468,2019-04-02 13:56:09.267590,WO-005652,routine,1,2
XFMR-021202,2019-04-07 13:56:09.267610,WO-005653,emergency,2,3
XFMR-021202,2020-02-09 13:56:09.267621,WO-005654,preventive,4,3
XFMR-010227,2017-06-24 13:56:09.267640,WO-005655,emergency,4,3
XFMR-010227,2025-01-11 13:56:09.267651,WO-005656,routine,4,3
XFMR-008892,2024-10-17 13:56:09.267675,WO-005657,routine,2,2
XFMR-012196,2022-10-28 13:56:09.267696,WO-005658,routine,1,2
XFMR-012196,2020-01-04 13:56:09.267707,WO-005659,routine,3,2
XFMR-011106,2017-12-07 13:56:09.267726,WO-005660,routine,2,1
XFMR-010495,2018-10-17 13:56:09.267747,WO-005661,preventive,3,3
XFMR-010495,2021-09-01 13:56:09.267757,WO-005662,routine,3,3
XFMR-019083,2016-03-08 13:56:09.267785,WO-005663,routine,3,2
XFMR-019083,2016-06-02 13:56:09.267795,WO-005664,routine,1,2
XFMR-019083,2016-09-04 13:56:09.267805,WO-005665,routine,3,2
XFMR-021051,2024-12-18 13:56:09.267827,WO-005666,routine,2,3
XFMR-006591,2019-03-29 13:56:09.267847,WO-005667,preventive,5,4
XFMR-006591,2017-08-28 13:56:09.267857,WO-005668,routine,4,4
XFMR-020240,2022-03-15 13:56:09.267877,WO-005669,routine,4,4
XFMR-011489,2025-03-22 13:56:09.267898,WO-005670,emergency,5,5
XFMR-011489,2023-01-19 13:56:09.267908,WO-005671,routine,5,5
XFMR-006099,2016-09-11 13:56:09.267930,WO-005672,routine,3,3
XFMR-019043,2021-03-22 13:56:09.267956,WO-005673,routine,1,1
XFMR-007285,2021-07-06 13:56:09.267979,WO-005674,routine,3,2
XFMR-007998,2018-12-23 13:56:09.268007,WO-005675,routine,3,2
XFMR-007998,2020-12-12 13:56:09.268022,WO-005676,routine,1,2
XFMR-007998,2025-01-05 13:56:09.268036,WO-005677,routine,3,2
XFMR-010128,2018-12-03 13:56:09.268063,WO-005678,preventive,1,2
XFMR-010128,2025-03-18 13:56:09.268078,WO-005679,routine,2,2
XFMR-010128,2023-03-07 13:56:09.268089,WO-005680,routine,1,2
XFMR-006199,2017-02-28 13:56:09.268113,WO-005681,preventive,4,3
XFMR-006199,2016-11-30 13:56:09.268126,WO-005682,routine,2,3
XFMR-016602,2017-05-24 13:56:09.268154,WO-005683,routine,4,3
XFMR-016602,2019-10-06 13:56:09.268169,WO-005684,preventive,3,3
XFMR-016602,2022-04-17 13:56:09.268181,WO-005685,routine,4,3
XFMR-013464,2020-11-20 13:56:09.268201,WO-005686,preventive,3,4
XFMR-019660,2017-02-25 13:56:09.268221,WO-005687,routine,3,3
XFMR-019660,2024-12-24 13:56:09.268232,WO-005688,routine,3,3
XFMR-018192,2025-08-08 13:56:09.268253,WO-005689,preventive,3,4
XFMR-018192,2018-06-14 13:56:09.268264,WO-005690,routine,5,4
XFMR-008342,2021-08-12 13:56:09.268287,WO-005691,routine,2,3
XFMR-009126,2021-10-05 13:56:09.268308,WO-005692,routine,2,3
XFMR-009126,2025-07-22 13:56:09.268319,WO-005693,routine,4,3
XFMR-009126,2024-04-16 13:56:09.268329,WO-005694,preventive,4,3
XFMR-007205,2022-08-30 13:56:09.268348,WO-005695,routine,3,3
XFMR-007205,2019-06-17 13:56:09.268359,WO-005696,routine,3,3
XFMR-007640,2018-05-22 13:56:09.268379,WO-005697,emergency,1,1
XFMR-008806,2024-07-25 13:56:09.268399,WO-005698,routine,1,2
XFMR-010057,2023-06-08 13:56:09.268419,WO-005699,preventive,4,5
XFMR-010057,2025-05-22 13:56:09.268430,WO-005700,routine,5,5
XFMR-010857,2019-12-12 13:56:09.268449,WO-005701,routine,4,4
XFMR-012125,2020-06-08 13:56:09.268469,WO-005702,emergency,1,2
XFMR-012125,2024-10-08 13:56:09.268480,WO-005703,routine,3,2
XFMR-012125,2019-07-11 13:56:09.268490,WO-005704,routine,3,2
XFMR-000004,2025-06-20 13:56:09.268509,WO-005705,routine,2,3
XFMR-007892,2021-02-07 13:56:09.268530,WO-005706,emergency,3,2
XFMR-007892,2019-02-03 13:56:09.268541,WO-005707,preventive,1,2
XFMR-002029,2017-07-30 13:56:09.268560,WO-005708,routine,3,2
XFMR-002029,2025-10-15 13:56:09.268571,WO-005709,routine,3,2
XFMR-008138,2019-04-19 13:56:09.268590,WO-005710,preventive,4,4
XFMR-008138,2016-08-03 13:56:09.268601,WO-005711,preventive,5,4
XFMR-006070,2018-02-08 13:56:09.268620,WO-005712,routine,2,2
XFMR-006070,2020-09-28 13:56:09.268631,WO-005713,preventive,1,2
XFMR-006070,2017-01-27 13:56:09.268641,WO-005714,preventive,2,2
XFMR-013094,2024-09-29 13:56:09.268660,WO-005715,routine,5,4
XFMR-020811,2022-07-01 13:56:09.268681,WO-005716,routine,3,3
XFMR-011757,2023-08-24 13:56:09.268701,WO-005717,routine,3,2
XFMR-011757,2024-01-18 13:56:09.268711,WO-005718,preventive,3,2
XFMR-011757,2023-05-07 13:56:09.268721,WO-005719,emergency,3,2
XFMR-001733,2018-08-03 13:56:09.268740,WO-005720,routine,4,3
XFMR-001733,2023-08-27 13:56:09.268751,WO-005721,routine,2,3
XFMR-015173,2022-02-03 13:56:09.268778,WO-005722,routine,5,5
XFMR-015173,2019-02-23 13:56:09.268789,WO-005723,preventive,5,5
XFMR-015173,2021-10-13 13:56:09.268799,WO-005724,routine,4,5
XFMR-016098,2020-09-05 13:56:09.268818,WO-005725,routine,3,2
XFMR-002393,2022-06-19 13:56:09.268839,WO-005726,emergency,2,3
XFMR-002393,2016-04-24 13:56:09.268849,WO-005727,routine,2,3
XFMR-015313,2021-04-27 13:56:09.268869,WO-005728,routine,2,1
XFMR-015313,2023-05-17 13:56:09.268879,WO-005729,routine,1,1
XFMR-020679,2023-11-14 13:56:09.268899,WO-005730,routine,3,3
XFMR-003624,2017-03-08 13:56:09.268922,WO-005731,routine,2,2
XFMR-003624,2026-01-30 13:56:09.268933,WO-005732,routine,1,2
XFMR-003624,2025-02-24 13:56:09.268948,WO-005733,routine,1,2
XFMR-004105,2017-03-21 13:56:09.268971,WO-005734,routine,1,1
XFMR-004105,2021-08-26 13:56:09.268984,WO-005735,preventive,1,1
XFMR-018229,2024-08-10 13:56:09.269010,WO-005736,routine,2,3
XFMR-018229,2017-07-05 13:56:09.269022,WO-005737,routine,4,3
XFMR-018229,2022-01-08 13:56:09.269033,WO-005738,routine,3,3
XFMR-020190,2022-08-27 13:56:09.269057,WO-005739,preventive,1,1
XFMR-020190,2023-03-28 13:56:09.269072,WO-005740,routine,2,1
XFMR-020190,2025-11-14 13:56:09.269083,WO-005741,routine,1,1
XFMR-004557,2022-12-19 13:56:09.269109,WO-005742,routine,3,2
XFMR-020882,2025-06-23 13:56:09.269134,WO-005743,routine,1,2
XFMR-020882,2025-06-22 13:56:09.269146,WO-005744,routine,3,2
XFMR-020882,2017-05-21 13:56:09.269157,WO-005745,routine,1,2
XFMR-010990,2025-09-28 13:56:09.269177,WO-005746,routine,4,3
XFMR-010990,2018-08-11 13:56:09.269188,WO-005747,preventive,4,3
XFMR-010990,2021-08-06 13:56:09.269198,WO-005748,preventive,3,3
XFMR-013580,2021-05-01 13:56:09.269218,WO-005749,preventive,1,2
XFMR-021314,2020-02-06 13:56:09.269240,WO-005750,preventive,2,3
XFMR-021314,2017-02-18 13:56:09.269251,WO-005751,emergency,2,3
XFMR-021314,2018-08-08 13:56:09.269262,WO-005752,emergency,3,3
XFMR-006069,2023-10-07 13:56:09.269284,WO-005753,emergency,2,2
XFMR-006069,2023-10-12 13:56:09.269295,WO-005754,preventive,3,2
XFMR-006069,2017-08-29 13:56:09.269305,WO-005755,preventive,3,2
XFMR-016190,2016-09-02 13:56:09.269325,WO-005756,preventive,4,5
XFMR-016190,2019-01-06 13:56:09.269335,WO-005757,routine,4,5
XFMR-016190,2016-11-29 13:56:09.269345,WO-005758,routine,5,5
XFMR-011533,2022-08-20 13:56:09.269365,WO-005759,emergency,2,3
XFMR-011533,2020-05-13 13:56:09.269377,WO-005760,routine,2,3
XFMR-011533,2018-08-13 13:56:09.269387,WO-005761,routine,3,3
XFMR-000043,2023-07-27 13:56:09.269407,WO-005762,routine,1,2
XFMR-000043,2020-02-16 13:56:09.269417,WO-005763,emergency,1,2
XFMR-000043,2022-11-24 13:56:09.269427,WO-005764,preventive,1,2
XFMR-007519,2016-07-05 13:56:09.269447,WO-005765,routine,4,4
XFMR-007519,2024-04-30 13:56:09.269458,WO-005766,preventive,5,4
XFMR-018019,2020-04-03 13:56:09.269477,WO-005767,routine,1,2
XFMR-018019,2024-05-07 13:56:09.269488,WO-005768,routine,2,2
XFMR-018095,2017-07-17 13:56:09.269507,WO-005769,routine,3,2
XFMR-005785,2021-02-05 13:56:09.269527,WO-005770,routine,3,3
XFMR-000796,2022-09-21 13:56:09.269548,WO-005771,routine,1,2
XFMR-017441,2017-10-22 13:56:09.269568,WO-005772,routine,3,2
XFMR-000397,2024-08-18 13:56:09.269588,WO-005773,routine,3,4
XFMR-000397,2021-04-17 13:56:09.269599,WO-005774,preventive,5,4
XFMR-008026,2017-11-03 13:56:09.269618,WO-005775,routine,3,2
XFMR-005438,2017-01-08 13:56:09.269639,WO-005776,preventive,1,2
XFMR-020485,2021-04-05 13:56:09.269659,WO-005777,routine,4,3
XFMR-020485,2018-12-17 13:56:09.269669,WO-005778,routine,4,3
XFMR-020485,2021-11-15 13:56:09.269679,WO-005779,routine,4,3
XFMR-015981,2021-10-12 13:56:09.269699,WO-005780,routine,5,5
XFMR-015981,2021-05-01 13:56:09.269710,WO-005781,routine,4,5
XFMR-016686,2018-07-10 13:56:09.269730,WO-005782,routine,5,5
XFMR-016686,2023-05-29 13:56:09.269740,WO-005783,preventive,4,5
XFMR-007909,2024-05-16 13:56:09.269770,WO-005784,routine,1,2
XFMR-007909,2018-03-13 13:56:09.269781,WO-005785,routine,3,2
XFMR-007909,2018-06-30 13:56:09.269791,WO-005786,preventive,2,2
XFMR-015083,2019-05-30 13:56:09.269810,WO-005787,emergency,3,2
XFMR-015083,2017-05-02 13:56:09.269821,WO-005788,preventive,1,2
XFMR-004575,2024-02-26 13:56:09.269840,WO-005789,preventive,3,3
XFMR-016896,2023-01-24 13:56:09.269861,WO-005790,routine,5,4
XFMR-016896,2017-08-06 13:56:09.269871,WO-005791,preventive,5,4
XFMR-016896,2017-03-01 13:56:09.269881,WO-005792,routine,3,4
XFMR-008378,2021-02-15 13:56:09.269901,WO-005793,preventive,5,5
XFMR-008378,2024-02-26 13:56:09.269911,WO-005794,routine,5,5
XFMR-008351,2016-03-20 13:56:09.269934,WO-005795,routine,1,2
XFMR-008351,2022-07-29 13:56:09.269949,WO-005796,routine,2,2
XFMR-008351,2019-03-12 13:56:09.269961,WO-005797,routine,3,2
XFMR-004166,2017-03-07 13:56:09.269984,WO-005798,preventive,4,5
XFMR-004166,2024-03-03 13:56:09.269999,WO-005799,emergency,5,5
XFMR-004283,2023-12-14 13:56:09.270026,WO-005800,routine,2,3
XFMR-004283,2019-09-12 13:56:09.270038,WO-005801,routine,4,3
XFMR-003278,2022-01-09 13:56:09.270061,WO-005802,routine,4,3
XFMR-003278,2022-06-27 13:56:09.270075,WO-005803,routine,3,3
XFMR-000408,2020-05-29 13:56:09.270099,WO-005804,routine,3,4
XFMR-000408,2019-05-20 13:56:09.270113,WO-005805,routine,3,4
XFMR-000408,2021-01-24 13:56:09.270126,WO-005806,routine,4,4
XFMR-007354,2026-01-15 13:56:09.270154,WO-005807,routine,1,2
XFMR-007354,2024-10-26 13:56:09.270166,WO-005808,routine,1,2
XFMR-007354,2022-10-07 13:56:09.270176,WO-005809,routine,2,2
XFMR-000047,2025-08-24 13:56:09.270196,WO-005810,routine,4,3
XFMR-021361,2017-06-25 13:56:09.270218,WO-005811,emergency,2,2
XFMR-021361,2016-11-01 13:56:09.270229,WO-005812,preventive,1,2
XFMR-021361,2016-12-19 13:56:09.270240,WO-005813,emergency,3,2
XFMR-014931,2021-03-09 13:56:09.270267,WO-005814,routine,3,4
XFMR-014931,2019-12-09 13:56:09.270282,WO-005815,routine,4,4
XFMR-014931,2021-09-13 13:56:09.270295,WO-005816,routine,3,4
XFMR-007048,2016-05-25 13:56:09.270323,WO-005817,routine,3,2
XFMR-007048,2018-09-11 13:56:09.270335,WO-005818,routine,3,2
XFMR-011729,2021-12-12 13:56:09.270355,WO-005819,routine,1,2
XFMR-011729,2022-12-18 13:56:09.270373,WO-005820,preventive,1,2
XFMR-011729,2021-07-24 13:56:09.270383,WO-005821,routine,2,2
XFMR-004323,2019-07-11 13:56:09.270412,WO-005822,routine,4,5
XFMR-004323,2025-05-24 13:56:09.270424,WO-005823,preventive,4,5
XFMR-004323,2026-01-05 13:56:09.270438,WO-005824,routine,4,5
XFMR-005688,2024-06-11 13:56:09.270464,WO-005825,routine,5,5
XFMR-005688,2023-02-07 13:56:09.270474,WO-005826,routine,5,5
XFMR-014462,2023-10-26 13:56:09.270494,WO-005827,routine,5,4
XFMR-014462,2022-06-26 13:56:09.270504,WO-005828,routine,5,4
XFMR-014462,2026-01-15 13:56:09.270514,WO-005829,routine,3,4
XFMR-019178,2025-06-29 13:56:09.270534,WO-005830,emergency,4,3
XFMR-019178,2019-10-11 13:56:09.270544,WO-005831,preventive,4,3
XFMR-019178,2019-08-24 13:56:09.270554,WO-005832,emergency,2,3
XFMR-016819,2017-08-31 13:56:09.270574,WO-005833,routine,4,4
XFMR-020807,2025-07-01 13:56:09.270595,WO-005834,routine,3,3
XFMR-020807,2024-01-12 13:56:09.270606,WO-005835,routine,4,3
XFMR-020058,2021-06-30 13:56:09.270625,WO-005836,preventive,2,2
XFMR-003255,2022-01-12 13:56:09.270645,WO-005837,routine,4,3
XFMR-021242,2024-09-08 13:56:09.270666,WO-005838,routine,4,3
XFMR-021242,2021-12-24 13:56:09.270676,WO-005839,emergency,4,3
XFMR-021242,2024-11-11 13:56:09.270686,WO-005840,routine,2,3
XFMR-018759,2025-11-01 13:56:09.270706,WO-005841,routine,5,4
XFMR-018759,2019-03-15 13:56:09.270717,WO-005842,routine,5,4
XFMR-018759,2017-07-24 13:56:09.270727,WO-005843,routine,5,4
XFMR-010035,2026-01-11 13:56:09.270746,WO-005844,routine,5,5
XFMR-010035,2022-02-23 13:56:09.270757,WO-005845,routine,5,5
XFMR-007650,2025-07-29 13:56:09.270785,WO-005846,routine,1,2
XFMR-007650,2025-02-17 13:56:09.270795,WO-005847,routine,1,2
XFMR-007650,2017-08-16 13:56:09.270805,WO-005848,routine,2,2
XFMR-010435,2022-09-19 13:56:09.270825,WO-005849,preventive,4,5
XFMR-010435,2023-09-28 13:56:09.270835,WO-005850,routine,5,5
XFMR-010435,2021-05-27 13:56:09.270845,WO-005851,routine,5,5
XFMR-018725,2020-05-10 13:56:09.270865,WO-005852,routine,3,2
XFMR-017107,2018-03-30 13:56:09.270885,WO-005853,routine,2,3
XFMR-017107,2016-07-09 13:56:09.270896,WO-005854,routine,4,3
XFMR-017107,2019-07-28 13:56:09.270906,WO-005855,routine,3,3
XFMR-014354,2018-08-29 13:56:09.270927,WO-005856,routine,3,3
XFMR-014354,2025-12-20 13:56:09.270939,WO-005857,routine,4,3
XFMR-018409,2017-09-26 13:56:09.270965,WO-005858,routine,3,3
XFMR-018409,2019-07-21 13:56:09.270977,WO-005859,routine,4,3
XFMR-018409,2017-05-21 13:56:09.270990,WO-005860,routine,3,3
XFMR-013935,2024-01-07 13:56:09.271016,WO-005861,emergency,1,2
XFMR-013935,2020-01-05 13:56:09.271028,WO-005862,routine,3,2
XFMR-013935,2022-03-13 13:56:09.271039,WO-005863,routine,1,2
XFMR-003129,2017-12-17 13:56:09.271063,WO-005864,emergency,3,4
XFMR-003129,2022-01-05 13:56:09.271077,WO-005865,preventive,5,4
XFMR-003129,2016-03-17 13:56:09.271090,WO-005866,routine,3,4
XFMR-002486,2024-06-21 13:56:09.271115,WO-005867,emergency,5,5
XFMR-019657,2024-08-03 13:56:09.271139,WO-005868,emergency,3,4
XFMR-019657,2023-09-11 13:56:09.271150,WO-005869,routine,3,4
XFMR-007885,2018-08-12 13:56:09.271172,WO-005870,emergency,2,3
XFMR-007885,2018-02-06 13:56:09.271182,WO-005871,routine,2,3
XFMR-020903,2023-06-16 13:56:09.271202,WO-005872,routine,5,5
XFMR-020903,2025-03-29 13:56:09.271212,WO-005873,routine,5,5
XFMR-020903,2025-01-30 13:56:09.271222,WO-005874,emergency,5,5
XFMR-015962,2022-08-27 13:56:09.271243,WO-005875,routine,3,4
XFMR-015962,2021-09-27 13:56:09.271254,WO-005876,routine,5,4
XFMR-015962,2019-09-02 13:56:09.271265,WO-005877,routine,4,4
XFMR-016432,2017-06-09 13:56:09.271286,WO-005878,routine,1,1
XFMR-019445,2025-06-19 13:56:09.271307,WO-005879,emergency,3,3
XFMR-019445,2023-05-25 13:56:09.271318,WO-005880,preventive,3,3
XFMR-016249,2024-07-21 13:56:09.271337,WO-005881,routine,2,2
XFMR-002484,2025-01-30 13:56:09.271358,WO-005882,routine,3,2
XFMR-002484,2016-10-12 13:56:09.271368,WO-005883,preventive,2,2
XFMR-002484,2016-06-29 13:56:09.271378,WO-005884,routine,2,2
XFMR-005550,2019-12-04 13:56:09.271398,WO-005885,preventive,1,1
XFMR-003074,2024-03-19 13:56:09.271418,WO-005886,routine,3,4
XFMR-003074,2016-08-16 13:56:09.271429,WO-005887,routine,3,4
XFMR-006174,2022-04-29 13:56:09.271448,WO-005888,routine,1,2
XFMR-006174,2025-11-02 13:56:09.271459,WO-005889,preventive,2,2
XFMR-006174,2021-12-08 13:56:09.271469,WO-005890,routine,1,2
XFMR-012926,2019-04-19 13:56:09.271489,WO-005891,emergency,4,4
XFMR-012926,2021-09-10 13:56:09.271499,WO-005892,routine,4,4
XFMR-012926,2018-01-24 13:56:09.271509,WO-005893,routine,4,4
XFMR-020368,2021-11-23 13:56:09.271528,WO-005894,preventive,5,5
XFMR-009623,2021-12-31 13:56:09.271549,WO-005895,routine,2,3
XFMR-009623,2021-01-21 13:56:09.271559,WO-005896,routine,4,3
XFMR-009623,2017-11-25 13:56:09.271569,WO-005897,preventive,3,3
XFMR-003911,2020-05-25 13:56:09.271589,WO-005898,preventive,1,1
XFMR-003911,2020-11-15 13:56:09.271600,WO-005899,emergency,1,1
XFMR-003911,2018-01-09 13:56:09.271614,WO-005900,routine,1,1
XFMR-006799,2023-11-28 13:56:09.271634,WO-005901,routine,2,3
XFMR-021501,2021-02-13 13:56:09.271654,WO-005902,routine,2,3
XFMR-021501,2020-01-22 13:56:09.271665,WO-005903,routine,2,3
XFMR-014737,2019-12-30 13:56:09.271684,WO-005904,routine,3,4
XFMR-002320,2017-06-30 13:56:09.271705,WO-005905,routine,4,3
XFMR-010282,2018-05-11 13:56:09.271725,WO-005906,routine,4,4
XFMR-010282,2025-03-11 13:56:09.271735,WO-005907,routine,4,4
XFMR-010805,2024-06-16 13:56:09.271755,WO-005908,preventive,4,3
XFMR-010805,2022-12-23 13:56:09.271771,WO-005909,routine,2,3
XFMR-008823,2016-08-03 13:56:09.271790,WO-005910,routine,2,2
XFMR-000585,2021-01-23 13:56:09.271813,WO-005911,routine,3,3
XFMR-000585,2019-05-02 13:56:09.271824,WO-005912,preventive,4,3
XFMR-004642,2020-12-15 13:56:09.271843,WO-005913,routine,2,1
XFMR-005803,2025-01-26 13:56:09.271864,WO-005914,preventive,3,2
XFMR-015232,2026-01-23 13:56:09.271884,WO-005915,preventive,1,2
XFMR-015232,2021-10-13 13:56:09.271895,WO-005916,routine,1,2
XFMR-015232,2017-01-14 13:56:09.271905,WO-005917,routine,2,2
XFMR-002623,2017-09-27 13:56:09.271927,WO-005918,routine,5,4
XFMR-002623,2024-04-18 13:56:09.271940,WO-005919,routine,4,4
XFMR-006689,2021-09-29 13:56:09.271964,WO-005920,emergency,3,4
XFMR-006689,2022-02-21 13:56:09.271977,WO-005921,routine,4,4
XFMR-018467,2016-12-22 13:56:09.272004,WO-005922,routine,2,2
XFMR-018467,2017-09-16 13:56:09.272016,WO-005923,routine,1,2
XFMR-018467,2022-09-25 13:56:09.272027,WO-005924,preventive,3,2
XFMR-002603,2022-09-23 13:56:09.272049,WO-005925,preventive,3,4
XFMR-018900,2024-02-27 13:56:09.272076,WO-005926,routine,5,5
XFMR-018900,2022-10-16 13:56:09.272090,WO-005927,routine,5,5
XFMR-006869,2018-09-28 13:56:09.272118,WO-005928,routine,3,2
XFMR-006869,2022-05-30 13:56:09.272133,WO-005929,preventive,1,2
XFMR-006869,2021-03-23 13:56:09.272147,WO-005930,routine,1,2
XFMR-000709,2018-09-11 13:56:09.272174,WO-005931,routine,2,3
XFMR-000709,2017-07-01 13:56:09.272185,WO-005932,routine,4,3
XFMR-000709,2017-06-07 13:56:09.272195,WO-005933,routine,3,3
XFMR-000820,2023-05-08 13:56:09.272214,WO-005934,routine,5,4
XFMR-000820,2018-08-10 13:56:09.272225,WO-005935,emergency,3,4
XFMR-002703,2018-10-29 13:56:09.272246,WO-005936,routine,2,1
XFMR-002703,2016-12-02 13:56:09.272257,WO-005937,routine,2,1
XFMR-002703,2023-02-03 13:56:09.272268,WO-005938,preventive,1,1
XFMR-003861,2022-08-21 13:56:09.272289,WO-005939,routine,2,3
XFMR-003861,2021-04-23 13:56:09.272301,WO-005940,routine,3,3
XFMR-003861,2025-12-22 13:56:09.272310,WO-005941,routine,4,3
XFMR-009694,2024-09-30 13:56:09.272330,WO-005942,routine,3,3
XFMR-009694,2025-01-16 13:56:09.272340,WO-005943,routine,3,3
XFMR-009694,2020-01-08 13:56:09.272350,WO-005944,routine,3,3
XFMR-001823,2024-11-29 13:56:09.272370,WO-005945,emergency,4,3
XFMR-001823,2019-06-25 13:56:09.272381,WO-005946,routine,4,3
XFMR-001823,2019-04-19 13:56:09.272391,WO-005947,emergency,4,3
XFMR-009299,2024-08-11 13:56:09.272410,WO-005948,preventive,5,5
XFMR-009299,2019-03-02 13:56:09.272421,WO-005949,routine,5,5
XFMR-005334,2017-11-10 13:56:09.272440,WO-005950,preventive,2,3
XFMR-005334,2025-03-26 13:56:09.272451,WO-005951,preventive,3,3
XFMR-005334,2025-10-04 13:56:09.272460,WO-005952,routine,2,3
XFMR-015343,2018-11-22 13:56:09.272480,WO-005953,emergency,5,5
XFMR-015343,2022-08-11 13:56:09.272491,WO-005954,routine,5,5
XFMR-015343,2020-10-05 13:56:09.272501,WO-005955,routine,5,5
XFMR-018791,2023-04-06 13:56:09.272520,WO-005956,routine,1,1
XFMR-015166,2023-02-06 13:56:09.272540,WO-005957,emergency,2,3
XFMR-001723,2017-07-23 13:56:09.272560,WO-005958,routine,5,4
XFMR-005509,2019-02-15 13:56:09.272581,WO-005959,emergency,5,5
XFMR-006207,2021-08-16 13:56:09.272601,WO-005960,routine,2,3
XFMR-010437,2020-08-04 13:56:09.272621,WO-005961,preventive,3,3
XFMR-005117,2023-03-04 13:56:09.272641,WO-005962,preventive,4,3
XFMR-005117,2023-10-21 13:56:09.272652,WO-005963,routine,4,3
XFMR-005475,2025-06-08 13:56:09.272671,WO-005964,routine,2,3
XFMR-005475,2017-02-26 13:56:09.272682,WO-005965,routine,2,3
XFMR-005475,2022-03-20 13:56:09.272692,WO-005966,routine,2,3
XFMR-014508,2021-11-03 13:56:09.272711,WO-005967,preventive,1,2
XFMR-014508,2021-07-07 13:56:09.272722,WO-005968,preventive,2,2
XFMR-014508,2019-08-02 13:56:09.272732,WO-005969,routine,3,2
XFMR-011974,2017-06-29 13:56:09.272751,WO-005970,routine,3,4
XFMR-011974,2021-01-02 13:56:09.272766,WO-005971,routine,4,4
XFMR-018859,2023-07-25 13:56:09.272786,WO-005972,routine,1,2
XFMR-018859,2020-10-01 13:56:09.272797,WO-005973,routine,3,2
XFMR-018859,2024-04-18 13:56:09.272807,WO-005974,routine,3,2
XFMR-019147,2023-06-20 13:56:09.272826,WO-005975,emergency,4,3
XFMR-019147,2020-05-29 13:56:09.272837,WO-005976,preventive,2,3
XFMR-019147,2023-10-04 13:56:09.272847,WO-005977,routine,2,3
XFMR-004111,2020-05-26 13:56:09.272867,WO-005978,routine,2,2
XFMR-004111,2017-01-22 13:56:09.272878,WO-005979,routine,2,2
XFMR-004111,2018-07-01 13:56:09.272888,WO-005980,routine,1,2
XFMR-015620,2021-03-11 13:56:09.272907,WO-005981,preventive,4,3
XFMR-015620,2018-06-01 13:56:09.272918,WO-005982,routine,3,3
XFMR-015620,2018-04-25 13:56:09.272930,WO-005983,routine,3,3
XFMR-016065,2022-07-08 13:56:09.272954,WO-005984,routine,1,1
XFMR-016065,2023-06-20 13:56:09.272967,WO-005985,routine,1,1
XFMR-016065,2017-07-05 13:56:09.272978,WO-005986,preventive,1,1
XFMR-013853,2020-07-06 13:56:09.273004,WO-005987,preventive,5,5
XFMR-013853,2017-11-26 13:56:09.273018,WO-005988,routine,5,5
XFMR-000645,2017-02-12 13:56:09.273046,WO-005989,routine,2,1
XFMR-010688,2020-09-06 13:56:09.273074,WO-005990,routine,2,2
XFMR-010688,2016-11-14 13:56:09.273087,WO-005991,routine,3,2
XFMR-010688,2023-06-27 13:56:09.273099,WO-005992,routine,2,2
XFMR-020771,2025-03-08 13:56:09.273124,WO-005993,routine,1,1
XFMR-020771,2024-04-29 13:56:09.273137,WO-005994,routine,2,1
XFMR-020651,2019-06-08 13:56:09.273159,WO-005995,routine,5,5
XFMR-020651,2022-07-02 13:56:09.273171,WO-005996,preventive,5,5
XFMR-020651,2023-03-14 13:56:09.273181,WO-005997,routine,4,5
XFMR-020397,2018-03-15 13:56:09.273200,WO-005998,preventive,3,2
XFMR-017181,2025-12-26 13:56:09.273220,WO-005999,routine,5,4
XFMR-014399,2024-12-16 13:56:09.273241,WO-006000,routine,4,3
XFMR-013872,2026-01-12 13:56:09.273263,WO-006001,routine,2,2
XFMR-012568,2017-04-20 13:56:09.273284,WO-006002,routine,2,1
XFMR-012568,2018-08-29 13:56:09.273297,WO-006003,routine,1,1
XFMR-012568,2024-07-07 13:56:09.273307,WO-006004,routine,2,1
XFMR-019901,2023-03-05 13:56:09.273327,WO-006005,routine,4,4
XFMR-019901,2022-05-14 13:56:09.273337,WO-006006,routine,5,4
XFMR-019029,2023-02-11 13:56:09.273357,WO-006007,emergency,3,3
XFMR-016869,2017-01-05 13:56:09.273378,WO-006008,emergency,1,1
XFMR-016869,2017-02-02 13:56:09.273388,WO-006009,routine,1,1
XFMR-012651,2018-09-12 13:56:09.273407,WO-006010,routine,3,2
XFMR-012651,2019-05-08 13:56:09.273418,WO-006011,preventive,3,2
XFMR-008949,2018-04-27 13:56:09.273437,WO-006012,routine,1,2
XFMR-008949,2019-09-12 13:56:09.273448,WO-006013,routine,2,2
XFMR-002606,2020-12-01 13:56:09.273468,WO-006014,routine,1,2
XFMR-002606,2016-04-08 13:56:09.273478,WO-006015,emergency,1,2
XFMR-002606,2016-06-21 13:56:09.273488,WO-006016,routine,2,2
XFMR-002134,2019-08-19 13:56:09.273507,WO-006017,routine,4,4
XFMR-002134,2021-12-05 13:56:09.273518,WO-006018,emergency,5,4
XFMR-006434,2017-04-26 13:56:09.273537,WO-006019,routine,3,3
XFMR-006434,2020-06-28 13:56:09.273548,WO-006020,routine,3,3
XFMR-003397,2017-05-31 13:56:09.273567,WO-006021,routine,4,3
XFMR-004161,2017-12-25 13:56:09.273592,WO-006022,routine,3,3
XFMR-004161,2018-02-19 13:56:09.273603,WO-006023,routine,2,3
XFMR-021104,2022-07-30 13:56:09.273623,WO-006024,routine,2,2
XFMR-003071,2025-07-18 13:56:09.273643,WO-006025,routine,2,2
XFMR-009933,2023-08-01 13:56:09.273663,WO-006026,routine,1,2
XFMR-010870,2021-01-07 13:56:09.273684,WO-006027,emergency,3,3
XFMR-013406,2021-07-16 13:56:09.273704,WO-006028,emergency,3,2
XFMR-008945,2024-07-23 13:56:09.273724,WO-006029,routine,4,3
XFMR-015667,2018-09-21 13:56:09.273744,WO-006030,routine,1,1
XFMR-015667,2018-05-01 13:56:09.273754,WO-006031,routine,1,1
XFMR-013871,2020-05-09 13:56:09.273781,WO-006032,preventive,2,2
XFMR-014382,2024-02-06 13:56:09.273801,WO-006033,routine,1,2
XFMR-014382,2023-07-09 13:56:09.273813,WO-006034,emergency,3,2
XFMR-001431,2023-10-16 13:56:09.273832,WO-006035,routine,5,5
XFMR-001431,2023-08-24 13:56:09.273843,WO-006036,routine,5,5
XFMR-018245,2022-05-10 13:56:09.273863,WO-006037,routine,5,4
XFMR-018245,2019-04-01 13:56:09.273873,WO-006038,preventive,3,4
XFMR-017674,2025-07-09 13:56:09.273895,WO-006039,emergency,2,3
XFMR-017674,2018-02-21 13:56:09.273905,WO-006040,preventive,2,3
XFMR-019625,2020-05-21 13:56:09.273927,WO-006041,routine,2,2
XFMR-002506,2024-05-14 13:56:09.273953,WO-006042,preventive,3,2
XFMR-002506,2021-01-10 13:56:09.273965,WO-006043,routine,1,2
XFMR-017218,2023-06-22 13:56:09.273990,WO-006044,routine,3,3
XFMR-017218,2023-05-19 13:56:09.274005,WO-006045,preventive,2,3
XFMR-017218,2023-08-16 13:56:09.274019,WO-006046,preventive,3,3
XFMR-019772,2019-08-16 13:56:09.274046,WO-006047,routine,3,4
XFMR-019772,2018-06-02 13:56:09.274061,WO-006048,routine,3,4
XFMR-011828,2020-08-13 13:56:09.274085,WO-006049,routine,5,4
XFMR-011887,2016-10-09 13:56:09.274112,WO-006050,routine,3,2
XFMR-011887,2017-04-07 13:56:09.274127,WO-006051,preventive,3,2
XFMR-011887,2020-11-24 13:56:09.274140,WO-006052,preventive,3,2
XFMR-015930,2022-02-08 13:56:09.274167,WO-006053,preventive,5,4
XFMR-015930,2021-08-23 13:56:09.274181,WO-006054,preventive,4,4
XFMR-015930,2022-01-12 13:56:09.274191,WO-006055,preventive,4,4
XFMR-010357,2025-01-24 13:56:09.274212,WO-006056,routine,4,4
XFMR-010357,2023-03-30 13:56:09.274223,WO-006057,routine,5,4
XFMR-010357,2020-08-10 13:56:09.274233,WO-006058,routine,5,4
XFMR-013564,2017-11-01 13:56:09.274254,WO-006059,preventive,5,5
XFMR-013564,2022-01-21 13:56:09.274266,WO-006060,routine,5,5
XFMR-015326,2016-04-05 13:56:09.274288,WO-006061,routine,4,4
XFMR-005212,2019-07-25 13:56:09.274309,WO-006062,routine,4,3
XFMR-005212,2024-12-02 13:56:09.274319,WO-006063,routine,4,3
XFMR-005212,2020-02-27 13:56:09.274329,WO-006064,routine,2,3
XFMR-002327,2023-01-08 13:56:09.274349,WO-006065,routine,3,2
XFMR-002327,2018-07-30 13:56:09.274359,WO-006066,routine,1,2
XFMR-002327,2017-01-14 13:56:09.274370,WO-006067,routine,2,2
XFMR-008971,2025-07-18 13:56:09.274391,WO-006068,routine,1,1
XFMR-008971,2023-05-20 13:56:09.274402,WO-006069,routine,1,1
XFMR-008971,2024-08-06 13:56:09.274413,WO-006070,routine,1,1
XFMR-014715,2020-01-10 13:56:09.274434,WO-006071,routine,4,4
XFMR-014715,2016-07-29 13:56:09.274445,WO-006072,emergency,3,4
XFMR-011869,2022-08-07 13:56:09.274467,WO-006073,routine,2,3
XFMR-011869,2016-06-11 13:56:09.274478,WO-006074,routine,4,3
XFMR-011869,2023-03-21 13:56:09.274488,WO-006075,routine,3,3
XFMR-017110,2019-11-08 13:56:09.274515,WO-006076,routine,4,4
XFMR-017110,2021-09-07 13:56:09.274527,WO-006077,routine,4,4
XFMR-010318,2019-06-15 13:56:09.274548,WO-006078,routine,4,5
XFMR-010318,2018-02-24 13:56:09.274559,WO-006079,routine,4,5
XFMR-014942,2019-02-13 13:56:09.274579,WO-006080,routine,1,2
XFMR-014942,2021-11-23 13:56:09.274590,WO-006081,routine,2,2
XFMR-017469,2019-07-21 13:56:09.274609,WO-006082,routine,3,3
XFMR-007629,2026-01-19 13:56:09.274638,WO-006083,preventive,5,4
XFMR-010864,2018-10-08 13:56:09.274660,WO-006084,preventive,4,4
XFMR-010864,2023-12-22 13:56:09.274671,WO-006085,routine,5,4
XFMR-010864,2017-12-26 13:56:09.274681,WO-006086,routine,4,4
XFMR-000458,2025-12-01 13:56:09.274700,WO-006087,preventive,4,4
XFMR-009392,2018-04-13 13:56:09.274720,WO-006088,routine,4,4
XFMR-009392,2018-06-21 13:56:09.274731,WO-006089,routine,4,4
XFMR-009392,2018-11-25 13:56:09.274741,WO-006090,routine,4,4
XFMR-015956,2024-02-27 13:56:09.274768,WO-006091,routine,5,4
XFMR-010958,2021-01-13 13:56:09.274789,WO-006092,preventive,4,4
XFMR-010958,2024-11-04 13:56:09.274799,WO-006093,routine,3,4
XFMR-010958,2024-03-29 13:56:09.274810,WO-006094,routine,5,4
XFMR-015410,2017-06-22 13:56:09.274829,WO-006095,preventive,2,2
XFMR-015410,2020-05-01 13:56:09.274842,WO-006096,preventive,1,2
XFMR-015410,2018-02-12 13:56:09.274852,WO-006097,routine,3,2
XFMR-012195,2020-10-09 13:56:09.274872,WO-006098,preventive,4,3
XFMR-012195,2016-09-21 13:56:09.274883,WO-006099,preventive,3,3
XFMR-016147,2022-05-01 13:56:09.274905,WO-006100,routine,1,2
XFMR-008866,2025-09-04 13:56:09.274927,WO-006101,routine,3,4
XFMR-008866,2022-06-02 13:56:09.274939,WO-006102,routine,5,4
XFMR-008866,2016-12-01 13:56:09.274953,WO-006103,routine,4,4
XFMR-004974,2024-05-26 13:56:09.274976,WO-006104,routine,3,2
XFMR-004974,2019-06-24 13:56:09.274991,WO-006105,routine,3,2
XFMR-019328,2026-01-31 13:56:09.275013,WO-006106,routine,4,3
XFMR-016255,2021-04-26 13:56:09.275036,WO-006107,preventive,2,3
XFMR-005884,2025-07-12 13:56:09.275063,WO-006108,routine,3,3
XFMR-008040,2019-12-02 13:56:09.275089,WO-006109,routine,3,4
XFMR-015320,2019-06-20 13:56:09.275115,WO-006110,routine,3,2
XFMR-015320,2022-04-17 13:56:09.275131,WO-006111,routine,3,2
XFMR-007308,2016-07-25 13:56:09.275153,WO-006112,routine,5,5
XFMR-007308,2017-12-26 13:56:09.275165,WO-006113,routine,4,5
XFMR-007308,2023-12-20 13:56:09.275175,WO-006114,preventive,5,5
XFMR-002118,2023-03-19 13:56:09.275194,WO-006115,emergency,5,4
XFMR-002118,2020-08-11 13:56:09.275205,WO-006116,preventive,5,4
XFMR-020671,2017-05-28 13:56:09.275224,WO-006117,preventive,2,1
XFMR-020671,2025-05-13 13:56:09.275236,WO-006118,routine,1,1
XFMR-020671,2023-04-05 13:56:09.275247,WO-006119,routine,2,1
XFMR-000669,2021-02-19 13:56:09.275269,WO-006120,routine,4,3
XFMR-000669,2025-09-16 13:56:09.275280,WO-006121,preventive,2,3
XFMR-001163,2017-01-28 13:56:09.275301,WO-006122,preventive,3,2
XFMR-011697,2021-10-04 13:56:09.275323,WO-006123,routine,1,2
XFMR-004401,2020-02-07 13:56:09.275344,WO-006124,emergency,4,4
XFMR-004401,2023-07-27 13:56:09.275355,WO-006125,routine,4,4
XFMR-004401,2022-05-09 13:56:09.275365,WO-006126,emergency,5,4
XFMR-020666,2024-06-29 13:56:09.275386,WO-006127,routine,4,3
XFMR-020666,2024-07-23 13:56:09.275398,WO-006128,preventive,3,3
XFMR-020666,2023-04-28 13:56:09.275408,WO-006129,emergency,2,3
XFMR-009410,2021-12-01 13:56:09.275427,WO-006130,routine,3,4
XFMR-009410,2022-09-09 13:56:09.275437,WO-006131,routine,3,4
XFMR-009410,2018-10-21 13:56:09.275447,WO-006132,routine,4,4
XFMR-008252,2022-08-08 13:56:09.275471,WO-006133,routine,4,3
XFMR-003849,2024-05-22 13:56:09.275491,WO-006134,routine,5,4
XFMR-003849,2022-06-23 13:56:09.275502,WO-006135,routine,3,4
XFMR-001220,2023-01-16 13:56:09.275521,WO-006136,preventive,1,1
XFMR-001220,2016-05-16 13:56:09.275532,WO-006137,preventive,1,1
XFMR-001220,2024-10-12 13:56:09.275542,WO-006138,preventive,1,1
XFMR-000432,2021-08-30 13:56:09.275561,WO-006139,preventive,3,4
XFMR-000432,2023-03-15 13:56:09.275572,WO-006140,preventive,5,4
XFMR-000432,2023-04-13 13:56:09.275582,WO-006141,routine,5,4
XFMR-011818,2021-10-22 13:56:09.275601,WO-006142,preventive,4,3
XFMR-011818,2025-02-11 13:56:09.275612,WO-006143,routine,2,3
XFMR-006166,2016-07-14 13:56:09.275631,WO-006144,routine,2,2
XFMR-006166,2020-05-22 13:56:09.275642,WO-006145,routine,1,2
XFMR-004540,2021-06-15 13:56:09.275666,WO-006146,routine,1,2
XFMR-004540,2019-02-21 13:56:09.275676,WO-006147,preventive,1,2
XFMR-016317,2022-12-09 13:56:09.275696,WO-006148,routine,4,4
XFMR-016317,2022-11-25 13:56:09.275707,WO-006149,preventive,4,4
XFMR-016317,2024-11-13 13:56:09.275717,WO-006150,routine,5,4
XFMR-019355,2022-06-16 13:56:09.275736,WO-006151,preventive,5,4
XFMR-009265,2023-06-02 13:56:09.275757,WO-006152,routine,3,4
XFMR-003942,2019-05-13 13:56:09.275785,WO-006153,routine,1,2
XFMR-003942,2021-02-28 13:56:09.275795,WO-006154,routine,3,2
XFMR-017520,2017-05-11 13:56:09.275815,WO-006155,routine,3,3
XFMR-017520,2018-07-19 13:56:09.275826,WO-006156,preventive,3,3
XFMR-017520,2024-10-30 13:56:09.275837,WO-006157,emergency,2,3
XFMR-015544,2022-02-19 13:56:09.275857,WO-006158,routine,3,3
XFMR-013012,2022-12-09 13:56:09.275878,WO-006159,emergency,4,4
XFMR-013012,2024-01-21 13:56:09.275889,WO-006160,routine,3,4
XFMR-003571,2023-10-26 13:56:09.275909,WO-006161,routine,2,3
XFMR-003571,2018-10-06 13:56:09.275923,WO-006162,preventive,2,3
XFMR-003571,2016-06-08 13:56:09.275937,WO-006163,preventive,4,3
XFMR-009661,2016-10-13 13:56:09.275971,WO-006164,routine,5,5
XFMR-009661,2023-01-17 13:56:09.275983,WO-006165,routine,4,5
XFMR-004200,2020-12-10 13:56:09.276007,WO-006166,routine,5,5
XFMR-004200,2025-09-07 13:56:09.276019,WO-006167,preventive,5,5
XFMR-004200,2023-12-15 13:56:09.276030,WO-006168,preventive,4,5
XFMR-002695,2019-09-03 13:56:09.276054,WO-006169,routine,4,3
XFMR-002695,2016-11-29 13:56:09.276069,WO-006170,preventive,3,3
XFMR-002695,2019-04-27 13:56:09.276082,WO-006171,preventive,4,3
XFMR-019638,2024-03-19 13:56:09.276108,WO-006172,preventive,1,1
XFMR-019638,2018-04-17 13:56:09.276120,WO-006173,routine,2,1
XFMR-019638,2020-02-27 13:56:09.276131,WO-006174,emergency,2,1
XFMR-015725,2024-11-27 13:56:09.276190,WO-006175,routine,4,3
XFMR-015725,2022-12-19 13:56:09.276212,WO-006176,routine,2,3
XFMR-010091,2018-02-13 13:56:09.276245,WO-006177,routine,2,2
XFMR-016689,2018-10-12 13:56:09.276272,WO-006178,routine,4,3
XFMR-014177,2023-10-27 13:56:09.276296,WO-006179,preventive,3,4
XFMR-014177,2025-04-18 13:56:09.276307,WO-006180,routine,5,4
XFMR-014177,2020-03-04 13:56:09.276320,WO-006181,routine,4,4
XFMR-008269,2019-10-26 13:56:09.276346,WO-006182,routine,4,3
XFMR-008269,2020-11-24 13:56:09.276359,WO-006183,routine,3,3
XFMR-008269,2019-03-30 13:56:09.276369,WO-006184,routine,2,3
XFMR-011807,2022-02-02 13:56:09.276390,WO-006185,routine,4,3
XFMR-011807,2016-03-24 13:56:09.276401,WO-006186,preventive,2,3
XFMR-016091,2021-11-10 13:56:09.276421,WO-006187,routine,5,5
XFMR-010993,2018-04-06 13:56:09.276442,WO-006188,routine,3,3
XFMR-010993,2020-11-13 13:56:09.276453,WO-006189,routine,2,3
XFMR-010993,2025-03-15 13:56:09.276463,WO-006190,routine,4,3
XFMR-009914,2018-06-24 13:56:09.276483,WO-006191,routine,2,2
XFMR-009914,2018-08-25 13:56:09.276494,WO-006192,emergency,2,2
XFMR-000316,2017-03-29 13:56:09.276514,WO-006193,routine,3,4
XFMR-009540,2016-04-09 13:56:09.276534,WO-006194,routine,1,2
XFMR-009540,2019-03-08 13:56:09.276545,WO-006195,routine,1,2
XFMR-009540,2016-10-08 13:56:09.276555,WO-006196,routine,2,2
XFMR-006238,2021-12-31 13:56:09.276575,WO-006197,routine,4,5
XFMR-005526,2023-11-05 13:56:09.276596,WO-006198,emergency,1,1
XFMR-005526,2020-12-11 13:56:09.276606,WO-006199,routine,1,1
XFMR-005526,2018-03-22 13:56:09.276616,WO-006200,emergency,2,1
XFMR-019060,2021-03-06 13:56:09.276636,WO-006201,routine,3,3
XFMR-019060,2017-09-12 13:56:09.276647,WO-006202,routine,3,3
XFMR-019060,2024-01-14 13:56:09.276657,WO-006203,routine,2,3
XFMR-001420,2017-06-20 13:56:09.276676,WO-006204,routine,2,3
XFMR-001420,2022-07-29 13:56:09.276687,WO-006205,routine,3,3
XFMR-001420,2024-10-07 13:56:09.276697,WO-006206,preventive,4,3
XFMR-020552,2019-02-03 13:56:09.276717,WO-006207,routine,5,4
XFMR-020552,2021-08-27 13:56:09.276728,WO-006208,preventive,4,4
XFMR-020552,2019-03-31 13:56:09.276738,WO-006209,emergency,3,4
XFMR-019138,2021-07-28 13:56:09.276758,WO-006210,routine,2,3
XFMR-013433,2024-11-02 13:56:09.276783,WO-006211,preventive,2,2
XFMR-013433,2019-01-21 13:56:09.276794,WO-006212,emergency,3,2
XFMR-017353,2022-03-15 13:56:09.276814,WO-006213,emergency,4,3
XFMR-017353,2021-08-02 13:56:09.276825,WO-006214,routine,2,3
XFMR-017353,2018-06-12 13:56:09.276835,WO-006215,preventive,4,3
XFMR-003635,2017-07-17 13:56:09.276855,WO-006216,routine,2,1
XFMR-003635,2024-08-13 13:56:09.276866,WO-006217,preventive,1,1
XFMR-014048,2022-12-22 13:56:09.276886,WO-006218,routine,3,3
XFMR-014048,2018-08-09 13:56:09.276896,WO-006219,routine,4,3
XFMR-015182,2024-04-27 13:56:09.276916,WO-006220,routine,1,1
XFMR-003464,2022-11-22 13:56:09.276937,WO-006221,routine,2,2
XFMR-003464,2018-03-03 13:56:09.276948,WO-006222,routine,1,2
XFMR-011467,2018-11-01 13:56:09.276967,WO-006223,routine,2,2
XFMR-003913,2022-08-02 13:56:09.276988,WO-006224,routine,3,3
XFMR-003913,2019-02-14 13:56:09.276999,WO-006225,routine,3,3
XFMR-014817,2023-07-13 13:56:09.277020,WO-006226,routine,4,4
XFMR-020124,2024-04-01 13:56:09.277041,WO-006227,routine,3,4
XFMR-020124,2023-11-06 13:56:09.277052,WO-006228,routine,3,4
XFMR-020124,2017-10-26 13:56:09.277062,WO-006229,routine,3,4
XFMR-000287,2019-08-06 13:56:09.277082,WO-006230,emergency,3,3
XFMR-000287,2020-05-26 13:56:09.277093,WO-006231,routine,2,3
XFMR-017983,2019-01-05 13:56:09.277113,WO-006232,preventive,1,2
XFMR-017983,2025-04-18 13:56:09.277124,WO-006233,routine,3,2
XFMR-010523,2017-11-07 13:56:09.277144,WO-006234,preventive,4,5
XFMR-010523,2024-08-06 13:56:09.277155,WO-006235,routine,5,5
XFMR-010523,2024-01-23 13:56:09.277165,WO-006236,routine,5,5
XFMR-005002,2019-04-11 13:56:09.277185,WO-006237,preventive,4,4
XFMR-005002,2025-02-03 13:56:09.277195,WO-006238,preventive,4,4
XFMR-003703,2018-10-29 13:56:09.277215,WO-006239,routine,2,3
XFMR-007727,2016-03-31 13:56:09.277236,WO-006240,routine,2,1
XFMR-006137,2025-01-17 13:56:09.277256,WO-006241,routine,5,5
XFMR-006137,2025-01-10 13:56:09.277267,WO-006242,routine,5,5
XFMR-006137,2018-10-02 13:56:09.277277,WO-006243,routine,5,5
XFMR-000294,2017-03-05 13:56:09.277297,WO-006244,routine,3,2
XFMR-000294,2019-02-25 13:56:09.277308,WO-006245,routine,2,2
XFMR-021544,2018-08-20 13:56:09.277328,WO-006246,routine,4,3
XFMR-010565,2023-07-24 13:56:09.277348,WO-006247,routine,3,2
XFMR-010565,2023-06-06 13:56:09.277359,WO-006248,routine,3,2
XFMR-011986,2016-10-15 13:56:09.277379,WO-006249,routine,3,3
XFMR-011986,2025-10-01 13:56:09.277390,WO-006250,routine,3,3
XFMR-011986,2024-10-11 13:56:09.277400,WO-006251,emergency,3,3
XFMR-018296,2016-07-05 13:56:09.277419,WO-006252,routine,3,4
XFMR-018296,2024-11-28 13:56:09.277430,WO-006253,emergency,3,4
XFMR-008787,2023-10-01 13:56:09.277450,WO-006254,routine,3,2
XFMR-003078,2023-01-03 13:56:09.277470,WO-006255,routine,4,3
XFMR-003078,2024-08-07 13:56:09.277481,WO-006256,routine,4,3
XFMR-006927,2018-11-23 13:56:09.277501,WO-006257,preventive,1,1
XFMR-006927,2019-01-25 13:56:09.277512,WO-006258,emergency,2,1
XFMR-006927,2017-09-15 13:56:09.277521,WO-006259,preventive,1,1
XFMR-015719,2024-02-15 13:56:09.277541,WO-006260,routine,3,3
XFMR-015719,2016-08-23 13:56:09.277552,WO-006261,routine,4,3
XFMR-021369,2021-06-06 13:56:09.277572,WO-006262,routine,2,2
XFMR-004286,2020-01-29 13:56:09.277592,WO-006263,routine,3,4
XFMR-004286,2021-02-15 13:56:09.277603,WO-006264,routine,4,4
XFMR-004286,2023-06-05 13:56:09.277613,WO-006265,emergency,4,4
XFMR-019757,2016-07-11 13:56:09.277632,WO-006266,routine,3,2
XFMR-019757,2022-11-05 13:56:09.277643,WO-006267,routine,1,2
XFMR-000908,2018-06-11 13:56:09.277663,WO-006268,routine,4,3
XFMR-006818,2017-06-03 13:56:09.277683,WO-006269,routine,4,5
XFMR-006818,2023-12-21 13:56:09.277694,WO-006270,routine,5,5
XFMR-006818,2017-11-25 13:56:09.277704,WO-006271,preventive,4,5
XFMR-005447,2021-12-25 13:56:09.277723,WO-006272,routine,3,2
XFMR-005447,2022-06-17 13:56:09.277734,WO-006273,preventive,1,2
XFMR-005447,2017-05-03 13:56:09.277744,WO-006274,emergency,3,2
XFMR-010218,2025-08-11 13:56:09.277772,WO-006275,preventive,5,4
XFMR-008197,2018-05-27 13:56:09.277793,WO-006276,routine,4,5
XFMR-008197,2016-07-05 13:56:09.277804,WO-006277,routine,5,5
XFMR-008197,2020-11-30 13:56:09.277814,WO-006278,routine,5,5
XFMR-008256,2023-03-05 13:56:09.277834,WO-006279,routine,3,2
XFMR-001995,2025-08-19 13:56:09.277854,WO-006280,routine,4,4
XFMR-019012,2016-08-30 13:56:09.277875,WO-006281,routine,2,2
XFMR-019012,2019-10-21 13:56:09.277886,WO-006282,routine,1,2
XFMR-001705,2018-07-24 13:56:09.277905,WO-006283,routine,3,3
XFMR-018402,2018-10-09 13:56:09.277927,WO-006284,routine,5,5
XFMR-018402,2025-07-21 13:56:09.277939,WO-006285,emergency,4,5
XFMR-004895,2018-08-12 13:56:09.277965,WO-006286,routine,3,3
XFMR-015551,2016-03-24 13:56:09.277990,WO-006287,routine,2,2
XFMR-000978,2021-03-25 13:56:09.278016,WO-006288,routine,3,4
XFMR-000978,2025-07-21 13:56:09.278031,WO-006289,routine,5,4
XFMR-001874,2018-11-09 13:56:09.278060,WO-006290,routine,2,3
XFMR-001874,2024-01-30 13:56:09.278075,WO-006291,preventive,4,3
XFMR-009830,2019-01-06 13:56:09.278102,WO-006292,routine,3,4
XFMR-009830,2016-04-10 13:56:09.278115,WO-006293,routine,3,4
XFMR-009830,2017-02-16 13:56:09.278129,WO-006294,routine,3,4
XFMR-011841,2018-07-11 13:56:09.278158,WO-006295,routine,3,2
XFMR-000622,2022-09-06 13:56:09.278187,WO-006296,routine,4,3
XFMR-000622,2024-10-22 13:56:09.278202,WO-006297,preventive,3,3
XFMR-013955,2017-07-08 13:56:09.278221,WO-006298,routine,5,4
XFMR-013955,2022-03-27 13:56:09.278232,WO-006299,routine,4,4
XFMR-004630,2018-07-26 13:56:09.278252,WO-006300,routine,2,3
XFMR-004630,2019-10-02 13:56:09.278263,WO-006301,routine,4,3
XFMR-004630,2024-08-12 13:56:09.278274,WO-006302,routine,4,3
XFMR-010350,2018-10-16 13:56:09.278295,WO-006303,routine,2,2
XFMR-010350,2017-09-09 13:56:09.278306,WO-006304,routine,3,2
XFMR-010350,2020-11-11 13:56:09.278316,WO-006305,preventive,3,2
XFMR-010908,2023-05-27 13:56:09.278336,WO-006306,routine,4,5
XFMR-020008,2022-01-31 13:56:09.278356,WO-006307,routine,2,1
XFMR-020008,2019-08-15 13:56:09.278367,WO-006308,routine,1,1
XFMR-018243,2018-12-27 13:56:09.278387,WO-006309,routine,1,2
XFMR-001154,2017-06-14 13:56:09.278408,WO-006310,preventive,4,3
XFMR-001154,2023-05-31 13:56:09.278418,WO-006311,preventive,3,3
XFMR-001154,2020-08-06 13:56:09.278428,WO-006312,routine,2,3
XFMR-005901,2025-06-24 13:56:09.278448,WO-006313,routine,2,2
XFMR-005383,2020-06-28 13:56:09.278469,WO-006314,preventive,2,3
XFMR-005383,2022-05-02 13:56:09.278479,WO-006315,routine,3,3
XFMR-020554,2020-04-09 13:56:09.278500,WO-006316,routine,3,3
XFMR-012954,2020-05-19 13:56:09.278520,WO-006317,preventive,2,2
XFMR-012422,2019-08-08 13:56:09.278542,WO-006318,routine,1,2
XFMR-002704,2022-12-18 13:56:09.278563,WO-006319,routine,3,2
XFMR-000587,2024-05-21 13:56:09.278584,WO-006320,preventive,4,3
XFMR-000587,2017-11-21 13:56:09.278596,WO-006321,emergency,2,3
XFMR-000587,2021-02-14 13:56:09.278606,WO-006322,emergency,2,3
XFMR-020263,2016-04-14 13:56:09.278628,WO-006323,routine,4,5
XFMR-020263,2021-09-14 13:56:09.278638,WO-006324,routine,5,5
XFMR-020263,2016-04-04 13:56:09.278648,WO-006325,routine,5,5
XFMR-007579,2024-04-14 13:56:09.278676,WO-006326,routine,5,5
XFMR-007579,2023-01-29 13:56:09.278687,WO-006327,routine,4,5
XFMR-007579,2020-05-02 13:56:09.278697,WO-006328,routine,4,5
XFMR-018708,2022-02-01 13:56:09.278719,WO-006329,preventive,4,4
XFMR-018708,2022-05-31 13:56:09.278730,WO-006330,routine,5,4
XFMR-018708,2022-09-12 13:56:09.278740,WO-006331,preventive,5,4
XFMR-006665,2020-04-05 13:56:09.278760,WO-006332,routine,5,5
XFMR-006665,2024-09-25 13:56:09.278771,WO-006333,routine,4,5
XFMR-011176,2018-05-18 13:56:09.278791,WO-006334,routine,1,2
XFMR-011176,2017-06-09 13:56:09.278802,WO-006335,routine,3,2
XFMR-004449,2025-04-12 13:56:09.278822,WO-006336,routine,5,4
XFMR-004449,2021-08-01 13:56:09.278833,WO-006337,routine,4,4
XFMR-021292,2017-03-09 13:56:09.278859,WO-006338,routine,1,2
XFMR-021366,2016-03-12 13:56:09.278882,WO-006339,routine,3,3
XFMR-007809,2018-12-04 13:56:09.278905,WO-006340,routine,4,4
XFMR-007809,2019-08-25 13:56:09.278920,WO-006341,routine,5,4
XFMR-007809,2023-05-27 13:56:09.278934,WO-006342,routine,4,4
XFMR-015957,2019-01-31 13:56:09.278957,WO-006343,routine,3,3
XFMR-012354,2020-04-26 13:56:09.278979,WO-006344,preventive,2,3
XFMR-012354,2018-03-02 13:56:09.278990,WO-006345,routine,3,3
XFMR-012354,2025-10-24 13:56:09.279000,WO-006346,routine,2,3
XFMR-007164,2024-03-14 13:56:09.279021,WO-006347,preventive,4,3
XFMR-010991,2024-08-16 13:56:09.279042,WO-006348,routine,5,5
XFMR-010991,2021-06-08 13:56:09.279052,WO-006349,routine,5,5
XFMR-010991,2017-10-29 13:56:09.279063,WO-006350,preventive,5,5
XFMR-017434,2025-05-30 13:56:09.279083,WO-006351,emergency,3,4
XFMR-007761,2018-07-20 13:56:09.279104,WO-006352,routine,5,5
XFMR-007761,2025-06-01 13:56:09.279115,WO-006353,routine,4,5
XFMR-020056,2022-02-15 13:56:09.279135,WO-006354,preventive,2,3
XFMR-017198,2024-11-01 13:56:09.279156,WO-006355,emergency,4,5
XFMR-017198,2024-09-23 13:56:09.279166,WO-006356,preventive,4,5
XFMR-007781,2016-11-29 13:56:09.279187,WO-006357,emergency,3,2
XFMR-007781,2026-01-07 13:56:09.279197,WO-006358,preventive,3,2
XFMR-007781,2023-01-16 13:56:09.279208,WO-006359,routine,2,2
XFMR-000853,2022-02-25 13:56:09.279228,WO-006360,routine,4,4
XFMR-000853,2022-07-30 13:56:09.279239,WO-006361,preventive,5,4
XFMR-000853,2020-07-28 13:56:09.279249,WO-006362,emergency,5,4
XFMR-006092,2017-11-28 13:56:09.279269,WO-006363,routine,5,5
XFMR-006092,2019-09-22 13:56:09.279280,WO-006364,emergency,4,5
XFMR-006092,2018-02-28 13:56:09.279290,WO-006365,routine,5,5
XFMR-014736,2022-06-09 13:56:09.279310,WO-006366,routine,2,3
XFMR-002936,2019-09-12 13:56:09.279335,WO-006367,preventive,1,2
XFMR-002936,2024-02-27 13:56:09.279346,WO-006368,routine,3,2
XFMR-011678,2021-07-18 13:56:09.279366,WO-006369,routine,1,2
XFMR-004206,2024-08-14 13:56:09.279387,WO-006370,routine,3,4
XFMR-004206,2022-07-25 13:56:09.279398,WO-006371,routine,3,4
XFMR-004206,2019-10-10 13:56:09.279409,WO-006372,routine,3,4
XFMR-018739,2021-12-26 13:56:09.279429,WO-006373,routine,4,3
XFMR-001340,2022-01-24 13:56:09.279450,WO-006374,routine,3,2
XFMR-001340,2023-03-01 13:56:09.279461,WO-006375,routine,1,2
XFMR-001340,2022-08-28 13:56:09.279471,WO-006376,routine,2,2
XFMR-018748,2025-12-27 13:56:09.279491,WO-006377,preventive,1,2
XFMR-019338,2016-07-29 13:56:09.279512,WO-006378,routine,4,4
XFMR-019338,2019-01-15 13:56:09.279522,WO-006379,routine,4,4
XFMR-019338,2025-10-24 13:56:09.279533,WO-006380,routine,3,4
XFMR-020476,2020-10-25 13:56:09.279553,WO-006381,emergency,1,2
XFMR-020476,2021-11-20 13:56:09.279564,WO-006382,routine,1,2
XFMR-017418,2021-01-03 13:56:09.279584,WO-006383,preventive,2,2
XFMR-017418,2020-08-23 13:56:09.279595,WO-006384,routine,3,2
XFMR-017418,2017-11-29 13:56:09.279604,WO-006385,routine,2,2
XFMR-009483,2020-08-18 13:56:09.279624,WO-006386,routine,2,3
XFMR-009483,2020-05-19 13:56:09.279635,WO-006387,preventive,3,3
XFMR-003636,2017-01-07 13:56:09.279655,WO-006388,routine,3,4
XFMR-000737,2016-07-31 13:56:09.279676,WO-006389,routine,3,3
XFMR-000737,2017-02-27 13:56:09.279687,WO-006390,routine,4,3
XFMR-011013,2025-07-17 13:56:09.279707,WO-006391,preventive,2,3
XFMR-011013,2018-05-20 13:56:09.279718,WO-006392,emergency,4,3
XFMR-011013,2023-07-29 13:56:09.279728,WO-006393,routine,2,3
XFMR-017597,2023-09-16 13:56:09.279748,WO-006394,routine,2,2
XFMR-020768,2024-04-17 13:56:09.279769,WO-006395,routine,3,2
XFMR-020768,2017-06-10 13:56:09.279780,WO-006396,routine,1,2
XFMR-020768,2019-03-07 13:56:09.279790,WO-006397,routine,2,2
XFMR-013127,2024-11-08 13:56:09.279811,WO-006398,routine,2,2
XFMR-008461,2023-11-10 13:56:09.279832,WO-006399,preventive,5,4
XFMR-000451,2021-08-28 13:56:09.279852,WO-006400,routine,2,3
XFMR-000451,2022-11-17 13:56:09.279864,WO-006401,routine,3,3
XFMR-012707,2018-10-27 13:56:09.279884,WO-006402,routine,2,3
XFMR-012707,2022-12-20 13:56:09.279894,WO-006403,routine,2,3
XFMR-012707,2020-07-30 13:56:09.279904,WO-006404,routine,3,3
XFMR-002067,2017-10-24 13:56:09.279925,WO-006405,routine,4,5
XFMR-002067,2018-09-04 13:56:09.279937,WO-006406,routine,4,5
XFMR-002067,2020-07-21 13:56:09.279949,WO-006407,routine,5,5
XFMR-007008,2020-12-27 13:56:09.279974,WO-006408,routine,1,2
XFMR-007008,2019-08-16 13:56:09.279986,WO-006409,preventive,1,2
XFMR-007593,2024-12-02 13:56:09.280011,WO-006410,routine,4,3
XFMR-001072,2016-06-12 13:56:09.280039,WO-006411,routine,1,2
XFMR-004668,2025-08-11 13:56:09.280067,WO-006412,routine,3,2
XFMR-004668,2023-08-04 13:56:09.280082,WO-006413,routine,1,2
XFMR-019448,2022-06-17 13:56:09.280107,WO-006414,routine,2,3
XFMR-019448,2023-09-26 13:56:09.280121,WO-006415,routine,3,3
XFMR-019448,2018-08-29 13:56:09.280134,WO-006416,routine,4,3
XFMR-003669,2021-02-19 13:56:09.280161,WO-006417,routine,1,1
XFMR-013057,2017-12-16 13:56:09.280184,WO-006418,routine,4,4
XFMR-004697,2023-11-20 13:56:09.280205,WO-006419,routine,4,3
XFMR-004697,2024-06-13 13:56:09.280216,WO-006420,routine,2,3
XFMR-004697,2024-06-01 13:56:09.280226,WO-006421,routine,3,3
XFMR-004451,2024-07-22 13:56:09.280248,WO-006422,preventive,3,3
XFMR-004451,2018-06-16 13:56:09.280259,WO-006423,routine,4,3
XFMR-004451,2024-03-30 13:56:09.280271,WO-006424,preventive,4,3
XFMR-014042,2024-05-17 13:56:09.280291,WO-006425,routine,1,2
XFMR-014042,2020-05-10 13:56:09.280302,WO-006426,routine,2,2
XFMR-014042,2019-08-08 13:56:09.280312,WO-006427,routine,1,2
XFMR-019690,2022-07-03 13:56:09.280332,WO-006428,preventive,3,4
XFMR-019690,2023-04-02 13:56:09.280343,WO-006429,preventive,5,4
XFMR-013327,2023-05-23 13:56:09.280364,WO-006430,routine,4,4
XFMR-013327,2024-09-14 13:56:09.280374,WO-006431,emergency,4,4
XFMR-013327,2022-02-01 13:56:09.280384,WO-006432,routine,3,4
XFMR-001145,2021-05-05 13:56:09.280405,WO-006433,preventive,3,2
XFMR-001145,2022-12-02 13:56:09.280416,WO-006434,preventive,2,2
XFMR-001145,2017-05-31 13:56:09.280425,WO-006435,routine,3,2
XFMR-003495,2025-08-28 13:56:09.280445,WO-006436,routine,5,5
XFMR-009254,2023-03-29 13:56:09.280466,WO-006437,routine,5,4
XFMR-020767,2017-10-25 13:56:09.280486,WO-006438,routine,3,3
XFMR-020767,2017-04-17 13:56:09.280497,WO-006439,preventive,4,3
XFMR-020767,2024-04-12 13:56:09.280511,WO-006440,routine,3,3
XFMR-001238,2022-07-05 13:56:09.280531,WO-006441,routine,4,3
XFMR-001238,2022-01-03 13:56:09.280541,WO-006442,preventive,3,3
XFMR-017087,2021-06-27 13:56:09.280561,WO-006443,emergency,4,4
XFMR-017087,2018-07-23 13:56:09.280572,WO-006444,routine,5,4
XFMR-017087,2019-04-17 13:56:09.280582,WO-006445,routine,3,4
XFMR-011840,2020-10-22 13:56:09.280602,WO-006446,emergency,3,3
XFMR-011840,2020-12-18 13:56:09.280613,WO-006447,routine,3,3
XFMR-015644,2025-11-21 13:56:09.280633,WO-006448,routine,2,2
XFMR-015644,2019-11-19 13:56:09.280643,WO-006449,routine,1,2
XFMR-020838,2017-05-15 13:56:09.280663,WO-006450,routine,3,3
XFMR-020838,2024-05-23 13:56:09.280673,WO-006451,routine,4,3
XFMR-020838,2016-08-21 13:56:09.280683,WO-006452,routine,2,3
XFMR-017037,2021-08-30 13:56:09.280703,WO-006453,routine,1,1
XFMR-017037,2021-03-05 13:56:09.280714,WO-006454,preventive,2,1
XFMR-005226,2023-09-27 13:56:09.280733,WO-006455,routine,2,2
XFMR-005226,2019-06-02 13:56:09.280744,WO-006456,routine,1,2
XFMR-000042,2020-11-23 13:56:09.280764,WO-006457,routine,3,2
XFMR-009513,2023-03-05 13:56:09.280785,WO-006458,preventive,3,3
XFMR-009513,2017-04-29 13:56:09.280795,WO-006459,routine,2,3
XFMR-009513,2024-05-15 13:56:09.280805,WO-006460,emergency,2,3
XFMR-009967,2019-08-06 13:56:09.280825,WO-006461,routine,2,3
XFMR-009967,2024-01-19 13:56:09.280836,WO-006462,routine,3,3
XFMR-009967,2016-09-18 13:56:09.280845,WO-006463,preventive,4,3
XFMR-003572,2022-11-19 13:56:09.280865,WO-006464,routine,4,3
XFMR-003572,2020-12-19 13:56:09.280875,WO-006465,emergency,4,3
XFMR-012598,2017-07-24 13:56:09.280895,WO-006466,routine,4,3
XFMR-012598,2017-04-25 13:56:09.280906,WO-006467,routine,4,3
XFMR-012598,2023-04-17 13:56:09.280916,WO-006468,routine,3,3
XFMR-012026,2022-07-25 13:56:09.280935,WO-006469,emergency,1,1
XFMR-012026,2019-03-23 13:56:09.280946,WO-006470,routine,1,1
XFMR-012026,2016-12-24 13:56:09.280955,WO-006471,routine,1,1
XFMR-006144,2016-03-13 13:56:09.280975,WO-006472,routine,2,3
XFMR-006144,2019-04-06 13:56:09.280985,WO-006473,emergency,4,3
XFMR-002579,2025-03-18 13:56:09.281005,WO-006474,routine,2,2
XFMR-006663,2021-11-01 13:56:09.281025,WO-006475,routine,2,3
XFMR-015958,2018-12-02 13:56:09.281046,WO-006476,routine,2,3
XFMR-015958,2022-08-11 13:56:09.281056,WO-006477,routine,4,3
XFMR-015958,2017-09-07 13:56:09.281066,WO-006478,routine,3,3
XFMR-002035,2021-06-18 13:56:09.281086,WO-006479,routine,4,5
XFMR-001124,2023-01-07 13:56:09.281106,WO-006480,routine,4,3
XFMR-004179,2023-05-10 13:56:09.281127,WO-006481,routine,3,2
XFMR-014016,2019-08-15 13:56:09.281147,WO-006482,routine,2,3
XFMR-014016,2016-04-24 13:56:09.281157,WO-006483,routine,4,3
XFMR-020002,2016-06-27 13:56:09.281177,WO-006484,routine,3,4
XFMR-020002,2019-04-09 13:56:09.281187,WO-006485,routine,5,4
XFMR-020002,2024-01-09 13:56:09.281197,WO-006486,routine,3,4
XFMR-017021,2019-06-18 13:56:09.281217,WO-006487,emergency,5,4
XFMR-015653,2022-02-08 13:56:09.281238,WO-006488,routine,5,5
XFMR-014064,2017-10-16 13:56:09.281258,WO-006489,routine,4,4
XFMR-014064,2017-09-30 13:56:09.281269,WO-006490,preventive,4,4
XFMR-014064,2016-08-31 13:56:09.281279,WO-006491,routine,4,4
XFMR-017985,2025-12-27 13:56:09.281298,WO-006492,routine,4,3
XFMR-017985,2020-07-22 13:56:09.281309,WO-006493,routine,3,3
XFMR-011794,2024-04-26 13:56:09.281329,WO-006494,routine,2,3
XFMR-011794,2019-11-14 13:56:09.281339,WO-006495,preventive,4,3
XFMR-011794,2021-05-17 13:56:09.281349,WO-006496,routine,4,3
XFMR-014075,2018-06-15 13:56:09.281368,WO-006497,routine,3,2
XFMR-014075,2019-03-16 13:56:09.281379,WO-006498,routine,2,2
XFMR-001348,2020-01-15 13:56:09.281399,WO-006499,routine,3,4
XFMR-011506,2020-04-05 13:56:09.281419,WO-006500,routine,5,5
XFMR-011506,2025-09-10 13:56:09.281430,WO-006501,routine,5,5
XFMR-011506,2025-11-02 13:56:09.281440,WO-006502,routine,4,5
XFMR-002586,2024-06-11 13:56:09.281459,WO-006503,routine,2,2
XFMR-010762,2019-01-02 13:56:09.281480,WO-006504,routine,3,2
XFMR-010762,2024-08-06 13:56:09.281490,WO-006505,preventive,2,2
XFMR-011732,2020-07-20 13:56:09.281510,WO-006506,emergency,4,4
XFMR-014604,2020-10-10 13:56:09.281530,WO-006507,emergency,4,5
XFMR-014604,2016-07-30 13:56:09.281541,WO-006508,preventive,4,5
XFMR-014604,2018-03-22 13:56:09.281550,WO-006509,preventive,5,5
XFMR-010298,2017-01-10 13:56:09.281570,WO-006510,routine,1,2
XFMR-010298,2017-08-12 13:56:09.281581,WO-006511,preventive,2,2
XFMR-004326,2019-11-20 13:56:09.281601,WO-006512,routine,4,4
XFMR-004326,2017-07-28 13:56:09.281611,WO-006513,routine,5,4
XFMR-004326,2024-11-10 13:56:09.281621,WO-006514,preventive,4,4
XFMR-013492,2019-01-26 13:56:09.281641,WO-006515,routine,4,4
XFMR-013492,2019-11-01 13:56:09.281651,WO-006516,routine,5,4
XFMR-013492,2023-04-30 13:56:09.281661,WO-006517,routine,4,4
XFMR-008084,2024-11-20 13:56:09.281681,WO-006518,preventive,1,1
XFMR-008084,2016-12-23 13:56:09.281692,WO-006519,routine,1,1
XFMR-001941,2022-09-14 13:56:09.281712,WO-006520,preventive,1,2
XFMR-001941,2023-06-26 13:56:09.281722,WO-006521,emergency,3,2
XFMR-001941,2025-04-26 13:56:09.281732,WO-006522,preventive,1,2
XFMR-000091,2017-02-03 13:56:09.281757,WO-006523,routine,3,4
XFMR-018982,2016-08-17 13:56:09.281778,WO-006524,routine,2,2
XFMR-000036,2018-06-26 13:56:09.281799,WO-006525,routine,4,3
XFMR-015111,2021-05-01 13:56:09.281819,WO-006526,routine,1,2
XFMR-015111,2023-04-20 13:56:09.281830,WO-006527,preventive,2,2
XFMR-015111,2020-11-22 13:56:09.281840,WO-006528,routine,2,2
XFMR-020051,2025-02-27 13:56:09.281859,WO-006529,routine,1,2
XFMR-020051,2025-04-03 13:56:09.281870,WO-006530,routine,1,2
XFMR-020051,2021-03-13 13:56:09.281880,WO-006531,routine,2,2
XFMR-009812,2024-09-26 13:56:09.281900,WO-006532,routine,3,3
XFMR-009812,2021-09-11 13:56:09.281910,WO-006533,routine,2,3
XFMR-005709,2021-08-12 13:56:09.281930,WO-006534,routine,1,2
XFMR-014870,2019-09-01 13:56:09.281951,WO-006535,routine,2,2
XFMR-013067,2018-07-11 13:56:09.281971,WO-006536,routine,2,2
XFMR-013067,2016-07-22 13:56:09.281982,WO-006537,preventive,3,2
XFMR-013067,2018-05-13 13:56:09.281992,WO-006538,preventive,1,2
XFMR-021334,2022-03-20 13:56:09.282012,WO-006539,routine,2,3
XFMR-021334,2022-03-04 13:56:09.282022,WO-006540,routine,4,3
XFMR-021334,2016-09-20 13:56:09.282032,WO-006541,preventive,2,3
XFMR-006735,2020-01-30 13:56:09.282052,WO-006542,preventive,1,1
XFMR-006735,2021-07-29 13:56:09.282063,WO-006543,routine,2,1
XFMR-006735,2018-09-29 13:56:09.282073,WO-006544,preventive,1,1
XFMR-017426,2024-05-26 13:56:09.282092,WO-006545,preventive,2,2
XFMR-017426,2026-01-26 13:56:09.282103,WO-006546,routine,3,2
XFMR-017426,2016-04-04 13:56:09.282113,WO-006547,routine,1,2
XFMR-004049,2016-04-30 13:56:09.282134,WO-006548,routine,2,2
XFMR-004049,2023-08-09 13:56:09.282145,WO-006549,emergency,1,2
XFMR-004049,2017-05-13 13:56:09.282155,WO-006550,routine,3,2
XFMR-019096,2025-03-18 13:56:09.282175,WO-006551,routine,5,4
XFMR-019096,2022-04-24 13:56:09.282185,WO-006552,routine,5,4
XFMR-000706,2022-05-15 13:56:09.282205,WO-006553,emergency,4,3
XFMR-000706,2024-08-03 13:56:09.282216,WO-006554,preventive,4,3
XFMR-002208,2019-12-08 13:56:09.282235,WO-006555,routine,2,3
XFMR-006771,2016-09-01 13:56:09.282256,WO-006556,routine,2,1
XFMR-006771,2017-01-31 13:56:09.282266,WO-006557,routine,2,1
XFMR-019467,2017-06-07 13:56:09.282286,WO-006558,routine,3,2
XFMR-015502,2018-05-20 13:56:09.282307,WO-006559,routine,3,2
XFMR-015502,2025-02-01 13:56:09.282317,WO-006560,preventive,3,2
XFMR-013916,2022-05-20 13:56:09.282337,WO-006561,routine,4,3
XFMR-013916,2024-12-19 13:56:09.282347,WO-006562,routine,4,3
XFMR-005793,2016-10-18 13:56:09.282367,WO-006563,routine,3,3
XFMR-005793,2018-02-05 13:56:09.282378,WO-006564,routine,4,3
XFMR-004032,2024-03-27 13:56:09.282397,WO-006565,routine,3,3
XFMR-011334,2019-12-05 13:56:09.282417,WO-006566,routine,3,2
XFMR-011334,2023-12-01 13:56:09.282428,WO-006567,routine,2,2
XFMR-011334,2020-12-05 13:56:09.282438,WO-006568,routine,3,2
XFMR-002959,2023-08-19 13:56:09.282457,WO-006569,routine,5,4
XFMR-002959,2022-01-05 13:56:09.282468,WO-006570,preventive,4,4
XFMR-019450,2024-05-06 13:56:09.282487,WO-006571,emergency,4,5
XFMR-019450,2025-12-02 13:56:09.282498,WO-006572,routine,5,5
XFMR-005082,2023-01-05 13:56:09.282518,WO-006573,routine,1,2
XFMR-005082,2020-08-16 13:56:09.282528,WO-006574,routine,1,2
XFMR-004561,2017-12-06 13:56:09.282548,WO-006575,emergency,4,4
XFMR-004561,2017-02-02 13:56:09.282559,WO-006576,routine,5,4
XFMR-004561,2021-10-30 13:56:09.282569,WO-006577,routine,5,4
XFMR-009971,2020-02-01 13:56:09.282588,WO-006578,routine,1,1
XFMR-009971,2025-10-09 13:56:09.282599,WO-006579,preventive,1,1
XFMR-009971,2016-06-28 13:56:09.282609,WO-006580,routine,2,1
XFMR-003249,2022-01-02 13:56:09.282629,WO-006581,emergency,3,4
XFMR-017268,2016-06-17 13:56:09.282649,WO-006582,routine,2,2
XFMR-017268,2020-07-02 13:56:09.282660,WO-006583,routine,2,2
XFMR-020164,2020-03-07 13:56:09.282679,WO-006584,routine,2,2
XFMR-020164,2019-05-26 13:56:09.282690,WO-006585,routine,3,2
XFMR-020164,2025-12-23 13:56:09.282699,WO-006586,preventive,3,2
XFMR-017688,2021-06-14 13:56:09.282721,WO-006587,preventive,4,4
XFMR-017688,2017-03-09 13:56:09.282732,WO-006588,routine,4,4
XFMR-017688,2019-03-20 13:56:09.282742,WO-006589,emergency,3,4
XFMR-019899,2025-04-11 13:56:09.282766,WO-006590,routine,4,5
XFMR-019899,2017-02-02 13:56:09.282777,WO-006591,routine,5,5
XFMR-005926,2017-12-04 13:56:09.282803,WO-006592,routine,4,3
XFMR-005926,2017-10-02 13:56:09.282816,WO-006593,routine,2,3
XFMR-005926,2018-11-24 13:56:09.282830,WO-006594,routine,3,3
XFMR-009681,2022-07-01 13:56:09.282857,WO-006595,routine,2,3
XFMR-006152,2016-08-02 13:56:09.282882,WO-006596,routine,2,3
XFMR-004402,2016-04-21 13:56:09.282973,WO-006597,routine,2,3
XFMR-004402,2025-02-18 13:56:09.282994,WO-006598,routine,4,3
XFMR-020936,2025-03-29 13:56:09.283030,WO-006599,preventive,1,1
XFMR-015085,2016-10-16 13:56:09.283056,WO-006600,routine,3,2
XFMR-015085,2017-05-11 13:56:09.283070,WO-006601,emergency,3,2
XFMR-002003,2021-11-15 13:56:09.283100,WO-006602,emergency,5,5
XFMR-002003,2017-10-20 13:56:09.283115,WO-006603,routine,4,5
XFMR-002003,2021-02-07 13:56:09.283130,WO-006604,routine,5,5
XFMR-008355,2016-09-07 13:56:09.283159,WO-006605,preventive,2,3
XFMR-006154,2018-03-13 13:56:09.283189,WO-006606,routine,3,2
XFMR-006154,2025-10-29 13:56:09.283203,WO-006607,emergency,2,2
XFMR-006154,2022-08-03 13:56:09.283213,WO-006608,routine,2,2
XFMR-010133,2022-11-10 13:56:09.283236,WO-006609,emergency,3,3
XFMR-014635,2018-02-01 13:56:09.283257,WO-006610,preventive,2,3
XFMR-014635,2025-06-04 13:56:09.283268,WO-006611,routine,2,3
XFMR-005810,2017-02-24 13:56:09.283288,WO-006612,emergency,2,2
XFMR-016721,2017-04-04 13:56:09.283309,WO-006613,preventive,2,2
XFMR-016721,2020-03-05 13:56:09.283320,WO-006614,routine,3,2
XFMR-016721,2022-06-28 13:56:09.283330,WO-006615,routine,2,2
XFMR-003493,2018-07-13 13:56:09.283350,WO-006616,preventive,3,4
XFMR-003493,2016-05-20 13:56:09.283361,WO-006617,emergency,4,4
XFMR-013004,2024-10-16 13:56:09.283381,WO-006618,routine,3,3
XFMR-013004,2024-07-25 13:56:09.283392,WO-006619,emergency,3,3
XFMR-015820,2019-03-12 13:56:09.283412,WO-006620,routine,1,2
XFMR-015820,2024-05-04 13:56:09.283423,WO-006621,routine,1,2
XFMR-018875,2022-03-18 13:56:09.283442,WO-006622,preventive,3,4
XFMR-018875,2022-06-25 13:56:09.283453,WO-006623,routine,4,4
XFMR-013740,2020-07-09 13:56:09.283473,WO-006624,routine,1,2
XFMR-013740,2022-10-09 13:56:09.283483,WO-006625,routine,2,2
XFMR-013740,2016-08-15 13:56:09.283493,WO-006626,preventive,1,2
XFMR-004294,2025-12-12 13:56:09.283513,WO-006627,preventive,5,4
XFMR-004294,2021-02-15 13:56:09.283524,WO-006628,routine,3,4
XFMR-004294,2022-05-20 13:56:09.283534,WO-006629,preventive,3,4
XFMR-008586,2020-02-25 13:56:09.283554,WO-006630,routine,4,3
XFMR-015398,2021-01-22 13:56:09.283574,WO-006631,routine,3,4
XFMR-015398,2016-11-08 13:56:09.283585,WO-006632,preventive,4,4
XFMR-015042,2019-08-03 13:56:09.283605,WO-006633,routine,1,1
XFMR-015042,2024-10-05 13:56:09.283620,WO-006634,routine,1,1
XFMR-015042,2017-12-04 13:56:09.283630,WO-006635,routine,1,1
XFMR-012370,2026-02-02 13:56:09.283659,WO-006636,preventive,4,3
XFMR-012370,2017-03-10 13:56:09.283670,WO-006637,routine,4,3
XFMR-012370,2017-08-19 13:56:09.283680,WO-006638,preventive,4,3
XFMR-011777,2024-03-07 13:56:09.283701,WO-006639,routine,4,3
XFMR-011777,2017-01-20 13:56:09.283712,WO-006640,routine,3,3
XFMR-004116,2018-07-18 13:56:09.283734,WO-006641,routine,3,2
XFMR-004116,2021-05-07 13:56:09.283744,WO-006642,routine,1,2
XFMR-013445,2025-03-15 13:56:09.283764,WO-006643,emergency,4,4
XFMR-013445,2020-12-21 13:56:09.283775,WO-006644,routine,5,4
XFMR-013445,2023-02-06 13:56:09.283785,WO-006645,routine,4,4
XFMR-004640,2022-02-20 13:56:09.283804,WO-006646,preventive,4,3
XFMR-004640,2024-07-04 13:56:09.283815,WO-006647,routine,2,3
XFMR-014545,2017-12-07 13:56:09.283835,WO-006648,routine,2,2
XFMR-014545,2024-06-02 13:56:09.283845,WO-006649,preventive,3,2
XFMR-014545,2018-11-04 13:56:09.283855,WO-006650,routine,2,2
XFMR-014432,2019-01-13 13:56:09.283875,WO-006651,routine,5,5
XFMR-014432,2025-03-04 13:56:09.283885,WO-006652,routine,4,5
XFMR-014432,2021-07-26 13:56:09.283895,WO-006653,routine,5,5
XFMR-009148,2024-03-24 13:56:09.283915,WO-006654,emergency,2,3
XFMR-007782,2016-07-30 13:56:09.283935,WO-006655,routine,5,4
XFMR-007782,2023-07-25 13:56:09.283946,WO-006656,preventive,5,4
XFMR-016887,2019-07-20 13:56:09.283966,WO-006657,emergency,2,3
XFMR-017717,2020-06-07 13:56:09.283986,WO-006658,routine,5,5
XFMR-017717,2025-02-23 13:56:09.283997,WO-006659,routine,5,5
XFMR-017717,2019-11-10 13:56:09.284007,WO-006660,routine,4,5
XFMR-001867,2019-07-30 13:56:09.284027,WO-006661,routine,4,3
XFMR-001867,2017-02-09 13:56:09.284037,WO-006662,routine,4,3
XFMR-001867,2018-11-05 13:56:09.284047,WO-006663,routine,4,3
XFMR-002222,2019-07-16 13:56:09.284067,WO-006664,routine,2,2
XFMR-004107,2020-07-08 13:56:09.284087,WO-006665,routine,4,4
XFMR-018785,2025-01-19 13:56:09.284108,WO-006666,emergency,2,2
XFMR-018785,2017-09-19 13:56:09.284118,WO-006667,preventive,2,2
XFMR-006604,2019-01-10 13:56:09.284138,WO-006668,routine,3,2
XFMR-006604,2018-12-29 13:56:09.284148,WO-006669,routine,3,2
XFMR-006604,2017-07-16 13:56:09.284158,WO-006670,preventive,2,2
XFMR-014144,2018-03-02 13:56:09.284178,WO-006671,routine,2,2
XFMR-014144,2016-12-08 13:56:09.284188,WO-006672,routine,2,2
XFMR-014144,2025-05-06 13:56:09.284198,WO-006673,preventive,1,2
XFMR-000260,2020-09-08 13:56:09.284218,WO-006674,routine,3,4
XFMR-005313,2023-11-21 13:56:09.284243,WO-006675,routine,5,4
XFMR-005313,2017-12-05 13:56:09.284254,WO-006676,routine,5,4
XFMR-005313,2024-06-10 13:56:09.284263,WO-006677,preventive,4,4
XFMR-000652,2017-10-09 13:56:09.284283,WO-006678,routine,1,2
XFMR-018513,2019-04-18 13:56:09.284306,WO-006679,routine,4,5
XFMR-018513,2017-06-03 13:56:09.284316,WO-006680,routine,5,5
XFMR-018513,2022-10-30 13:56:09.284326,WO-006681,routine,5,5
XFMR-021286,2017-08-14 13:56:09.284346,WO-006682,routine,5,5
XFMR-021286,2021-11-10 13:56:09.284357,WO-006683,routine,5,5
XFMR-013964,2018-06-28 13:56:09.284377,WO-006684,routine,2,2
XFMR-010501,2020-10-08 13:56:09.284397,WO-006685,routine,1,2
XFMR-010501,2018-08-01 13:56:09.284408,WO-006686,routine,3,2
XFMR-009691,2024-10-31 13:56:09.284427,WO-006687,routine,3,4
XFMR-009691,2019-12-01 13:56:09.284438,WO-006688,routine,4,4
XFMR-009691,2020-01-23 13:56:09.284448,WO-006689,routine,5,4
XFMR-020079,2025-01-05 13:56:09.284468,WO-006690,preventive,1,2
XFMR-020079,2022-07-31 13:56:09.284479,WO-006691,routine,1,2
XFMR-005663,2024-12-21 13:56:09.284498,WO-006692,preventive,4,3
XFMR-005663,2019-11-19 13:56:09.284509,WO-006693,routine,3,3
XFMR-005663,2022-01-16 13:56:09.284518,WO-006694,routine,3,3
XFMR-005929,2018-09-11 13:56:09.284538,WO-006695,routine,3,4
XFMR-005929,2021-11-02 13:56:09.284549,WO-006696,routine,4,4
XFMR-000837,2021-05-29 13:56:09.284568,WO-006697,routine,5,5
XFMR-004485,2019-12-01 13:56:09.284589,WO-006698,routine,5,5
XFMR-009381,2024-05-26 13:56:09.284609,WO-006699,routine,4,3
XFMR-006367,2025-10-25 13:56:09.284629,WO-006700,preventive,5,4
XFMR-019056,2018-10-12 13:56:09.284650,WO-006701,routine,4,4
XFMR-019056,2024-02-06 13:56:09.284660,WO-006702,emergency,5,4
XFMR-008695,2017-08-29 13:56:09.284680,WO-006703,emergency,4,3
XFMR-020088,2025-08-01 13:56:09.284701,WO-006704,emergency,1,2
XFMR-020088,2022-11-01 13:56:09.284711,WO-006705,routine,1,2
XFMR-020088,2021-01-22 13:56:09.284721,WO-006706,routine,3,2
XFMR-008974,2023-09-29 13:56:09.284741,WO-006707,routine,1,2
XFMR-000018,2017-08-09 13:56:09.284762,WO-006708,routine,4,4
XFMR-020774,2019-01-02 13:56:09.284784,WO-006709,routine,1,1
XFMR-020774,2023-07-19 13:56:09.284794,WO-006710,routine,2,1
XFMR-017664,2024-04-03 13:56:09.284814,WO-006711,preventive,4,4
XFMR-017664,2023-09-08 13:56:09.284825,WO-006712,routine,4,4
XFMR-018416,2016-03-20 13:56:09.284845,WO-006713,routine,5,4
XFMR-018416,2023-12-12 13:56:09.284855,WO-006714,routine,3,4
XFMR-009210,2022-01-28 13:56:09.284875,WO-006715,routine,4,3
XFMR-007655,2024-09-30 13:56:09.284896,WO-006716,preventive,4,4
XFMR-007655,2018-12-06 13:56:09.284906,WO-006717,routine,5,4
XFMR-010077,2022-01-08 13:56:09.284926,WO-006718,routine,2,3
XFMR-010077,2025-07-20 13:56:09.284936,WO-006719,routine,4,3
XFMR-015855,2021-05-26 13:56:09.284956,WO-006720,preventive,3,2
XFMR-015855,2024-10-24 13:56:09.284967,WO-006721,preventive,3,2
XFMR-015855,2023-04-25 13:56:09.284976,WO-006722,routine,3,2
XFMR-007370,2025-09-21 13:56:09.284996,WO-006723,routine,5,4
XFMR-005993,2019-04-14 13:56:09.285017,WO-006724,preventive,4,4
XFMR-008294,2021-02-10 13:56:09.285037,WO-006725,routine,1,1
XFMR-008294,2025-07-11 13:56:09.285048,WO-006726,routine,1,1
XFMR-008294,2025-03-29 13:56:09.285058,WO-006727,routine,1,1
XFMR-012091,2016-10-01 13:56:09.285077,WO-006728,routine,5,5
XFMR-012091,2022-01-15 13:56:09.285088,WO-006729,routine,4,5
XFMR-012091,2019-05-30 13:56:09.285098,WO-006730,routine,5,5
XFMR-018626,2021-09-10 13:56:09.285118,WO-006731,routine,1,2
XFMR-018626,2019-09-17 13:56:09.285128,WO-006732,routine,3,2
XFMR-006608,2022-06-01 13:56:09.285148,WO-006733,routine,2,1
XFMR-006608,2023-06-01 13:56:09.285159,WO-006734,emergency,1,1
XFMR-006608,2021-08-19 13:56:09.285169,WO-006735,routine,2,1
XFMR-016216,2024-06-30 13:56:09.285189,WO-006736,routine,2,3
XFMR-018736,2025-04-25 13:56:09.285209,WO-006737,routine,3,4
XFMR-018736,2022-09-13 13:56:09.285220,WO-006738,routine,4,4
XFMR-004606,2020-06-20 13:56:09.285239,WO-006739,routine,2,3
XFMR-004606,2021-08-08 13:56:09.285250,WO-006740,preventive,4,3
XFMR-004606,2019-10-22 13:56:09.285260,WO-006741,routine,2,3
XFMR-000648,2017-06-15 13:56:09.285280,WO-006742,routine,4,3
XFMR-000648,2018-12-25 13:56:09.285290,WO-006743,preventive,2,3
XFMR-000648,2020-07-03 13:56:09.285300,WO-006744,emergency,2,3
XFMR-010608,2025-09-24 13:56:09.285320,WO-006745,routine,5,4
XFMR-010608,2023-06-27 13:56:09.285331,WO-006746,preventive,4,4
XFMR-010608,2021-05-22 13:56:09.285341,WO-006747,routine,4,4
XFMR-009023,2016-11-02 13:56:09.285360,WO-006748,routine,1,2
XFMR-009023,2019-11-08 13:56:09.285371,WO-006749,routine,2,2
XFMR-009023,2017-04-14 13:56:09.285381,WO-006750,emergency,3,2
XFMR-013686,2020-07-13 13:56:09.285400,WO-006751,preventive,5,4
XFMR-003430,2021-07-19 13:56:09.285421,WO-006752,routine,1,2
XFMR-003355,2026-01-23 13:56:09.285441,WO-006753,emergency,2,1
XFMR-003355,2021-11-27 13:56:09.285451,WO-006754,emergency,2,1
XFMR-001322,2021-10-15 13:56:09.285471,WO-006755,routine,3,4
XFMR-008982,2017-10-03 13:56:09.285491,WO-006756,routine,5,5
XFMR-008982,2017-01-28 13:56:09.285502,WO-006757,routine,5,5
XFMR-016031,2019-06-21 13:56:09.285525,WO-006758,emergency,2,3
XFMR-016031,2020-11-21 13:56:09.285536,WO-006759,routine,3,3
XFMR-016031,2022-02-24 13:56:09.285546,WO-006760,routine,4,3
XFMR-015607,2023-06-14 13:56:09.285566,WO-006761,preventive,3,2
XFMR-015607,2022-10-28 13:56:09.285576,WO-006762,routine,3,2
XFMR-015607,2023-04-09 13:56:09.285586,WO-006763,routine,2,2
XFMR-018077,2023-03-13 13:56:09.285606,WO-006764,routine,3,3
XFMR-018077,2025-02-01 13:56:09.285616,WO-006765,preventive,3,3
XFMR-001906,2023-06-21 13:56:09.285636,WO-006766,routine,5,4
XFMR-001906,2020-04-09 13:56:09.285646,WO-006767,routine,4,4
XFMR-001906,2022-03-01 13:56:09.285656,WO-006768,preventive,5,4
XFMR-016935,2025-11-14 13:56:09.285676,WO-006769,routine,5,4
XFMR-016935,2025-06-10 13:56:09.285686,WO-006770,routine,5,4
XFMR-016935,2023-03-21 13:56:09.285696,WO-006771,routine,4,4
XFMR-007536,2017-05-13 13:56:09.285716,WO-006772,preventive,2,2
XFMR-009842,2016-07-19 13:56:09.285737,WO-006773,routine,5,5
XFMR-009842,2017-02-06 13:56:09.285747,WO-006774,preventive,5,5
XFMR-009842,2024-09-01 13:56:09.285757,WO-006775,emergency,5,5
XFMR-015838,2017-07-22 13:56:09.285777,WO-006776,routine,1,2
XFMR-015838,2023-01-17 13:56:09.285788,WO-006777,routine,3,2
XFMR-015838,2025-09-20 13:56:09.285798,WO-006778,routine,1,2
XFMR-019578,2024-07-28 13:56:09.285817,WO-006779,routine,1,2
XFMR-019578,2020-01-04 13:56:09.285833,WO-006780,preventive,3,2
XFMR-019578,2022-05-08 13:56:09.285843,WO-006781,routine,2,2
XFMR-020479,2016-12-28 13:56:09.285862,WO-006782,emergency,2,2
XFMR-020479,2017-02-16 13:56:09.285873,WO-006783,routine,2,2
XFMR-020479,2016-12-20 13:56:09.285883,WO-006784,routine,2,2
XFMR-010541,2019-05-12 13:56:09.285902,WO-006785,emergency,1,2
XFMR-013455,2024-12-06 13:56:09.285923,WO-006786,preventive,4,3
XFMR-013455,2016-04-17 13:56:09.285933,WO-006787,routine,2,3
XFMR-010145,2023-01-08 13:56:09.285953,WO-006788,routine,5,4
XFMR-010145,2021-05-07 13:56:09.285969,WO-006789,preventive,3,4
XFMR-010145,2021-01-31 13:56:09.285979,WO-006790,routine,4,4
XFMR-021259,2018-02-13 13:56:09.285998,WO-006791,routine,2,2
XFMR-021259,2017-12-21 13:56:09.286009,WO-006792,emergency,3,2
XFMR-001430,2018-03-25 13:56:09.286029,WO-006793,emergency,3,4
XFMR-001430,2020-12-04 13:56:09.286039,WO-006794,routine,3,4
XFMR-004439,2017-01-30 13:56:09.286059,WO-006795,routine,4,5
XFMR-007357,2019-05-13 13:56:09.286080,WO-006796,routine,4,5
XFMR-000218,2025-07-05 13:56:09.286100,WO-006797,routine,3,2
XFMR-019640,2020-01-12 13:56:09.286121,WO-006798,routine,2,2
XFMR-013199,2017-03-16 13:56:09.286141,WO-006799,preventive,3,2
XFMR-012861,2020-12-01 13:56:09.286161,WO-006800,preventive,3,3
XFMR-012861,2017-01-11 13:56:09.286171,WO-006801,routine,4,3
XFMR-016516,2018-10-15 13:56:09.286191,WO-006802,preventive,3,4
XFMR-016516,2017-11-05 13:56:09.286202,WO-006803,routine,4,4
XFMR-016516,2018-04-21 13:56:09.286211,WO-006804,routine,5,4
XFMR-001397,2019-11-19 13:56:09.286233,WO-006805,emergency,3,4
XFMR-001397,2019-09-07 13:56:09.286244,WO-006806,routine,5,4
XFMR-013888,2023-01-13 13:56:09.286264,WO-006807,emergency,1,1
XFMR-013888,2018-08-03 13:56:09.286274,WO-006808,routine,1,1
XFMR-013888,2017-03-05 13:56:09.286284,WO-006809,preventive,1,1
XFMR-007317,2018-09-12 13:56:09.286304,WO-006810,routine,1,1
XFMR-011582,2017-11-08 13:56:09.286324,WO-006811,preventive,2,3
XFMR-015009,2018-01-22 13:56:09.286344,WO-006812,routine,1,2
XFMR-006217,2023-10-29 13:56:09.286364,WO-006813,routine,2,1
XFMR-006217,2023-10-12 13:56:09.286375,WO-006814,preventive,1,1
XFMR-003837,2024-04-25 13:56:09.286395,WO-006815,routine,4,4
XFMR-003837,2016-06-04 13:56:09.286405,WO-006816,routine,3,4
XFMR-001740,2026-01-14 13:56:09.286425,WO-006817,routine,4,3
XFMR-001740,2017-07-08 13:56:09.286435,WO-006818,preventive,4,3
XFMR-001740,2017-04-30 13:56:09.286445,WO-006819,routine,2,3
XFMR-014013,2024-09-17 13:56:09.286464,WO-006820,routine,4,3
XFMR-014013,2025-07-21 13:56:09.286475,WO-006821,emergency,2,3
XFMR-009241,2022-11-07 13:56:09.286495,WO-006822,routine,4,3
XFMR-008207,2022-06-07 13:56:09.286515,WO-006823,routine,3,2
XFMR-008207,2019-08-04 13:56:09.286525,WO-006824,routine,2,2
XFMR-008207,2023-01-06 13:56:09.286535,WO-006825,routine,2,2
XFMR-009163,2018-04-07 13:56:09.286555,WO-006826,emergency,5,5
XFMR-009163,2017-06-25 13:56:09.286565,WO-006827,preventive,4,5
XFMR-007667,2018-04-15 13:56:09.286585,WO-006828,routine,3,2
XFMR-004292,2021-09-21 13:56:09.286605,WO-006829,routine,3,2
XFMR-016349,2023-09-28 13:56:09.286625,WO-006830,routine,1,2
XFMR-016349,2018-09-12 13:56:09.286636,WO-006831,routine,2,2
XFMR-016349,2025-01-12 13:56:09.286646,WO-006832,routine,1,2
XFMR-020121,2024-02-15 13:56:09.286665,WO-006833,routine,4,4
XFMR-009923,2017-08-29 13:56:09.286686,WO-006834,routine,4,5
XFMR-009923,2024-12-19 13:56:09.286696,WO-006835,routine,5,5
XFMR-009923,2022-09-22 13:56:09.286707,WO-006836,routine,5,5
XFMR-010712,2019-07-12 13:56:09.286727,WO-006837,routine,4,3
XFMR-016340,2017-12-12 13:56:09.286749,WO-006838,routine,4,3
XFMR-009732,2020-10-06 13:56:09.286777,WO-006839,emergency,2,3
XFMR-011244,2018-01-19 13:56:09.286798,WO-006840,routine,1,2
XFMR-011244,2018-01-31 13:56:09.286809,WO-006841,preventive,3,2
XFMR-011244,2016-08-16 13:56:09.286819,WO-006842,routine,3,2
XFMR-020949,2022-03-25 13:56:09.286839,WO-006843,routine,3,2
XFMR-020949,2023-11-05 13:56:09.286849,WO-006844,routine,1,2
XFMR-001188,2025-08-16 13:56:09.286869,WO-006845,routine,1,2
XFMR-001188,2025-06-08 13:56:09.286881,WO-006846,routine,2,2
XFMR-001188,2021-01-03 13:56:09.286892,WO-006847,routine,3,2
XFMR-002798,2020-06-04 13:56:09.286912,WO-006848,routine,4,3
XFMR-017304,2023-10-25 13:56:09.286936,WO-006849,preventive,2,1
XFMR-017304,2023-03-26 13:56:09.286951,WO-006850,routine,1,1
XFMR-017304,2023-11-13 13:56:09.286965,WO-006851,routine,2,1
XFMR-018824,2021-07-28 13:56:09.286993,WO-006852,routine,4,3
XFMR-000892,2023-07-10 13:56:09.287027,WO-006853,routine,3,3
XFMR-000892,2025-04-24 13:56:09.287042,WO-006854,preventive,2,3
XFMR-000892,2025-07-29 13:56:09.287055,WO-006855,routine,3,3
XFMR-014555,2018-11-01 13:56:09.287082,WO-006856,routine,4,4
XFMR-014555,2017-01-25 13:56:09.287096,WO-006857,preventive,5,4
XFMR-014555,2016-06-22 13:56:09.287109,WO-006858,emergency,4,4
XFMR-001324,2022-12-23 13:56:09.287133,WO-006859,routine,1,2
XFMR-018539,2025-12-31 13:56:09.287156,WO-006860,routine,1,2
XFMR-018539,2022-03-06 13:56:09.287171,WO-006861,routine,3,2
XFMR-018539,2021-05-30 13:56:09.287186,WO-006862,routine,2,2
XFMR-020731,2016-09-21 13:56:09.287211,WO-006863,routine,3,3
XFMR-020731,2017-01-16 13:56:09.287221,WO-006864,routine,4,3
XFMR-020731,2023-02-20 13:56:09.287231,WO-006865,routine,4,3
XFMR-008280,2022-01-23 13:56:09.287251,WO-006866,preventive,3,3
XFMR-008280,2016-12-03 13:56:09.287261,WO-006867,routine,2,3
XFMR-001839,2023-06-02 13:56:09.287282,WO-006868,routine,4,4
XFMR-001839,2021-06-05 13:56:09.287293,WO-006869,routine,4,4
XFMR-019040,2021-11-06 13:56:09.287313,WO-006870,routine,3,3
XFMR-004045,2018-11-30 13:56:09.287334,WO-006871,routine,5,4
XFMR-021459,2019-08-22 13:56:09.287355,WO-006872,routine,4,3
XFMR-021459,2018-05-27 13:56:09.287365,WO-006873,routine,3,3
XFMR-021268,2017-11-23 13:56:09.287385,WO-006874,routine,1,1
XFMR-021268,2018-01-21 13:56:09.287396,WO-006875,routine,1,1
XFMR-011226,2018-08-16 13:56:09.287415,WO-006876,preventive,3,4
XFMR-005981,2017-12-26 13:56:09.287436,WO-006877,routine,5,4
XFMR-005981,2019-05-19 13:56:09.287446,WO-006878,emergency,4,4
XFMR-000388,2017-11-28 13:56:09.287466,WO-006879,routine,4,3
XFMR-000388,2021-09-22 13:56:09.287477,WO-006880,emergency,3,3
XFMR-000388,2016-04-10 13:56:09.287487,WO-006881,routine,2,3
XFMR-014034,2023-12-06 13:56:09.287506,WO-006882,routine,2,3
XFMR-014034,2025-02-26 13:56:09.287517,WO-006883,routine,4,3
XFMR-005983,2022-08-10 13:56:09.287537,WO-006884,routine,5,4
XFMR-005983,2020-01-01 13:56:09.287547,WO-006885,preventive,3,4
XFMR-005938,2025-12-30 13:56:09.287567,WO-006886,routine,4,3
XFMR-005938,2023-11-08 13:56:09.287577,WO-006887,routine,4,3
XFMR-005938,2021-05-02 13:56:09.287587,WO-006888,routine,4,3
XFMR-001359,2024-11-10 13:56:09.287607,WO-006889,routine,2,3
XFMR-001036,2016-08-21 13:56:09.287627,WO-006890,emergency,2,2
XFMR-007366,2025-06-02 13:56:09.287648,WO-006891,preventive,1,2
XFMR-007366,2016-04-14 13:56:09.287659,WO-006892,routine,1,2
XFMR-008360,2017-05-24 13:56:09.287678,WO-006893,emergency,1,1
XFMR-004442,2019-12-29 13:56:09.287698,WO-006894,emergency,3,2
XFMR-004442,2021-10-31 13:56:09.287709,WO-006895,preventive,1,2
XFMR-019145,2025-02-20 13:56:09.287729,WO-006896,routine,1,1
XFMR-019145,2020-10-07 13:56:09.287739,WO-006897,emergency,1,1
XFMR-002449,2019-06-03 13:56:09.287759,WO-006898,routine,2,3
XFMR-000842,2021-04-05 13:56:09.287779,WO-006899,routine,4,3
XFMR-000842,2019-09-18 13:56:09.287789,WO-006900,routine,4,3
XFMR-000842,2026-01-18 13:56:09.287799,WO-006901,routine,2,3
XFMR-017011,2020-07-19 13:56:09.287819,WO-006902,emergency,4,4
XFMR-017011,2021-11-13 13:56:09.287829,WO-006903,preventive,5,4
XFMR-003212,2020-06-04 13:56:09.287849,WO-006904,preventive,3,2
XFMR-003212,2018-09-05 13:56:09.287860,WO-006905,preventive,1,2
XFMR-003212,2016-05-06 13:56:09.287869,WO-006906,emergency,1,2
XFMR-004505,2025-10-04 13:56:09.287889,WO-006907,routine,3,3
XFMR-004505,2026-01-06 13:56:09.287900,WO-006908,routine,4,3
XFMR-017900,2018-01-14 13:56:09.287919,WO-006909,routine,4,4
XFMR-017900,2023-02-13 13:56:09.287930,WO-006910,routine,5,4
XFMR-006562,2016-07-21 13:56:09.287950,WO-006911,preventive,3,2
XFMR-006562,2023-05-27 13:56:09.287960,WO-006912,emergency,3,2
XFMR-005816,2023-11-26 13:56:09.287984,WO-006913,routine,1,1
XFMR-005816,2022-07-18 13:56:09.287995,WO-006914,routine,2,1
XFMR-005816,2018-10-31 13:56:09.288005,WO-006915,routine,1,1
XFMR-017696,2024-04-26 13:56:09.288025,WO-006916,emergency,1,2
XFMR-017696,2021-09-17 13:56:09.288035,WO-006917,routine,1,2
XFMR-017826,2016-07-18 13:56:09.288055,WO-006918,routine,3,3
XFMR-017826,2016-07-12 13:56:09.288065,WO-006919,routine,3,3
XFMR-007071,2017-05-01 13:56:09.288084,WO-006920,routine,3,3
XFMR-007071,2023-03-09 13:56:09.288095,WO-006921,routine,2,3
XFMR-007071,2017-12-01 13:56:09.288105,WO-006922,routine,3,3
XFMR-015555,2020-02-15 13:56:09.288124,WO-006923,preventive,4,3
XFMR-015555,2017-09-17 13:56:09.288135,WO-006924,routine,4,3
XFMR-017421,2018-10-27 13:56:09.288154,WO-006925,emergency,5,5
XFMR-017421,2021-05-20 13:56:09.288165,WO-006926,routine,5,5
XFMR-017421,2023-06-01 13:56:09.288175,WO-006927,routine,5,5
XFMR-006120,2023-11-25 13:56:09.288195,WO-006928,preventive,4,3
XFMR-007034,2017-03-30 13:56:09.288215,WO-006929,emergency,3,3
XFMR-007034,2016-03-26 13:56:09.288225,WO-006930,routine,4,3
XFMR-017213,2023-07-04 13:56:09.288246,WO-006931,routine,2,2
XFMR-017213,2022-02-24 13:56:09.288257,WO-006932,preventive,3,2
XFMR-020898,2019-09-27 13:56:09.288277,WO-006933,routine,2,1
XFMR-004029,2023-01-31 13:56:09.288298,WO-006934,routine,3,2
XFMR-004029,2016-09-25 13:56:09.288308,WO-006935,routine,3,2
XFMR-000141,2020-11-30 13:56:09.288328,WO-006936,routine,5,5
XFMR-000141,2017-09-14 13:56:09.288339,WO-006937,preventive,4,5
XFMR-014515,2016-11-15 13:56:09.288358,WO-006938,routine,1,2
XFMR-005287,2026-01-02 13:56:09.288379,WO-006939,routine,4,4
XFMR-005287,2025-04-04 13:56:09.288389,WO-006940,routine,4,4
XFMR-020753,2025-06-18 13:56:09.288409,WO-006941,routine,2,2
XFMR-015574,2025-10-27 13:56:09.288429,WO-006942,emergency,1,1
XFMR-015574,2025-02-06 13:56:09.288440,WO-006943,routine,1,1
XFMR-014411,2024-08-12 13:56:09.288460,WO-006944,routine,1,2
XFMR-011403,2019-05-26 13:56:09.288480,WO-006945,routine,3,3
XFMR-008766,2022-07-14 13:56:09.288501,WO-006946,routine,2,2
XFMR-008766,2016-03-20 13:56:09.288511,WO-006947,emergency,1,2
XFMR-002066,2018-12-16 13:56:09.288531,WO-006948,emergency,5,4
XFMR-019791,2025-11-08 13:56:09.288551,WO-006949,routine,3,3
XFMR-019791,2022-11-18 13:56:09.288561,WO-006950,routine,3,3
XFMR-019791,2020-04-05 13:56:09.288571,WO-006951,emergency,3,3
XFMR-003927,2021-11-06 13:56:09.288591,WO-006952,routine,2,2
XFMR-003927,2021-10-07 13:56:09.288602,WO-006953,routine,1,2
XFMR-003377,2019-01-29 13:56:09.288621,WO-006954,routine,3,3
XFMR-001445,2022-03-16 13:56:09.288641,WO-006955,routine,2,1
XFMR-001445,2025-03-07 13:56:09.288652,WO-006956,routine,2,1
XFMR-001445,2025-08-24 13:56:09.288662,WO-006957,preventive,2,1
XFMR-019900,2020-11-14 13:56:09.288681,WO-006958,routine,1,2
XFMR-019900,2018-04-27 13:56:09.288692,WO-006959,routine,2,2
XFMR-019900,2024-05-02 13:56:09.288702,WO-006960,routine,1,2
XFMR-001373,2016-07-30 13:56:09.288721,WO-006961,preventive,5,5
XFMR-001373,2022-11-10 13:56:09.288732,WO-006962,routine,5,5
XFMR-009350,2021-03-02 13:56:09.288752,WO-006963,routine,4,5
XFMR-009350,2020-12-11 13:56:09.288770,WO-006964,preventive,5,5
XFMR-002754,2023-02-14 13:56:09.288790,WO-006965,routine,2,2
XFMR-002754,2021-12-30 13:56:09.288800,WO-006966,routine,3,2
XFMR-002754,2020-07-15 13:56:09.288810,WO-006967,routine,2,2
XFMR-000279,2016-03-13 13:56:09.288830,WO-006968,routine,1,1
XFMR-000279,2022-09-16 13:56:09.288840,WO-006969,routine,1,1
XFMR-000279,2016-03-08 13:56:09.288850,WO-006970,emergency,1,1
XFMR-018415,2020-11-28 13:56:09.288870,WO-006971,routine,2,3
XFMR-004412,2025-02-07 13:56:09.288890,WO-006972,routine,2,3
XFMR-021263,2021-08-08 13:56:09.288910,WO-006973,routine,3,3
XFMR-021263,2021-04-12 13:56:09.288922,WO-006974,routine,3,3
XFMR-021263,2023-05-25 13:56:09.288933,WO-006975,routine,4,3
XFMR-003336,2019-01-31 13:56:09.288959,WO-006976,emergency,5,5
XFMR-003336,2022-05-03 13:56:09.288971,WO-006977,preventive,5,5
XFMR-003336,2020-08-04 13:56:09.288982,WO-006978,routine,4,5
XFMR-011407,2018-06-02 13:56:09.289009,WO-006979,preventive,1,1
XFMR-011407,2023-08-15 13:56:09.289024,WO-006980,routine,1,1
XFMR-011407,2025-01-04 13:56:09.289037,WO-006981,routine,2,1
XFMR-020930,2018-11-05 13:56:09.289064,WO-006982,routine,1,2
XFMR-000361,2020-05-06 13:56:09.289092,WO-006983,routine,3,4
XFMR-017625,2021-11-07 13:56:09.289121,WO-006984,routine,3,2
XFMR-017625,2020-03-31 13:56:09.289135,WO-006985,routine,3,2
XFMR-017625,2020-01-05 13:56:09.289148,WO-006986,routine,1,2
XFMR-000514,2019-08-02 13:56:09.289171,WO-006987,preventive,3,3
XFMR-007901,2024-07-21 13:56:09.289194,WO-006988,routine,3,2
XFMR-021297,2019-03-27 13:56:09.289214,WO-006989,routine,3,4
XFMR-021297,2023-12-08 13:56:09.289225,WO-006990,routine,3,4
XFMR-011699,2019-11-23 13:56:09.289246,WO-006991,emergency,5,5
XFMR-011699,2024-12-16 13:56:09.289258,WO-006992,routine,5,5
XFMR-017734,2020-02-09 13:56:09.289279,WO-006993,routine,2,2
XFMR-017734,2019-03-15 13:56:09.289292,WO-006994,routine,1,2
XFMR-017734,2022-09-30 13:56:09.289302,WO-006995,routine,3,2
XFMR-003048,2025-03-13 13:56:09.289323,WO-006996,emergency,1,2
XFMR-003048,2018-11-09 13:56:09.289334,WO-006997,preventive,2,2
XFMR-018615,2016-11-16 13:56:09.289353,WO-006998,routine,5,4
XFMR-018615,2022-04-19 13:56:09.289364,WO-006999,routine,3,4
XFMR-002790,2021-12-15 13:56:09.289383,WO-007000,routine,2,3
XFMR-002790,2017-01-03 13:56:09.289394,WO-007001,routine,3,3
XFMR-009807,2018-08-16 13:56:09.289414,WO-007002,routine,3,4
XFMR-009807,2019-11-20 13:56:09.289424,WO-007003,routine,4,4
XFMR-009807,2018-06-08 13:56:09.289434,WO-007004,routine,4,4
XFMR-001048,2021-10-18 13:56:09.289454,WO-007005,preventive,2,2
XFMR-001048,2021-05-09 13:56:09.289465,WO-007006,routine,2,2
XFMR-001048,2016-06-16 13:56:09.289475,WO-007007,preventive,3,2
XFMR-002381,2022-08-29 13:56:09.289494,WO-007008,routine,3,2
XFMR-002381,2020-01-07 13:56:09.289505,WO-007009,routine,3,2
XFMR-005024,2025-11-23 13:56:09.289525,WO-007010,preventive,5,4
XFMR-015932,2024-07-06 13:56:09.289545,WO-007011,routine,2,2
XFMR-015932,2024-02-21 13:56:09.289555,WO-007012,routine,2,2
XFMR-015932,2017-04-05 13:56:09.289565,WO-007013,emergency,3,2
XFMR-008067,2023-04-25 13:56:09.289585,WO-007014,routine,4,4
XFMR-008067,2018-10-06 13:56:09.289595,WO-007015,routine,4,4
XFMR-020935,2023-12-12 13:56:09.289615,WO-007016,routine,4,4
XFMR-020935,2019-01-06 13:56:09.289625,WO-007017,routine,4,4
XFMR-020935,2017-10-04 13:56:09.289635,WO-007018,preventive,3,4
XFMR-016156,2017-12-25 13:56:09.289655,WO-007019,routine,4,4
XFMR-018662,2023-12-05 13:56:09.289675,WO-007020,routine,3,4
XFMR-018662,2022-03-11 13:56:09.289686,WO-007021,preventive,4,4
XFMR-019282,2017-12-26 13:56:09.289706,WO-007022,routine,5,5
XFMR-019282,2019-02-11 13:56:09.289716,WO-007023,routine,4,5
XFMR-019282,2022-05-27 13:56:09.289726,WO-007024,routine,4,5
XFMR-006280,2023-03-02 13:56:09.289745,WO-007025,routine,2,2
XFMR-006229,2021-02-14 13:56:09.289766,WO-007026,preventive,2,3
XFMR-006229,2017-11-21 13:56:09.289776,WO-007027,routine,4,3
XFMR-020867,2021-03-28 13:56:09.289796,WO-007028,preventive,2,2
XFMR-020867,2022-06-10 13:56:09.289806,WO-007029,routine,2,2
XFMR-020867,2022-05-30 13:56:09.289816,WO-007030,routine,1,2
XFMR-021065,2021-01-05 13:56:09.289836,WO-007031,routine,4,5
XFMR-013031,2025-08-16 13:56:09.289856,WO-007032,routine,3,3
XFMR-013340,2020-01-27 13:56:09.289877,WO-007033,routine,4,4
XFMR-017153,2018-10-07 13:56:09.289897,WO-007034,emergency,5,4
XFMR-017153,2021-02-09 13:56:09.289907,WO-007035,routine,5,4
XFMR-019956,2017-01-08 13:56:09.289926,WO-007036,routine,5,4
XFMR-011823,2024-01-08 13:56:09.289946,WO-007037,emergency,3,4
XFMR-005307,2018-11-30 13:56:09.289967,WO-007038,preventive,3,4
XFMR-014359,2020-03-30 13:56:09.289987,WO-007039,routine,3,2
XFMR-014359,2024-10-10 13:56:09.289997,WO-007040,emergency,3,2
XFMR-003705,2022-10-01 13:56:09.290017,WO-007041,routine,4,3
XFMR-003705,2018-07-14 13:56:09.290032,WO-007042,routine,2,3
XFMR-003705,2024-09-24 13:56:09.290042,WO-007043,routine,3,3
XFMR-019340,2016-06-13 13:56:09.290062,WO-007044,routine,5,5
XFMR-019340,2023-07-13 13:56:09.290072,WO-007045,routine,5,5
XFMR-019340,2016-04-28 13:56:09.290082,WO-007046,emergency,4,5
XFMR-018775,2024-02-05 13:56:09.290102,WO-007047,routine,4,4
XFMR-018775,2018-01-08 13:56:09.290112,WO-007048,routine,5,4
XFMR-018775,2025-08-09 13:56:09.290122,WO-007049,routine,3,4
XFMR-011900,2022-01-09 13:56:09.290142,WO-007050,routine,2,1
XFMR-020883,2019-07-25 13:56:09.290162,WO-007051,preventive,3,2
XFMR-005228,2026-01-18 13:56:09.290182,WO-007052,routine,3,2
XFMR-005228,2023-10-20 13:56:09.290193,WO-007053,emergency,1,2
XFMR-005228,2025-04-03 13:56:09.290203,WO-007054,routine,3,2
XFMR-002404,2016-12-07 13:56:09.290223,WO-007055,preventive,3,2
XFMR-016120,2023-05-26 13:56:09.290243,WO-007056,routine,2,2
XFMR-016120,2018-07-03 13:56:09.290254,WO-007057,preventive,3,2
XFMR-004357,2024-07-22 13:56:09.290275,WO-007058,emergency,3,3
XFMR-003700,2025-04-18 13:56:09.290295,WO-007059,routine,3,2
XFMR-008427,2022-03-07 13:56:09.290316,WO-007060,emergency,1,2
XFMR-008427,2025-01-18 13:56:09.290326,WO-007061,routine,3,2
XFMR-013963,2021-12-27 13:56:09.290346,WO-007062,routine,2,3
XFMR-013963,2022-11-25 13:56:09.290356,WO-007063,routine,3,3
XFMR-009484,2020-06-01 13:56:09.290376,WO-007064,preventive,4,3
XFMR-009484,2019-02-04 13:56:09.290386,WO-007065,routine,3,3
XFMR-013114,2020-10-01 13:56:09.290406,WO-007066,routine,3,4
XFMR-013114,2018-01-07 13:56:09.290416,WO-007067,emergency,5,4
XFMR-019551,2020-07-30 13:56:09.290436,WO-007068,routine,1,2
XFMR-009621,2021-11-08 13:56:09.290461,WO-007069,routine,3,2
XFMR-009621,2017-01-01 13:56:09.290472,WO-007070,routine,3,2
XFMR-009621,2020-03-27 13:56:09.290482,WO-007071,routine,3,2
XFMR-013547,2018-02-27 13:56:09.290501,WO-007072,preventive,5,4
XFMR-006678,2021-12-08 13:56:09.290522,WO-007073,routine,1,2
XFMR-006678,2020-11-28 13:56:09.290533,WO-007074,routine,1,2
XFMR-013215,2024-09-12 13:56:09.290552,WO-007075,routine,1,2
XFMR-013215,2019-12-09 13:56:09.290563,WO-007076,routine,1,2
XFMR-016784,2017-04-01 13:56:09.290583,WO-007077,routine,5,4
XFMR-016784,2022-11-10 13:56:09.290594,WO-007078,preventive,5,4
XFMR-011698,2018-09-26 13:56:09.290613,WO-007079,routine,4,3
XFMR-003170,2023-06-18 13:56:09.290633,WO-007080,preventive,3,3
XFMR-003170,2021-10-17 13:56:09.290644,WO-007081,routine,4,3
XFMR-004692,2021-12-13 13:56:09.290663,WO-007082,routine,1,1
XFMR-017679,2020-05-24 13:56:09.290683,WO-007083,routine,4,4
XFMR-017679,2019-05-13 13:56:09.290694,WO-007084,routine,5,4
XFMR-017679,2024-12-17 13:56:09.290704,WO-007085,routine,3,4
XFMR-001706,2025-05-18 13:56:09.290723,WO-007086,routine,2,1
XFMR-018668,2020-07-05 13:56:09.290743,WO-007087,routine,3,4
XFMR-020349,2016-04-22 13:56:09.290764,WO-007088,routine,3,4
XFMR-020349,2019-06-02 13:56:09.290774,WO-007089,routine,5,4
XFMR-020349,2023-07-08 13:56:09.290784,WO-007090,routine,3,4
XFMR-013518,2022-08-14 13:56:09.290805,WO-007091,preventive,3,4
XFMR-019547,2022-04-08 13:56:09.290825,WO-007092,routine,1,2
XFMR-019547,2019-04-12 13:56:09.290836,WO-007093,routine,3,2
XFMR-019547,2021-04-12 13:56:09.290846,WO-007094,routine,2,2
XFMR-011605,2022-09-09 13:56:09.290866,WO-007095,preventive,5,5
XFMR-011605,2017-07-01 13:56:09.290877,WO-007096,emergency,5,5
XFMR-011605,2024-07-17 13:56:09.290887,WO-007097,preventive,5,5
XFMR-011616,2025-04-24 13:56:09.290907,WO-007098,preventive,3,4
XFMR-011616,2025-01-28 13:56:09.290917,WO-007099,routine,5,4
XFMR-011616,2020-02-01 13:56:09.290927,WO-007100,routine,4,4
XFMR-000477,2017-06-10 13:56:09.290947,WO-007101,routine,3,2
XFMR-018254,2021-08-20 13:56:09.290967,WO-007102,routine,2,2
XFMR-018254,2017-11-02 13:56:09.290977,WO-007103,routine,3,2
XFMR-016360,2025-02-26 13:56:09.290997,WO-007104,routine,3,3
XFMR-006326,2021-05-30 13:56:09.291017,WO-007105,emergency,3,2
XFMR-006326,2021-09-10 13:56:09.291028,WO-007106,emergency,1,2
XFMR-012105,2017-01-06 13:56:09.291049,WO-007107,routine,3,2
XFMR-012105,2025-04-07 13:56:09.291060,WO-007108,preventive,3,2
XFMR-012105,2019-02-03 13:56:09.291070,WO-007109,routine,1,2
XFMR-012778,2017-01-07 13:56:09.291091,WO-007110,preventive,4,4
XFMR-012778,2024-12-04 13:56:09.291102,WO-007111,routine,4,4
XFMR-012778,2025-08-09 13:56:09.291112,WO-007112,emergency,5,4
XFMR-011188,2019-10-04 13:56:09.291134,WO-007113,routine,5,5
XFMR-011188,2021-05-11 13:56:09.291145,WO-007114,routine,5,5
XFMR-011188,2025-12-12 13:56:09.291154,WO-007115,routine,5,5
XFMR-018174,2021-08-20 13:56:09.291174,WO-007116,preventive,1,1
XFMR-018174,2019-02-10 13:56:09.291185,WO-007117,routine,1,1
XFMR-004187,2021-11-02 13:56:09.291206,WO-007118,routine,1,1
XFMR-008770,2022-01-20 13:56:09.291227,WO-007119,emergency,1,1
XFMR-008770,2022-01-23 13:56:09.291240,WO-007120,routine,1,1
XFMR-010839,2018-08-18 13:56:09.291259,WO-007121,preventive,3,4
XFMR-008697,2020-12-22 13:56:09.291288,WO-007122,routine,3,3
XFMR-007118,2021-07-22 13:56:09.291311,WO-007123,routine,2,3
XFMR-007118,2019-08-22 13:56:09.291322,WO-007124,routine,3,3
XFMR-018741,2022-10-09 13:56:09.291342,WO-007125,routine,2,2
XFMR-018741,2025-03-20 13:56:09.291352,WO-007126,routine,1,2
XFMR-010228,2025-04-23 13:56:09.291372,WO-007127,routine,4,3
XFMR-010228,2017-11-27 13:56:09.291382,WO-007128,routine,3,3
XFMR-017790,2024-12-14 13:56:09.291402,WO-007129,routine,4,4
XFMR-020944,2019-12-24 13:56:09.291422,WO-007130,routine,3,3
XFMR-006235,2024-03-20 13:56:09.291442,WO-007131,preventive,3,3
XFMR-006235,2018-04-02 13:56:09.291452,WO-007132,routine,4,3
XFMR-006235,2024-01-31 13:56:09.291462,WO-007133,routine,3,3
XFMR-021464,2022-12-29 13:56:09.291482,WO-007134,preventive,3,2
XFMR-021464,2021-05-07 13:56:09.291492,WO-007135,routine,2,2
XFMR-021464,2019-06-08 13:56:09.291502,WO-007136,routine,2,2
XFMR-004392,2024-05-29 13:56:09.291522,WO-007137,preventive,2,3
XFMR-015625,2019-07-19 13:56:09.291542,WO-007138,routine,1,2
XFMR-015625,2025-04-08 13:56:09.291553,WO-007139,routine,1,2
XFMR-003069,2025-05-10 13:56:09.291572,WO-007140,routine,3,4
XFMR-003069,2024-10-13 13:56:09.291583,WO-007141,routine,3,4
XFMR-003069,2020-09-13 13:56:09.291593,WO-007142,emergency,4,4
XFMR-002778,2021-03-13 13:56:09.291612,WO-007143,preventive,1,2
XFMR-014828,2024-11-15 13:56:09.291632,WO-007144,routine,5,4
XFMR-014828,2024-11-18 13:56:09.291643,WO-007145,preventive,5,4
XFMR-000971,2022-12-06 13:56:09.291663,WO-007146,routine,4,4
XFMR-000971,2022-05-25 13:56:09.291673,WO-007147,emergency,5,4
XFMR-000971,2025-01-31 13:56:09.291688,WO-007148,routine,3,4
XFMR-013982,2016-05-23 13:56:09.291707,WO-007149,routine,2,2
XFMR-004937,2018-05-17 13:56:09.291728,WO-007150,routine,5,4
XFMR-004937,2023-01-21 13:56:09.291738,WO-007151,routine,3,4
XFMR-004937,2024-06-24 13:56:09.291748,WO-007152,routine,3,4
XFMR-016471,2019-09-07 13:56:09.291768,WO-007153,routine,1,2
XFMR-016471,2018-11-04 13:56:09.291778,WO-007154,routine,3,2
XFMR-007754,2021-05-31 13:56:09.291798,WO-007155,preventive,2,2
XFMR-016512,2025-10-21 13:56:09.291818,WO-007156,routine,2,2
XFMR-016512,2023-02-14 13:56:09.291829,WO-007157,routine,2,2
XFMR-018452,2017-02-23 13:56:09.291849,WO-007158,emergency,5,5
XFMR-014230,2022-02-04 13:56:09.291869,WO-007159,preventive,2,2
XFMR-014230,2022-05-31 13:56:09.291879,WO-007160,routine,1,2
XFMR-014230,2021-10-07 13:56:09.291889,WO-007161,routine,3,2
XFMR-017743,2021-12-19 13:56:09.291909,WO-007162,routine,3,3
XFMR-017743,2021-01-13 13:56:09.291919,WO-007163,preventive,4,3
XFMR-020281,2016-09-04 13:56:09.291939,WO-007164,preventive,2,3
XFMR-011680,2020-03-14 13:56:09.291959,WO-007165,routine,1,2
XFMR-011680,2023-12-21 13:56:09.291970,WO-007166,routine,3,2
XFMR-006730,2019-07-20 13:56:09.291991,WO-007167,preventive,1,2
XFMR-006730,2023-09-22 13:56:09.292002,WO-007168,routine,3,2
XFMR-006730,2020-01-18 13:56:09.292012,WO-007169,routine,1,2
XFMR-007396,2022-03-21 13:56:09.292033,WO-007170,routine,1,1
XFMR-010877,2019-10-23 13:56:09.292054,WO-007171,routine,5,5
XFMR-010877,2018-07-29 13:56:09.292066,WO-007172,routine,5,5
XFMR-010877,2019-02-26 13:56:09.292076,WO-007173,routine,4,5
XFMR-015899,2017-11-09 13:56:09.292096,WO-007174,routine,4,3
XFMR-015899,2023-04-01 13:56:09.292106,WO-007175,routine,2,3
XFMR-006053,2021-05-25 13:56:09.292126,WO-007176,preventive,4,3
XFMR-006053,2019-09-10 13:56:09.292137,WO-007177,preventive,4,3
XFMR-006053,2017-04-14 13:56:09.292147,WO-007178,preventive,4,3
XFMR-007921,2023-01-05 13:56:09.292166,WO-007179,routine,2,2
XFMR-007921,2023-02-08 13:56:09.292177,WO-007180,routine,3,2
XFMR-003157,2024-10-02 13:56:09.292196,WO-007181,routine,4,3
XFMR-003157,2016-05-04 13:56:09.292207,WO-007182,preventive,2,3
XFMR-003157,2019-06-12 13:56:09.292217,WO-007183,routine,3,3
XFMR-020509,2019-08-29 13:56:09.292236,WO-007184,emergency,5,5
XFMR-020509,2018-04-09 13:56:09.292247,WO-007185,routine,5,5
XFMR-016455,2021-05-14 13:56:09.292271,WO-007186,routine,1,1
XFMR-016455,2017-10-01 13:56:09.292282,WO-007187,routine,2,1
XFMR-016455,2021-11-09 13:56:09.292291,WO-007188,routine,1,1
XFMR-007817,2017-10-12 13:56:09.292311,WO-007189,preventive,3,3
XFMR-007817,2023-09-01 13:56:09.292322,WO-007190,emergency,2,3
XFMR-007817,2018-04-27 13:56:09.292331,WO-007191,routine,4,3
XFMR-020249,2017-11-07 13:56:09.292351,WO-007192,preventive,2,2
XFMR-010220,2016-10-19 13:56:09.292371,WO-007193,routine,3,2
XFMR-021478,2017-05-27 13:56:09.292392,WO-007194,routine,3,4
XFMR-021391,2025-03-02 13:56:09.292412,WO-007195,routine,2,2
XFMR-003243,2023-01-22 13:56:09.292432,WO-007196,routine,5,5
XFMR-003243,2020-11-06 13:56:09.292443,WO-007197,preventive,5,5
XFMR-019198,2025-11-11 13:56:09.292462,WO-007198,routine,3,4
XFMR-019198,2026-01-14 13:56:09.292473,WO-007199,routine,5,4
XFMR-017886,2017-11-28 13:56:09.292493,WO-007200,routine,2,2
XFMR-017886,2021-11-24 13:56:09.292504,WO-007201,preventive,1,2
XFMR-017886,2016-03-07 13:56:09.292515,WO-007202,routine,1,2
XFMR-000734,2016-07-17 13:56:09.292535,WO-007203,routine,4,3
XFMR-000734,2023-08-09 13:56:09.292546,WO-007204,emergency,3,3
XFMR-000734,2021-06-29 13:56:09.292556,WO-007205,routine,2,3
XFMR-016633,2023-12-30 13:56:09.292576,WO-007206,routine,1,2
XFMR-007785,2019-04-04 13:56:09.292604,WO-007207,routine,5,4
XFMR-007785,2019-10-20 13:56:09.292618,WO-007208,routine,5,4
XFMR-007785,2018-10-03 13:56:09.292631,WO-007209,routine,3,4
XFMR-010242,2018-01-24 13:56:09.292658,WO-007210,routine,3,4
XFMR-010242,2022-10-22 13:56:09.292672,WO-007211,emergency,3,4
XFMR-020391,2017-02-15 13:56:09.292697,WO-007212,routine,3,4
XFMR-013605,2024-03-14 13:56:09.292719,WO-007213,routine,2,3
XFMR-013605,2020-08-30 13:56:09.292731,WO-007214,emergency,3,3
XFMR-013605,2018-09-28 13:56:09.292743,WO-007215,preventive,2,3
XFMR-011622,2024-09-04 13:56:09.292764,WO-007216,routine,3,3
XFMR-009335,2022-07-28 13:56:09.292785,WO-007217,emergency,3,2
XFMR-009335,2025-12-10 13:56:09.292800,WO-007218,emergency,1,2
XFMR-013020,2016-12-21 13:56:09.292823,WO-007219,preventive,4,3
XFMR-010072,2022-01-25 13:56:09.292845,WO-007220,routine,2,3
XFMR-016133,2017-09-12 13:56:09.292868,WO-007221,routine,4,5
XFMR-016133,2018-09-13 13:56:09.292880,WO-007222,routine,5,5
XFMR-016133,2019-11-13 13:56:09.292890,WO-007223,routine,5,5
XFMR-012558,2021-03-23 13:56:09.292910,WO-007224,preventive,1,2
XFMR-002873,2024-08-18 13:56:09.292932,WO-007225,routine,2,3
XFMR-006881,2019-12-28 13:56:09.292953,WO-007226,emergency,1,2
XFMR-006881,2024-08-20 13:56:09.292964,WO-007227,routine,2,2
XFMR-006881,2025-09-16 13:56:09.292973,WO-007228,routine,2,2
XFMR-012697,2026-01-15 13:56:09.292993,WO-007229,preventive,2,3
XFMR-012697,2022-01-06 13:56:09.293004,WO-007230,routine,4,3
XFMR-001066,2016-06-07 13:56:09.293023,WO-007231,routine,3,4
XFMR-001066,2019-01-28 13:56:09.293034,WO-007232,emergency,4,4
XFMR-005548,2024-03-04 13:56:09.293054,WO-007233,routine,2,2
XFMR-005548,2021-05-16 13:56:09.293064,WO-007234,emergency,1,2
XFMR-005548,2020-03-12 13:56:09.293074,WO-007235,routine,1,2
XFMR-019267,2017-04-13 13:56:09.293094,WO-007236,routine,3,3
XFMR-019267,2025-05-01 13:56:09.293104,WO-007237,preventive,4,3
XFMR-019267,2024-02-19 13:56:09.293114,WO-007238,emergency,3,3
XFMR-007257,2022-05-27 13:56:09.293133,WO-007239,routine,1,1
XFMR-007257,2019-05-28 13:56:09.293144,WO-007240,routine,1,1
XFMR-007257,2019-03-18 13:56:09.293154,WO-007241,emergency,1,1
XFMR-012050,2017-02-10 13:56:09.293173,WO-007242,preventive,1,1
XFMR-005291,2018-03-09 13:56:09.293193,WO-007243,routine,4,4
XFMR-005291,2020-05-08 13:56:09.293204,WO-007244,routine,5,4
XFMR-007878,2021-01-02 13:56:09.293224,WO-007245,preventive,2,3
XFMR-007878,2021-10-11 13:56:09.293240,WO-007246,preventive,4,3
XFMR-012961,2026-01-29 13:56:09.293259,WO-007247,routine,1,1
XFMR-012961,2025-03-11 13:56:09.293270,WO-007248,emergency,1,1
XFMR-012961,2017-10-19 13:56:09.293280,WO-007249,routine,1,1
XFMR-002537,2019-10-27 13:56:09.293300,WO-007250,routine,4,4
XFMR-002537,2018-07-03 13:56:09.293310,WO-007251,routine,4,4
XFMR-002537,2024-04-22 13:56:09.293320,WO-007252,routine,5,4
XFMR-016773,2022-05-18 13:56:09.293339,WO-007253,routine,2,2
XFMR-012260,2016-10-24 13:56:09.293360,WO-007254,routine,3,3
XFMR-012260,2020-07-01 13:56:09.293371,WO-007255,preventive,2,3
XFMR-012260,2021-08-09 13:56:09.293380,WO-007256,preventive,3,3
XFMR-019837,2025-05-18 13:56:09.293400,WO-007257,routine,1,2
XFMR-019837,2021-05-19 13:56:09.293410,WO-007258,emergency,1,2
XFMR-019837,2025-09-09 13:56:09.293420,WO-007259,routine,2,2
XFMR-011953,2018-06-23 13:56:09.293440,WO-007260,routine,1,1
XFMR-011953,2023-07-20 13:56:09.293450,WO-007261,routine,2,1
XFMR-020954,2025-11-07 13:56:09.293470,WO-007262,routine,2,2
XFMR-005551,2025-04-14 13:56:09.293490,WO-007263,routine,5,4
XFMR-005450,2018-03-05 13:56:09.293510,WO-007264,preventive,3,4
XFMR-005450,2023-07-14 13:56:09.293521,WO-007265,preventive,5,4
XFMR-005450,2024-12-24 13:56:09.293531,WO-007266,preventive,5,4
XFMR-001442,2023-02-11 13:56:09.293551,WO-007267,routine,4,3
XFMR-001442,2019-07-21 13:56:09.293561,WO-007268,preventive,2,3
XFMR-014655,2024-03-15 13:56:09.293581,WO-007269,routine,2,3
XFMR-020742,2016-08-02 13:56:09.293601,WO-007270,routine,5,4
XFMR-016230,2023-03-23 13:56:09.293622,WO-007271,routine,2,3
XFMR-016230,2025-06-08 13:56:09.293632,WO-007272,routine,2,3
XFMR-016230,2018-12-02 13:56:09.293642,WO-007273,routine,3,3
XFMR-019403,2020-04-28 13:56:09.293661,WO-007274,routine,1,2
XFMR-019403,2022-12-18 13:56:09.293672,WO-007275,preventive,1,2
XFMR-010102,2016-08-10 13:56:09.293691,WO-007276,emergency,4,4
XFMR-002445,2023-03-29 13:56:09.293712,WO-007277,routine,4,4
XFMR-005315,2021-03-02 13:56:09.293733,WO-007278,routine,3,4
XFMR-005315,2025-04-23 13:56:09.293743,WO-007279,routine,5,4
XFMR-005315,2024-09-22 13:56:09.293753,WO-007280,routine,4,4
XFMR-004050,2017-09-25 13:56:09.293772,WO-007281,routine,1,2
XFMR-015743,2018-03-06 13:56:09.293792,WO-007282,routine,3,4
XFMR-015743,2025-03-04 13:56:09.293803,WO-007283,routine,5,4
XFMR-015743,2022-12-14 13:56:09.293813,WO-007284,routine,5,4
XFMR-009855,2025-03-26 13:56:09.293832,WO-007285,routine,3,3
XFMR-014641,2023-04-10 13:56:09.293853,WO-007286,emergency,3,3
XFMR-014641,2022-09-03 13:56:09.293863,WO-007287,emergency,3,3
XFMR-017959,2025-01-24 13:56:09.293883,WO-007288,routine,1,2
XFMR-018604,2021-11-05 13:56:09.293903,WO-007289,routine,2,2
XFMR-018604,2023-11-20 13:56:09.293914,WO-007290,routine,3,2
XFMR-000346,2022-03-30 13:56:09.293933,WO-007291,routine,2,3
XFMR-000346,2025-05-02 13:56:09.293944,WO-007292,preventive,2,3
XFMR-000346,2016-08-24 13:56:09.293954,WO-007293,routine,3,3
XFMR-008065,2023-02-03 13:56:09.293974,WO-007294,routine,3,4
XFMR-008065,2022-05-09 13:56:09.293984,WO-007295,routine,5,4
XFMR-020999,2024-09-25 13:56:09.294004,WO-007296,routine,5,5
XFMR-005602,2018-01-20 13:56:09.294024,WO-007297,routine,1,2
XFMR-012664,2018-03-11 13:56:09.294044,WO-007298,routine,3,3
XFMR-012664,2017-04-03 13:56:09.294055,WO-007299,routine,4,3
XFMR-001958,2024-09-19 13:56:09.294074,WO-007300,routine,3,3
XFMR-016294,2024-08-25 13:56:09.294094,WO-007301,routine,2,2
XFMR-008123,2024-02-23 13:56:09.294115,WO-007302,routine,3,2
XFMR-008123,2020-05-05 13:56:09.294125,WO-007303,routine,3,2
XFMR-008123,2017-04-01 13:56:09.294136,WO-007304,preventive,3,2
XFMR-005533,2020-11-30 13:56:09.294156,WO-007305,routine,2,3
XFMR-005533,2017-08-07 13:56:09.294167,WO-007306,routine,4,3
XFMR-013689,2022-03-08 13:56:09.294186,WO-007307,routine,3,3
XFMR-013689,2020-10-20 13:56:09.294197,WO-007308,routine,4,3
XFMR-012732,2022-10-07 13:56:09.294216,WO-007309,routine,2,3
XFMR-019528,2021-11-08 13:56:09.294236,WO-007310,preventive,5,4
XFMR-007732,2022-05-12 13:56:09.294256,WO-007311,emergency,3,2
XFMR-007732,2021-01-18 13:56:09.294267,WO-007312,routine,2,2
XFMR-009230,2017-08-20 13:56:09.294288,WO-007313,emergency,3,2
XFMR-015987,2024-09-04 13:56:09.294308,WO-007314,routine,2,3
XFMR-000922,2022-12-05 13:56:09.294329,WO-007315,routine,4,5
XFMR-000922,2018-01-20 13:56:09.294339,WO-007316,routine,5,5
XFMR-000922,2023-08-02 13:56:09.294349,WO-007317,routine,5,5
XFMR-001087,2022-11-11 13:56:09.294369,WO-007318,routine,3,2
XFMR-001087,2018-01-21 13:56:09.294379,WO-007319,preventive,2,2
XFMR-005161,2016-04-05 13:56:09.294399,WO-007320,routine,1,2
XFMR-005161,2019-10-29 13:56:09.294409,WO-007321,routine,1,2
XFMR-003529,2023-01-23 13:56:09.294429,WO-007322,routine,4,3
XFMR-003616,2018-12-31 13:56:09.294449,WO-007323,routine,1,2
XFMR-003616,2023-01-17 13:56:09.294460,WO-007324,routine,2,2
XFMR-003616,2017-07-21 13:56:09.294470,WO-007325,emergency,3,2
XFMR-003026,2022-06-06 13:56:09.294489,WO-007326,preventive,1,2
XFMR-003026,2020-01-25 13:56:09.294500,WO-007327,routine,3,2
XFMR-021467,2020-03-29 13:56:09.294519,WO-007328,routine,1,1
XFMR-021467,2019-04-25 13:56:09.294530,WO-007329,routine,2,1
XFMR-021467,2025-11-16 13:56:09.294540,WO-007330,preventive,1,1
XFMR-003422,2021-10-23 13:56:09.294559,WO-007331,routine,3,4
XFMR-012120,2021-01-14 13:56:09.294580,WO-007332,routine,4,3
XFMR-012249,2023-03-07 13:56:09.294600,WO-007333,emergency,3,3
XFMR-012249,2022-05-21 13:56:09.294611,WO-007334,routine,2,3
XFMR-002700,2019-07-08 13:56:09.294630,WO-007335,routine,3,2
XFMR-002700,2021-11-29 13:56:09.294641,WO-007336,routine,3,2
XFMR-002700,2023-12-07 13:56:09.294650,WO-007337,routine,2,2
XFMR-014472,2019-02-11 13:56:09.294670,WO-007338,routine,3,3
XFMR-014472,2024-09-08 13:56:09.294681,WO-007339,emergency,2,3
XFMR-016759,2017-09-15 13:56:09.294700,WO-007340,routine,4,3
XFMR-016759,2019-06-27 13:56:09.294711,WO-007341,routine,4,3
XFMR-013949,2021-09-18 13:56:09.294730,WO-007342,routine,4,4
XFMR-001363,2024-05-21 13:56:09.294751,WO-007343,preventive,2,3
XFMR-001363,2025-04-05 13:56:09.294768,WO-007344,routine,4,3
XFMR-001363,2016-06-13 13:56:09.294779,WO-007345,preventive,2,3
XFMR-004983,2019-06-27 13:56:09.294798,WO-007346,routine,1,2
XFMR-004983,2016-07-04 13:56:09.294808,WO-007347,preventive,2,2
XFMR-003821,2018-07-20 13:56:09.294828,WO-007348,routine,2,2
XFMR-003821,2025-06-18 13:56:09.294838,WO-007349,routine,2,2
XFMR-003821,2016-06-06 13:56:09.294848,WO-007350,routine,3,2
XFMR-014506,2019-05-24 13:56:09.294868,WO-007351,routine,3,3
XFMR-014506,2025-12-11 13:56:09.294879,WO-007352,routine,4,3
XFMR-008958,2017-08-10 13:56:09.294898,WO-007353,routine,4,4
XFMR-003012,2016-10-21 13:56:09.294919,WO-007354,routine,5,5
XFMR-003012,2020-04-29 13:56:09.294931,WO-007355,routine,4,5
XFMR-002233,2018-08-30 13:56:09.294954,WO-007356,routine,4,3
XFMR-002233,2018-08-21 13:56:09.294968,WO-007357,routine,2,3
XFMR-002233,2022-04-11 13:56:09.294979,WO-007358,preventive,3,3
XFMR-007899,2016-03-30 13:56:09.295005,WO-007359,preventive,1,1
XFMR-007899,2017-06-12 13:56:09.295020,WO-007360,routine,1,1
XFMR-007899,2022-03-18 13:56:09.295031,WO-007361,preventive,2,1
XFMR-013190,2023-08-19 13:56:09.295054,WO-007362,preventive,5,5
XFMR-013190,2020-09-15 13:56:09.295067,WO-007363,routine,4,5
XFMR-013190,2018-01-05 13:56:09.295080,WO-007364,preventive,5,5
XFMR-010490,2016-07-01 13:56:09.295104,WO-007365,routine,4,3
XFMR-010490,2018-01-29 13:56:09.295119,WO-007366,preventive,4,3
XFMR-010490,2023-03-06 13:56:09.295133,WO-007367,routine,4,3
XFMR-004967,2023-01-07 13:56:09.295160,WO-007368,routine,5,5
XFMR-004967,2019-11-14 13:56:09.295175,WO-007369,routine,5,5
XFMR-011218,2024-03-08 13:56:09.295197,WO-007370,routine,1,2
XFMR-011218,2025-11-18 13:56:09.295209,WO-007371,routine,2,2
XFMR-011218,2020-06-09 13:56:09.295219,WO-007372,routine,2,2
XFMR-020606,2023-04-09 13:56:09.295240,WO-007373,routine,2,3
XFMR-020606,2025-08-13 13:56:09.295250,WO-007374,routine,3,3
XFMR-015317,2023-05-01 13:56:09.295273,WO-007375,routine,2,2
XFMR-013268,2020-01-21 13:56:09.295301,WO-007376,routine,3,4
XFMR-016208,2017-01-26 13:56:09.295328,WO-007377,routine,3,3
XFMR-016208,2020-12-23 13:56:09.295338,WO-007378,routine,4,3
XFMR-005255,2017-03-07 13:56:09.295358,WO-007379,routine,3,4
XFMR-005255,2018-10-30 13:56:09.295369,WO-007380,routine,5,4
XFMR-005255,2021-04-28 13:56:09.295379,WO-007381,routine,3,4
XFMR-012069,2019-11-05 13:56:09.295400,WO-007382,preventive,1,2
XFMR-012069,2021-09-15 13:56:09.295410,WO-007383,routine,3,2
XFMR-004448,2022-01-18 13:56:09.295430,WO-007384,preventive,5,4
XFMR-004448,2019-06-14 13:56:09.295441,WO-007385,preventive,4,4
XFMR-004448,2022-04-26 13:56:09.295451,WO-007386,routine,3,4
XFMR-018442,2016-04-01 13:56:09.295470,WO-007387,routine,1,1
XFMR-018442,2022-10-27 13:56:09.295480,WO-007388,routine,1,1
XFMR-013151,2017-12-22 13:56:09.295499,WO-007389,routine,3,2
XFMR-017636,2025-05-15 13:56:09.295522,WO-007390,preventive,3,4
XFMR-002130,2019-10-01 13:56:09.295543,WO-007391,preventive,2,2
XFMR-002415,2022-05-05 13:56:09.295564,WO-007392,routine,2,3
XFMR-002795,2021-05-28 13:56:09.295586,WO-007393,preventive,3,2
XFMR-002795,2016-05-13 13:56:09.295597,WO-007394,routine,3,2
XFMR-006483,2023-08-07 13:56:09.295617,WO-007395,routine,4,3
XFMR-006483,2024-07-06 13:56:09.295632,WO-007396,preventive,2,3
XFMR-006483,2020-12-19 13:56:09.295646,WO-007397,preventive,4,3
XFMR-004956,2018-01-12 13:56:09.295668,WO-007398,routine,3,4
XFMR-004956,2016-08-24 13:56:09.295679,WO-007399,routine,5,4
XFMR-004956,2020-03-24 13:56:09.295689,WO-007400,routine,5,4
XFMR-002376,2024-09-03 13:56:09.295709,WO-007401,routine,4,4
XFMR-002376,2023-09-24 13:56:09.295720,WO-007402,preventive,5,4
XFMR-021186,2016-09-01 13:56:09.295740,WO-007403,emergency,3,3
XFMR-021186,2020-01-09 13:56:09.295751,WO-007404,routine,4,3
XFMR-011377,2021-09-17 13:56:09.295770,WO-007405,routine,2,2
XFMR-011377,2025-05-29 13:56:09.295781,WO-007406,routine,2,2
XFMR-002907,2022-07-10 13:56:09.295804,WO-007407,routine,2,3
XFMR-002907,2016-07-08 13:56:09.295819,WO-007408,preventive,4,3
XFMR-002907,2020-11-22 13:56:09.295832,WO-007409,emergency,2,3
XFMR-015331,2020-03-27 13:56:09.295852,WO-007410,routine,1,1
XFMR-011776,2022-11-02 13:56:09.295873,WO-007411,preventive,3,4
XFMR-011776,2020-04-07 13:56:09.295884,WO-007412,routine,4,4
XFMR-011776,2025-08-18 13:56:09.295894,WO-007413,routine,5,4
XFMR-005473,2020-10-19 13:56:09.295916,WO-007414,preventive,3,2
XFMR-002685,2022-01-23 13:56:09.295941,WO-007415,routine,1,2
XFMR-002685,2023-07-30 13:56:09.295953,WO-007416,preventive,1,2
XFMR-021207,2016-11-08 13:56:09.295977,WO-007417,routine,3,2
XFMR-000231,2016-05-28 13:56:09.296000,WO-007418,routine,4,3
XFMR-014741,2023-04-16 13:56:09.296020,WO-007419,routine,2,2
XFMR-016177,2021-09-06 13:56:09.296043,WO-007420,routine,1,2
XFMR-001384,2024-05-23 13:56:09.296071,WO-007421,emergency,4,4
XFMR-001384,2017-11-14 13:56:09.296084,WO-007422,routine,3,4
XFMR-001384,2017-07-29 13:56:09.296095,WO-007423,routine,4,4
XFMR-006073,2016-03-11 13:56:09.296122,WO-007424,preventive,2,1
XFMR-006073,2018-12-27 13:56:09.296135,WO-007425,routine,1,1
XFMR-010831,2018-05-17 13:56:09.296155,WO-007426,preventive,3,4
XFMR-010831,2016-04-04 13:56:09.296166,WO-007427,routine,4,4
XFMR-011542,2022-04-05 13:56:09.296192,WO-007428,routine,1,1
XFMR-011542,2018-06-11 13:56:09.296207,WO-007429,routine,1,1
XFMR-011542,2022-11-13 13:56:09.296219,WO-007430,routine,2,1
XFMR-013154,2018-07-24 13:56:09.296238,WO-007431,routine,3,3
XFMR-013154,2016-09-22 13:56:09.296255,WO-007432,emergency,3,3
XFMR-020557,2016-11-22 13:56:09.296277,WO-007433,routine,5,5
XFMR-002749,2019-04-11 13:56:09.296298,WO-007434,emergency,4,4
XFMR-002749,2018-12-08 13:56:09.296309,WO-007435,routine,3,4
XFMR-014482,2017-11-21 13:56:09.296335,WO-007436,routine,4,3
XFMR-016061,2017-03-07 13:56:09.296358,WO-007437,routine,1,2
XFMR-016061,2016-10-13 13:56:09.296369,WO-007438,routine,1,2
XFMR-002636,2018-02-28 13:56:09.296388,WO-007439,routine,5,5
XFMR-002636,2024-06-28 13:56:09.296399,WO-007440,routine,5,5
XFMR-005888,2019-04-27 13:56:09.296424,WO-007441,routine,4,4
XFMR-005888,2016-09-12 13:56:09.296435,WO-007442,preventive,3,4
XFMR-019062,2022-10-17 13:56:09.296455,WO-007443,routine,4,5
XFMR-019062,2016-07-10 13:56:09.296465,WO-007444,routine,5,5
XFMR-018164,2023-01-24 13:56:09.296496,WO-007445,routine,1,1
XFMR-018164,2018-05-28 13:56:09.296507,WO-007446,preventive,1,1
XFMR-014799,2016-10-31 13:56:09.296528,WO-007447,preventive,4,3
XFMR-014799,2017-05-15 13:56:09.296542,WO-007448,emergency,3,3
XFMR-014799,2023-09-22 13:56:09.296556,WO-007449,preventive,2,3
XFMR-006897,2024-02-03 13:56:09.296583,WO-007450,routine,1,2
XFMR-006897,2024-11-12 13:56:09.296598,WO-007451,routine,3,2
XFMR-003416,2025-11-03 13:56:09.296618,WO-007452,emergency,2,2
XFMR-012218,2017-01-14 13:56:09.296639,WO-007453,preventive,4,4
XFMR-012218,2025-09-16 13:56:09.296649,WO-007454,preventive,4,4
XFMR-008088,2018-12-01 13:56:09.296669,WO-007455,routine,1,2
XFMR-008088,2018-01-30 13:56:09.296679,WO-007456,routine,2,2
XFMR-000170,2023-08-05 13:56:09.296699,WO-007457,routine,4,4
XFMR-000170,2017-09-17 13:56:09.296709,WO-007458,routine,3,4
XFMR-009876,2019-12-02 13:56:09.296733,WO-007459,routine,1,1
XFMR-013620,2025-12-28 13:56:09.296754,WO-007460,routine,1,1
XFMR-013620,2019-12-29 13:56:09.296765,WO-007461,preventive,1,1
XFMR-013620,2018-10-24 13:56:09.296776,WO-007462,preventive,2,1
XFMR-010953,2018-10-08 13:56:09.296795,WO-007463,routine,5,5
XFMR-010953,2017-06-15 13:56:09.296806,WO-007464,routine,4,5
XFMR-010953,2023-11-08 13:56:09.296815,WO-007465,routine,5,5
XFMR-008310,2025-10-29 13:56:09.296835,WO-007466,routine,2,3
XFMR-017637,2024-06-14 13:56:09.296855,WO-007467,routine,2,3
XFMR-017637,2021-10-20 13:56:09.296866,WO-007468,routine,2,3
XFMR-017637,2018-12-31 13:56:09.296876,WO-007469,preventive,2,3
XFMR-019332,2022-06-04 13:56:09.296895,WO-007470,emergency,5,5
XFMR-005717,2022-06-02 13:56:09.296915,WO-007471,preventive,4,3
XFMR-015298,2022-08-29 13:56:09.296935,WO-007472,preventive,5,5
XFMR-008193,2022-08-12 13:56:09.296955,WO-007473,emergency,3,3
XFMR-015158,2019-01-24 13:56:09.296976,WO-007474,preventive,3,3
XFMR-015158,2025-12-21 13:56:09.296986,WO-007475,routine,2,3
XFMR-011232,2023-05-23 13:56:09.297006,WO-007476,routine,3,4
XFMR-011232,2021-05-15 13:56:09.297016,WO-007477,preventive,5,4
XFMR-019447,2023-03-22 13:56:09.297035,WO-007478,preventive,2,3
XFMR-019447,2017-01-26 13:56:09.297046,WO-007479,emergency,2,3
XFMR-000554,2020-02-09 13:56:09.297065,WO-007480,routine,2,3
XFMR-000554,2022-06-17 13:56:09.297076,WO-007481,routine,3,3
XFMR-000554,2025-03-31 13:56:09.297086,WO-007482,routine,2,3
XFMR-013374,2017-09-30 13:56:09.297106,WO-007483,routine,4,4
XFMR-013374,2023-02-20 13:56:09.297116,WO-007484,routine,3,4
XFMR-013374,2025-10-24 13:56:09.297126,WO-007485,routine,5,4
XFMR-008221,2017-07-19 13:56:09.297146,WO-007486,emergency,4,3
XFMR-008221,2017-02-07 13:56:09.297156,WO-007487,routine,2,3
XFMR-008221,2023-06-01 13:56:09.297166,WO-007488,routine,3,3
XFMR-020322,2025-09-01 13:56:09.297186,WO-007489,routine,2,2
XFMR-020322,2023-07-26 13:56:09.297196,WO-007490,routine,3,2
XFMR-020322,2019-09-01 13:56:09.297206,WO-007491,preventive,3,2
XFMR-003297,2018-12-09 13:56:09.297226,WO-007492,routine,3,3
XFMR-003297,2021-10-11 13:56:09.297236,WO-007493,routine,2,3
XFMR-004450,2017-04-21 13:56:09.297256,WO-007494,routine,2,2
XFMR-004450,2020-09-04 13:56:09.297266,WO-007495,routine,1,2
XFMR-004450,2021-01-25 13:56:09.297276,WO-007496,routine,3,2
XFMR-013939,2016-08-14 13:56:09.297296,WO-007497,emergency,3,4
XFMR-013939,2023-07-29 13:56:09.297306,WO-007498,preventive,5,4
XFMR-013939,2025-02-10 13:56:09.297316,WO-007499,routine,4,4
XFMR-018595,2019-01-22 13:56:09.297335,WO-007500,preventive,4,3
XFMR-018595,2023-10-24 13:56:09.297346,WO-007501,routine,3,3
XFMR-008433,2019-04-26 13:56:09.297365,WO-007502,routine,1,1
XFMR-008433,2017-06-03 13:56:09.297376,WO-007503,routine,2,1
XFMR-005108,2016-10-24 13:56:09.297396,WO-007504,routine,3,2
XFMR-005108,2018-09-17 13:56:09.297408,WO-007505,routine,1,2
XFMR-005108,2024-05-12 13:56:09.297418,WO-007506,routine,1,2
XFMR-019693,2021-10-08 13:56:09.297438,WO-007507,routine,2,2
XFMR-019693,2020-01-16 13:56:09.297449,WO-007508,emergency,1,2
XFMR-000138,2019-05-13 13:56:09.297475,WO-007509,preventive,2,3
XFMR-000138,2022-08-26 13:56:09.297490,WO-007510,routine,2,3
XFMR-000138,2026-01-25 13:56:09.297500,WO-007511,preventive,3,3
XFMR-020260,2024-11-18 13:56:09.297519,WO-007512,routine,3,3
XFMR-020744,2024-03-03 13:56:09.297539,WO-007513,routine,2,3
XFMR-020744,2021-11-20 13:56:09.297550,WO-007514,routine,3,3
XFMR-005046,2019-12-01 13:56:09.297569,WO-007515,routine,2,3
XFMR-005046,2025-06-09 13:56:09.297580,WO-007516,routine,2,3
XFMR-005046,2022-01-03 13:56:09.297590,WO-007517,routine,2,3
XFMR-013025,2025-07-13 13:56:09.297609,WO-007518,preventive,3,3
XFMR-017443,2017-03-10 13:56:09.297630,WO-007519,routine,3,2
XFMR-017443,2021-04-12 13:56:09.297640,WO-007520,routine,2,2
XFMR-003473,2019-10-02 13:56:09.297660,WO-007521,routine,3,4
XFMR-003473,2018-12-04 13:56:09.297670,WO-007522,preventive,4,4
XFMR-013177,2023-10-04 13:56:09.297690,WO-007523,routine,3,3
XFMR-013177,2022-05-10 13:56:09.297700,WO-007524,routine,2,3
XFMR-013177,2018-06-02 13:56:09.297710,WO-007525,routine,4,3
XFMR-011321,2017-07-21 13:56:09.297729,WO-007526,emergency,5,4
XFMR-011321,2016-11-14 13:56:09.297740,WO-007527,routine,5,4
XFMR-011321,2021-06-06 13:56:09.297750,WO-007528,routine,5,4
XFMR-020622,2016-03-22 13:56:09.297769,WO-007529,routine,2,2
XFMR-020622,2017-08-17 13:56:09.297779,WO-007530,routine,1,2
XFMR-017179,2024-11-15 13:56:09.297799,WO-007531,routine,1,2
XFMR-002857,2018-08-25 13:56:09.297819,WO-007532,preventive,3,2
XFMR-017274,2016-08-09 13:56:09.297839,WO-007533,preventive,1,2
XFMR-017274,2024-08-22 13:56:09.297850,WO-007534,routine,3,2
XFMR-004204,2022-07-27 13:56:09.297870,WO-007535,preventive,3,3
XFMR-004204,2025-04-15 13:56:09.297880,WO-007536,routine,3,3
XFMR-003923,2018-12-10 13:56:09.297904,WO-007537,routine,1,2
XFMR-003923,2017-05-22 13:56:09.297914,WO-007538,preventive,2,2
XFMR-003923,2018-04-25 13:56:09.297925,WO-007539,routine,2,2
XFMR-012229,2020-09-23 13:56:09.297944,WO-007540,routine,3,3
XFMR-001030,2018-01-02 13:56:09.297964,WO-007541,routine,5,5
XFMR-001030,2024-02-03 13:56:09.297975,WO-007542,routine,4,5
XFMR-010295,2019-08-10 13:56:09.297994,WO-007543,routine,2,1
XFMR-010295,2018-10-02 13:56:09.298005,WO-007544,routine,2,1
XFMR-009453,2022-05-21 13:56:09.298024,WO-007545,routine,2,1
XFMR-003376,2022-09-04 13:56:09.298044,WO-007546,preventive,5,5
XFMR-005922,2019-01-21 13:56:09.298064,WO-007547,preventive,5,4
XFMR-005922,2018-05-21 13:56:09.298075,WO-007548,preventive,4,4
XFMR-010670,2022-03-13 13:56:09.298095,WO-007549,routine,3,3
XFMR-019313,2023-01-17 13:56:09.298115,WO-007550,routine,1,1
XFMR-019313,2023-08-23 13:56:09.298125,WO-007551,preventive,1,1
XFMR-019313,2020-06-12 13:56:09.298135,WO-007552,routine,1,1
XFMR-013675,2021-08-22 13:56:09.298155,WO-007553,routine,3,4
XFMR-013675,2021-05-28 13:56:09.298166,WO-007554,routine,4,4
XFMR-010160,2019-03-14 13:56:09.298185,WO-007555,routine,4,4
XFMR-010160,2022-06-09 13:56:09.298195,WO-007556,routine,4,4
XFMR-015156,2017-01-06 13:56:09.298215,WO-007557,preventive,5,5
XFMR-004154,2017-09-21 13:56:09.298235,WO-007558,routine,3,3
XFMR-004154,2022-04-01 13:56:09.298245,WO-007559,preventive,3,3
XFMR-020905,2017-09-16 13:56:09.298265,WO-007560,routine,2,3
XFMR-003435,2019-02-06 13:56:09.298285,WO-007561,routine,4,4
XFMR-003435,2019-09-01 13:56:09.298296,WO-007562,routine,3,4
XFMR-003435,2020-01-21 13:56:09.298305,WO-007563,routine,4,4
XFMR-020111,2021-02-26 13:56:09.298325,WO-007564,routine,5,5
XFMR-020111,2016-06-07 13:56:09.298335,WO-007565,routine,5,5
XFMR-001398,2021-09-28 13:56:09.298355,WO-007566,emergency,3,2
XFMR-001398,2020-07-20 13:56:09.298366,WO-007567,routine,1,2
XFMR-012739,2022-09-21 13:56:09.298390,WO-007568,preventive,2,3
XFMR-012430,2019-05-03 13:56:09.298410,WO-007569,preventive,3,3
XFMR-012430,2016-12-01 13:56:09.298421,WO-007570,routine,2,3
XFMR-012430,2025-11-13 13:56:09.298431,WO-007571,routine,2,3
XFMR-010225,2022-06-17 13:56:09.298450,WO-007572,routine,1,1
XFMR-010225,2018-05-07 13:56:09.298460,WO-007573,routine,2,1
XFMR-020410,2024-06-21 13:56:09.298480,WO-007574,routine,2,2
XFMR-020410,2025-10-13 13:56:09.298490,WO-007575,preventive,2,2
XFMR-008057,2017-12-28 13:56:09.298510,WO-007576,routine,5,4
XFMR-008057,2022-02-13 13:56:09.298520,WO-007577,preventive,4,4
XFMR-008057,2018-02-07 13:56:09.298530,WO-007578,emergency,3,4
XFMR-017883,2017-03-10 13:56:09.298549,WO-007579,routine,3,4
XFMR-017883,2017-11-02 13:56:09.298560,WO-007580,emergency,3,4
XFMR-009403,2019-08-02 13:56:09.298580,WO-007581,routine,3,4
XFMR-009403,2025-09-23 13:56:09.298590,WO-007582,routine,4,4
XFMR-002214,2025-10-01 13:56:09.298610,WO-007583,routine,5,5
XFMR-018602,2020-05-30 13:56:09.298630,WO-007584,routine,2,2
XFMR-017655,2022-06-05 13:56:09.298650,WO-007585,routine,4,4
XFMR-017655,2022-02-05 13:56:09.298660,WO-007586,preventive,5,4
XFMR-017040,2018-04-27 13:56:09.298680,WO-007587,routine,3,2
XFMR-017040,2022-09-07 13:56:09.298690,WO-007588,routine,2,2
XFMR-005930,2019-11-11 13:56:09.298710,WO-007589,preventive,4,4
XFMR-005930,2024-10-04 13:56:09.298720,WO-007590,routine,5,4
XFMR-005930,2023-10-27 13:56:09.298730,WO-007591,routine,5,4
XFMR-008044,2019-06-16 13:56:09.298750,WO-007592,routine,2,2
XFMR-008044,2017-01-24 13:56:09.298760,WO-007593,routine,1,2
XFMR-003779,2021-09-17 13:56:09.298780,WO-007594,routine,3,3
XFMR-003779,2022-10-26 13:56:09.298791,WO-007595,routine,3,3
XFMR-011336,2024-02-26 13:56:09.298810,WO-007596,emergency,4,5
XFMR-011336,2016-05-05 13:56:09.298821,WO-007597,routine,5,5
XFMR-011336,2019-01-06 13:56:09.298831,WO-007598,routine,4,5
XFMR-002513,2020-10-10 13:56:09.298850,WO-007599,preventive,5,4
XFMR-002513,2022-01-26 13:56:09.298861,WO-007600,routine,5,4
XFMR-011171,2022-08-31 13:56:09.298880,WO-007601,preventive,5,4
XFMR-015692,2023-05-24 13:56:09.298900,WO-007602,routine,4,3
XFMR-015692,2020-06-07 13:56:09.298911,WO-007603,routine,3,3
XFMR-015692,2019-04-30 13:56:09.298921,WO-007604,routine,4,3
XFMR-021514,2017-06-22 13:56:09.298940,WO-007605,routine,2,2
XFMR-021514,2023-11-11 13:56:09.298950,WO-007606,routine,2,2
XFMR-015467,2024-11-23 13:56:09.298970,WO-007607,routine,3,2
XFMR-015467,2021-05-01 13:56:09.298980,WO-007608,routine,3,2
XFMR-007842,2023-04-07 13:56:09.299000,WO-007609,preventive,3,4
XFMR-007842,2016-05-04 13:56:09.299011,WO-007610,routine,5,4
XFMR-008030,2020-06-09 13:56:09.299030,WO-007611,routine,3,3
XFMR-017874,2016-08-21 13:56:09.299050,WO-007612,routine,4,3
XFMR-017874,2024-04-05 13:56:09.299061,WO-007613,emergency,3,3
XFMR-013521,2022-06-19 13:56:09.299080,WO-007614,routine,3,3
XFMR-013521,2021-02-15 13:56:09.299091,WO-007615,routine,4,3
XFMR-017930,2021-11-29 13:56:09.299116,WO-007616,preventive,5,5
XFMR-017930,2024-06-11 13:56:09.299127,WO-007617,routine,5,5
XFMR-017930,2025-01-11 13:56:09.299137,WO-007618,preventive,5,5
XFMR-002496,2018-09-16 13:56:09.299156,WO-007619,routine,2,1
XFMR-002496,2022-07-08 13:56:09.299167,WO-007620,routine,1,1
XFMR-002496,2021-04-20 13:56:09.299177,WO-007621,routine,1,1
XFMR-011514,2019-11-06 13:56:09.299196,WO-007622,routine,4,3
XFMR-011514,2019-04-11 13:56:09.299207,WO-007623,preventive,3,3
XFMR-003275,2017-09-14 13:56:09.299226,WO-007624,routine,2,3
XFMR-003275,2021-05-02 13:56:09.299237,WO-007625,routine,2,3
XFMR-016316,2021-08-30 13:56:09.299256,WO-007626,routine,4,3
XFMR-016316,2016-05-25 13:56:09.299267,WO-007627,routine,2,3
XFMR-016316,2020-01-29 13:56:09.299277,WO-007628,routine,4,3
XFMR-020201,2024-08-27 13:56:09.299296,WO-007629,routine,1,1
XFMR-008774,2017-08-13 13:56:09.299316,WO-007630,routine,2,2
XFMR-008774,2025-12-15 13:56:09.299327,WO-007631,routine,2,2
XFMR-008774,2018-09-15 13:56:09.299337,WO-007632,preventive,2,2
XFMR-002702,2017-05-17 13:56:09.299356,WO-007633,routine,3,3
XFMR-002702,2023-06-06 13:56:09.299367,WO-007634,routine,4,3
XFMR-002702,2023-03-02 13:56:09.299379,WO-007635,preventive,3,3
XFMR-002086,2018-12-20 13:56:09.299399,WO-007636,routine,4,3
XFMR-002086,2021-08-12 13:56:09.299409,WO-007637,routine,2,3
XFMR-002086,2023-04-10 13:56:09.299420,WO-007638,routine,2,3
XFMR-009526,2018-05-23 13:56:09.299440,WO-007639,routine,3,2
XFMR-009526,2025-05-11 13:56:09.299452,WO-007640,routine,1,2
XFMR-009526,2025-12-01 13:56:09.299463,WO-007641,routine,1,2
XFMR-013218,2024-10-21 13:56:09.299482,WO-007642,emergency,1,2
XFMR-013218,2020-07-20 13:56:09.299492,WO-007643,routine,2,2
XFMR-013218,2018-07-15 13:56:09.299502,WO-007644,routine,1,2
XFMR-017781,2023-10-18 13:56:09.299522,WO-007645,routine,2,2
XFMR-003670,2024-02-02 13:56:09.299542,WO-007646,routine,2,3
XFMR-003670,2022-03-04 13:56:09.299552,WO-007647,routine,3,3
XFMR-003670,2020-05-29 13:56:09.299563,WO-007648,emergency,4,3
XFMR-009130,2017-05-03 13:56:09.299582,WO-007649,routine,3,4
XFMR-008791,2025-06-02 13:56:09.299602,WO-007650,routine,4,3
XFMR-013736,2018-05-27 13:56:09.299623,WO-007651,preventive,1,2
XFMR-013736,2025-01-11 13:56:09.299633,WO-007652,routine,3,2
XFMR-005506,2025-08-16 13:56:09.299653,WO-007653,routine,2,3
XFMR-012038,2022-07-08 13:56:09.299677,WO-007654,routine,1,2
XFMR-012038,2016-07-29 13:56:09.299688,WO-007655,routine,1,2
XFMR-015728,2017-07-16 13:56:09.299708,WO-007656,emergency,1,2
XFMR-015728,2020-03-12 13:56:09.299718,WO-007657,routine,1,2
XFMR-009133,2022-07-08 13:56:09.299737,WO-007658,preventive,3,2
XFMR-009133,2017-01-04 13:56:09.299748,WO-007659,routine,2,2
XFMR-009133,2020-11-11 13:56:09.299758,WO-007660,routine,2,2
XFMR-007812,2025-04-07 13:56:09.299777,WO-007661,routine,2,1
XFMR-007812,2024-04-28 13:56:09.299788,WO-007662,routine,1,1
XFMR-007812,2020-08-14 13:56:09.299798,WO-007663,emergency,1,1
XFMR-008916,2017-07-06 13:56:09.299817,WO-007664,routine,4,3
XFMR-008916,2025-12-05 13:56:09.299827,WO-007665,routine,3,3
XFMR-008916,2025-09-29 13:56:09.299837,WO-007666,routine,3,3
XFMR-012638,2020-09-29 13:56:09.299857,WO-007667,routine,5,4
XFMR-012866,2023-08-28 13:56:09.299877,WO-007668,preventive,5,4
XFMR-012866,2020-11-11 13:56:09.299888,WO-007669,routine,5,4
XFMR-009243,2018-03-14 13:56:09.299907,WO-007670,routine,2,2
XFMR-009243,2022-09-07 13:56:09.299918,WO-007671,routine,3,2
XFMR-008611,2017-09-26 13:56:09.299937,WO-007672,routine,4,4
XFMR-008611,2017-11-06 13:56:09.299948,WO-007673,routine,5,4
XFMR-013081,2019-05-19 13:56:09.299967,WO-007674,routine,3,2
XFMR-013081,2019-11-25 13:56:09.299978,WO-007675,routine,2,2
XFMR-009052,2017-07-13 13:56:09.299997,WO-007676,routine,3,2
XFMR-009052,2017-06-30 13:56:09.300008,WO-007677,routine,1,2
XFMR-014582,2021-06-04 13:56:09.300027,WO-007678,preventive,1,2
XFMR-014582,2016-06-16 13:56:09.300038,WO-007679,routine,2,2
XFMR-000275,2025-03-10 13:56:09.300057,WO-007680,routine,2,2
XFMR-000275,2020-11-06 13:56:09.300068,WO-007681,routine,1,2
XFMR-008926,2019-02-16 13:56:09.300088,WO-007682,emergency,5,4
XFMR-008926,2018-09-28 13:56:09.300099,WO-007683,preventive,5,4
XFMR-005749,2019-05-09 13:56:09.300118,WO-007684,preventive,2,3
XFMR-017424,2018-03-14 13:56:09.300139,WO-007685,routine,3,3
XFMR-017424,2022-01-10 13:56:09.300149,WO-007686,emergency,3,3
XFMR-017424,2025-08-06 13:56:09.300159,WO-007687,routine,2,3
XFMR-010038,2019-08-12 13:56:09.300178,WO-007688,routine,3,2
XFMR-010038,2023-07-06 13:56:09.300189,WO-007689,routine,2,2
XFMR-010038,2016-10-22 13:56:09.300199,WO-007690,routine,1,2
XFMR-019701,2019-05-14 13:56:09.300218,WO-007691,routine,2,2
XFMR-016903,2025-12-28 13:56:09.300238,WO-007692,routine,2,2
XFMR-016903,2019-10-14 13:56:09.300248,WO-007693,preventive,1,2
XFMR-016903,2023-03-30 13:56:09.300260,WO-007694,preventive,1,2
XFMR-021378,2024-09-21 13:56:09.300279,WO-007695,routine,2,3
XFMR-021378,2017-03-09 13:56:09.300290,WO-007696,preventive,2,3
XFMR-021378,2022-10-11 13:56:09.300300,WO-007697,routine,3,3
XFMR-010904,2022-01-03 13:56:09.300323,WO-007698,routine,2,2
XFMR-010904,2025-08-12 13:56:09.300334,WO-007699,routine,1,2
XFMR-010904,2023-11-02 13:56:09.300344,WO-007700,routine,3,2
XFMR-004038,2025-05-10 13:56:09.300364,WO-007701,routine,4,3
XFMR-004038,2018-01-01 13:56:09.300375,WO-007702,routine,4,3
XFMR-004038,2022-12-13 13:56:09.300387,WO-007703,routine,4,3
XFMR-014455,2024-09-21 13:56:09.300414,WO-007704,routine,3,2
XFMR-014455,2021-12-15 13:56:09.300427,WO-007705,routine,2,2
XFMR-001677,2017-07-09 13:56:09.300447,WO-007706,preventive,2,1
XFMR-001677,2023-02-03 13:56:09.300457,WO-007707,preventive,1,1
XFMR-001677,2023-05-14 13:56:09.300467,WO-007708,preventive,1,1
XFMR-000715,2023-05-17 13:56:09.300487,WO-007709,routine,4,3
XFMR-000715,2021-03-24 13:56:09.300497,WO-007710,routine,2,3
XFMR-002679,2020-04-18 13:56:09.300517,WO-007711,routine,2,1
XFMR-017808,2020-12-10 13:56:09.300537,WO-007712,routine,2,3
XFMR-017409,2023-05-01 13:56:09.300557,WO-007713,preventive,4,3
XFMR-017409,2018-10-10 13:56:09.300567,WO-007714,routine,3,3
XFMR-015330,2018-02-11 13:56:09.300587,WO-007715,routine,3,2
XFMR-015330,2017-09-25 13:56:09.300597,WO-007716,routine,1,2
XFMR-015330,2025-04-06 13:56:09.300607,WO-007717,routine,1,2
XFMR-013038,2023-04-13 13:56:09.300627,WO-007718,routine,2,2
XFMR-013038,2023-04-25 13:56:09.300638,WO-007719,emergency,1,2
XFMR-013038,2019-12-20 13:56:09.300648,WO-007720,preventive,3,2
XFMR-016404,2020-06-16 13:56:09.300667,WO-007721,routine,3,2
XFMR-016404,2024-04-19 13:56:09.300678,WO-007722,routine,1,2
XFMR-014410,2019-12-21 13:56:09.300697,WO-007723,routine,1,2
XFMR-003770,2022-10-21 13:56:09.300717,WO-007724,routine,1,1
XFMR-003770,2025-03-30 13:56:09.300727,WO-007725,routine,2,1
XFMR-003439,2023-04-20 13:56:09.300747,WO-007726,routine,4,3
XFMR-020076,2022-09-02 13:56:09.300767,WO-007727,routine,3,4
XFMR-003520,2017-07-05 13:56:09.300787,WO-007728,preventive,3,3
XFMR-003520,2020-05-29 13:56:09.300797,WO-007729,routine,3,3
XFMR-005048,2021-03-18 13:56:09.300817,WO-007730,routine,3,4
XFMR-005048,2022-04-20 13:56:09.300827,WO-007731,routine,4,4
XFMR-006845,2023-10-10 13:56:09.300847,WO-007732,routine,5,4
XFMR-006845,2024-10-20 13:56:09.300857,WO-007733,routine,5,4
XFMR-006845,2017-11-22 13:56:09.300867,WO-007734,routine,4,4
XFMR-008587,2016-06-19 13:56:09.300886,WO-007735,preventive,5,5
XFMR-008587,2021-06-25 13:56:09.300897,WO-007736,preventive,5,5
XFMR-008587,2025-04-26 13:56:09.300907,WO-007737,routine,4,5
XFMR-015261,2022-04-06 13:56:09.300926,WO-007738,routine,4,4
XFMR-000007,2017-03-23 13:56:09.300947,WO-007739,preventive,4,3
XFMR-000007,2017-07-25 13:56:09.300957,WO-007740,preventive,2,3
XFMR-000007,2025-12-22 13:56:09.300967,WO-007741,emergency,4,3
XFMR-002744,2021-06-20 13:56:09.300987,WO-007742,routine,2,2
XFMR-002744,2024-05-11 13:56:09.300997,WO-007743,routine,3,2
XFMR-002744,2022-10-17 13:56:09.301007,WO-007744,preventive,2,2
XFMR-004679,2024-10-10 13:56:09.301026,WO-007745,emergency,4,3
XFMR-004679,2022-05-24 13:56:09.301037,WO-007746,routine,2,3
XFMR-019106,2021-02-05 13:56:09.301056,WO-007747,routine,3,2
XFMR-010595,2023-10-06 13:56:09.301076,WO-007748,routine,5,4
XFMR-010595,2017-08-07 13:56:09.301087,WO-007749,routine,5,4
XFMR-010595,2024-04-08 13:56:09.301097,WO-007750,routine,4,4
XFMR-005576,2017-02-04 13:56:09.301116,WO-007751,routine,3,2
XFMR-020912,2018-01-23 13:56:09.301137,WO-007752,routine,5,5
XFMR-020912,2022-06-24 13:56:09.301147,WO-007753,routine,5,5
XFMR-020912,2025-11-16 13:56:09.301157,WO-007754,routine,5,5
XFMR-006468,2016-06-15 13:56:09.301176,WO-007755,routine,1,1
XFMR-018230,2023-03-23 13:56:09.301197,WO-007756,routine,4,3
XFMR-018230,2016-06-30 13:56:09.301207,WO-007757,emergency,4,3
XFMR-017553,2025-11-02 13:56:09.301226,WO-007758,routine,3,4
XFMR-017553,2018-12-01 13:56:09.301237,WO-007759,routine,3,4
XFMR-017553,2017-09-29 13:56:09.301247,WO-007760,emergency,4,4
XFMR-011083,2022-04-11 13:56:09.301266,WO-007761,emergency,5,5
XFMR-013898,2018-01-30 13:56:09.301286,WO-007762,preventive,2,1
XFMR-013898,2017-08-18 13:56:09.301297,WO-007763,routine,2,1
XFMR-013898,2025-09-25 13:56:09.301307,WO-007764,preventive,2,1
XFMR-006203,2024-01-04 13:56:09.301326,WO-007765,routine,4,3
XFMR-006203,2018-09-17 13:56:09.301337,WO-007766,emergency,4,3
XFMR-007336,2024-06-04 13:56:09.301356,WO-007767,preventive,5,4
XFMR-009007,2022-09-30 13:56:09.301376,WO-007768,preventive,1,2
XFMR-018413,2017-11-15 13:56:09.301396,WO-007769,routine,4,5
XFMR-018413,2016-10-03 13:56:09.301407,WO-007770,routine,4,5
XFMR-018413,2025-06-26 13:56:09.301417,WO-007771,routine,4,5
XFMR-010109,2024-03-16 13:56:09.301438,WO-007772,routine,2,2
XFMR-010109,2022-09-09 13:56:09.301448,WO-007773,routine,3,2
XFMR-010109,2017-06-10 13:56:09.301458,WO-007774,preventive,2,2
XFMR-004992,2022-09-27 13:56:09.301478,WO-007775,routine,2,2
XFMR-012053,2023-05-21 13:56:09.301498,WO-007776,routine,1,2
XFMR-012053,2021-04-17 13:56:09.301508,WO-007777,routine,1,2
XFMR-012053,2017-11-14 13:56:09.301518,WO-007778,routine,1,2
XFMR-005654,2016-11-22 13:56:09.301537,WO-007779,preventive,2,3
XFMR-005654,2023-06-25 13:56:09.301548,WO-007780,emergency,4,3
XFMR-006046,2019-06-19 13:56:09.301568,WO-007781,preventive,4,3
XFMR-006046,2023-05-27 13:56:09.301578,WO-007782,emergency,2,3
XFMR-006291,2020-01-12 13:56:09.301598,WO-007783,routine,2,2
XFMR-006291,2023-03-15 13:56:09.301608,WO-007784,routine,1,2
XFMR-020777,2016-03-31 13:56:09.301628,WO-007785,routine,4,3
XFMR-016678,2017-09-14 13:56:09.301648,WO-007786,routine,5,4
XFMR-016678,2025-10-29 13:56:09.301658,WO-007787,routine,3,4
XFMR-016678,2025-03-08 13:56:09.301668,WO-007788,routine,3,4
XFMR-013857,2019-07-02 13:56:09.301687,WO-007789,preventive,2,1
XFMR-013857,2023-09-03 13:56:09.301698,WO-007790,emergency,1,1
XFMR-013857,2025-07-24 13:56:09.301708,WO-007791,routine,1,1
XFMR-003888,2017-05-07 13:56:09.301728,WO-007792,routine,4,3
XFMR-018614,2019-10-31 13:56:09.301748,WO-007793,routine,2,3
XFMR-018614,2023-02-27 13:56:09.301758,WO-007794,routine,4,3
XFMR-018614,2024-10-30 13:56:09.301768,WO-007795,routine,3,3
XFMR-001024,2019-08-14 13:56:09.301787,WO-007796,routine,4,5
XFMR-001024,2024-07-06 13:56:09.301798,WO-007797,routine,4,5
XFMR-006601,2024-11-03 13:56:09.301817,WO-007798,routine,4,4
XFMR-006601,2017-07-29 13:56:09.301828,WO-007799,routine,5,4
XFMR-017167,2025-02-18 13:56:09.301849,WO-007800,routine,2,3
XFMR-006286,2025-06-07 13:56:09.301869,WO-007801,routine,4,3
XFMR-012899,2020-07-02 13:56:09.301889,WO-007802,preventive,2,3
XFMR-012899,2025-01-28 13:56:09.301900,WO-007803,preventive,3,3
XFMR-004672,2025-10-30 13:56:09.301919,WO-007804,routine,2,2
XFMR-004672,2018-01-18 13:56:09.301930,WO-007805,routine,3,2
XFMR-004672,2022-03-30 13:56:09.301940,WO-007806,routine,2,2
XFMR-016946,2018-07-26 13:56:09.301959,WO-007807,routine,2,2
XFMR-006837,2016-11-01 13:56:09.301979,WO-007808,routine,1,2
XFMR-005351,2025-09-21 13:56:09.301999,WO-007809,routine,4,3
XFMR-005351,2016-12-20 13:56:09.302010,WO-007810,routine,4,3
XFMR-005351,2021-09-10 13:56:09.302020,WO-007811,emergency,4,3
XFMR-021291,2017-07-27 13:56:09.302039,WO-007812,routine,4,3
XFMR-015337,2020-10-25 13:56:09.302059,WO-007813,routine,5,4
XFMR-015337,2019-06-12 13:56:09.302070,WO-007814,preventive,4,4
XFMR-008140,2018-05-24 13:56:09.302089,WO-007815,preventive,3,2
XFMR-013802,2020-01-05 13:56:09.302109,WO-007816,routine,1,1
XFMR-018454,2022-12-26 13:56:09.302129,WO-007817,routine,5,4
XFMR-005849,2018-08-31 13:56:09.302149,WO-007818,routine,4,3
XFMR-005849,2016-12-07 13:56:09.302159,WO-007819,routine,2,3
XFMR-005849,2016-06-08 13:56:09.302169,WO-007820,routine,2,3
XFMR-006937,2022-05-21 13:56:09.302189,WO-007821,routine,4,4
XFMR-006937,2025-04-28 13:56:09.302199,WO-007822,routine,3,4
XFMR-006937,2016-05-15 13:56:09.302209,WO-007823,routine,3,4
XFMR-004955,2023-08-05 13:56:09.302230,WO-007824,routine,2,3
XFMR-004955,2023-10-07 13:56:09.302241,WO-007825,routine,3,3
XFMR-006287,2017-11-10 13:56:09.302260,WO-007826,routine,4,3
XFMR-006287,2018-01-15 13:56:09.302271,WO-007827,routine,3,3
XFMR-003456,2022-10-05 13:56:09.302290,WO-007828,routine,2,2
XFMR-007616,2024-05-30 13:56:09.302310,WO-007829,routine,4,4
XFMR-007616,2018-04-03 13:56:09.302321,WO-007830,routine,5,4
XFMR-009595,2017-10-29 13:56:09.302340,WO-007831,routine,2,2
XFMR-009595,2021-03-04 13:56:09.302351,WO-007832,routine,3,2
XFMR-009595,2025-04-12 13:56:09.302360,WO-007833,preventive,1,2
XFMR-008142,2016-12-26 13:56:09.302380,WO-007834,routine,5,4
XFMR-008142,2021-10-20 13:56:09.302390,WO-007835,emergency,3,4
XFMR-008142,2021-09-27 13:56:09.302400,WO-007836,emergency,3,4
XFMR-017529,2020-06-29 13:56:09.302419,WO-007837,emergency,2,3
XFMR-021308,2021-07-17 13:56:09.302439,WO-007838,preventive,1,1
XFMR-018349,2018-10-15 13:56:09.302459,WO-007839,preventive,4,4
XFMR-018349,2024-08-02 13:56:09.302470,WO-007840,routine,5,4
XFMR-018349,2018-07-18 13:56:09.302480,WO-007841,routine,3,4
XFMR-012878,2024-08-21 13:56:09.302499,WO-007842,preventive,5,4
XFMR-012878,2022-04-23 13:56:09.302510,WO-007843,routine,4,4
XFMR-006880,2024-02-22 13:56:09.302530,WO-007844,routine,2,2
XFMR-006880,2017-11-04 13:56:09.302540,WO-007845,routine,2,2
XFMR-004703,2020-06-13 13:56:09.302560,WO-007846,routine,4,4
XFMR-019190,2025-11-19 13:56:09.302580,WO-007847,preventive,3,2
XFMR-005049,2018-01-21 13:56:09.302599,WO-007848,routine,4,3
XFMR-003144,2022-05-05 13:56:09.302621,WO-007849,routine,3,2
XFMR-003144,2018-08-16 13:56:09.302632,WO-007850,routine,2,2
XFMR-020276,2025-11-04 13:56:09.302651,WO-007851,routine,2,3
XFMR-002112,2024-09-19 13:56:09.302671,WO-007852,preventive,4,3
XFMR-002112,2023-01-18 13:56:09.302681,WO-007853,routine,4,3
XFMR-007548,2016-06-12 13:56:09.302701,WO-007854,preventive,5,4
XFMR-021284,2019-07-20 13:56:09.302721,WO-007855,preventive,4,3
XFMR-007564,2019-03-22 13:56:09.302741,WO-007856,preventive,3,2
XFMR-007564,2024-10-17 13:56:09.302751,WO-007857,routine,3,2
XFMR-007564,2017-08-13 13:56:09.302763,WO-007858,preventive,1,2
XFMR-017795,2023-02-12 13:56:09.302783,WO-007859,routine,5,5
XFMR-016997,2017-11-08 13:56:09.302803,WO-007860,preventive,1,2
XFMR-016997,2017-12-31 13:56:09.302813,WO-007861,routine,3,2
XFMR-004910,2024-06-21 13:56:09.302833,WO-007862,routine,5,5
XFMR-004910,2019-04-13 13:56:09.302843,WO-007863,routine,4,5
XFMR-006650,2021-08-23 13:56:09.302863,WO-007864,routine,4,4
XFMR-004707,2023-06-25 13:56:09.302883,WO-007865,routine,2,3
XFMR-004707,2022-07-23 13:56:09.302893,WO-007866,routine,2,3
XFMR-004707,2019-04-02 13:56:09.302903,WO-007867,routine,2,3
XFMR-005562,2022-11-05 13:56:09.302923,WO-007868,routine,4,5
XFMR-020387,2017-02-08 13:56:09.302943,WO-007869,routine,3,3
XFMR-020387,2023-08-26 13:56:09.302953,WO-007870,routine,2,3
XFMR-020387,2020-11-16 13:56:09.302963,WO-007871,preventive,4,3
XFMR-019067,2017-11-17 13:56:09.302983,WO-007872,routine,1,1
XFMR-019067,2023-06-07 13:56:09.302993,WO-007873,emergency,1,1
XFMR-018448,2022-01-04 13:56:09.303013,WO-007874,routine,1,2
XFMR-018448,2021-06-10 13:56:09.303023,WO-007875,preventive,1,2
XFMR-018874,2016-04-16 13:56:09.303043,WO-007876,routine,1,2
XFMR-018874,2019-08-22 13:56:09.303054,WO-007877,routine,2,2
XFMR-000559,2023-05-01 13:56:09.303073,WO-007878,routine,1,2
XFMR-000559,2017-06-11 13:56:09.303084,WO-007879,routine,3,2
XFMR-000559,2018-04-14 13:56:09.303094,WO-007880,routine,2,2
XFMR-012825,2024-01-23 13:56:09.303113,WO-007881,routine,3,4
XFMR-012825,2021-02-22 13:56:09.303124,WO-007882,routine,4,4
XFMR-012825,2021-04-16 13:56:09.303134,WO-007883,preventive,4,4
XFMR-017135,2022-01-12 13:56:09.303153,WO-007884,routine,3,3
XFMR-017406,2021-03-21 13:56:09.303173,WO-007885,routine,4,5
XFMR-017406,2020-01-22 13:56:09.303184,WO-007886,routine,5,5
XFMR-017406,2019-02-20 13:56:09.303194,WO-007887,routine,5,5
XFMR-005195,2017-12-21 13:56:09.303213,WO-007888,routine,4,3
XFMR-005195,2017-11-30 13:56:09.303224,WO-007889,preventive,3,3
XFMR-018369,2018-11-22 13:56:09.303243,WO-007890,preventive,2,3
XFMR-005457,2019-01-25 13:56:09.303263,WO-007891,routine,5,4
XFMR-005457,2022-05-07 13:56:09.303274,WO-007892,emergency,3,4
XFMR-005457,2024-07-23 13:56:09.303283,WO-007893,routine,3,4
XFMR-005358,2019-08-12 13:56:09.303303,WO-007894,routine,2,2
XFMR-005358,2021-02-17 13:56:09.303313,WO-007895,routine,3,2
XFMR-018121,2025-09-09 13:56:09.303332,WO-007896,preventive,4,3
XFMR-018121,2024-11-15 13:56:09.303343,WO-007897,routine,2,3
XFMR-018121,2023-07-30 13:56:09.303353,WO-007898,preventive,3,3
XFMR-003683,2025-12-29 13:56:09.303372,WO-007899,routine,2,3
XFMR-003683,2023-06-17 13:56:09.303383,WO-007900,preventive,3,3
XFMR-003683,2023-03-26 13:56:09.303393,WO-007901,routine,3,3
XFMR-002728,2024-10-21 13:56:09.303412,WO-007902,routine,3,3
XFMR-002728,2020-08-24 13:56:09.303423,WO-007903,routine,3,3
XFMR-010649,2021-10-17 13:56:09.303442,WO-007904,routine,3,4
XFMR-010649,2025-10-27 13:56:09.303452,WO-007905,routine,5,4
XFMR-014580,2022-02-05 13:56:09.303472,WO-007906,routine,4,3
XFMR-014580,2017-02-07 13:56:09.303483,WO-007907,emergency,2,3
XFMR-003214,2021-04-11 13:56:09.303502,WO-007908,routine,4,3
XFMR-003214,2025-02-08 13:56:09.303513,WO-007909,routine,4,3
XFMR-003214,2022-02-23 13:56:09.303522,WO-007910,routine,2,3
XFMR-012893,2024-07-27 13:56:09.303544,WO-007911,routine,1,1
XFMR-012893,2021-11-20 13:56:09.303554,WO-007912,routine,1,1
XFMR-015483,2017-01-18 13:56:09.303574,WO-007913,routine,4,3
XFMR-015483,2026-01-22 13:56:09.303585,WO-007914,routine,3,3
XFMR-015483,2020-08-15 13:56:09.303596,WO-007915,routine,4,3
XFMR-016487,2017-10-15 13:56:09.303617,WO-007916,preventive,4,3
XFMR-020158,2024-06-25 13:56:09.303638,WO-007917,routine,4,5
XFMR-020158,2021-06-18 13:56:09.303648,WO-007918,routine,5,5
XFMR-020158,2025-06-05 13:56:09.303658,WO-007919,emergency,4,5
XFMR-006247,2025-03-30 13:56:09.303677,WO-007920,routine,5,4
XFMR-006247,2017-08-07 13:56:09.303688,WO-007921,preventive,3,4
XFMR-006247,2022-11-14 13:56:09.303698,WO-007922,routine,3,4
XFMR-009339,2021-05-15 13:56:09.303723,WO-007923,routine,4,5
XFMR-009339,2025-11-16 13:56:09.303734,WO-007924,routine,5,5
XFMR-009339,2024-05-24 13:56:09.303745,WO-007925,preventive,5,5
XFMR-008705,2023-06-01 13:56:09.303768,WO-007926,routine,3,3
XFMR-008705,2021-04-12 13:56:09.303783,WO-007927,routine,3,3
XFMR-008705,2024-10-13 13:56:09.303800,WO-007928,routine,2,3
XFMR-014096,2022-08-27 13:56:09.303820,WO-007929,preventive,4,4
XFMR-013657,2025-08-14 13:56:09.303840,WO-007930,preventive,4,3
XFMR-013657,2016-10-24 13:56:09.303851,WO-007931,preventive,2,3
XFMR-013657,2017-06-18 13:56:09.303860,WO-007932,routine,4,3
XFMR-010837,2017-06-09 13:56:09.303880,WO-007933,preventive,2,3
XFMR-010837,2016-04-03 13:56:09.303890,WO-007934,routine,3,3
XFMR-008545,2018-07-27 13:56:09.303910,WO-007935,routine,3,2
XFMR-008545,2021-11-01 13:56:09.303920,WO-007936,routine,1,2
XFMR-008545,2024-05-02 13:56:09.303930,WO-007937,routine,1,2
XFMR-004578,2022-01-19 13:56:09.303949,WO-007938,preventive,4,4
XFMR-004578,2022-12-24 13:56:09.303960,WO-007939,routine,3,4
XFMR-015220,2024-12-30 13:56:09.303979,WO-007940,routine,1,2
XFMR-015220,2019-01-25 13:56:09.303990,WO-007941,routine,2,2
XFMR-013116,2023-10-07 13:56:09.304009,WO-007942,routine,4,3
XFMR-013116,2025-10-07 13:56:09.304020,WO-007943,routine,4,3
XFMR-010900,2020-08-20 13:56:09.304039,WO-007944,emergency,3,4
XFMR-010900,2022-12-31 13:56:09.304050,WO-007945,emergency,3,4
XFMR-005439,2025-11-11 13:56:09.304069,WO-007946,routine,1,1
XFMR-005439,2016-08-20 13:56:09.304080,WO-007947,routine,1,1
XFMR-005439,2019-05-14 13:56:09.304090,WO-007948,routine,1,1
XFMR-007218,2023-11-24 13:56:09.304109,WO-007949,routine,3,2
XFMR-007218,2025-01-11 13:56:09.304120,WO-007950,routine,3,2
XFMR-007218,2016-08-03 13:56:09.304129,WO-007951,preventive,2,2
XFMR-016149,2024-11-10 13:56:09.304150,WO-007952,routine,1,2
XFMR-009192,2025-04-07 13:56:09.304170,WO-007953,routine,1,2
XFMR-018251,2025-11-29 13:56:09.304190,WO-007954,routine,2,1
XFMR-018251,2021-01-27 13:56:09.304201,WO-007955,routine,2,1
XFMR-001471,2025-01-12 13:56:09.304220,WO-007956,emergency,1,2
XFMR-006150,2019-02-19 13:56:09.304240,WO-007957,routine,2,3
XFMR-020068,2017-11-23 13:56:09.304260,WO-007958,preventive,2,2
XFMR-011607,2019-09-04 13:56:09.304280,WO-007959,routine,4,5
XFMR-009611,2025-08-26 13:56:09.304300,WO-007960,routine,1,2
XFMR-012989,2024-08-08 13:56:09.304320,WO-007961,routine,2,3
XFMR-012989,2019-06-24 13:56:09.304331,WO-007962,routine,4,3
XFMR-012989,2017-03-10 13:56:09.304341,WO-007963,routine,3,3
XFMR-014350,2016-08-23 13:56:09.304360,WO-007964,routine,2,2
XFMR-003509,2020-12-02 13:56:09.304380,WO-007965,preventive,1,2
XFMR-014685,2020-11-19 13:56:09.304400,WO-007966,routine,5,4
XFMR-014685,2019-07-12 13:56:09.304410,WO-007967,routine,3,4
XFMR-014685,2020-06-11 13:56:09.304420,WO-007968,routine,5,4
XFMR-019115,2024-10-22 13:56:09.304440,WO-007969,routine,5,4
XFMR-019115,2020-08-10 13:56:09.304451,WO-007970,emergency,3,4
XFMR-019115,2023-09-25 13:56:09.304461,WO-007971,routine,5,4
XFMR-018934,2024-06-24 13:56:09.304480,WO-007972,routine,1,1
XFMR-018934,2016-12-10 13:56:09.304491,WO-007973,routine,1,1
XFMR-007116,2017-07-18 13:56:09.304511,WO-007974,routine,4,3
XFMR-007116,2021-12-10 13:56:09.304521,WO-007975,preventive,4,3
XFMR-007116,2020-08-31 13:56:09.304531,WO-007976,preventive,2,3
XFMR-012588,2016-06-09 13:56:09.304551,WO-007977,routine,2,2
XFMR-003949,2023-06-25 13:56:09.304573,WO-007978,preventive,2,2
XFMR-011667,2023-02-19 13:56:09.304594,WO-007979,routine,1,2
XFMR-011667,2025-08-20 13:56:09.304604,WO-007980,routine,1,2
XFMR-004573,2025-03-29 13:56:09.304624,WO-007981,routine,1,2
XFMR-004573,2022-10-12 13:56:09.304634,WO-007982,routine,1,2
XFMR-004418,2020-03-22 13:56:09.304654,WO-007983,preventive,2,1
XFMR-004418,2025-09-07 13:56:09.304664,WO-007984,routine,2,1
XFMR-004991,2018-01-25 13:56:09.304684,WO-007985,routine,5,4
XFMR-004991,2022-09-01 13:56:09.304694,WO-007986,routine,3,4
XFMR-004991,2019-08-15 13:56:09.304704,WO-007987,routine,3,4
XFMR-019123,2022-02-12 13:56:09.304724,WO-007988,preventive,1,2
XFMR-019123,2025-11-05 13:56:09.304734,WO-007989,routine,1,2
XFMR-002989,2018-08-09 13:56:09.304754,WO-007990,routine,2,2
XFMR-002989,2022-07-24 13:56:09.304764,WO-007991,routine,2,2
XFMR-004973,2020-03-18 13:56:09.304783,WO-007992,routine,2,2
XFMR-017367,2023-08-12 13:56:09.304804,WO-007993,routine,4,3
XFMR-017367,2023-05-12 13:56:09.304814,WO-007994,routine,4,3
XFMR-007178,2025-01-30 13:56:09.304834,WO-007995,routine,5,5
XFMR-007178,2017-06-18 13:56:09.304845,WO-007996,routine,5,5
XFMR-007178,2021-08-11 13:56:09.304854,WO-007997,routine,4,5
XFMR-011030,2016-05-01 13:56:09.304874,WO-007998,routine,1,1
XFMR-011030,2025-10-16 13:56:09.304885,WO-007999,routine,1,1
XFMR-011030,2022-07-26 13:56:09.304894,WO-008000,routine,1,1
XFMR-007331,2020-10-10 13:56:09.304914,WO-008001,routine,2,2
XFMR-012646,2017-09-09 13:56:09.304934,WO-008002,emergency,1,2
XFMR-012646,2019-08-11 13:56:09.304944,WO-008003,emergency,2,2
XFMR-012646,2021-09-26 13:56:09.304954,WO-008004,routine,1,2
XFMR-014460,2023-12-05 13:56:09.304979,WO-008005,routine,5,4
XFMR-014460,2020-10-24 13:56:09.304990,WO-008006,routine,4,4
XFMR-013131,2016-06-22 13:56:09.305009,WO-008007,routine,4,4
XFMR-013131,2022-07-23 13:56:09.305020,WO-008008,routine,3,4
XFMR-013131,2016-10-29 13:56:09.305029,WO-008009,routine,5,4
XFMR-002253,2024-12-04 13:56:09.305049,WO-008010,routine,4,4
XFMR-002253,2024-08-17 13:56:09.305059,WO-008011,preventive,3,4
XFMR-008286,2022-12-31 13:56:09.305079,WO-008012,preventive,3,4
XFMR-008286,2022-01-24 13:56:09.305089,WO-008013,routine,4,4
XFMR-019586,2023-01-24 13:56:09.305109,WO-008014,routine,3,4
XFMR-019586,2019-07-15 13:56:09.305120,WO-008015,preventive,3,4
XFMR-001870,2017-02-10 13:56:09.305139,WO-008016,routine,4,3
XFMR-001870,2020-05-13 13:56:09.305149,WO-008017,preventive,4,3
XFMR-012594,2024-02-01 13:56:09.305169,WO-008018,routine,3,3
XFMR-012594,2017-06-29 13:56:09.305179,WO-008019,routine,4,3
XFMR-012594,2018-10-27 13:56:09.305189,WO-008020,preventive,4,3
XFMR-011718,2024-08-28 13:56:09.305208,WO-008021,routine,2,3
XFMR-011718,2018-02-05 13:56:09.305219,WO-008022,routine,4,3
XFMR-011718,2016-09-28 13:56:09.305229,WO-008023,routine,4,3
XFMR-005346,2021-04-21 13:56:09.305248,WO-008024,routine,2,2
XFMR-005346,2023-07-30 13:56:09.305259,WO-008025,routine,2,2
XFMR-018622,2023-10-23 13:56:09.305278,WO-008026,routine,3,2
XFMR-018622,2021-02-21 13:56:09.305289,WO-008027,routine,1,2
XFMR-018622,2016-11-15 13:56:09.305299,WO-008028,routine,2,2
XFMR-014464,2025-11-18 13:56:09.305318,WO-008029,routine,2,2
XFMR-014464,2022-02-14 13:56:09.305329,WO-008030,routine,2,2
XFMR-014464,2025-09-27 13:56:09.305338,WO-008031,routine,1,2
XFMR-013643,2020-09-19 13:56:09.305358,WO-008032,emergency,3,3
XFMR-013643,2017-08-06 13:56:09.305368,WO-008033,routine,2,3
XFMR-009913,2023-04-02 13:56:09.305387,WO-008034,routine,2,2
XFMR-009913,2019-07-09 13:56:09.305398,WO-008035,routine,2,2
XFMR-009913,2024-01-06 13:56:09.305408,WO-008036,routine,2,2
XFMR-006917,2018-03-06 13:56:09.305428,WO-008037,routine,5,4
XFMR-006917,2024-01-09 13:56:09.305438,WO-008038,preventive,3,4
XFMR-009049,2025-01-13 13:56:09.305457,WO-008039,routine,4,4
XFMR-009049,2017-11-01 13:56:09.305468,WO-008040,routine,5,4
XFMR-009049,2022-01-03 13:56:09.305478,WO-008041,routine,3,4
XFMR-005231,2017-10-09 13:56:09.305497,WO-008042,routine,1,1
XFMR-005231,2020-04-09 13:56:09.305507,WO-008043,preventive,2,1
XFMR-005231,2024-12-13 13:56:09.305517,WO-008044,routine,2,1
XFMR-009562,2017-10-03 13:56:09.305537,WO-008045,routine,5,4
XFMR-016814,2020-06-02 13:56:09.305557,WO-008046,routine,4,4
XFMR-016814,2021-07-09 13:56:09.305568,WO-008047,preventive,5,4
XFMR-001200,2020-03-08 13:56:09.305587,WO-008048,preventive,2,2
XFMR-001200,2023-05-17 13:56:09.305598,WO-008049,routine,3,2
XFMR-015730,2025-04-04 13:56:09.305619,WO-008050,routine,2,3
XFMR-015730,2023-07-17 13:56:09.305630,WO-008051,routine,4,3
XFMR-014823,2020-08-20 13:56:09.305650,WO-008052,routine,4,4
XFMR-001278,2017-06-25 13:56:09.305673,WO-008053,routine,3,2
XFMR-001278,2016-09-24 13:56:09.305688,WO-008054,routine,1,2
XFMR-006673,2024-01-18 13:56:09.305709,WO-008055,routine,4,3
XFMR-020507,2023-09-26 13:56:09.305732,WO-008056,preventive,4,3
XFMR-020507,2023-11-07 13:56:09.305744,WO-008057,routine,2,3
XFMR-006724,2024-04-25 13:56:09.305766,WO-008058,routine,2,1
XFMR-006724,2024-07-18 13:56:09.305777,WO-008059,preventive,1,1
XFMR-006724,2018-07-12 13:56:09.305787,WO-008060,routine,2,1
XFMR-004141,2025-10-04 13:56:09.305807,WO-008061,routine,2,3
XFMR-000716,2020-02-08 13:56:09.305836,WO-008062,emergency,4,4
XFMR-001671,2022-04-21 13:56:09.305857,WO-008063,routine,5,4
XFMR-001671,2020-09-13 13:56:09.305867,WO-008064,routine,4,4
XFMR-001671,2019-04-28 13:56:09.305877,WO-008065,preventive,4,4
XFMR-018186,2025-10-15 13:56:09.305897,WO-008066,routine,3,2
XFMR-018186,2025-09-21 13:56:09.305907,WO-008067,routine,2,2
XFMR-018186,2017-10-13 13:56:09.305917,WO-008068,routine,3,2
XFMR-013263,2024-07-23 13:56:09.305937,WO-008069,routine,2,2
XFMR-013263,2021-07-30 13:56:09.305947,WO-008070,routine,1,2
XFMR-013263,2016-03-31 13:56:09.305957,WO-008071,routine,1,2
XFMR-015559,2021-09-06 13:56:09.305981,WO-008072,preventive,5,5
XFMR-015559,2018-09-11 13:56:09.305992,WO-008073,routine,5,5
XFMR-008699,2019-12-21 13:56:09.306011,WO-008074,routine,4,3
XFMR-008699,2016-10-18 13:56:09.306022,WO-008075,preventive,2,3
XFMR-000362,2022-10-31 13:56:09.306041,WO-008076,routine,5,5
XFMR-000362,2021-10-31 13:56:09.306052,WO-008077,preventive,5,5
XFMR-000362,2017-06-27 13:56:09.306062,WO-008078,routine,4,5
XFMR-014315,2023-12-09 13:56:09.306083,WO-008079,preventive,3,2
XFMR-014315,2017-08-08 13:56:09.306094,WO-008080,routine,2,2
XFMR-014315,2024-01-09 13:56:09.306104,WO-008081,routine,1,2
XFMR-014280,2022-04-25 13:56:09.306123,WO-008082,routine,2,2
XFMR-014280,2021-10-13 13:56:09.306134,WO-008083,routine,2,2
XFMR-006920,2024-02-18 13:56:09.306155,WO-008084,routine,4,3
XFMR-006920,2018-06-20 13:56:09.306165,WO-008085,routine,3,3
XFMR-006920,2023-02-11 13:56:09.306175,WO-008086,routine,3,3
XFMR-013450,2026-01-04 13:56:09.306195,WO-008087,emergency,1,1
XFMR-013450,2019-04-23 13:56:09.306205,WO-008088,routine,1,1
XFMR-013450,2020-02-23 13:56:09.306215,WO-008089,routine,1,1
XFMR-012877,2025-01-01 13:56:09.306235,WO-008090,emergency,5,5
XFMR-012877,2019-02-10 13:56:09.306246,WO-008091,routine,5,5
XFMR-012877,2018-07-30 13:56:09.306255,WO-008092,emergency,5,5
XFMR-008547,2025-03-28 13:56:09.306275,WO-008093,routine,3,2
XFMR-008547,2016-10-12 13:56:09.306286,WO-008094,routine,1,2
XFMR-005996,2021-11-13 13:56:09.306305,WO-008095,preventive,1,1
XFMR-018593,2023-07-01 13:56:09.306325,WO-008096,routine,3,3
XFMR-013208,2021-08-11 13:56:09.306345,WO-008097,preventive,3,3
XFMR-013208,2024-11-20 13:56:09.306356,WO-008098,routine,2,3
XFMR-005100,2025-07-10 13:56:09.306375,WO-008099,routine,2,1
XFMR-017256,2016-08-05 13:56:09.306396,WO-008100,preventive,5,4
XFMR-017256,2021-07-16 13:56:09.306406,WO-008101,routine,4,4
XFMR-017256,2018-09-05 13:56:09.306416,WO-008102,emergency,4,4
XFMR-013310,2022-05-31 13:56:09.306436,WO-008103,routine,4,5
XFMR-013310,2020-12-06 13:56:09.306447,WO-008104,emergency,4,5
XFMR-019007,2022-09-19 13:56:09.306466,WO-008105,emergency,1,1
XFMR-003025,2025-02-17 13:56:09.306486,WO-008106,routine,1,1
XFMR-003025,2021-10-21 13:56:09.306497,WO-008107,routine,1,1
XFMR-003025,2023-01-16 13:56:09.306507,WO-008108,preventive,1,1
XFMR-017896,2016-07-20 13:56:09.306526,WO-008109,routine,3,4
XFMR-017896,2025-09-22 13:56:09.306537,WO-008110,routine,5,4
XFMR-012458,2017-07-30 13:56:09.306556,WO-008111,preventive,3,3
XFMR-012458,2020-12-09 13:56:09.306567,WO-008112,routine,4,3
XFMR-005955,2022-09-04 13:56:09.306590,WO-008113,routine,2,1
XFMR-005955,2018-04-09 13:56:09.306601,WO-008114,routine,1,1
XFMR-008194,2023-05-13 13:56:09.306621,WO-008115,routine,2,3
XFMR-008194,2019-11-17 13:56:09.306632,WO-008116,routine,3,3
XFMR-006386,2018-07-14 13:56:09.306651,WO-008117,routine,3,3
XFMR-008814,2023-10-30 13:56:09.306671,WO-008118,routine,3,3
XFMR-008814,2025-03-05 13:56:09.306682,WO-008119,routine,3,3
XFMR-008814,2024-03-04 13:56:09.306692,WO-008120,emergency,2,3
XFMR-001158,2025-01-06 13:56:09.306711,WO-008121,emergency,5,4
XFMR-001158,2020-04-06 13:56:09.306722,WO-008122,routine,4,4
XFMR-001158,2024-01-21 13:56:09.306731,WO-008123,emergency,5,4
XFMR-015753,2025-09-17 13:56:09.306751,WO-008124,routine,3,3
XFMR-015753,2024-08-10 13:56:09.306761,WO-008125,emergency,3,3
XFMR-015753,2022-06-06 13:56:09.306771,WO-008126,routine,2,3
XFMR-013186,2018-10-05 13:56:09.306790,WO-008127,routine,2,3
XFMR-013186,2018-06-03 13:56:09.306801,WO-008128,preventive,4,3
XFMR-013186,2020-03-24 13:56:09.306811,WO-008129,routine,3,3
XFMR-013937,2024-11-03 13:56:09.306830,WO-008130,routine,2,2
XFMR-013937,2021-07-30 13:56:09.306841,WO-008131,routine,1,2
XFMR-013937,2025-08-10 13:56:09.306851,WO-008132,routine,1,2
XFMR-016220,2022-08-22 13:56:09.306870,WO-008133,routine,1,2
XFMR-014484,2017-04-01 13:56:09.306890,WO-008134,routine,1,2
XFMR-014484,2026-01-22 13:56:09.306901,WO-008135,routine,3,2
XFMR-006272,2024-11-11 13:56:09.306920,WO-008136,preventive,4,4
XFMR-006272,2021-03-11 13:56:09.306931,WO-008137,emergency,4,4
XFMR-007290,2025-06-22 13:56:09.306950,WO-008138,routine,3,2
XFMR-007290,2017-11-01 13:56:09.306961,WO-008139,routine,2,2
XFMR-007290,2020-06-10 13:56:09.306972,WO-008140,routine,2,2
XFMR-009377,2023-03-27 13:56:09.306992,WO-008141,routine,3,2
XFMR-009377,2025-01-07 13:56:09.307002,WO-008142,routine,1,2
XFMR-019840,2019-11-19 13:56:09.307022,WO-008143,routine,4,4
XFMR-019840,2019-06-05 13:56:09.307033,WO-008144,preventive,3,4
XFMR-000461,2016-09-30 13:56:09.307052,WO-008145,routine,3,2
XFMR-000461,2022-12-03 13:56:09.307063,WO-008146,preventive,3,2
XFMR-000461,2024-11-23 13:56:09.307072,WO-008147,routine,3,2
XFMR-007518,2020-08-10 13:56:09.307092,WO-008148,emergency,4,3
XFMR-015618,2025-02-03 13:56:09.307112,WO-008149,routine,1,2
XFMR-015618,2016-11-17 13:56:09.307122,WO-008150,emergency,3,2
XFMR-015618,2021-10-11 13:56:09.307132,WO-008151,routine,3,2
XFMR-018834,2017-08-12 13:56:09.307152,WO-008152,preventive,3,2
XFMR-018834,2019-07-04 13:56:09.307162,WO-008153,routine,3,2
XFMR-012657,2019-07-26 13:56:09.307182,WO-008154,routine,1,2
XFMR-012657,2018-03-15 13:56:09.307192,WO-008155,routine,2,2
XFMR-010263,2023-08-20 13:56:09.307211,WO-008156,routine,2,3
XFMR-010263,2017-09-05 13:56:09.307222,WO-008157,routine,4,3
XFMR-010263,2016-08-04 13:56:09.307232,WO-008158,routine,3,3
XFMR-015338,2016-10-12 13:56:09.307251,WO-008159,preventive,4,3
XFMR-000292,2018-09-25 13:56:09.307271,WO-008160,routine,1,1
XFMR-012366,2017-12-08 13:56:09.307295,WO-008161,preventive,3,3
XFMR-012366,2026-02-02 13:56:09.307306,WO-008162,routine,2,3
XFMR-012622,2016-06-17 13:56:09.307326,WO-008163,routine,4,3
XFMR-012622,2024-03-14 13:56:09.307336,WO-008164,emergency,3,3
XFMR-012622,2017-04-05 13:56:09.307346,WO-008165,routine,2,3
XFMR-007528,2018-11-08 13:56:09.307366,WO-008166,emergency,3,2
XFMR-016223,2025-10-18 13:56:09.307386,WO-008167,routine,1,2
XFMR-016223,2020-02-16 13:56:09.307396,WO-008168,preventive,3,2
XFMR-016223,2018-06-04 13:56:09.307406,WO-008169,preventive,3,2
XFMR-015400,2025-05-01 13:56:09.307426,WO-008170,routine,5,5
XFMR-015612,2021-03-22 13:56:09.307446,WO-008171,routine,2,2
XFMR-001107,2025-06-30 13:56:09.307466,WO-008172,routine,2,3
XFMR-001107,2019-10-28 13:56:09.307477,WO-008173,routine,4,3
XFMR-001107,2018-04-27 13:56:09.307487,WO-008174,preventive,2,3
XFMR-018628,2019-05-31 13:56:09.307506,WO-008175,routine,2,3
XFMR-018628,2022-09-13 13:56:09.307516,WO-008176,routine,4,3
XFMR-007913,2017-12-15 13:56:09.307536,WO-008177,preventive,4,4
XFMR-007913,2018-07-10 13:56:09.307546,WO-008178,routine,5,4
XFMR-007913,2022-06-26 13:56:09.307557,WO-008179,routine,4,4
XFMR-008632,2022-09-16 13:56:09.307576,WO-008180,routine,3,4
XFMR-008632,2023-08-01 13:56:09.307587,WO-008181,routine,3,4
XFMR-007168,2018-02-23 13:56:09.307606,WO-008182,routine,4,4
XFMR-007168,2023-06-28 13:56:09.307617,WO-008183,routine,3,4
XFMR-019981,2025-11-03 13:56:09.307636,WO-008184,routine,2,2
XFMR-019981,2022-02-02 13:56:09.307647,WO-008185,routine,2,2
XFMR-019981,2024-03-05 13:56:09.307657,WO-008186,routine,3,2
XFMR-000488,2020-07-27 13:56:09.307676,WO-008187,preventive,3,3
XFMR-014557,2018-01-17 13:56:09.307696,WO-008188,routine,2,2
XFMR-014557,2020-09-03 13:56:09.307709,WO-008189,routine,2,2
XFMR-014557,2022-03-24 13:56:09.307719,WO-008190,routine,3,2
XFMR-019976,2024-11-11 13:56:09.307739,WO-008191,routine,5,5
XFMR-019976,2024-12-25 13:56:09.307749,WO-008192,routine,5,5
XFMR-009432,2018-01-17 13:56:09.307770,WO-008193,routine,1,2
XFMR-011258,2024-06-15 13:56:09.307794,WO-008194,routine,4,3
XFMR-011258,2021-06-09 13:56:09.307807,WO-008195,preventive,4,3
XFMR-011258,2023-07-24 13:56:09.307817,WO-008196,routine,2,3
XFMR-020483,2016-07-30 13:56:09.307837,WO-008197,routine,4,4
XFMR-020483,2017-03-04 13:56:09.307847,WO-008198,preventive,5,4
XFMR-020483,2018-07-19 13:56:09.307857,WO-008199,routine,4,4
XFMR-006441,2025-11-30 13:56:09.307876,WO-008200,preventive,2,1
XFMR-010037,2017-10-26 13:56:09.307896,WO-008201,routine,4,4
XFMR-010037,2024-10-10 13:56:09.307907,WO-008202,routine,5,4
XFMR-010037,2018-06-21 13:56:09.307917,WO-008203,routine,4,4
XFMR-002982,2023-12-31 13:56:09.307936,WO-008204,routine,1,2
XFMR-002982,2023-09-21 13:56:09.307947,WO-008205,routine,2,2
XFMR-004511,2016-07-22 13:56:09.307970,WO-008206,routine,2,3
XFMR-004511,2024-01-23 13:56:09.307981,WO-008207,preventive,3,3
XFMR-004511,2018-02-03 13:56:09.307991,WO-008208,routine,4,3
XFMR-019897,2021-11-17 13:56:09.308010,WO-008209,routine,4,3
XFMR-019897,2022-03-17 13:56:09.308020,WO-008210,routine,4,3
XFMR-014191,2018-06-15 13:56:09.308040,WO-008211,routine,4,3
XFMR-014191,2018-03-03 13:56:09.308050,WO-008212,preventive,2,3
XFMR-014191,2021-04-03 13:56:09.308060,WO-008213,preventive,4,3
XFMR-009076,2025-04-04 13:56:09.308079,WO-008214,emergency,1,2
XFMR-019438,2019-12-19 13:56:09.308100,WO-008215,routine,2,1
XFMR-000901,2024-02-19 13:56:09.308120,WO-008216,routine,5,4
XFMR-000901,2023-03-13 13:56:09.308130,WO-008217,routine,3,4
XFMR-002280,2024-09-08 13:56:09.308150,WO-008218,routine,1,1
XFMR-002280,2020-02-02 13:56:09.308160,WO-008219,routine,1,1
XFMR-002280,2021-04-21 13:56:09.308170,WO-008220,routine,1,1
XFMR-012546,2017-02-12 13:56:09.308189,WO-008221,routine,3,3
XFMR-006246,2022-04-21 13:56:09.308209,WO-008222,routine,2,2
XFMR-006246,2022-03-23 13:56:09.308220,WO-008223,emergency,1,2
XFMR-006246,2018-09-11 13:56:09.308230,WO-008224,routine,1,2
XFMR-012740,2025-12-25 13:56:09.308249,WO-008225,preventive,2,2
XFMR-012740,2018-03-20 13:56:09.308260,WO-008226,routine,1,2
XFMR-012740,2019-11-05 13:56:09.308270,WO-008227,emergency,3,2
XFMR-014248,2019-01-07 13:56:09.308289,WO-008228,routine,5,4
XFMR-009115,2016-06-04 13:56:09.308309,WO-008229,routine,5,4
XFMR-009115,2021-06-07 13:56:09.308320,WO-008230,routine,5,4
XFMR-005352,2022-12-16 13:56:09.308339,WO-008231,preventive,5,5
XFMR-005352,2016-12-27 13:56:09.308350,WO-008232,routine,5,5
XFMR-010947,2018-06-24 13:56:09.308369,WO-008233,routine,1,1
XFMR-010947,2022-07-01 13:56:09.308380,WO-008234,routine,1,1
XFMR-010947,2017-12-06 13:56:09.308390,WO-008235,preventive,1,1
XFMR-020422,2024-04-02 13:56:09.308409,WO-008236,routine,4,4
XFMR-020422,2020-05-27 13:56:09.308419,WO-008237,routine,3,4
XFMR-020896,2025-12-02 13:56:09.308439,WO-008238,routine,3,4
XFMR-020896,2018-12-05 13:56:09.308449,WO-008239,routine,4,4
XFMR-010808,2017-03-03 13:56:09.308473,WO-008240,routine,4,3
XFMR-010808,2022-05-24 13:56:09.308484,WO-008241,routine,4,3
XFMR-010808,2022-06-05 13:56:09.308494,WO-008242,emergency,4,3
XFMR-006479,2022-05-31 13:56:09.308513,WO-008243,routine,4,3
XFMR-001648,2018-03-11 13:56:09.308533,WO-008244,routine,1,2
XFMR-011962,2022-07-15 13:56:09.308553,WO-008245,routine,1,2
XFMR-019794,2016-11-23 13:56:09.308573,WO-008246,routine,4,3
XFMR-000129,2019-10-27 13:56:09.308593,WO-008247,routine,1,1
XFMR-000129,2022-01-11 13:56:09.308604,WO-008248,routine,1,1
XFMR-000129,2018-11-01 13:56:09.308613,WO-008249,routine,1,1
XFMR-002933,2019-12-04 13:56:09.308633,WO-008250,routine,1,2
XFMR-013198,2024-11-03 13:56:09.308655,WO-008251,routine,3,2
XFMR-021483,2020-05-05 13:56:09.308675,WO-008252,routine,3,2
XFMR-021483,2021-04-27 13:56:09.308686,WO-008253,preventive,1,2
XFMR-021483,2018-10-21 13:56:09.308696,WO-008254,emergency,1,2
XFMR-008301,2022-09-26 13:56:09.308717,WO-008255,routine,3,2
XFMR-008301,2022-02-18 13:56:09.308729,WO-008256,routine,1,2
XFMR-002670,2017-08-10 13:56:09.308749,WO-008257,routine,3,4
XFMR-008293,2018-01-28 13:56:09.308769,WO-008258,emergency,5,4
XFMR-006813,2023-10-09 13:56:09.308789,WO-008259,preventive,1,1
XFMR-006813,2018-09-08 13:56:09.308800,WO-008260,routine,1,1
XFMR-006813,2017-09-06 13:56:09.308810,WO-008261,routine,2,1
XFMR-014619,2021-12-25 13:56:09.308829,WO-008262,routine,3,3
XFMR-014619,2018-11-10 13:56:09.308840,WO-008263,routine,3,3
XFMR-016948,2019-12-26 13:56:09.308859,WO-008264,routine,5,5
XFMR-016948,2025-05-13 13:56:09.308870,WO-008265,routine,5,5
XFMR-004526,2016-09-06 13:56:09.308893,WO-008266,routine,2,3
XFMR-012087,2019-12-13 13:56:09.308913,WO-008267,routine,2,3
XFMR-012087,2018-10-22 13:56:09.308924,WO-008268,routine,4,3
XFMR-012087,2024-05-12 13:56:09.308934,WO-008269,routine,2,3
XFMR-018651,2017-06-08 13:56:09.308953,WO-008270,preventive,4,3
XFMR-018651,2020-12-22 13:56:09.308964,WO-008271,emergency,3,3
XFMR-018651,2024-02-07 13:56:09.308974,WO-008272,routine,4,3
XFMR-011270,2021-02-07 13:56:09.308993,WO-008273,routine,2,1
XFMR-011270,2021-08-01 13:56:09.309004,WO-008274,routine,1,1
XFMR-011270,2023-03-12 13:56:09.309014,WO-008275,emergency,2,1
XFMR-012792,2016-07-14 13:56:09.309034,WO-008276,routine,4,3
XFMR-012792,2023-09-04 13:56:09.309044,WO-008277,routine,3,3
XFMR-020685,2022-07-20 13:56:09.309064,WO-008278,emergency,2,2
XFMR-020685,2024-04-08 13:56:09.309074,WO-008279,routine,1,2
XFMR-012750,2018-10-04 13:56:09.309094,WO-008280,routine,1,2
XFMR-010211,2017-03-10 13:56:09.309114,WO-008281,preventive,5,5
XFMR-010211,2022-03-12 13:56:09.309124,WO-008282,routine,5,5
XFMR-010211,2022-03-29 13:56:09.309134,WO-008283,routine,4,5
XFMR-002627,2018-03-02 13:56:09.309153,WO-008284,routine,4,4
XFMR-011256,2020-01-06 13:56:09.309175,WO-008285,routine,5,5
XFMR-011256,2020-04-03 13:56:09.309186,WO-008286,preventive,5,5
XFMR-019688,2025-11-10 13:56:09.309205,WO-008287,routine,4,3
XFMR-019688,2016-06-11 13:56:09.309216,WO-008288,routine,2,3
XFMR-019688,2016-10-27 13:56:09.309226,WO-008289,routine,2,3
XFMR-005515,2022-08-08 13:56:09.309246,WO-008290,routine,1,1
XFMR-005515,2020-10-16 13:56:09.309257,WO-008291,routine,1,1
XFMR-018499,2025-02-18 13:56:09.309278,WO-008292,routine,1,2
XFMR-018499,2023-03-10 13:56:09.309290,WO-008293,routine,1,2
XFMR-014127,2020-04-29 13:56:09.309317,WO-008294,routine,2,3
XFMR-014127,2025-09-17 13:56:09.309331,WO-008295,routine,2,3
XFMR-014127,2025-09-11 13:56:09.309343,WO-008296,routine,2,3
XFMR-015572,2025-01-11 13:56:09.309367,WO-008297,routine,3,2
XFMR-010005,2020-11-25 13:56:09.309392,WO-008298,routine,5,4
XFMR-010005,2021-03-29 13:56:09.309402,WO-008299,routine,3,4
XFMR-005218,2021-08-12 13:56:09.309422,WO-008300,routine,2,3
XFMR-013588,2024-04-13 13:56:09.309442,WO-008301,routine,4,4
XFMR-006410,2025-08-27 13:56:09.309462,WO-008302,preventive,4,4
XFMR-006410,2022-08-19 13:56:09.309472,WO-008303,emergency,3,4
XFMR-006410,2019-06-09 13:56:09.309482,WO-008304,routine,3,4
XFMR-003188,2020-02-14 13:56:09.309502,WO-008305,routine,2,3
XFMR-003188,2023-09-21 13:56:09.309512,WO-008306,routine,2,3
XFMR-003188,2023-11-06 13:56:09.309522,WO-008307,routine,2,3
XFMR-008936,2018-05-08 13:56:09.309543,WO-008308,routine,3,2
XFMR-008936,2025-09-24 13:56:09.309554,WO-008309,preventive,1,2
XFMR-008936,2025-01-22 13:56:09.309564,WO-008310,routine,2,2
XFMR-011099,2024-11-19 13:56:09.309584,WO-008311,routine,2,3
XFMR-011099,2021-02-19 13:56:09.309595,WO-008312,routine,3,3
XFMR-002185,2018-10-03 13:56:09.309615,WO-008313,routine,4,4
XFMR-002185,2022-10-18 13:56:09.309626,WO-008314,routine,4,4
XFMR-002185,2016-03-17 13:56:09.309636,WO-008315,preventive,3,4
XFMR-010423,2024-11-07 13:56:09.309655,WO-008316,routine,4,4
XFMR-010423,2021-03-19 13:56:09.309666,WO-008317,routine,5,4
XFMR-010423,2025-09-15 13:56:09.309677,WO-008318,routine,5,4
XFMR-010650,2022-01-31 13:56:09.309697,WO-008319,routine,1,1
XFMR-010650,2021-02-06 13:56:09.309707,WO-008320,routine,1,1
XFMR-004074,2016-09-14 13:56:09.309727,WO-008321,routine,3,4
XFMR-004074,2025-12-06 13:56:09.309737,WO-008322,routine,5,4
XFMR-004074,2023-06-12 13:56:09.309747,WO-008323,routine,5,4
XFMR-005199,2022-02-09 13:56:09.309767,WO-008324,routine,2,2
XFMR-005199,2018-01-22 13:56:09.309777,WO-008325,emergency,2,2
XFMR-005199,2017-12-24 13:56:09.309787,WO-008326,emergency,1,2
XFMR-017382,2016-07-22 13:56:09.309806,WO-008327,preventive,2,2
XFMR-017382,2023-01-29 13:56:09.309817,WO-008328,emergency,2,2
XFMR-010262,2025-11-17 13:56:09.309836,WO-008329,routine,3,3
XFMR-004129,2017-08-13 13:56:09.309857,WO-008330,preventive,5,4
XFMR-014397,2023-08-05 13:56:09.309877,WO-008331,routine,3,4
XFMR-014397,2016-07-14 13:56:09.309887,WO-008332,preventive,4,4
XFMR-014397,2022-08-17 13:56:09.309897,WO-008333,routine,4,4
XFMR-002046,2025-06-18 13:56:09.309918,WO-008334,routine,3,3
XFMR-009445,2023-10-21 13:56:09.309941,WO-008335,routine,3,3
XFMR-009445,2025-11-08 13:56:09.309952,WO-008336,routine,2,3
XFMR-021267,2018-07-12 13:56:09.309973,WO-008337,routine,1,2
XFMR-021267,2021-01-15 13:56:09.309984,WO-008338,preventive,1,2
XFMR-021267,2019-09-27 13:56:09.309994,WO-008339,preventive,3,2
XFMR-006716,2022-04-03 13:56:09.310017,WO-008340,routine,3,2
XFMR-016402,2026-02-01 13:56:09.310039,WO-008341,routine,2,3
XFMR-016402,2017-11-21 13:56:09.310052,WO-008342,routine,3,3
XFMR-016402,2020-10-12 13:56:09.310062,WO-008343,routine,4,3
XFMR-019659,2024-10-16 13:56:09.310081,WO-008344,routine,5,4
XFMR-019659,2021-07-15 13:56:09.310095,WO-008345,preventive,4,4
XFMR-004686,2021-05-09 13:56:09.310115,WO-008346,preventive,2,3
XFMR-004686,2017-03-31 13:56:09.310126,WO-008347,routine,4,3
XFMR-018894,2016-12-28 13:56:09.310145,WO-008348,routine,2,3
XFMR-018894,2019-10-08 13:56:09.310156,WO-008349,routine,3,3
XFMR-018894,2017-07-25 13:56:09.310166,WO-008350,routine,2,3
XFMR-013288,2022-09-25 13:56:09.310185,WO-008351,routine,5,5
XFMR-013288,2023-02-16 13:56:09.310195,WO-008352,preventive,4,5
XFMR-013288,2022-02-28 13:56:09.310205,WO-008353,routine,5,5
XFMR-013703,2024-11-22 13:56:09.310224,WO-008354,preventive,2,3
XFMR-013703,2024-09-17 13:56:09.310235,WO-008355,routine,3,3
XFMR-012352,2021-07-08 13:56:09.310254,WO-008356,routine,5,4
XFMR-012352,2020-08-03 13:56:09.310265,WO-008357,routine,5,4
XFMR-011366,2021-01-23 13:56:09.310284,WO-008358,routine,3,4
XFMR-011366,2016-12-02 13:56:09.310295,WO-008359,routine,5,4
XFMR-011366,2016-08-29 13:56:09.310305,WO-008360,emergency,4,4
XFMR-013579,2019-06-23 13:56:09.310326,WO-008361,routine,3,4
XFMR-013579,2018-01-07 13:56:09.310337,WO-008362,routine,5,4
XFMR-017429,2023-05-24 13:56:09.310357,WO-008363,routine,4,5
XFMR-020083,2023-11-12 13:56:09.310378,WO-008364,emergency,2,2
XFMR-020083,2023-01-31 13:56:09.310389,WO-008365,routine,3,2
XFMR-013875,2021-07-31 13:56:09.310408,WO-008366,routine,3,2
XFMR-013875,2020-03-19 13:56:09.310419,WO-008367,routine,3,2
XFMR-013875,2021-02-15 13:56:09.310429,WO-008368,preventive,1,2
XFMR-016209,2022-08-10 13:56:09.310448,WO-008369,routine,2,3
XFMR-009361,2020-08-27 13:56:09.310468,WO-008370,routine,2,2
XFMR-009361,2022-01-25 13:56:09.310478,WO-008371,routine,1,2
XFMR-009361,2021-08-06 13:56:09.310489,WO-008372,preventive,2,2
XFMR-013421,2020-01-17 13:56:09.310508,WO-008373,routine,5,4
XFMR-013421,2020-10-10 13:56:09.310518,WO-008374,routine,4,4
XFMR-013421,2024-09-27 13:56:09.310528,WO-008375,preventive,4,4
XFMR-002784,2017-05-29 13:56:09.310547,WO-008376,emergency,5,5
XFMR-002784,2018-12-09 13:56:09.310558,WO-008377,routine,4,5
XFMR-019880,2020-03-11 13:56:09.310578,WO-008378,preventive,4,4
XFMR-005077,2019-05-14 13:56:09.310598,WO-008379,routine,3,3
XFMR-021130,2020-06-19 13:56:09.310618,WO-008380,preventive,3,3
XFMR-008145,2019-03-27 13:56:09.310638,WO-008381,routine,4,3
XFMR-008145,2018-02-11 13:56:09.310648,WO-008382,routine,4,3
XFMR-008145,2022-01-23 13:56:09.310658,WO-008383,routine,2,3
XFMR-017184,2018-08-02 13:56:09.310678,WO-008384,routine,4,4
XFMR-017184,2020-07-18 13:56:09.310688,WO-008385,routine,5,4
XFMR-017184,2021-08-10 13:56:09.310698,WO-008386,routine,4,4
XFMR-016160,2017-02-02 13:56:09.310717,WO-008387,routine,4,4
XFMR-016160,2024-05-05 13:56:09.310728,WO-008388,routine,4,4
XFMR-016433,2020-02-19 13:56:09.310747,WO-008389,preventive,3,3
XFMR-016433,2019-04-15 13:56:09.310758,WO-008390,routine,3,3
XFMR-012257,2023-06-09 13:56:09.310777,WO-008391,routine,4,3
XFMR-012257,2018-05-28 13:56:09.310787,WO-008392,routine,2,3
XFMR-012257,2020-01-14 13:56:09.310797,WO-008393,routine,3,3
XFMR-008456,2020-01-30 13:56:09.310817,WO-008394,routine,1,1
XFMR-020012,2022-06-30 13:56:09.310842,WO-008395,preventive,2,3
XFMR-020012,2020-08-19 13:56:09.310852,WO-008396,routine,2,3
XFMR-019554,2026-01-04 13:56:09.310872,WO-008397,routine,3,3
XFMR-002737,2019-04-24 13:56:09.310892,WO-008398,preventive,4,4
XFMR-016162,2019-02-13 13:56:09.310912,WO-008399,routine,4,4
XFMR-013589,2022-05-14 13:56:09.310932,WO-008400,preventive,3,3
XFMR-013589,2025-04-18 13:56:09.310943,WO-008401,preventive,4,3
XFMR-008318,2018-08-04 13:56:09.310962,WO-008402,preventive,3,4
XFMR-008318,2022-06-24 13:56:09.310973,WO-008403,preventive,3,4
XFMR-009139,2019-07-01 13:56:09.310992,WO-008404,routine,5,4
XFMR-009139,2022-04-09 13:56:09.311002,WO-008405,routine,5,4
XFMR-009139,2018-07-09 13:56:09.311012,WO-008406,preventive,4,4
XFMR-012355,2019-06-25 13:56:09.311031,WO-008407,routine,4,3
XFMR-012355,2020-03-15 13:56:09.311042,WO-008408,routine,2,3
XFMR-021022,2018-01-17 13:56:09.311061,WO-008409,routine,2,2
XFMR-021022,2022-07-21 13:56:09.311072,WO-008410,routine,2,2
XFMR-012605,2020-10-31 13:56:09.311091,WO-008411,emergency,3,4
XFMR-001580,2016-08-30 13:56:09.311111,WO-008412,routine,4,3
XFMR-001580,2021-05-07 13:56:09.311122,WO-008413,emergency,2,3
XFMR-001580,2017-12-12 13:56:09.311132,WO-008414,preventive,4,3
XFMR-002969,2018-01-30 13:56:09.311151,WO-008415,routine,5,4
XFMR-008361,2025-10-19 13:56:09.311171,WO-008416,routine,5,5
XFMR-008361,2017-01-31 13:56:09.311182,WO-008417,routine,5,5
XFMR-008361,2022-03-27 13:56:09.311192,WO-008418,routine,5,5
XFMR-009390,2020-03-13 13:56:09.311212,WO-008419,preventive,3,2
XFMR-000486,2025-11-30 13:56:09.311232,WO-008420,preventive,5,4
XFMR-017525,2020-07-28 13:56:09.311252,WO-008421,routine,3,4
XFMR-017525,2020-01-07 13:56:09.311262,WO-008422,routine,4,4
XFMR-017525,2018-03-17 13:56:09.311272,WO-008423,routine,3,4
XFMR-000968,2019-07-26 13:56:09.311292,WO-008424,preventive,4,3
XFMR-000968,2026-01-20 13:56:09.311302,WO-008425,routine,4,3
XFMR-000968,2023-02-25 13:56:09.311312,WO-008426,emergency,4,3
XFMR-011245,2023-05-20 13:56:09.311331,WO-008427,routine,1,1
XFMR-011245,2020-07-23 13:56:09.311342,WO-008428,routine,1,1
XFMR-011245,2020-01-18 13:56:09.311352,WO-008429,routine,2,1
XFMR-007201,2022-03-21 13:56:09.311371,WO-008430,emergency,2,3
XFMR-007201,2020-07-06 13:56:09.311382,WO-008431,routine,3,3
XFMR-001948,2024-08-19 13:56:09.311401,WO-008432,emergency,1,1
XFMR-001948,2021-07-25 13:56:09.311412,WO-008433,routine,1,1
XFMR-001948,2025-03-11 13:56:09.311422,WO-008434,preventive,2,1
XFMR-020860,2025-06-27 13:56:09.311443,WO-008435,routine,2,2
XFMR-020860,2025-06-26 13:56:09.311454,WO-008436,routine,2,2
XFMR-002226,2020-09-23 13:56:09.311474,WO-008437,routine,3,4
XFMR-002226,2023-05-23 13:56:09.311485,WO-008438,routine,4,4
XFMR-002226,2020-08-25 13:56:09.311495,WO-008439,routine,5,4
XFMR-005019,2019-04-28 13:56:09.311514,WO-008440,routine,2,2
XFMR-014312,2022-06-24 13:56:09.311534,WO-008441,routine,2,2
XFMR-014312,2018-11-14 13:56:09.311545,WO-008442,routine,3,2
XFMR-019359,2020-06-20 13:56:09.311565,WO-008443,routine,1,2
XFMR-019359,2017-06-14 13:56:09.311575,WO-008444,routine,1,2
XFMR-019359,2016-03-15 13:56:09.311585,WO-008445,preventive,2,2
XFMR-014068,2017-08-17 13:56:09.311604,WO-008446,routine,3,4
XFMR-009660,2021-09-27 13:56:09.311625,WO-008447,routine,2,1
XFMR-009660,2022-05-31 13:56:09.311635,WO-008448,emergency,2,1
XFMR-009660,2017-06-11 13:56:09.311645,WO-008449,emergency,1,1
XFMR-017012,2021-09-10 13:56:09.311664,WO-008450,routine,1,2
XFMR-017012,2020-03-05 13:56:09.311675,WO-008451,routine,3,2
XFMR-017012,2023-01-01 13:56:09.311685,WO-008452,routine,1,2
XFMR-009810,2018-08-19 13:56:09.311704,WO-008453,routine,3,3
XFMR-007135,2020-03-29 13:56:09.311724,WO-008454,routine,4,3
XFMR-007135,2017-05-10 13:56:09.311734,WO-008455,routine,2,3
XFMR-007135,2023-05-03 13:56:09.311744,WO-008456,routine,3,3
XFMR-003205,2025-07-16 13:56:09.311763,WO-008457,routine,3,3
XFMR-003205,2024-10-20 13:56:09.311774,WO-008458,emergency,4,3
XFMR-003205,2016-11-25 13:56:09.311784,WO-008459,routine,3,3
XFMR-002550,2019-01-07 13:56:09.311803,WO-008460,routine,2,1
XFMR-009998,2017-07-16 13:56:09.311828,WO-008461,routine,4,4
XFMR-009998,2020-11-13 13:56:09.311839,WO-008462,emergency,4,4
XFMR-003887,2025-02-20 13:56:09.311858,WO-008463,routine,5,5
XFMR-003887,2023-10-29 13:56:09.311869,WO-008464,routine,4,5
XFMR-003887,2021-02-05 13:56:09.311881,WO-008465,routine,5,5
XFMR-011969,2019-10-20 13:56:09.311901,WO-008466,preventive,3,3
XFMR-011969,2023-05-06 13:56:09.311911,WO-008467,preventive,3,3
XFMR-013846,2020-07-10 13:56:09.311932,WO-008468,emergency,3,2
XFMR-013846,2025-12-10 13:56:09.311942,WO-008469,routine,2,2
XFMR-016564,2020-06-09 13:56:09.311965,WO-008470,routine,5,5
XFMR-016564,2023-02-17 13:56:09.311976,WO-008471,preventive,4,5
XFMR-016564,2022-08-29 13:56:09.311986,WO-008472,routine,5,5
XFMR-015219,2023-08-23 13:56:09.312007,WO-008473,routine,4,3
XFMR-015219,2020-02-29 13:56:09.312018,WO-008474,emergency,4,3
XFMR-012203,2021-04-04 13:56:09.312037,WO-008475,routine,3,3
XFMR-012203,2023-02-24 13:56:09.312048,WO-008476,preventive,3,3
XFMR-012203,2019-08-11 13:56:09.312058,WO-008477,preventive,2,3
XFMR-010865,2021-05-09 13:56:09.312078,WO-008478,preventive,4,3
XFMR-010865,2023-01-06 13:56:09.312088,WO-008479,routine,3,3
XFMR-010865,2020-02-25 13:56:09.312100,WO-008480,emergency,4,3
XFMR-012305,2018-06-26 13:56:09.312119,WO-008481,emergency,3,4
XFMR-012305,2022-01-14 13:56:09.312130,WO-008482,routine,5,4
XFMR-014971,2022-01-11 13:56:09.312150,WO-008483,preventive,2,3
XFMR-014971,2017-08-28 13:56:09.312160,WO-008484,routine,2,3
XFMR-015250,2025-12-29 13:56:09.312182,WO-008485,routine,5,4
XFMR-015250,2024-10-08 13:56:09.312193,WO-008486,preventive,5,4
XFMR-015533,2023-02-17 13:56:09.312213,WO-008487,routine,5,5
XFMR-015533,2026-01-09 13:56:09.312223,WO-008488,emergency,5,5
XFMR-015533,2022-12-19 13:56:09.312234,WO-008489,routine,5,5
XFMR-013197,2025-11-23 13:56:09.312255,WO-008490,routine,5,4
XFMR-000602,2018-12-24 13:56:09.312276,WO-008491,emergency,3,2
XFMR-000602,2023-01-03 13:56:09.312287,WO-008492,routine,3,2
XFMR-010843,2025-04-18 13:56:09.312306,WO-008493,preventive,3,2
XFMR-010843,2025-07-30 13:56:09.312317,WO-008494,routine,3,2
XFMR-002168,2025-07-04 13:56:09.312337,WO-008495,preventive,3,3
XFMR-002168,2017-11-09 13:56:09.312347,WO-008496,routine,2,3
XFMR-002168,2025-12-24 13:56:09.312357,WO-008497,preventive,2,3
XFMR-009988,2021-07-19 13:56:09.312377,WO-008498,routine,4,4
XFMR-019210,2020-06-08 13:56:09.312397,WO-008499,preventive,4,3
XFMR-019210,2018-02-16 13:56:09.312407,WO-008500,emergency,4,3
XFMR-007797,2021-02-24 13:56:09.312427,WO-008501,preventive,2,3
XFMR-007797,2019-06-21 13:56:09.312437,WO-008502,routine,2,3
XFMR-006867,2016-04-05 13:56:09.312457,WO-008503,preventive,4,4
XFMR-021427,2018-03-31 13:56:09.312477,WO-008504,routine,2,2
XFMR-021427,2024-06-27 13:56:09.312487,WO-008505,routine,3,2
XFMR-004443,2023-11-04 13:56:09.312507,WO-008506,routine,4,4
XFMR-004443,2019-04-12 13:56:09.312518,WO-008507,routine,4,4
XFMR-002625,2016-06-12 13:56:09.312537,WO-008508,routine,5,4
XFMR-002625,2020-02-08 13:56:09.312547,WO-008509,routine,3,4
XFMR-014102,2016-11-24 13:56:09.312567,WO-008510,emergency,2,3
XFMR-014102,2018-08-26 13:56:09.312578,WO-008511,routine,2,3
XFMR-019922,2022-10-23 13:56:09.312597,WO-008512,preventive,2,3
XFMR-019922,2019-02-27 13:56:09.312607,WO-008513,routine,4,3
XFMR-019922,2020-08-03 13:56:09.312617,WO-008514,routine,3,3
XFMR-000742,2021-11-23 13:56:09.312637,WO-008515,routine,2,3
XFMR-000742,2017-09-08 13:56:09.312647,WO-008516,routine,3,3
XFMR-000742,2016-04-28 13:56:09.312657,WO-008517,routine,4,3
XFMR-000412,2022-01-18 13:56:09.312676,WO-008518,preventive,5,4
XFMR-000412,2023-06-07 13:56:09.312687,WO-008519,routine,4,4
XFMR-000412,2020-07-18 13:56:09.312697,WO-008520,emergency,5,4
XFMR-007154,2022-06-01 13:56:09.312716,WO-008521,preventive,3,2
XFMR-007154,2017-03-28 13:56:09.312727,WO-008522,preventive,2,2
XFMR-007154,2020-12-17 13:56:09.312736,WO-008523,routine,3,2
XFMR-014976,2017-01-18 13:56:09.312756,WO-008524,preventive,4,4
XFMR-012360,2018-10-29 13:56:09.312776,WO-008525,routine,3,2
XFMR-012360,2019-07-13 13:56:09.312787,WO-008526,emergency,1,2
XFMR-012360,2022-08-07 13:56:09.312796,WO-008527,preventive,2,2
XFMR-018359,2025-01-05 13:56:09.312816,WO-008528,preventive,3,3
XFMR-018359,2023-06-01 13:56:09.312827,WO-008529,routine,2,3
XFMR-018359,2024-11-08 13:56:09.312836,WO-008530,routine,2,3
XFMR-012312,2023-12-28 13:56:09.312856,WO-008531,preventive,3,3
XFMR-012312,2016-09-11 13:56:09.312866,WO-008532,routine,2,3
XFMR-004833,2025-04-05 13:56:09.312886,WO-008533,preventive,4,3
XFMR-004915,2021-01-04 13:56:09.312906,WO-008534,emergency,1,1
XFMR-014570,2019-04-26 13:56:09.312927,WO-008535,routine,4,4
XFMR-014570,2022-09-02 13:56:09.312937,WO-008536,emergency,5,4
XFMR-002761,2025-07-31 13:56:09.312957,WO-008537,emergency,1,1
XFMR-002761,2023-12-23 13:56:09.312967,WO-008538,routine,1,1
XFMR-017753,2022-07-14 13:56:09.312986,WO-008539,routine,4,3
XFMR-017753,2022-05-03 13:56:09.312997,WO-008540,routine,4,3
XFMR-019689,2023-11-23 13:56:09.313016,WO-008541,preventive,3,2
XFMR-019689,2020-07-21 13:56:09.313027,WO-008542,emergency,3,2
XFMR-019689,2019-11-28 13:56:09.313037,WO-008543,routine,2,2
XFMR-018148,2022-05-12 13:56:09.313056,WO-008544,routine,2,3
XFMR-018148,2020-01-16 13:56:09.313067,WO-008545,routine,4,3
XFMR-018148,2020-08-28 13:56:09.313077,WO-008546,routine,3,3
XFMR-004194,2023-08-09 13:56:09.313096,WO-008547,routine,3,4
XFMR-004194,2016-04-14 13:56:09.313107,WO-008548,routine,4,4
XFMR-009016,2022-08-13 13:56:09.313126,WO-008549,preventive,3,2
XFMR-020804,2018-06-26 13:56:09.313147,WO-008550,routine,2,2
XFMR-020804,2024-02-22 13:56:09.313157,WO-008551,emergency,1,2
XFMR-020804,2023-04-14 13:56:09.313172,WO-008552,emergency,1,2
XFMR-003106,2026-01-31 13:56:09.313191,WO-008553,emergency,3,4
XFMR-003106,2022-12-02 13:56:09.313202,WO-008554,routine,4,4
XFMR-003106,2022-12-17 13:56:09.313211,WO-008555,routine,5,4
XFMR-016444,2023-06-28 13:56:09.313231,WO-008556,preventive,3,2
XFMR-016444,2018-07-01 13:56:09.313241,WO-008557,routine,1,2
XFMR-016444,2021-06-24 13:56:09.313251,WO-008558,routine,1,2
XFMR-008080,2020-05-28 13:56:09.313271,WO-008559,routine,1,2
XFMR-008080,2017-01-05 13:56:09.313281,WO-008560,routine,1,2
XFMR-008080,2022-06-27 13:56:09.313291,WO-008561,preventive,2,2
XFMR-017468,2024-02-01 13:56:09.313311,WO-008562,routine,2,3
XFMR-017468,2018-12-31 13:56:09.313321,WO-008563,routine,3,3
XFMR-017468,2017-11-24 13:56:09.313331,WO-008564,routine,3,3
XFMR-010600,2024-12-28 13:56:09.313350,WO-008565,routine,2,3
XFMR-014970,2018-02-08 13:56:09.313370,WO-008566,routine,5,4
XFMR-004169,2018-09-19 13:56:09.313390,WO-008567,routine,1,2
XFMR-004169,2018-06-26 13:56:09.313401,WO-008568,routine,1,2
XFMR-004169,2018-05-25 13:56:09.313411,WO-008569,emergency,1,2
XFMR-015251,2024-01-24 13:56:09.313430,WO-008570,preventive,3,4
XFMR-002079,2022-09-17 13:56:09.313450,WO-008571,preventive,5,5
XFMR-002079,2023-11-09 13:56:09.313461,WO-008572,emergency,4,5
XFMR-006474,2022-09-04 13:56:09.313480,WO-008573,routine,5,5
XFMR-006474,2023-03-15 13:56:09.313491,WO-008574,routine,4,5
XFMR-003883,2022-05-18 13:56:09.313510,WO-008575,preventive,4,4
XFMR-003883,2021-03-11 13:56:09.313521,WO-008576,preventive,4,4
XFMR-009195,2022-04-06 13:56:09.313540,WO-008577,routine,4,4
XFMR-009195,2025-05-19 13:56:09.313551,WO-008578,routine,5,4
XFMR-009240,2016-04-08 13:56:09.313570,WO-008579,routine,1,2
XFMR-009240,2017-07-05 13:56:09.313580,WO-008580,preventive,3,2
XFMR-009240,2019-09-05 13:56:09.313590,WO-008581,routine,1,2
XFMR-008887,2022-01-27 13:56:09.313610,WO-008582,emergency,4,4
XFMR-008887,2019-10-28 13:56:09.313620,WO-008583,preventive,5,4
XFMR-020141,2022-03-27 13:56:09.313640,WO-008584,routine,5,4
XFMR-020141,2019-10-06 13:56:09.313650,WO-008585,routine,5,4
XFMR-020141,2017-03-22 13:56:09.313660,WO-008586,preventive,5,4
XFMR-017122,2017-08-15 13:56:09.313680,WO-008587,routine,3,2
XFMR-017122,2017-07-10 13:56:09.313691,WO-008588,routine,1,2
XFMR-002523,2022-02-17 13:56:09.313711,WO-008589,routine,5,5
XFMR-002523,2020-01-09 13:56:09.313722,WO-008590,routine,5,5
XFMR-011632,2022-08-19 13:56:09.313742,WO-008591,routine,2,3
XFMR-010326,2017-07-02 13:56:09.313762,WO-008592,routine,4,3
XFMR-010326,2023-05-05 13:56:09.313772,WO-008593,routine,2,3
XFMR-017562,2019-04-05 13:56:09.313792,WO-008594,routine,4,4
XFMR-017562,2017-08-12 13:56:09.313802,WO-008595,routine,3,4
XFMR-017562,2025-03-03 13:56:09.313812,WO-008596,preventive,5,4
XFMR-021198,2024-04-02 13:56:09.313832,WO-008597,routine,5,5
XFMR-021198,2018-12-15 13:56:09.313842,WO-008598,preventive,5,5
XFMR-021198,2017-02-20 13:56:09.313852,WO-008599,routine,5,5
XFMR-014793,2020-04-17 13:56:09.313872,WO-008600,routine,3,3
XFMR-008938,2016-07-24 13:56:09.313892,WO-008601,emergency,3,4
XFMR-015993,2018-04-29 13:56:09.313912,WO-008602,routine,2,3
XFMR-015993,2023-07-27 13:56:09.313923,WO-008603,emergency,2,3
XFMR-015993,2021-04-04 13:56:09.313932,WO-008604,routine,4,3
XFMR-018962,2019-04-28 13:56:09.313952,WO-008605,routine,3,2
XFMR-018962,2016-12-28 13:56:09.313962,WO-008606,routine,2,2
XFMR-017051,2021-12-24 13:56:09.313982,WO-008607,routine,2,2
XFMR-017051,2021-09-24 13:56:09.313992,WO-008608,preventive,1,2
XFMR-013174,2021-01-15 13:56:09.314012,WO-008609,routine,2,3
XFMR-013174,2022-05-04 13:56:09.314022,WO-008610,routine,4,3
XFMR-020829,2016-04-09 13:56:09.314042,WO-008611,emergency,2,3
XFMR-020829,2024-03-27 13:56:09.314052,WO-008612,routine,2,3
XFMR-020829,2025-10-15 13:56:09.314062,WO-008613,routine,4,3
XFMR-010960,2016-12-07 13:56:09.314081,WO-008614,emergency,1,2
XFMR-010960,2021-05-10 13:56:09.314092,WO-008615,preventive,1,2
XFMR-006317,2016-10-30 13:56:09.314111,WO-008616,routine,2,3
XFMR-006317,2017-07-21 13:56:09.314122,WO-008617,routine,3,3
XFMR-002155,2018-02-12 13:56:09.314141,WO-008618,routine,1,2
XFMR-002155,2025-01-01 13:56:09.314151,WO-008619,routine,1,2
XFMR-002155,2016-06-24 13:56:09.314161,WO-008620,routine,1,2
XFMR-014347,2019-12-22 13:56:09.314181,WO-008621,routine,4,3
XFMR-014347,2022-04-07 13:56:09.314191,WO-008622,emergency,2,3
XFMR-020994,2025-03-20 13:56:09.314210,WO-008623,routine,1,1
XFMR-020994,2024-09-07 13:56:09.314221,WO-008624,routine,1,1
XFMR-019471,2023-12-15 13:56:09.314240,WO-008625,routine,1,1
XFMR-002299,2022-07-15 13:56:09.314260,WO-008626,routine,2,3
XFMR-002299,2021-01-15 13:56:09.314271,WO-008627,emergency,4,3
XFMR-003169,2021-09-26 13:56:09.314290,WO-008628,routine,4,5
XFMR-019494,2022-08-31 13:56:09.314312,WO-008629,routine,4,4
XFMR-019494,2022-07-30 13:56:09.314322,WO-008630,routine,4,4
XFMR-019494,2025-08-29 13:56:09.314332,WO-008631,routine,4,4
XFMR-011675,2025-10-05 13:56:09.314351,WO-008632,emergency,2,1
XFMR-011675,2016-10-02 13:56:09.314362,WO-008633,emergency,1,1
XFMR-014265,2023-11-10 13:56:09.314381,WO-008634,emergency,3,3
XFMR-014265,2020-11-26 13:56:09.314392,WO-008635,routine,4,3
XFMR-014265,2024-10-16 13:56:09.314402,WO-008636,routine,2,3
XFMR-009190,2022-03-23 13:56:09.314422,WO-008637,routine,2,2
XFMR-013553,2026-01-24 13:56:09.314442,WO-008638,routine,3,3
XFMR-013553,2018-08-29 13:56:09.314453,WO-008639,routine,2,3
XFMR-000897,2017-12-18 13:56:09.314472,WO-008640,routine,1,2
XFMR-000897,2022-04-13 13:56:09.314483,WO-008641,preventive,2,2
XFMR-007179,2023-06-27 13:56:09.314502,WO-008642,routine,3,3
XFMR-007179,2020-03-11 13:56:09.314512,WO-008643,routine,4,3
XFMR-017970,2020-08-24 13:56:09.314532,WO-008644,preventive,3,2
XFMR-017970,2017-10-15 13:56:09.314542,WO-008645,preventive,3,2
XFMR-017970,2020-08-05 13:56:09.314552,WO-008646,routine,3,2
XFMR-015819,2017-12-19 13:56:09.314571,WO-008647,routine,1,1
XFMR-000708,2022-10-09 13:56:09.314591,WO-008648,routine,3,3
XFMR-016072,2017-02-05 13:56:09.314611,WO-008649,routine,2,2
XFMR-016072,2018-02-16 13:56:09.314622,WO-008650,routine,3,2
XFMR-008486,2016-07-22 13:56:09.314641,WO-008651,routine,4,3
XFMR-008486,2025-01-19 13:56:09.314652,WO-008652,emergency,3,3
XFMR-011125,2021-08-29 13:56:09.314671,WO-008653,routine,5,4
XFMR-014667,2021-04-14 13:56:09.314691,WO-008654,routine,3,3
XFMR-014667,2017-08-24 13:56:09.314702,WO-008655,routine,3,3
XFMR-008011,2022-04-22 13:56:09.314721,WO-008656,routine,5,4
XFMR-014481,2017-07-18 13:56:09.314741,WO-008657,routine,2,1
XFMR-000206,2025-06-21 13:56:09.314761,WO-008658,routine,1,1
XFMR-000206,2016-03-26 13:56:09.314772,WO-008659,emergency,2,1
XFMR-000206,2020-12-15 13:56:09.314782,WO-008660,routine,1,1
XFMR-010158,2021-11-02 13:56:09.314801,WO-008661,routine,5,4
XFMR-017231,2022-05-29 13:56:09.314821,WO-008662,routine,3,3
XFMR-017231,2021-01-30 13:56:09.314831,WO-008663,routine,2,3
XFMR-017231,2017-09-10 13:56:09.314841,WO-008664,preventive,4,3
XFMR-007701,2018-06-07 13:56:09.314861,WO-008665,preventive,4,3
XFMR-014643,2024-01-24 13:56:09.314881,WO-008666,routine,1,2
XFMR-014643,2021-05-28 13:56:09.314892,WO-008667,routine,3,2
XFMR-014643,2017-09-21 13:56:09.314902,WO-008668,routine,1,2
XFMR-001792,2026-01-26 13:56:09.314921,WO-008669,routine,2,3
XFMR-001792,2023-05-20 13:56:09.314932,WO-008670,emergency,2,3
XFMR-017347,2018-05-22 13:56:09.314951,WO-008671,routine,3,2
XFMR-002678,2019-08-01 13:56:09.314971,WO-008672,routine,1,1
XFMR-002678,2023-04-04 13:56:09.314981,WO-008673,emergency,2,1
XFMR-003539,2018-03-08 13:56:09.315006,WO-008674,routine,3,2
XFMR-017801,2019-04-26 13:56:09.315026,WO-008675,routine,5,5
XFMR-008782,2024-12-07 13:56:09.315046,WO-008676,routine,5,4
XFMR-008782,2023-12-10 13:56:09.315057,WO-008677,routine,4,4
XFMR-008782,2022-07-16 13:56:09.315067,WO-008678,routine,3,4
XFMR-005353,2019-09-11 13:56:09.315086,WO-008679,routine,5,4
XFMR-020250,2021-11-22 13:56:09.315106,WO-008680,routine,2,2
XFMR-020250,2022-01-04 13:56:09.315117,WO-008681,preventive,1,2
XFMR-001006,2019-10-24 13:56:09.315136,WO-008682,routine,3,3
XFMR-001006,2022-02-22 13:56:09.315147,WO-008683,preventive,4,3
XFMR-017852,2023-03-27 13:56:09.315166,WO-008684,routine,3,4
XFMR-017852,2025-12-31 13:56:09.315177,WO-008685,routine,3,4
XFMR-016831,2018-05-04 13:56:09.315196,WO-008686,preventive,3,2
XFMR-016831,2026-01-20 13:56:09.315207,WO-008687,routine,3,2
XFMR-010896,2017-07-15 13:56:09.315226,WO-008688,routine,4,3
XFMR-002772,2018-05-18 13:56:09.315246,WO-008689,routine,5,5
XFMR-002772,2016-10-17 13:56:09.315257,WO-008690,routine,5,5
XFMR-002772,2019-10-19 13:56:09.315266,WO-008691,routine,4,5
XFMR-012508,2016-06-13 13:56:09.315286,WO-008692,preventive,4,5
XFMR-012508,2022-09-24 13:56:09.315296,WO-008693,emergency,5,5
XFMR-015114,2019-12-03 13:56:09.315316,WO-008694,routine,3,2
XFMR-015114,2018-07-13 13:56:09.315326,WO-008695,emergency,3,2
XFMR-015114,2024-08-12 13:56:09.315336,WO-008696,routine,1,2
XFMR-006065,2024-09-12 13:56:09.315356,WO-008697,routine,2,2
XFMR-006065,2024-01-27 13:56:09.315366,WO-008698,preventive,3,2
XFMR-019648,2025-04-25 13:56:09.315386,WO-008699,preventive,5,4
XFMR-019648,2018-02-22 13:56:09.315396,WO-008700,routine,5,4
XFMR-019648,2023-01-11 13:56:09.315406,WO-008701,routine,3,4
XFMR-009675,2023-05-02 13:56:09.315426,WO-008702,routine,2,2
XFMR-009675,2022-02-17 13:56:09.315436,WO-008703,routine,2,2
XFMR-013207,2022-09-30 13:56:09.315456,WO-008704,routine,1,2
XFMR-011656,2021-03-04 13:56:09.315476,WO-008705,routine,3,4
XFMR-011656,2019-11-03 13:56:09.315486,WO-008706,routine,5,4
XFMR-012111,2023-10-29 13:56:09.315508,WO-008707,preventive,3,3
XFMR-012111,2020-10-08 13:56:09.315518,WO-008708,emergency,2,3
XFMR-010710,2017-03-27 13:56:09.315538,WO-008709,emergency,3,2
XFMR-010710,2020-10-28 13:56:09.315549,WO-008710,routine,1,2
XFMR-013438,2023-07-11 13:56:09.315568,WO-008711,preventive,3,3
XFMR-013438,2023-06-10 13:56:09.315579,WO-008712,routine,3,3
XFMR-008726,2024-04-21 13:56:09.315598,WO-008713,preventive,3,3
XFMR-008726,2019-11-07 13:56:09.315609,WO-008714,preventive,4,3
XFMR-013825,2023-10-28 13:56:09.315629,WO-008715,routine,1,2
XFMR-013825,2025-12-01 13:56:09.315639,WO-008716,routine,3,2
XFMR-012304,2025-06-01 13:56:09.315660,WO-008717,emergency,4,4
XFMR-017437,2025-12-08 13:56:09.315680,WO-008718,preventive,2,2
XFMR-017437,2020-07-15 13:56:09.315691,WO-008719,routine,1,2
XFMR-015067,2020-11-08 13:56:09.315711,WO-008720,routine,2,1
XFMR-015067,2019-07-08 13:56:09.315721,WO-008721,routine,1,1
XFMR-015067,2017-05-07 13:56:09.315731,WO-008722,routine,1,1
XFMR-011964,2023-11-25 13:56:09.315751,WO-008723,routine,1,1
XFMR-002102,2021-09-16 13:56:09.315771,WO-008724,routine,4,3
XFMR-002102,2020-12-09 13:56:09.315781,WO-008725,routine,2,3
XFMR-011147,2025-09-14 13:56:09.315801,WO-008726,routine,3,2
XFMR-004198,2019-08-27 13:56:09.315821,WO-008727,emergency,1,2
XFMR-017608,2026-01-04 13:56:09.315841,WO-008728,routine,1,2
XFMR-013509,2022-08-16 13:56:09.315861,WO-008729,routine,2,2
XFMR-013509,2025-02-28 13:56:09.315872,WO-008730,routine,1,2
XFMR-013509,2025-08-15 13:56:09.315882,WO-008731,routine,1,2
XFMR-018548,2023-05-21 13:56:09.315901,WO-008732,routine,2,2
XFMR-018548,2025-06-17 13:56:09.315912,WO-008733,emergency,2,2
XFMR-018548,2020-02-19 13:56:09.315921,WO-008734,routine,1,2
XFMR-004046,2016-03-14 13:56:09.315941,WO-008735,routine,3,3
XFMR-018211,2022-01-10 13:56:09.315961,WO-008736,routine,2,3
XFMR-018211,2023-06-17 13:56:09.315977,WO-008737,preventive,4,3
XFMR-018211,2017-04-26 13:56:09.315987,WO-008738,routine,2,3
XFMR-008100,2019-02-10 13:56:09.316006,WO-008739,emergency,4,3
XFMR-008100,2022-02-04 13:56:09.316017,WO-008740,preventive,2,3
XFMR-002731,2018-04-03 13:56:09.316037,WO-008741,routine,2,2
XFMR-001665,2024-10-01 13:56:09.316059,WO-008742,routine,4,4
XFMR-001665,2019-10-20 13:56:09.316070,WO-008743,routine,4,4
XFMR-001665,2017-09-10 13:56:09.316080,WO-008744,preventive,5,4
XFMR-015929,2018-08-12 13:56:09.316100,WO-008745,routine,4,3
XFMR-015929,2023-04-20 13:56:09.316111,WO-008746,routine,4,3
XFMR-001477,2021-02-28 13:56:09.316132,WO-008747,routine,3,2
XFMR-001477,2017-09-26 13:56:09.316143,WO-008748,emergency,2,2
XFMR-001477,2017-04-03 13:56:09.316153,WO-008749,preventive,1,2
XFMR-018242,2024-11-25 13:56:09.316172,WO-008750,routine,2,2
XFMR-021261,2025-01-18 13:56:09.316192,WO-008751,emergency,2,2
XFMR-021261,2021-12-19 13:56:09.316203,WO-008752,routine,3,2
XFMR-021261,2023-02-27 13:56:09.316213,WO-008753,emergency,3,2
XFMR-004795,2016-03-10 13:56:09.316232,WO-008754,routine,3,3
XFMR-004795,2021-04-18 13:56:09.316242,WO-008755,preventive,4,3
XFMR-020313,2023-09-05 13:56:09.316262,WO-008756,routine,5,4
XFMR-020313,2022-06-15 13:56:09.316272,WO-008757,routine,3,4
XFMR-000051,2021-10-12 13:56:09.316292,WO-008758,routine,2,3
XFMR-000051,2025-02-06 13:56:09.316302,WO-008759,routine,4,3
XFMR-000051,2023-05-22 13:56:09.316312,WO-008760,routine,4,3
XFMR-016229,2022-08-25 13:56:09.316332,WO-008761,routine,3,2
XFMR-008930,2022-06-26 13:56:09.316352,WO-008762,preventive,4,5
XFMR-008930,2020-11-22 13:56:09.316362,WO-008763,preventive,5,5
XFMR-001687,2018-06-21 13:56:09.316382,WO-008764,routine,3,4
XFMR-001687,2018-11-17 13:56:09.316392,WO-008765,routine,5,4
XFMR-001687,2021-12-10 13:56:09.316402,WO-008766,routine,4,4
XFMR-011615,2019-06-26 13:56:09.316421,WO-008767,routine,3,3
XFMR-011615,2019-10-17 13:56:09.316432,WO-008768,preventive,3,3
XFMR-011615,2017-08-03 13:56:09.316442,WO-008769,preventive,4,3
XFMR-004521,2023-08-22 13:56:09.316461,WO-008770,emergency,1,2
XFMR-004521,2017-11-08 13:56:09.316472,WO-008771,preventive,3,2
XFMR-019487,2019-10-18 13:56:09.316491,WO-008772,routine,5,5
XFMR-019487,2020-02-05 13:56:09.316502,WO-008773,routine,4,5
XFMR-019487,2024-07-01 13:56:09.316512,WO-008774,routine,5,5
XFMR-000725,2016-08-15 13:56:09.316531,WO-008775,emergency,3,2
XFMR-000725,2019-10-23 13:56:09.316542,WO-008776,preventive,1,2
XFMR-011899,2016-03-26 13:56:09.316561,WO-008777,routine,1,2
XFMR-011899,2023-12-05 13:56:09.316572,WO-008778,routine,2,2
XFMR-011899,2021-11-22 13:56:09.316582,WO-008779,preventive,3,2
XFMR-002806,2016-07-08 13:56:09.316602,WO-008780,emergency,3,3
XFMR-002806,2017-07-09 13:56:09.316612,WO-008781,preventive,2,3
XFMR-002806,2016-06-16 13:56:09.316622,WO-008782,routine,3,3
XFMR-015284,2023-11-10 13:56:09.316641,WO-008783,preventive,4,4
XFMR-015284,2025-12-06 13:56:09.316652,WO-008784,routine,5,4
XFMR-015284,2025-08-02 13:56:09.316662,WO-008785,routine,4,4
XFMR-014801,2020-01-10 13:56:09.316686,WO-008786,routine,3,4
XFMR-017115,2025-11-24 13:56:09.316705,WO-008787,routine,3,2
XFMR-017115,2022-06-28 13:56:09.316716,WO-008788,routine,3,2
XFMR-001027,2016-08-31 13:56:09.316735,WO-008789,preventive,3,3
XFMR-001027,2025-05-12 13:56:09.316746,WO-008790,routine,2,3
XFMR-008630,2019-02-10 13:56:09.316773,WO-008791,routine,5,5
XFMR-008630,2024-05-12 13:56:09.316784,WO-008792,emergency,4,5
XFMR-004936,2020-07-09 13:56:09.316803,WO-008793,routine,2,2
XFMR-004936,2016-11-24 13:56:09.316814,WO-008794,preventive,1,2
XFMR-014511,2023-12-17 13:56:09.316833,WO-008795,routine,2,3
XFMR-014511,2020-05-29 13:56:09.316844,WO-008796,routine,4,3
XFMR-011181,2024-08-06 13:56:09.316863,WO-008797,routine,4,3
XFMR-011181,2023-10-09 13:56:09.316874,WO-008798,routine,2,3
XFMR-005283,2018-08-12 13:56:09.316893,WO-008799,routine,1,1
XFMR-020069,2018-01-25 13:56:09.316913,WO-008800,routine,1,2
XFMR-020069,2022-02-11 13:56:09.316924,WO-008801,preventive,1,2
XFMR-020069,2025-07-24 13:56:09.316934,WO-008802,routine,2,2
XFMR-016085,2021-12-26 13:56:09.316953,WO-008803,routine,4,4
XFMR-017241,2024-10-15 13:56:09.316973,WO-008804,routine,1,1
XFMR-017241,2023-08-31 13:56:09.316986,WO-008805,routine,1,1
XFMR-017241,2016-08-04 13:56:09.316996,WO-008806,routine,1,1
XFMR-000124,2024-06-03 13:56:09.317022,WO-008807,routine,3,2
XFMR-000124,2022-05-22 13:56:09.317034,WO-008808,routine,1,2
XFMR-001248,2020-10-06 13:56:09.317060,WO-008809,routine,2,2
XFMR-001248,2025-06-29 13:56:09.317073,WO-008810,routine,3,2
XFMR-001248,2024-05-07 13:56:09.317083,WO-008811,routine,3,2
XFMR-000821,2019-03-25 13:56:09.317103,WO-008812,routine,2,2
XFMR-000821,2020-03-21 13:56:09.317118,WO-008813,preventive,2,2
XFMR-000581,2016-11-29 13:56:09.317141,WO-008814,emergency,1,2
XFMR-000581,2021-08-13 13:56:09.317154,WO-008815,routine,3,2
XFMR-000581,2017-03-04 13:56:09.317168,WO-008816,routine,1,2
XFMR-008552,2019-02-24 13:56:09.317193,WO-008817,routine,2,3
XFMR-006825,2021-11-26 13:56:09.317217,WO-008818,routine,2,3
XFMR-009817,2020-04-27 13:56:09.317242,WO-008819,routine,4,3
XFMR-013011,2025-01-28 13:56:09.317267,WO-008820,routine,4,3
XFMR-013011,2024-06-07 13:56:09.317278,WO-008821,routine,2,3
XFMR-007827,2021-01-29 13:56:09.317297,WO-008822,emergency,4,5
XFMR-007827,2018-05-22 13:56:09.317308,WO-008823,routine,5,5
XFMR-015296,2024-06-16 13:56:09.317327,WO-008824,preventive,1,2
XFMR-015296,2022-06-08 13:56:09.317338,WO-008825,preventive,1,2
XFMR-015296,2024-01-03 13:56:09.317348,WO-008826,routine,1,2
XFMR-002949,2020-09-28 13:56:09.317370,WO-008827,routine,4,4
XFMR-002949,2022-09-11 13:56:09.317381,WO-008828,routine,5,4
XFMR-002949,2020-03-26 13:56:09.317391,WO-008829,routine,4,4
XFMR-015641,2021-11-07 13:56:09.317411,WO-008830,preventive,1,2
XFMR-015641,2017-05-29 13:56:09.317421,WO-008831,routine,1,2
XFMR-015641,2025-10-01 13:56:09.317431,WO-008832,routine,2,2
XFMR-015573,2024-02-12 13:56:09.317451,WO-008833,routine,2,3
XFMR-015573,2023-02-13 13:56:09.317462,WO-008834,routine,2,3
XFMR-015573,2018-05-25 13:56:09.317471,WO-008835,preventive,2,3
XFMR-017001,2019-01-03 13:56:09.317491,WO-008836,routine,1,1
XFMR-017001,2017-07-10 13:56:09.317502,WO-008837,routine,2,1
XFMR-008711,2022-08-03 13:56:09.317521,WO-008838,routine,5,4
XFMR-008711,2019-07-21 13:56:09.317532,WO-008839,routine,5,4
XFMR-008711,2019-09-12 13:56:09.317541,WO-008840,routine,4,4
XFMR-012918,2021-09-17 13:56:09.317561,WO-008841,routine,5,4
XFMR-012918,2020-01-07 13:56:09.317571,WO-008842,preventive,4,4
XFMR-001960,2019-05-02 13:56:09.317595,WO-008843,routine,1,2
XFMR-001960,2021-09-08 13:56:09.317606,WO-008844,routine,1,2
XFMR-020019,2020-05-05 13:56:09.317625,WO-008845,routine,3,4
XFMR-020019,2025-10-07 13:56:09.317636,WO-008846,preventive,4,4
XFMR-014810,2018-09-28 13:56:09.317655,WO-008847,emergency,4,5
XFMR-014810,2021-03-29 13:56:09.317666,WO-008848,routine,5,5
XFMR-015315,2018-03-23 13:56:09.317685,WO-008849,routine,2,2
XFMR-015315,2017-06-19 13:56:09.317696,WO-008850,routine,3,2
XFMR-015315,2021-12-14 13:56:09.317706,WO-008851,routine,3,2
XFMR-012971,2018-11-04 13:56:09.317725,WO-008852,routine,3,2
XFMR-012971,2017-03-14 13:56:09.317735,WO-008853,routine,1,2
XFMR-012971,2020-12-18 13:56:09.317745,WO-008854,routine,2,2
XFMR-008867,2016-07-24 13:56:09.317764,WO-008855,routine,2,2
XFMR-008867,2018-08-09 13:56:09.317775,WO-008856,routine,3,2
XFMR-008867,2024-04-28 13:56:09.317785,WO-008857,routine,3,2
XFMR-004825,2024-09-29 13:56:09.317807,WO-008858,preventive,4,4
XFMR-004825,2022-08-21 13:56:09.317818,WO-008859,routine,5,4
XFMR-004825,2019-07-12 13:56:09.317828,WO-008860,routine,5,4
XFMR-002542,2016-07-05 13:56:09.317847,WO-008861,preventive,2,2
XFMR-002542,2024-06-28 13:56:09.317858,WO-008862,preventive,2,2
XFMR-002542,2022-06-01 13:56:09.317869,WO-008863,routine,1,2
XFMR-020140,2022-10-13 13:56:09.317890,WO-008864,preventive,2,2
XFMR-009759,2022-11-25 13:56:09.317910,WO-008865,routine,3,4
XFMR-009759,2024-04-13 13:56:09.317921,WO-008866,preventive,4,4
XFMR-010232,2023-03-08 13:56:09.317940,WO-008867,routine,4,4
XFMR-010232,2024-12-23 13:56:09.317951,WO-008868,preventive,4,4
XFMR-019914,2023-09-14 13:56:09.317970,WO-008869,routine,1,2
XFMR-000931,2026-01-23 13:56:09.317990,WO-008870,routine,3,3
XFMR-010995,2023-06-06 13:56:09.318010,WO-008871,routine,3,2
XFMR-016852,2016-05-30 13:56:09.318030,WO-008872,routine,1,1
XFMR-016852,2024-07-01 13:56:09.318041,WO-008873,routine,2,1
XFMR-004421,2022-09-10 13:56:09.318060,WO-008874,preventive,5,4
XFMR-005643,2025-12-22 13:56:09.318080,WO-008875,routine,3,2
XFMR-005643,2017-02-28 13:56:09.318090,WO-008876,routine,2,2
XFMR-005643,2020-08-31 13:56:09.318100,WO-008877,routine,1,2
XFMR-011133,2020-08-30 13:56:09.318124,WO-008878,routine,3,3
XFMR-008603,2025-12-28 13:56:09.318145,WO-008879,routine,4,3
XFMR-008603,2018-03-12 13:56:09.318155,WO-008880,routine,2,3
XFMR-008603,2018-01-29 13:56:09.318165,WO-008881,routine,4,3
XFMR-010433,2025-10-13 13:56:09.318184,WO-008882,routine,2,3
XFMR-010433,2024-11-18 13:56:09.318195,WO-008883,emergency,3,3
XFMR-010433,2022-12-15 13:56:09.318205,WO-008884,preventive,4,3
XFMR-019356,2018-02-08 13:56:09.318224,WO-008885,preventive,2,3
XFMR-013362,2021-12-16 13:56:09.318244,WO-008886,routine,3,3
XFMR-013362,2025-05-22 13:56:09.318255,WO-008887,routine,3,3
XFMR-008765,2021-05-27 13:56:09.318274,WO-008888,routine,1,1
XFMR-008765,2017-04-09 13:56:09.318285,WO-008889,routine,1,1
XFMR-010972,2022-03-23 13:56:09.318304,WO-008890,routine,5,5
XFMR-010972,2019-07-26 13:56:09.318314,WO-008891,preventive,5,5
XFMR-017132,2020-01-26 13:56:09.318334,WO-008892,routine,3,4
XFMR-017132,2017-03-23 13:56:09.318344,WO-008893,emergency,4,4
XFMR-014978,2019-06-11 13:56:09.318364,WO-008894,routine,4,5
XFMR-014978,2018-02-13 13:56:09.318374,WO-008895,routine,5,5
XFMR-009734,2017-12-21 13:56:09.318394,WO-008896,routine,4,3
XFMR-001465,2022-09-16 13:56:09.318414,WO-008897,preventive,5,4
XFMR-013499,2024-07-10 13:56:09.318434,WO-008898,routine,2,3
XFMR-013499,2018-11-13 13:56:09.318444,WO-008899,routine,3,3
XFMR-019461,2020-10-17 13:56:09.318464,WO-008900,preventive,1,2
XFMR-019461,2020-06-19 13:56:09.318474,WO-008901,routine,2,2
XFMR-007569,2016-08-16 13:56:09.318494,WO-008902,routine,2,3
XFMR-007569,2018-11-03 13:56:09.318504,WO-008903,routine,2,3
XFMR-007569,2018-03-09 13:56:09.318514,WO-008904,routine,3,3
XFMR-014783,2021-03-14 13:56:09.318534,WO-008905,routine,4,4
XFMR-013223,2022-09-21 13:56:09.318554,WO-008906,routine,3,2
XFMR-013223,2017-07-22 13:56:09.318564,WO-008907,routine,2,2
XFMR-013223,2018-12-30 13:56:09.318574,WO-008908,preventive,2,2
XFMR-017379,2022-05-18 13:56:09.318594,WO-008909,routine,5,5
XFMR-017379,2021-07-05 13:56:09.318604,WO-008910,routine,5,5
XFMR-006088,2023-03-04 13:56:09.318624,WO-008911,preventive,2,3
XFMR-006088,2016-08-28 13:56:09.318635,WO-008912,routine,4,3
XFMR-006088,2025-03-14 13:56:09.318644,WO-008913,routine,3,3
XFMR-020564,2017-10-07 13:56:09.318664,WO-008914,routine,1,2
XFMR-020564,2025-04-01 13:56:09.318674,WO-008915,routine,3,2
XFMR-019853,2024-10-21 13:56:09.318694,WO-008916,emergency,2,3
XFMR-019853,2019-09-09 13:56:09.318704,WO-008917,preventive,4,3
XFMR-019853,2024-06-09 13:56:09.318714,WO-008918,routine,2,3
XFMR-010283,2020-03-24 13:56:09.318733,WO-008919,emergency,3,2
XFMR-010283,2024-08-19 13:56:09.318744,WO-008920,routine,2,2
XFMR-009321,2017-11-02 13:56:09.318763,WO-008921,preventive,3,4
XFMR-014151,2024-07-09 13:56:09.318783,WO-008922,routine,3,3
XFMR-001838,2017-08-27 13:56:09.318803,WO-008923,preventive,3,3
XFMR-017086,2022-04-06 13:56:09.318823,WO-008924,routine,3,4
XFMR-017086,2018-07-23 13:56:09.318834,WO-008925,preventive,4,4
XFMR-017086,2022-02-01 13:56:09.318844,WO-008926,preventive,5,4
XFMR-008747,2018-01-11 13:56:09.318863,WO-008927,routine,1,2
XFMR-008747,2020-09-07 13:56:09.318874,WO-008928,routine,3,2
XFMR-019146,2022-06-29 13:56:09.318893,WO-008929,routine,4,4
XFMR-019146,2020-09-19 13:56:09.318904,WO-008930,emergency,3,4
XFMR-019904,2019-10-18 13:56:09.318923,WO-008931,preventive,3,3
XFMR-019904,2020-12-02 13:56:09.318934,WO-008932,routine,4,3
XFMR-000050,2019-10-23 13:56:09.318953,WO-008933,preventive,4,3
XFMR-015456,2020-02-22 13:56:09.318974,WO-008934,preventive,2,3
XFMR-009599,2020-11-19 13:56:09.318994,WO-008935,routine,3,2
XFMR-009599,2022-03-22 13:56:09.319004,WO-008936,emergency,3,2
XFMR-019085,2021-05-24 13:56:09.319024,WO-008937,routine,5,5
XFMR-011978,2018-11-07 13:56:09.319044,WO-008938,routine,4,4
XFMR-011978,2021-07-08 13:56:09.319054,WO-008939,routine,3,4
XFMR-008383,2022-05-03 13:56:09.319074,WO-008940,preventive,2,3
XFMR-008383,2018-04-01 13:56:09.319085,WO-008941,routine,3,3
XFMR-011837,2017-02-03 13:56:09.319108,WO-008942,routine,4,3
XFMR-013024,2017-08-17 13:56:09.319129,WO-008943,routine,4,3
XFMR-012705,2017-09-25 13:56:09.319149,WO-008944,routine,1,1
XFMR-010394,2018-11-19 13:56:09.319169,WO-008945,routine,5,5
XFMR-004689,2021-03-12 13:56:09.319189,WO-008946,routine,2,3
XFMR-015472,2021-03-20 13:56:09.319210,WO-008947,routine,5,5
XFMR-021497,2017-02-12 13:56:09.319230,WO-008948,routine,5,4
XFMR-009431,2024-12-08 13:56:09.319250,WO-008949,routine,5,4
XFMR-009431,2021-06-02 13:56:09.319260,WO-008950,preventive,5,4
XFMR-005413,2019-08-30 13:56:09.319280,WO-008951,routine,1,2
XFMR-005413,2017-09-04 13:56:09.319290,WO-008952,routine,1,2
XFMR-011189,2016-05-03 13:56:09.319310,WO-008953,routine,3,4
XFMR-011189,2019-03-31 13:56:09.319321,WO-008954,routine,4,4
XFMR-021150,2024-04-25 13:56:09.319340,WO-008955,routine,3,4
XFMR-003699,2023-12-20 13:56:09.319361,WO-008956,emergency,3,4
XFMR-003699,2016-03-09 13:56:09.319371,WO-008957,routine,4,4
XFMR-021063,2022-11-24 13:56:09.319391,WO-008958,routine,1,2
XFMR-003452,2020-11-08 13:56:09.319411,WO-008959,preventive,3,4
XFMR-003452,2017-10-18 13:56:09.319422,WO-008960,routine,4,4
XFMR-003452,2024-04-02 13:56:09.319432,WO-008961,routine,3,4
XFMR-006921,2020-08-31 13:56:09.319451,WO-008962,routine,4,3
XFMR-020098,2019-11-30 13:56:09.319472,WO-008963,routine,3,2
XFMR-020098,2016-10-12 13:56:09.319482,WO-008964,preventive,1,2
XFMR-020098,2022-01-30 13:56:09.319492,WO-008965,routine,1,2
XFMR-001558,2018-03-12 13:56:09.319512,WO-008966,preventive,1,2
XFMR-011231,2016-04-21 13:56:09.319532,WO-008967,preventive,2,2
XFMR-017619,2021-06-17 13:56:09.319551,WO-008968,preventive,4,4
XFMR-010118,2020-05-21 13:56:09.319571,WO-008969,routine,2,3
XFMR-010118,2025-05-20 13:56:09.319582,WO-008970,routine,4,3
XFMR-007199,2020-04-30 13:56:09.319603,WO-008971,routine,3,4
XFMR-010055,2025-06-18 13:56:09.319623,WO-008972,routine,2,3
XFMR-010055,2024-05-24 13:56:09.319634,WO-008973,preventive,2,3
XFMR-020967,2024-05-22 13:56:09.319653,WO-008974,routine,1,2
XFMR-020967,2020-08-19 13:56:09.319664,WO-008975,emergency,1,2
XFMR-004708,2023-10-28 13:56:09.319683,WO-008976,routine,2,1
XFMR-004708,2024-08-15 13:56:09.319694,WO-008977,routine,1,1
XFMR-011144,2017-02-08 13:56:09.319713,WO-008978,routine,3,3
XFMR-005408,2024-07-27 13:56:09.319733,WO-008979,routine,4,4
XFMR-005408,2023-07-01 13:56:09.319743,WO-008980,routine,3,4
XFMR-014995,2016-12-12 13:56:09.319763,WO-008981,routine,5,5
XFMR-013467,2020-05-10 13:56:09.319783,WO-008982,routine,4,4
XFMR-013467,2016-06-14 13:56:09.319793,WO-008983,routine,5,4
XFMR-013448,2018-12-14 13:56:09.319813,WO-008984,routine,3,4
XFMR-013448,2021-06-01 13:56:09.319823,WO-008985,routine,4,4
XFMR-016769,2018-08-08 13:56:09.319843,WO-008986,routine,3,3
XFMR-006281,2018-09-08 13:56:09.319863,WO-008987,routine,4,4
XFMR-006281,2016-04-17 13:56:09.319873,WO-008988,routine,4,4
XFMR-007937,2021-08-17 13:56:09.319893,WO-008989,preventive,4,4
XFMR-007937,2024-03-02 13:56:09.319904,WO-008990,routine,4,4
XFMR-002158,2020-04-19 13:56:09.319923,WO-008991,routine,3,2
XFMR-002158,2018-04-03 13:56:09.319934,WO-008992,routine,3,2
XFMR-002158,2021-02-05 13:56:09.319944,WO-008993,preventive,3,2
XFMR-014440,2025-11-14 13:56:09.319963,WO-008994,routine,2,3
XFMR-014440,2018-07-21 13:56:09.319974,WO-008995,routine,3,3
XFMR-019154,2018-07-24 13:56:09.319993,WO-008996,routine,2,3
XFMR-019154,2024-06-04 13:56:09.320004,WO-008997,preventive,4,3
XFMR-005140,2020-08-15 13:56:09.320023,WO-008998,preventive,5,5
XFMR-016099,2021-11-24 13:56:09.320043,WO-008999,preventive,2,3
XFMR-016099,2017-02-01 13:56:09.320053,WO-009000,routine,4,3
XFMR-012819,2021-07-24 13:56:09.320073,WO-009001,routine,1,2
XFMR-019342,2016-05-21 13:56:09.320093,WO-009002,routine,4,3
XFMR-019342,2018-02-08 13:56:09.320103,WO-009003,routine,3,3
XFMR-002815,2022-06-12 13:56:09.320123,WO-009004,routine,5,5
XFMR-002815,2019-11-24 13:56:09.320133,WO-009005,routine,5,5
XFMR-001698,2020-02-24 13:56:09.320152,WO-009006,routine,1,1
XFMR-013089,2020-01-20 13:56:09.320173,WO-009007,routine,1,2
XFMR-012793,2023-09-17 13:56:09.320193,WO-009008,routine,2,2
XFMR-010889,2018-11-20 13:56:09.320215,WO-009009,preventive,3,4
XFMR-001067,2017-05-20 13:56:09.320235,WO-009010,routine,3,2
XFMR-001067,2019-10-19 13:56:09.320246,WO-009011,preventive,1,2
XFMR-001067,2024-11-06 13:56:09.320256,WO-009012,routine,2,2
XFMR-012755,2025-05-05 13:56:09.320276,WO-009013,preventive,4,4
XFMR-012755,2020-03-05 13:56:09.320289,WO-009014,routine,5,4
XFMR-012755,2024-10-24 13:56:09.320299,WO-009015,routine,3,4
XFMR-002440,2019-04-29 13:56:09.320318,WO-009016,emergency,2,1
XFMR-002440,2023-05-27 13:56:09.320329,WO-009017,routine,1,1
XFMR-002440,2024-07-29 13:56:09.320339,WO-009018,routine,2,1
XFMR-007470,2017-09-30 13:56:09.320363,WO-009019,routine,4,3
XFMR-007470,2022-12-31 13:56:09.320373,WO-009020,preventive,3,3
XFMR-009900,2018-04-17 13:56:09.320393,WO-009021,routine,2,2
XFMR-009900,2018-10-04 13:56:09.320403,WO-009022,routine,1,2
XFMR-009900,2025-03-16 13:56:09.320413,WO-009023,routine,3,2
XFMR-013644,2016-12-05 13:56:09.320433,WO-009024,routine,4,3
XFMR-013644,2016-10-19 13:56:09.320443,WO-009025,emergency,3,3
XFMR-013644,2017-10-02 13:56:09.320453,WO-009026,routine,3,3
XFMR-015670,2022-02-08 13:56:09.320472,WO-009027,emergency,1,1
XFMR-011483,2019-07-31 13:56:09.320493,WO-009028,routine,4,4
XFMR-011483,2024-11-28 13:56:09.320503,WO-009029,preventive,5,4
XFMR-011483,2024-05-25 13:56:09.320513,WO-009030,routine,4,4
XFMR-002783,2016-08-04 13:56:09.320533,WO-009031,routine,2,3
XFMR-002783,2018-07-18 13:56:09.320543,WO-009032,preventive,3,3
XFMR-014938,2019-11-17 13:56:09.320563,WO-009033,preventive,1,1
XFMR-014938,2024-05-04 13:56:09.320573,WO-009034,routine,2,1
XFMR-014938,2021-10-05 13:56:09.320583,WO-009035,routine,2,1
XFMR-003935,2018-06-29 13:56:09.320602,WO-009036,routine,2,3
XFMR-003935,2025-02-01 13:56:09.320613,WO-009037,routine,3,3
XFMR-013294,2019-06-14 13:56:09.320633,WO-009038,preventive,2,2
XFMR-002040,2017-04-24 13:56:09.320653,WO-009039,routine,3,3
XFMR-002040,2025-07-12 13:56:09.320663,WO-009040,emergency,3,3
XFMR-002361,2020-06-22 13:56:09.320682,WO-009041,routine,4,3
XFMR-002361,2025-03-15 13:56:09.320693,WO-009042,routine,2,3
XFMR-013472,2021-02-07 13:56:09.320712,WO-009043,routine,3,2
XFMR-013472,2016-05-24 13:56:09.320723,WO-009044,emergency,3,2
XFMR-013472,2023-02-17 13:56:09.320732,WO-009045,routine,2,2
XFMR-009160,2016-10-23 13:56:09.320752,WO-009046,routine,4,3
XFMR-009160,2025-10-15 13:56:09.320763,WO-009047,routine,2,3
XFMR-009160,2020-09-18 13:56:09.320772,WO-009048,routine,4,3
XFMR-011922,2024-01-18 13:56:09.320792,WO-009049,routine,4,4
XFMR-011922,2016-04-03 13:56:09.320802,WO-009050,routine,3,4
XFMR-018169,2016-11-19 13:56:09.320822,WO-009051,routine,2,3
XFMR-020342,2016-12-16 13:56:09.320842,WO-009052,preventive,2,3
XFMR-020342,2021-04-14 13:56:09.320853,WO-009053,routine,4,3
XFMR-020342,2020-05-28 13:56:09.320862,WO-009054,routine,4,3
XFMR-008455,2023-10-16 13:56:09.320882,WO-009055,preventive,3,4
XFMR-008455,2025-11-28 13:56:09.320893,WO-009056,routine,3,4
XFMR-008455,2022-05-05 13:56:09.320902,WO-009057,preventive,4,4
XFMR-008808,2023-11-22 13:56:09.320922,WO-009058,routine,4,4
XFMR-008808,2016-08-22 13:56:09.320932,WO-009059,routine,3,4
XFMR-005513,2025-07-06 13:56:09.320951,WO-009060,routine,2,3
XFMR-005513,2022-09-18 13:56:09.320962,WO-009061,routine,2,3
XFMR-015133,2016-06-30 13:56:09.320981,WO-009062,routine,3,4
XFMR-006505,2021-11-28 13:56:09.321001,WO-009063,preventive,2,1
XFMR-006505,2023-07-01 13:56:09.321012,WO-009064,routine,1,1
XFMR-006505,2018-02-01 13:56:09.321022,WO-009065,routine,2,1
XFMR-014079,2020-06-20 13:56:09.321041,WO-009066,preventive,2,2
XFMR-014079,2017-05-07 13:56:09.321052,WO-009067,routine,1,2
XFMR-014079,2020-09-22 13:56:09.321061,WO-009068,routine,2,2
XFMR-005755,2016-04-03 13:56:09.321081,WO-009069,routine,3,3
XFMR-005755,2023-12-08 13:56:09.321091,WO-009070,preventive,3,3
XFMR-005755,2024-06-26 13:56:09.321101,WO-009071,routine,3,3
XFMR-008864,2018-09-11 13:56:09.321121,WO-009072,routine,2,3
XFMR-008864,2024-07-27 13:56:09.321131,WO-009073,routine,4,3
XFMR-005844,2017-01-13 13:56:09.321151,WO-009074,routine,4,3
XFMR-005844,2021-02-21 13:56:09.321162,WO-009075,routine,2,3
XFMR-005844,2016-06-28 13:56:09.321171,WO-009076,routine,3,3
XFMR-003288,2022-02-02 13:56:09.321191,WO-009077,emergency,5,4
XFMR-003288,2020-12-13 13:56:09.321201,WO-009078,preventive,5,4
XFMR-003288,2018-11-28 13:56:09.321211,WO-009079,routine,5,4
XFMR-020284,2020-01-30 13:56:09.321232,WO-009080,routine,4,5
XFMR-016580,2019-09-21 13:56:09.321253,WO-009081,routine,3,2
XFMR-009711,2016-10-24 13:56:09.321278,WO-009082,preventive,2,3
XFMR-009711,2025-06-20 13:56:09.321289,WO-009083,routine,3,3
XFMR-009711,2018-03-27 13:56:09.321299,WO-009084,routine,4,3
XFMR-010046,2016-11-26 13:56:09.321319,WO-009085,preventive,3,3
XFMR-009832,2020-07-13 13:56:09.321339,WO-009086,routine,2,2
XFMR-009832,2023-04-04 13:56:09.321349,WO-009087,routine,3,2
XFMR-009832,2016-07-16 13:56:09.321359,WO-009088,routine,3,2
XFMR-013286,2020-08-26 13:56:09.321379,WO-009089,emergency,4,3
XFMR-000084,2022-01-31 13:56:09.321399,WO-009090,routine,3,3
XFMR-000084,2023-09-19 13:56:09.321410,WO-009091,emergency,3,3
XFMR-000084,2019-10-19 13:56:09.321420,WO-009092,emergency,4,3
XFMR-009013,2016-08-30 13:56:09.321439,WO-009093,routine,2,2
XFMR-009013,2022-02-11 13:56:09.321450,WO-009094,routine,2,2
XFMR-009013,2018-07-03 13:56:09.321460,WO-009095,routine,2,2
XFMR-016278,2022-01-02 13:56:09.321479,WO-009096,routine,4,3
XFMR-010386,2021-09-07 13:56:09.321501,WO-009097,preventive,2,3
XFMR-010386,2023-08-13 13:56:09.321511,WO-009098,routine,3,3
XFMR-008365,2025-11-07 13:56:09.321532,WO-009099,routine,1,2
XFMR-005764,2022-01-29 13:56:09.321553,WO-009100,routine,4,4
XFMR-005764,2017-08-29 13:56:09.321564,WO-009101,preventive,3,4
XFMR-005764,2018-06-04 13:56:09.321574,WO-009102,routine,5,4
XFMR-002047,2023-07-06 13:56:09.321593,WO-009103,routine,5,4
XFMR-002047,2020-02-21 13:56:09.321604,WO-009104,routine,3,4
XFMR-004547,2018-12-14 13:56:09.321623,WO-009105,routine,2,1
XFMR-004547,2024-01-17 13:56:09.321634,WO-009106,routine,2,1
XFMR-014882,2018-11-18 13:56:09.321653,WO-009107,routine,4,4
XFMR-014882,2022-12-15 13:56:09.321663,WO-009108,routine,5,4
XFMR-016952,2018-07-06 13:56:09.321683,WO-009109,routine,1,2
XFMR-016952,2024-12-20 13:56:09.321694,WO-009110,routine,3,2
XFMR-016952,2022-08-16 13:56:09.321703,WO-009111,routine,2,2
XFMR-017984,2020-05-01 13:56:09.321723,WO-009112,routine,2,1
XFMR-013414,2021-10-20 13:56:09.321743,WO-009113,emergency,1,1
XFMR-020370,2016-04-11 13:56:09.321763,WO-009114,routine,5,5
XFMR-019111,2023-01-25 13:56:09.321783,WO-009115,routine,3,2
XFMR-019111,2022-07-06 13:56:09.321794,WO-009116,routine,1,2
XFMR-018909,2024-06-18 13:56:09.321813,WO-009117,preventive,3,3
XFMR-018909,2017-11-20 13:56:09.321824,WO-009118,routine,2,3
XFMR-018909,2021-02-15 13:56:09.321834,WO-009119,preventive,3,3
XFMR-011419,2025-05-07 13:56:09.321853,WO-009120,routine,2,2
XFMR-011419,2016-03-28 13:56:09.321863,WO-009121,routine,3,2
XFMR-011419,2025-02-20 13:56:09.321873,WO-009122,routine,1,2
XFMR-003060,2021-10-23 13:56:09.321892,WO-009123,routine,3,4
XFMR-015985,2021-04-17 13:56:09.321913,WO-009124,routine,3,2
XFMR-021020,2020-10-21 13:56:09.321932,WO-009125,routine,2,3
XFMR-013345,2024-12-14 13:56:09.321952,WO-009126,preventive,2,3
XFMR-016211,2026-01-17 13:56:09.321972,WO-009127,routine,5,4
XFMR-016211,2020-11-18 13:56:09.321983,WO-009128,routine,4,4
XFMR-003580,2021-05-03 13:56:09.322002,WO-009129,routine,5,5
XFMR-003580,2016-03-12 13:56:09.322013,WO-009130,routine,5,5
XFMR-003580,2018-01-29 13:56:09.322022,WO-009131,routine,5,5
XFMR-012082,2021-06-10 13:56:09.322042,WO-009132,routine,5,4
XFMR-012082,2025-10-05 13:56:09.322052,WO-009133,routine,5,4
XFMR-007829,2017-02-10 13:56:09.322076,WO-009134,routine,3,4
XFMR-007829,2018-09-11 13:56:09.322087,WO-009135,emergency,3,4
XFMR-019631,2025-01-07 13:56:09.322107,WO-009136,preventive,2,3
XFMR-006426,2019-03-14 13:56:09.322127,WO-009137,routine,1,1
XFMR-013899,2019-10-14 13:56:09.322147,WO-009138,routine,5,5
XFMR-003985,2017-03-04 13:56:09.322167,WO-009139,routine,5,4
XFMR-009799,2017-06-18 13:56:09.322187,WO-009140,routine,5,4
XFMR-006302,2018-01-21 13:56:09.322207,WO-009141,emergency,4,3
XFMR-006302,2025-06-10 13:56:09.322218,WO-009142,preventive,4,3
XFMR-006302,2024-06-21 13:56:09.322228,WO-009143,routine,3,3
XFMR-008959,2020-07-24 13:56:09.322247,WO-009144,routine,4,4
XFMR-019317,2016-09-06 13:56:09.322267,WO-009145,routine,4,4
XFMR-019317,2025-06-28 13:56:09.322277,WO-009146,routine,5,4
XFMR-019317,2022-03-27 13:56:09.322287,WO-009147,emergency,3,4
XFMR-021073,2016-10-25 13:56:09.322307,WO-009148,preventive,4,4
XFMR-021073,2020-10-07 13:56:09.322318,WO-009149,routine,5,4
XFMR-021073,2016-08-17 13:56:09.322328,WO-009150,routine,5,4
XFMR-018374,2025-06-08 13:56:09.322347,WO-009151,routine,5,4
XFMR-018374,2023-10-01 13:56:09.322358,WO-009152,emergency,5,4
XFMR-015189,2018-05-22 13:56:09.322377,WO-009153,routine,3,3
XFMR-015189,2017-10-28 13:56:09.322388,WO-009154,routine,4,3
XFMR-004070,2020-11-22 13:56:09.322407,WO-009155,routine,2,2
XFMR-004070,2019-10-18 13:56:09.322418,WO-009156,routine,3,2
XFMR-014030,2024-09-21 13:56:09.322437,WO-009157,routine,2,2
XFMR-014030,2018-03-30 13:56:09.322448,WO-009158,routine,2,2
XFMR-014030,2024-11-12 13:56:09.322458,WO-009159,routine,1,2
XFMR-020827,2025-04-15 13:56:09.322479,WO-009160,routine,5,4
XFMR-020827,2025-11-19 13:56:09.322489,WO-009161,preventive,5,4
XFMR-020827,2017-05-04 13:56:09.322499,WO-009162,routine,5,4
XFMR-014471,2016-05-31 13:56:09.322519,WO-009163,routine,3,2
XFMR-014471,2021-05-02 13:56:09.322529,WO-009164,preventive,1,2
XFMR-014421,2016-10-01 13:56:09.322548,WO-009165,routine,5,4
XFMR-014421,2024-05-30 13:56:09.322559,WO-009166,preventive,3,4
XFMR-003581,2025-11-28 13:56:09.322579,WO-009167,routine,4,5
XFMR-003581,2024-07-31 13:56:09.322589,WO-009168,routine,5,5
XFMR-003581,2024-08-12 13:56:09.322599,WO-009169,routine,4,5
XFMR-018265,2023-01-23 13:56:09.322619,WO-009170,routine,3,4
XFMR-018265,2022-09-08 13:56:09.322629,WO-009171,routine,4,4
XFMR-018265,2019-04-19 13:56:09.322639,WO-009172,emergency,4,4
XFMR-010255,2019-12-06 13:56:09.322658,WO-009173,routine,4,5
XFMR-004597,2023-09-29 13:56:09.322679,WO-009174,emergency,5,5
XFMR-004597,2024-08-11 13:56:09.322689,WO-009175,routine,5,5
XFMR-004597,2024-07-11 13:56:09.322701,WO-009176,routine,4,5
XFMR-017725,2016-06-30 13:56:09.322720,WO-009177,preventive,4,4
XFMR-001195,2026-01-19 13:56:09.322740,WO-009178,routine,1,2
XFMR-004631,2025-04-02 13:56:09.322761,WO-009179,routine,3,3
XFMR-004631,2017-10-30 13:56:09.322771,WO-009180,routine,4,3
XFMR-011322,2022-04-08 13:56:09.322791,WO-009181,routine,3,2
XFMR-011322,2025-03-06 13:56:09.322801,WO-009182,preventive,1,2
XFMR-011322,2024-11-11 13:56:09.322811,WO-009183,routine,2,2
XFMR-015531,2024-10-29 13:56:09.322831,WO-009184,routine,1,1
XFMR-015531,2016-09-13 13:56:09.322842,WO-009185,routine,1,1
XFMR-007764,2025-09-29 13:56:09.322861,WO-009186,routine,1,2
XFMR-007764,2017-01-20 13:56:09.322871,WO-009187,preventive,1,2
XFMR-007764,2025-11-10 13:56:09.322881,WO-009188,preventive,3,2
XFMR-003976,2018-11-16 13:56:09.322901,WO-009189,routine,4,4
XFMR-003976,2021-09-01 13:56:09.322911,WO-009190,routine,4,4
XFMR-003976,2025-09-04 13:56:09.322921,WO-009191,routine,5,4
XFMR-000197,2022-03-30 13:56:09.322940,WO-009192,routine,2,2
XFMR-000197,2021-08-01 13:56:09.322951,WO-009193,preventive,1,2
XFMR-000197,2017-08-22 13:56:09.322961,WO-009194,preventive,2,2
XFMR-001120,2020-02-10 13:56:09.322980,WO-009195,routine,4,3
XFMR-006533,2025-05-24 13:56:09.323000,WO-009196,routine,5,4
XFMR-006533,2019-11-15 13:56:09.323011,WO-009197,routine,4,4
XFMR-006533,2022-11-04 13:56:09.323020,WO-009198,routine,3,4
XFMR-009828,2020-07-22 13:56:09.323040,WO-009199,routine,5,4
XFMR-009828,2024-05-13 13:56:09.323050,WO-009200,emergency,4,4
XFMR-012168,2022-08-04 13:56:09.323070,WO-009201,routine,3,3
XFMR-012168,2022-02-13 13:56:09.323080,WO-009202,routine,3,3
XFMR-012168,2022-06-12 13:56:09.323090,WO-009203,emergency,3,3
XFMR-014624,2019-02-11 13:56:09.323110,WO-009204,routine,5,5
XFMR-014624,2016-09-28 13:56:09.323120,WO-009205,routine,5,5
XFMR-014624,2018-11-20 13:56:09.323130,WO-009206,routine,5,5
XFMR-015817,2020-01-03 13:56:09.323149,WO-009207,routine,5,5
XFMR-015817,2020-10-30 13:56:09.323160,WO-009208,emergency,5,5
XFMR-015817,2023-07-07 13:56:09.323170,WO-009209,emergency,5,5
XFMR-001589,2022-10-01 13:56:09.323189,WO-009210,preventive,3,3
XFMR-008970,2021-04-18 13:56:09.323209,WO-009211,routine,1,1
XFMR-017949,2017-03-27 13:56:09.323229,WO-009212,routine,3,2
XFMR-017949,2020-12-29 13:56:09.323240,WO-009213,routine,2,2
XFMR-017949,2024-06-01 13:56:09.323249,WO-009214,routine,2,2
XFMR-006149,2016-03-28 13:56:09.323268,WO-009215,routine,4,4
XFMR-006149,2023-03-01 13:56:09.323279,WO-009216,routine,5,4
XFMR-006149,2024-09-18 13:56:09.323289,WO-009217,routine,3,4
XFMR-001805,2021-12-26 13:56:09.323308,WO-009218,routine,5,5
XFMR-001805,2023-03-10 13:56:09.323318,WO-009219,routine,5,5
XFMR-018277,2018-10-23 13:56:09.323338,WO-009220,routine,4,3
XFMR-007418,2019-03-27 13:56:09.323358,WO-009221,routine,2,3
XFMR-019348,2020-05-21 13:56:09.323378,WO-009222,routine,3,2
XFMR-019348,2023-12-09 13:56:09.323389,WO-009223,routine,3,2
XFMR-019348,2023-01-22 13:56:09.323398,WO-009224,routine,3,2
XFMR-017730,2018-05-20 13:56:09.323417,WO-009225,routine,3,3
XFMR-017730,2025-08-17 13:56:09.323428,WO-009226,preventive,3,3
XFMR-017730,2019-11-29 13:56:09.323438,WO-009227,routine,2,3
XFMR-006922,2019-12-29 13:56:09.323462,WO-009228,routine,4,3
XFMR-016196,2021-04-22 13:56:09.323482,WO-009229,preventive,3,4
XFMR-016196,2016-09-30 13:56:09.323493,WO-009230,emergency,3,4
XFMR-001777,2020-08-09 13:56:09.323512,WO-009231,emergency,2,2
XFMR-001777,2017-04-16 13:56:09.323523,WO-009232,preventive,2,2
XFMR-016688,2023-05-31 13:56:09.323542,WO-009233,routine,3,2
XFMR-017340,2020-03-11 13:56:09.323562,WO-009234,emergency,1,1
XFMR-017340,2017-06-03 13:56:09.323573,WO-009235,routine,2,1
XFMR-005850,2019-10-16 13:56:09.323592,WO-009236,preventive,2,3
XFMR-006146,2019-02-22 13:56:09.323612,WO-009237,routine,1,1
XFMR-021319,2021-11-24 13:56:09.323632,WO-009238,preventive,3,2
XFMR-021319,2017-11-03 13:56:09.323642,WO-009239,routine,2,2
XFMR-000286,2021-10-17 13:56:09.323662,WO-009240,routine,2,1
XFMR-000286,2021-01-16 13:56:09.323672,WO-009241,routine,2,1
XFMR-020697,2017-05-31 13:56:09.323691,WO-009242,routine,2,3
XFMR-020697,2020-02-13 13:56:09.323702,WO-009243,routine,2,3
XFMR-011499,2018-09-15 13:56:09.323721,WO-009244,preventive,5,4
XFMR-010978,2019-08-09 13:56:09.323741,WO-009245,routine,3,2
XFMR-010978,2025-07-22 13:56:09.323752,WO-009246,routine,2,2
XFMR-010978,2024-01-12 13:56:09.323762,WO-009247,routine,2,2
XFMR-015160,2019-10-16 13:56:09.323781,WO-009248,routine,2,3
XFMR-000550,2025-01-26 13:56:09.323801,WO-009249,preventive,2,3
XFMR-000550,2024-12-12 13:56:09.323812,WO-009250,emergency,2,3
XFMR-005355,2021-02-25 13:56:09.323831,WO-009251,routine,2,2
XFMR-005355,2019-12-02 13:56:09.323842,WO-009252,routine,3,2
XFMR-002910,2019-11-21 13:56:09.323862,WO-009253,routine,1,2
XFMR-002910,2016-06-09 13:56:09.323873,WO-009254,routine,3,2
XFMR-002910,2017-09-18 13:56:09.323883,WO-009255,routine,3,2
XFMR-017061,2016-09-20 13:56:09.323902,WO-009256,preventive,3,3
XFMR-017061,2021-12-08 13:56:09.323913,WO-009257,routine,3,3
XFMR-018358,2020-06-23 13:56:09.323932,WO-009258,routine,3,2
XFMR-020392,2023-11-18 13:56:09.323952,WO-009259,routine,1,1
XFMR-020392,2024-01-15 13:56:09.323963,WO-009260,preventive,1,1
XFMR-020392,2018-11-01 13:56:09.323972,WO-009261,preventive,2,1
XFMR-003049,2017-06-14 13:56:09.323992,WO-009262,routine,3,3
XFMR-003049,2024-07-20 13:56:09.324002,WO-009263,routine,2,3
XFMR-003049,2018-02-12 13:56:09.324012,WO-009264,preventive,2,3
XFMR-017063,2019-03-16 13:56:09.324031,WO-009265,preventive,4,4
XFMR-005285,2018-10-04 13:56:09.324052,WO-009266,routine,4,4
XFMR-003754,2017-07-12 13:56:09.324071,WO-009267,routine,2,3
XFMR-020813,2019-11-24 13:56:09.324091,WO-009268,routine,3,3
XFMR-020813,2016-05-02 13:56:09.324102,WO-009269,routine,3,3
XFMR-020813,2018-07-06 13:56:09.324112,WO-009270,preventive,4,3
XFMR-004047,2024-06-26 13:56:09.324131,WO-009271,routine,5,5
XFMR-005911,2023-11-10 13:56:09.324151,WO-009272,routine,1,2
XFMR-008797,2019-01-04 13:56:09.324171,WO-009273,routine,1,1
XFMR-008797,2018-04-28 13:56:09.324181,WO-009274,routine,2,1
XFMR-002453,2021-01-18 13:56:09.324201,WO-009275,preventive,1,2
XFMR-013043,2021-06-10 13:56:09.324221,WO-009276,routine,4,4
XFMR-013043,2025-11-19 13:56:09.324231,WO-009277,routine,5,4
XFMR-001980,2016-11-17 13:56:09.324251,WO-009278,routine,3,2
XFMR-018507,2016-07-20 13:56:09.324271,WO-009279,preventive,4,3
XFMR-002068,2017-06-07 13:56:09.324291,WO-009280,routine,3,2
XFMR-016058,2018-07-18 13:56:09.324311,WO-009281,preventive,2,3
XFMR-016058,2017-06-04 13:56:09.324322,WO-009282,routine,2,3
XFMR-016058,2020-09-12 13:56:09.324332,WO-009283,emergency,3,3
XFMR-019054,2017-10-24 13:56:09.324351,WO-009284,routine,4,4
XFMR-019054,2019-08-13 13:56:09.324362,WO-009285,emergency,5,4
XFMR-019054,2021-11-29 13:56:09.324377,WO-009286,routine,3,4
XFMR-008411,2016-04-26 13:56:09.324397,WO-009287,routine,2,2
XFMR-008411,2022-09-07 13:56:09.324408,WO-009288,preventive,2,2
XFMR-008411,2021-06-09 13:56:09.324418,WO-009289,routine,3,2
XFMR-010992,2019-05-10 13:56:09.324438,WO-009290,routine,2,2
XFMR-010992,2020-12-23 13:56:09.324451,WO-009291,routine,2,2
XFMR-010400,2016-11-05 13:56:09.324471,WO-009292,routine,4,5
XFMR-004446,2023-10-24 13:56:09.324491,WO-009293,preventive,3,3
XFMR-012907,2021-12-25 13:56:09.324511,WO-009294,routine,2,1
XFMR-012907,2016-12-26 13:56:09.324522,WO-009295,routine,1,1
XFMR-012085,2021-12-09 13:56:09.324541,WO-009296,emergency,1,2
XFMR-012085,2025-01-02 13:56:09.324552,WO-009297,preventive,2,2
XFMR-008493,2018-07-28 13:56:09.324571,WO-009298,preventive,3,4
XFMR-008493,2016-12-22 13:56:09.324581,WO-009299,preventive,3,4
XFMR-018933,2017-12-23 13:56:09.324601,WO-009300,routine,4,3
XFMR-018933,2026-01-13 13:56:09.324611,WO-009301,routine,4,3
XFMR-018933,2021-05-26 13:56:09.324621,WO-009302,routine,2,3
XFMR-017416,2017-06-14 13:56:09.324641,WO-009303,routine,5,5
XFMR-017416,2024-09-04 13:56:09.324651,WO-009304,emergency,4,5
XFMR-007069,2025-02-26 13:56:09.324671,WO-009305,routine,4,3
XFMR-007069,2018-05-09 13:56:09.324681,WO-009306,routine,2,3
XFMR-006271,2022-11-21 13:56:09.324701,WO-009307,routine,3,3
XFMR-017620,2021-01-08 13:56:09.324721,WO-009308,preventive,1,1
XFMR-017620,2022-08-04 13:56:09.324732,WO-009309,routine,2,1
XFMR-011310,2021-10-31 13:56:09.324751,WO-009310,routine,4,3
XFMR-009536,2020-06-30 13:56:09.324771,WO-009311,preventive,3,2
XFMR-006731,2022-11-22 13:56:09.324791,WO-009312,routine,2,2
XFMR-006731,2017-03-09 13:56:09.324802,WO-009313,routine,3,2
XFMR-006731,2018-11-24 13:56:09.324812,WO-009314,routine,1,2
XFMR-013443,2025-08-26 13:56:09.324832,WO-009315,routine,5,4
XFMR-007503,2017-07-09 13:56:09.324852,WO-009316,emergency,1,1
XFMR-007503,2020-05-28 13:56:09.324863,WO-009317,routine,2,1
XFMR-007503,2025-08-02 13:56:09.324872,WO-009318,routine,1,1
XFMR-016115,2021-01-04 13:56:09.324892,WO-009319,preventive,1,1
XFMR-008914,2022-07-05 13:56:09.324912,WO-009320,routine,3,3
XFMR-008914,2025-12-12 13:56:09.324923,WO-009321,routine,3,3
XFMR-009072,2021-05-22 13:56:09.324942,WO-009322,routine,3,2
XFMR-009072,2022-12-20 13:56:09.324953,WO-009323,emergency,2,2
XFMR-016803,2022-03-12 13:56:09.324972,WO-009324,preventive,2,3
XFMR-016803,2024-09-21 13:56:09.324982,WO-009325,preventive,2,3
XFMR-008828,2023-08-26 13:56:09.325002,WO-009326,routine,4,4
XFMR-018166,2024-10-18 13:56:09.325022,WO-009327,routine,1,2
XFMR-018166,2020-05-25 13:56:09.325032,WO-009328,routine,3,2
XFMR-018166,2022-04-07 13:56:09.325042,WO-009329,emergency,1,2
XFMR-012871,2022-09-03 13:56:09.325062,WO-009330,routine,3,4
XFMR-004982,2025-08-01 13:56:09.325087,WO-009331,routine,5,4
XFMR-004982,2017-05-07 13:56:09.325097,WO-009332,emergency,3,4
XFMR-012332,2017-05-12 13:56:09.325117,WO-009333,routine,3,4
XFMR-012332,2023-04-24 13:56:09.325127,WO-009334,routine,4,4
XFMR-006686,2021-11-06 13:56:09.325147,WO-009335,routine,2,2
XFMR-003756,2024-11-17 13:56:09.325168,WO-009336,routine,3,2
XFMR-018623,2018-07-13 13:56:09.325188,WO-009337,routine,2,1
XFMR-018623,2021-02-21 13:56:09.325198,WO-009338,routine,1,1
XFMR-015137,2020-02-23 13:56:09.325218,WO-009339,routine,3,4
XFMR-009648,2023-01-08 13:56:09.325238,WO-009340,routine,2,2
XFMR-013637,2018-10-23 13:56:09.325258,WO-009341,emergency,1,2
XFMR-013637,2017-06-18 13:56:09.325268,WO-009342,preventive,1,2
XFMR-013637,2024-04-28 13:56:09.325278,WO-009343,routine,3,2
XFMR-004022,2018-01-29 13:56:09.325297,WO-009344,routine,1,2
XFMR-004022,2023-10-02 13:56:09.325308,WO-009345,preventive,3,2
XFMR-006718,2024-09-01 13:56:09.325329,WO-009346,routine,2,3
XFMR-006718,2018-01-21 13:56:09.325340,WO-009347,routine,4,3
XFMR-011076,2020-04-24 13:56:09.325360,WO-009348,preventive,3,3
XFMR-002967,2017-03-29 13:56:09.325381,WO-009349,routine,3,3
XFMR-002967,2016-08-27 13:56:09.325393,WO-009350,preventive,4,3
XFMR-002967,2025-07-21 13:56:09.325407,WO-009351,routine,3,3
XFMR-017965,2025-02-19 13:56:09.325434,WO-009352,routine,4,3
XFMR-017965,2024-07-08 13:56:09.325445,WO-009353,routine,3,3
XFMR-017965,2019-01-31 13:56:09.325455,WO-009354,routine,2,3
XFMR-010659,2024-10-07 13:56:09.325481,WO-009355,preventive,1,2
XFMR-010659,2025-05-25 13:56:09.325496,WO-009356,routine,3,2
XFMR-010659,2021-05-03 13:56:09.325510,WO-009357,routine,1,2
XFMR-020732,2023-07-29 13:56:09.325536,WO-009358,emergency,2,3
XFMR-012485,2018-11-04 13:56:09.325560,WO-009359,routine,3,3
XFMR-012485,2017-11-14 13:56:09.325573,WO-009360,routine,4,3
XFMR-001304,2019-08-01 13:56:09.325600,WO-009361,routine,3,4
XFMR-020451,2021-08-22 13:56:09.325626,WO-009362,routine,1,2
XFMR-020451,2025-04-18 13:56:09.325640,WO-009363,routine,2,2
XFMR-020451,2022-01-07 13:56:09.325654,WO-009364,routine,2,2
XFMR-008543,2020-03-24 13:56:09.325676,WO-009365,preventive,2,3
XFMR-006276,2020-07-05 13:56:09.325703,WO-009366,preventive,2,2
XFMR-017545,2025-02-18 13:56:09.325731,WO-009367,routine,4,4
XFMR-001374,2024-12-29 13:56:09.325755,WO-009368,routine,5,4
XFMR-009017,2022-02-21 13:56:09.325775,WO-009369,routine,3,4
XFMR-015695,2022-03-17 13:56:09.325796,WO-009370,routine,3,2
XFMR-015695,2023-05-05 13:56:09.325806,WO-009371,routine,2,2
XFMR-008475,2020-07-07 13:56:09.325826,WO-009372,emergency,3,3
XFMR-008475,2021-02-14 13:56:09.325838,WO-009373,routine,3,3
XFMR-008475,2016-09-25 13:56:09.325852,WO-009374,emergency,3,3
XFMR-001136,2019-07-31 13:56:09.325874,WO-009375,routine,2,3
XFMR-001136,2019-09-01 13:56:09.325886,WO-009376,routine,4,3
XFMR-001136,2021-07-13 13:56:09.325897,WO-009377,routine,2,3
XFMR-005573,2023-01-13 13:56:09.325921,WO-009378,routine,2,2
XFMR-000427,2016-12-22 13:56:09.325950,WO-009379,routine,4,3
XFMR-000427,2016-07-06 13:56:09.325962,WO-009380,routine,4,3
XFMR-006435,2019-10-26 13:56:09.325987,WO-009381,emergency,2,2
XFMR-006435,2017-01-24 13:56:09.325999,WO-009382,routine,1,2
XFMR-006435,2021-03-03 13:56:09.326010,WO-009383,routine,3,2
XFMR-006941,2020-02-27 13:56:09.326033,WO-009384,routine,2,2
XFMR-006941,2025-09-20 13:56:09.326045,WO-009385,preventive,2,2
XFMR-018050,2026-02-02 13:56:09.326072,WO-009386,preventive,3,3
XFMR-018050,2016-06-19 13:56:09.326086,WO-009387,routine,3,3
XFMR-000340,2025-08-01 13:56:09.326108,WO-009388,routine,3,2
XFMR-007807,2016-11-20 13:56:09.326130,WO-009389,preventive,2,2
XFMR-007807,2021-08-27 13:56:09.326142,WO-009390,preventive,1,2
XFMR-019305,2020-10-08 13:56:09.326164,WO-009391,routine,4,4
XFMR-017004,2018-10-30 13:56:09.326187,WO-009392,routine,5,4
XFMR-017004,2025-12-27 13:56:09.326199,WO-009393,preventive,5,4
XFMR-014798,2024-09-14 13:56:09.326221,WO-009394,preventive,5,4
XFMR-003315,2021-10-28 13:56:09.326243,WO-009395,routine,2,2
XFMR-008629,2018-12-30 13:56:09.326270,WO-009396,routine,3,2
XFMR-008629,2025-02-13 13:56:09.326281,WO-009397,routine,1,2
XFMR-008629,2019-04-20 13:56:09.326293,WO-009398,routine,3,2
XFMR-013593,2020-03-17 13:56:09.326315,WO-009399,routine,2,3
XFMR-013593,2020-01-20 13:56:09.326327,WO-009400,preventive,4,3
XFMR-007114,2017-02-06 13:56:09.326348,WO-009401,routine,4,3
XFMR-005863,2023-12-10 13:56:09.326368,WO-009402,routine,2,1
XFMR-005863,2018-03-08 13:56:09.326379,WO-009403,emergency,1,1
XFMR-005863,2021-05-01 13:56:09.326389,WO-009404,routine,1,1
XFMR-008820,2021-05-11 13:56:09.326409,WO-009405,routine,1,2
XFMR-008820,2024-06-29 13:56:09.326420,WO-009406,routine,2,2
XFMR-003650,2016-08-29 13:56:09.326440,WO-009407,routine,2,3
XFMR-003650,2021-09-21 13:56:09.326451,WO-009408,routine,4,3
XFMR-005864,2023-04-09 13:56:09.326472,WO-009409,routine,5,5
XFMR-005864,2018-06-18 13:56:09.326484,WO-009410,routine,5,5
XFMR-005864,2025-12-31 13:56:09.326494,WO-009411,routine,4,5
XFMR-002974,2018-05-08 13:56:09.326514,WO-009412,preventive,4,3
XFMR-005999,2023-03-29 13:56:09.326535,WO-009413,routine,2,2
XFMR-005999,2025-04-16 13:56:09.326545,WO-009414,routine,1,2
XFMR-002960,2020-05-09 13:56:09.326565,WO-009415,emergency,4,3
XFMR-002960,2019-08-23 13:56:09.326576,WO-009416,routine,2,3
XFMR-004372,2019-04-27 13:56:09.326596,WO-009417,routine,2,2
XFMR-004372,2020-05-18 13:56:09.326607,WO-009418,routine,1,2
XFMR-015496,2020-05-16 13:56:09.326626,WO-009419,routine,5,4
XFMR-000130,2025-11-23 13:56:09.326646,WO-009420,routine,4,4
XFMR-011254,2024-07-14 13:56:09.326667,WO-009421,routine,4,3
XFMR-011254,2019-08-03 13:56:09.326677,WO-009422,routine,3,3
XFMR-000402,2022-08-04 13:56:09.326697,WO-009423,routine,4,5
XFMR-006713,2018-12-23 13:56:09.326717,WO-009424,emergency,4,5
XFMR-006713,2025-05-30 13:56:09.326727,WO-009425,preventive,5,5
XFMR-006713,2020-02-01 13:56:09.326737,WO-009426,preventive,4,5
XFMR-012023,2024-04-27 13:56:09.326757,WO-009427,emergency,3,2
XFMR-012023,2025-02-14 13:56:09.326767,WO-009428,routine,3,2
XFMR-012023,2017-08-06 13:56:09.326777,WO-009429,routine,2,2
XFMR-012528,2025-08-09 13:56:09.326797,WO-009430,preventive,1,1
XFMR-012528,2018-08-08 13:56:09.326807,WO-009431,preventive,2,1
XFMR-005980,2017-10-20 13:56:09.326827,WO-009432,routine,4,3
XFMR-005980,2019-09-03 13:56:09.326838,WO-009433,routine,4,3
XFMR-016016,2022-08-24 13:56:09.326858,WO-009434,routine,5,4
XFMR-016016,2022-09-11 13:56:09.326868,WO-009435,preventive,3,4
XFMR-003009,2024-12-10 13:56:09.326888,WO-009436,preventive,2,2
XFMR-006872,2018-02-10 13:56:09.326908,WO-009437,preventive,2,3
XFMR-007592,2017-11-29 13:56:09.326928,WO-009438,emergency,2,2
XFMR-007592,2024-05-07 13:56:09.326938,WO-009439,routine,2,2
XFMR-007592,2024-09-24 13:56:09.326948,WO-009440,routine,1,2
XFMR-018592,2021-12-05 13:56:09.326968,WO-009441,routine,2,2
XFMR-010982,2024-05-13 13:56:09.326988,WO-009442,routine,2,2
XFMR-010982,2019-06-06 13:56:09.326998,WO-009443,routine,2,2
XFMR-010982,2022-12-19 13:56:09.327008,WO-009444,routine,2,2
XFMR-014225,2020-04-13 13:56:09.327028,WO-009445,routine,2,2
XFMR-012974,2021-08-25 13:56:09.327048,WO-009446,routine,3,3
XFMR-019149,2025-09-02 13:56:09.327068,WO-009447,preventive,3,2
XFMR-019780,2018-03-12 13:56:09.327088,WO-009448,routine,3,2
XFMR-003270,2024-05-27 13:56:09.327108,WO-009449,routine,3,3
XFMR-003270,2022-10-13 13:56:09.327119,WO-009450,routine,4,3
XFMR-019318,2019-05-13 13:56:09.327139,WO-009451,preventive,3,3
XFMR-006391,2019-02-22 13:56:09.327158,WO-009452,routine,3,4
XFMR-006391,2016-12-19 13:56:09.327169,WO-009453,routine,5,4
XFMR-007364,2021-10-06 13:56:09.327189,WO-009454,routine,2,2
XFMR-017489,2024-02-21 13:56:09.327209,WO-009455,emergency,4,3
XFMR-009823,2024-06-09 13:56:09.327229,WO-009456,preventive,3,3
XFMR-009823,2023-02-18 13:56:09.327240,WO-009457,routine,3,3
XFMR-009823,2024-10-16 13:56:09.327249,WO-009458,routine,2,3
XFMR-005020,2019-05-09 13:56:09.327269,WO-009459,routine,5,5
XFMR-005020,2025-05-11 13:56:09.327280,WO-009460,routine,5,5
XFMR-005020,2023-11-12 13:56:09.327290,WO-009461,routine,4,5
XFMR-014645,2016-06-21 13:56:09.327309,WO-009462,emergency,3,3
XFMR-005465,2025-05-02 13:56:09.327329,WO-009463,routine,2,2
XFMR-005465,2024-05-13 13:56:09.327340,WO-009464,routine,2,2
XFMR-005465,2017-01-16 13:56:09.327350,WO-009465,routine,1,2
XFMR-014130,2021-05-26 13:56:09.327369,WO-009466,routine,1,1
XFMR-020208,2023-11-13 13:56:09.327389,WO-009467,preventive,2,2
XFMR-020208,2023-06-27 13:56:09.327400,WO-009468,preventive,2,2
XFMR-020208,2026-01-01 13:56:09.327410,WO-009469,routine,3,2
XFMR-000609,2023-08-04 13:56:09.327430,WO-009470,routine,4,5
XFMR-000609,2017-12-22 13:56:09.327440,WO-009471,routine,5,5
XFMR-010270,2022-03-17 13:56:09.327459,WO-009472,emergency,2,3
XFMR-010270,2016-12-16 13:56:09.327470,WO-009473,emergency,4,3
XFMR-011454,2022-06-08 13:56:09.327489,WO-009474,routine,4,3
XFMR-011454,2018-12-21 13:56:09.327500,WO-009475,routine,4,3
XFMR-000020,2024-07-08 13:56:09.327520,WO-009476,routine,3,3
XFMR-000020,2022-04-03 13:56:09.327531,WO-009477,preventive,4,3
XFMR-000020,2024-11-16 13:56:09.327541,WO-009478,routine,4,3
XFMR-010981,2021-09-19 13:56:09.327560,WO-009479,routine,1,2
XFMR-010981,2018-02-09 13:56:09.327571,WO-009480,routine,2,2
XFMR-011011,2020-06-01 13:56:09.327595,WO-009481,routine,3,4
XFMR-011011,2025-10-26 13:56:09.327605,WO-009482,routine,5,4
XFMR-016637,2016-06-29 13:56:09.327625,WO-009483,routine,3,2
XFMR-016637,2019-01-14 13:56:09.327636,WO-009484,routine,3,2
XFMR-015413,2023-01-25 13:56:09.327655,WO-009485,routine,2,3
XFMR-015413,2016-08-25 13:56:09.327666,WO-009486,preventive,4,3
XFMR-008689,2023-12-23 13:56:09.327691,WO-009487,routine,4,3
XFMR-020652,2025-09-28 13:56:09.327711,WO-009488,routine,1,2
XFMR-020652,2016-09-19 13:56:09.327722,WO-009489,preventive,1,2
XFMR-020652,2021-10-28 13:56:09.327733,WO-009490,preventive,1,2
XFMR-002488,2018-08-25 13:56:09.327753,WO-009491,routine,5,5
XFMR-002488,2018-12-20 13:56:09.327764,WO-009492,routine,4,5
XFMR-017354,2023-11-12 13:56:09.327784,WO-009493,routine,5,4
XFMR-017354,2016-11-18 13:56:09.327794,WO-009494,emergency,4,4
XFMR-008452,2022-03-26 13:56:09.327814,WO-009495,routine,2,3
XFMR-011130,2020-08-01 13:56:09.327834,WO-009496,routine,4,5
XFMR-011130,2020-05-17 13:56:09.327845,WO-009497,routine,5,5
XFMR-006915,2016-03-19 13:56:09.327864,WO-009498,emergency,3,4
XFMR-006915,2020-08-14 13:56:09.327875,WO-009499,routine,4,4
XFMR-006915,2024-02-13 13:56:09.327887,WO-009500,routine,3,4
XFMR-010820,2025-07-13 13:56:09.327906,WO-009501,routine,2,3
XFMR-010820,2016-12-14 13:56:09.327917,WO-009502,routine,3,3
XFMR-010820,2018-07-30 13:56:09.327927,WO-009503,routine,2,3
XFMR-010885,2016-12-14 13:56:09.327946,WO-009504,routine,2,3
XFMR-010885,2016-05-05 13:56:09.327957,WO-009505,routine,2,3
XFMR-010835,2025-06-18 13:56:09.327977,WO-009506,routine,2,3
XFMR-004848,2026-01-06 13:56:09.327997,WO-009507,routine,2,3
XFMR-004848,2024-08-11 13:56:09.328007,WO-009508,routine,3,3
XFMR-004848,2022-07-02 13:56:09.328017,WO-009509,routine,4,3
XFMR-014285,2016-07-01 13:56:09.328037,WO-009510,routine,3,4
XFMR-014285,2021-10-26 13:56:09.328047,WO-009511,routine,4,4
XFMR-014285,2022-12-08 13:56:09.328057,WO-009512,emergency,5,4
XFMR-005072,2019-05-12 13:56:09.328076,WO-009513,routine,4,3
XFMR-001967,2021-08-16 13:56:09.328096,WO-009514,routine,1,1
XFMR-001967,2017-05-27 13:56:09.328107,WO-009515,routine,1,1
XFMR-001776,2023-11-19 13:56:09.328126,WO-009516,preventive,2,3
XFMR-001776,2022-02-19 13:56:09.328137,WO-009517,routine,4,3
XFMR-001776,2021-03-23 13:56:09.328147,WO-009518,routine,4,3
XFMR-014059,2019-04-01 13:56:09.328166,WO-009519,routine,3,2
XFMR-014059,2023-07-19 13:56:09.328177,WO-009520,routine,2,2
XFMR-018468,2019-12-11 13:56:09.328196,WO-009521,routine,1,1
XFMR-018468,2023-08-23 13:56:09.328207,WO-009522,routine,2,1
XFMR-003801,2016-03-16 13:56:09.328227,WO-009523,routine,5,4
XFMR-003801,2016-07-27 13:56:09.328237,WO-009524,emergency,3,4
XFMR-011629,2024-08-26 13:56:09.328257,WO-009525,routine,2,3
XFMR-011629,2025-03-29 13:56:09.328268,WO-009526,emergency,4,3
XFMR-010364,2024-07-02 13:56:09.328287,WO-009527,routine,4,3
XFMR-015248,2020-07-04 13:56:09.328307,WO-009528,routine,3,4
XFMR-015248,2022-09-01 13:56:09.328318,WO-009529,preventive,5,4
XFMR-010898,2021-01-07 13:56:09.328338,WO-009530,preventive,4,4
XFMR-010898,2019-11-17 13:56:09.328348,WO-009531,routine,3,4
XFMR-006063,2016-11-18 13:56:09.328368,WO-009532,routine,4,4
XFMR-006063,2018-09-03 13:56:09.328378,WO-009533,routine,3,4
XFMR-016599,2017-11-06 13:56:09.328398,WO-009534,preventive,4,3
XFMR-016599,2025-11-26 13:56:09.328408,WO-009535,routine,3,3
XFMR-016599,2025-05-13 13:56:09.328418,WO-009536,routine,4,3
XFMR-014808,2019-12-19 13:56:09.328438,WO-009537,routine,4,3
XFMR-014808,2025-04-18 13:56:09.328448,WO-009538,routine,2,3
XFMR-001984,2023-06-24 13:56:09.328467,WO-009539,routine,1,2
XFMR-001984,2020-10-21 13:56:09.328478,WO-009540,routine,3,2
XFMR-008127,2023-04-05 13:56:09.328497,WO-009541,preventive,2,2
XFMR-008127,2018-10-06 13:56:09.328508,WO-009542,routine,2,2
XFMR-013090,2021-08-29 13:56:09.328528,WO-009543,routine,3,2
XFMR-013090,2022-08-17 13:56:09.328540,WO-009544,routine,3,2
XFMR-006040,2025-12-25 13:56:09.328560,WO-009545,preventive,5,5
XFMR-006040,2021-07-24 13:56:09.328571,WO-009546,preventive,4,5
XFMR-006627,2019-04-03 13:56:09.328591,WO-009547,preventive,2,2
XFMR-006627,2020-03-30 13:56:09.328602,WO-009548,routine,1,2
XFMR-006627,2021-10-08 13:56:09.328613,WO-009549,routine,1,2
XFMR-006226,2025-08-08 13:56:09.328634,WO-009550,preventive,4,4
XFMR-006226,2021-10-25 13:56:09.328645,WO-009551,routine,5,4
XFMR-014758,2024-07-26 13:56:09.328664,WO-009552,preventive,3,3
XFMR-014758,2018-05-20 13:56:09.328675,WO-009553,routine,3,3
XFMR-000658,2024-06-14 13:56:09.328694,WO-009554,routine,5,5
XFMR-015321,2022-04-23 13:56:09.328714,WO-009555,routine,5,5
XFMR-000752,2019-10-28 13:56:09.328734,WO-009556,emergency,4,3
XFMR-000752,2025-04-21 13:56:09.328745,WO-009557,routine,4,3
XFMR-002082,2025-09-29 13:56:09.328764,WO-009558,routine,2,1
XFMR-014183,2017-11-24 13:56:09.328785,WO-009559,preventive,2,2
XFMR-014183,2017-01-02 13:56:09.328795,WO-009560,routine,1,2
XFMR-008740,2022-10-30 13:56:09.328815,WO-009561,routine,3,3
XFMR-008740,2016-07-25 13:56:09.328825,WO-009562,routine,3,3
XFMR-015136,2017-08-19 13:56:09.328846,WO-009563,preventive,1,1
XFMR-015136,2022-07-05 13:56:09.328857,WO-009564,routine,2,1
XFMR-015136,2023-11-17 13:56:09.328867,WO-009565,routine,2,1
XFMR-006798,2018-11-07 13:56:09.328892,WO-009566,preventive,3,2
XFMR-006798,2017-05-06 13:56:09.328903,WO-009567,routine,1,2
XFMR-006798,2021-12-16 13:56:09.328915,WO-009568,routine,1,2
XFMR-013650,2022-03-01 13:56:09.328935,WO-009569,routine,3,3
XFMR-013650,2024-08-14 13:56:09.328946,WO-009570,routine,2,3
XFMR-011694,2019-09-16 13:56:09.328971,WO-009571,routine,5,4
XFMR-011694,2018-08-03 13:56:09.328986,WO-009572,preventive,4,4
XFMR-011694,2018-09-08 13:56:09.328999,WO-009573,routine,3,4
XFMR-008953,2021-03-23 13:56:09.329021,WO-009574,routine,2,2
XFMR-008953,2021-08-06 13:56:09.329032,WO-009575,routine,3,2
XFMR-014680,2024-04-24 13:56:09.329051,WO-009576,emergency,2,3
XFMR-014680,2020-02-25 13:56:09.329062,WO-009577,emergency,4,3
XFMR-003411,2021-08-22 13:56:09.329083,WO-009578,routine,2,2
XFMR-003411,2021-01-12 13:56:09.329093,WO-009579,routine,3,2
XFMR-008046,2016-10-02 13:56:09.329113,WO-009580,routine,2,2
XFMR-005113,2016-11-25 13:56:09.329135,WO-009581,routine,4,3
XFMR-005113,2024-07-14 13:56:09.329150,WO-009582,preventive,4,3
XFMR-006310,2021-12-31 13:56:09.329175,WO-009583,routine,3,3
XFMR-006310,2016-12-22 13:56:09.329186,WO-009584,emergency,4,3
XFMR-006310,2022-05-03 13:56:09.329196,WO-009585,preventive,4,3
XFMR-003653,2023-12-03 13:56:09.329216,WO-009586,routine,2,3
XFMR-003653,2019-11-24 13:56:09.329227,WO-009587,routine,3,3
XFMR-003653,2024-08-22 13:56:09.329237,WO-009588,preventive,2,3
XFMR-007560,2019-01-30 13:56:09.329257,WO-009589,routine,3,2
XFMR-007560,2022-04-18 13:56:09.329268,WO-009590,routine,3,2
XFMR-005006,2019-01-05 13:56:09.329288,WO-009591,preventive,3,3
XFMR-005006,2022-09-07 13:56:09.329298,WO-009592,routine,2,3
XFMR-005006,2022-07-07 13:56:09.329308,WO-009593,routine,3,3
XFMR-017104,2019-04-08 13:56:09.329328,WO-009594,preventive,5,5
XFMR-017104,2023-12-30 13:56:09.329339,WO-009595,routine,5,5
XFMR-017104,2018-09-07 13:56:09.329349,WO-009596,preventive,4,5
XFMR-004673,2023-09-08 13:56:09.329373,WO-009597,routine,4,3
XFMR-004673,2019-06-04 13:56:09.329388,WO-009598,preventive,4,3
XFMR-006003,2017-12-24 13:56:09.329412,WO-009599,preventive,4,4
XFMR-006003,2022-02-26 13:56:09.329423,WO-009600,routine,3,4
XFMR-006003,2019-08-11 13:56:09.329434,WO-009601,routine,5,4
XFMR-002365,2024-01-22 13:56:09.329462,WO-009602,routine,5,5
XFMR-002365,2021-11-11 13:56:09.329474,WO-009603,routine,5,5
XFMR-002365,2020-11-05 13:56:09.329485,WO-009604,routine,4,5
XFMR-000048,2016-05-12 13:56:09.329505,WO-009605,routine,3,4
XFMR-000048,2022-12-01 13:56:09.329516,WO-009606,routine,4,4
XFMR-011854,2017-12-25 13:56:09.329536,WO-009607,preventive,1,1
XFMR-017957,2021-08-31 13:56:09.329561,WO-009608,preventive,3,4
XFMR-017957,2024-06-26 13:56:09.329571,WO-009609,routine,5,4
XFMR-009964,2024-03-14 13:56:09.329591,WO-009610,routine,3,4
XFMR-009964,2024-09-27 13:56:09.329601,WO-009611,routine,5,4
XFMR-009964,2022-12-19 13:56:09.329617,WO-009612,routine,5,4
XFMR-021219,2018-11-25 13:56:09.329638,WO-009613,preventive,5,5
XFMR-021219,2023-11-15 13:56:09.329650,WO-009614,routine,4,5
XFMR-019944,2017-06-27 13:56:09.329670,WO-009615,emergency,2,3
XFMR-019944,2018-01-25 13:56:09.329683,WO-009616,emergency,2,3
XFMR-018538,2017-11-16 13:56:09.329707,WO-009617,routine,3,4
XFMR-017205,2018-07-16 13:56:09.329737,WO-009618,routine,2,1
XFMR-019545,2021-04-02 13:56:09.329757,WO-009619,emergency,3,3
XFMR-001945,2024-09-17 13:56:09.329777,WO-009620,routine,1,2
XFMR-001945,2024-10-12 13:56:09.329788,WO-009621,routine,3,2
XFMR-018044,2023-10-07 13:56:09.329808,WO-009622,preventive,3,4
XFMR-010734,2022-04-06 13:56:09.329832,WO-009623,preventive,5,4
XFMR-010734,2022-08-17 13:56:09.329843,WO-009624,routine,3,4
XFMR-008855,2017-03-31 13:56:09.329868,WO-009625,routine,4,3
XFMR-008855,2020-09-21 13:56:09.329882,WO-009626,routine,2,3
XFMR-008855,2019-11-27 13:56:09.329893,WO-009627,preventive,2,3
XFMR-004756,2019-09-23 13:56:09.329915,WO-009628,routine,4,3
XFMR-018755,2022-04-21 13:56:09.329936,WO-009629,routine,4,5
XFMR-018348,2017-08-08 13:56:09.329962,WO-009630,routine,5,5
XFMR-018348,2019-02-08 13:56:09.329973,WO-009631,emergency,5,5
XFMR-012114,2016-08-31 13:56:09.329993,WO-009632,routine,3,4
XFMR-012114,2018-06-22 13:56:09.330003,WO-009633,routine,3,4
XFMR-017527,2025-06-08 13:56:09.330023,WO-009634,routine,4,5
XFMR-009615,2023-10-16 13:56:09.330043,WO-009635,routine,4,3
XFMR-021077,2023-05-01 13:56:09.330063,WO-009636,routine,1,2
XFMR-004591,2016-09-12 13:56:09.330083,WO-009637,emergency,5,5
XFMR-016361,2017-04-04 13:56:09.330103,WO-009638,routine,1,2
XFMR-016361,2021-12-20 13:56:09.330114,WO-009639,routine,2,2
XFMR-012311,2018-06-09 13:56:09.330133,WO-009640,routine,2,3
XFMR-012311,2023-12-25 13:56:09.330144,WO-009641,routine,2,3
XFMR-012311,2016-04-01 13:56:09.330154,WO-009642,routine,4,3
XFMR-011409,2020-02-06 13:56:09.330237,WO-009643,routine,5,5
XFMR-014751,2023-02-06 13:56:09.330258,WO-009644,preventive,3,2
XFMR-014751,2025-10-02 13:56:09.330268,WO-009645,routine,3,2
XFMR-014751,2021-06-07 13:56:09.330278,WO-009646,routine,1,2
XFMR-020762,2025-04-04 13:56:09.330298,WO-009647,routine,1,2
XFMR-020762,2019-06-27 13:56:09.330308,WO-009648,preventive,2,2
XFMR-001214,2018-02-24 13:56:09.330328,WO-009649,emergency,2,2
XFMR-001214,2025-09-16 13:56:09.330339,WO-009650,routine,2,2
XFMR-008345,2023-05-13 13:56:09.330358,WO-009651,preventive,3,4
XFMR-008345,2024-05-02 13:56:09.330369,WO-009652,routine,5,4
XFMR-008345,2021-09-12 13:56:09.330379,WO-009653,emergency,4,4
XFMR-015874,2020-08-20 13:56:09.330398,WO-009654,routine,3,2
XFMR-015195,2022-08-27 13:56:09.330419,WO-009655,emergency,3,3
XFMR-015195,2023-01-04 13:56:09.330429,WO-009656,routine,2,3
XFMR-015195,2022-12-14 13:56:09.330439,WO-009657,emergency,4,3
XFMR-018965,2018-07-06 13:56:09.330459,WO-009658,routine,4,4
XFMR-018965,2019-09-13 13:56:09.330469,WO-009659,routine,3,4
XFMR-018965,2024-02-18 13:56:09.330479,WO-009660,emergency,4,4
XFMR-007338,2020-02-17 13:56:09.330499,WO-009661,routine,4,4
XFMR-007338,2021-10-21 13:56:09.330510,WO-009662,routine,3,4
XFMR-017162,2017-03-07 13:56:09.330529,WO-009663,routine,2,2
XFMR-009100,2016-08-13 13:56:09.330549,WO-009664,routine,2,2
XFMR-009100,2023-07-31 13:56:09.330560,WO-009665,preventive,3,2
XFMR-019480,2022-07-20 13:56:09.330579,WO-009666,routine,5,4
XFMR-019480,2019-02-05 13:56:09.330590,WO-009667,routine,3,4
XFMR-002541,2019-07-12 13:56:09.330609,WO-009668,routine,3,3
XFMR-002913,2018-02-15 13:56:09.330630,WO-009669,routine,3,4
XFMR-002913,2020-12-17 13:56:09.330640,WO-009670,routine,5,4
XFMR-001039,2022-05-31 13:56:09.330660,WO-009671,emergency,2,1
XFMR-001039,2023-08-27 13:56:09.330671,WO-009672,emergency,1,1
XFMR-001039,2025-06-12 13:56:09.330681,WO-009673,preventive,1,1
XFMR-019544,2023-01-01 13:56:09.330700,WO-009674,routine,3,2
XFMR-021145,2025-12-13 13:56:09.330720,WO-009675,routine,2,3
XFMR-010970,2025-04-02 13:56:09.330740,WO-009676,routine,2,2
XFMR-010970,2018-12-12 13:56:09.330751,WO-009677,routine,2,2
XFMR-021300,2019-06-03 13:56:09.330772,WO-009678,preventive,2,2
XFMR-000730,2025-09-19 13:56:09.330793,WO-009679,preventive,2,1
XFMR-004990,2023-10-05 13:56:09.330814,WO-009680,routine,2,1
XFMR-004990,2024-09-14 13:56:09.330826,WO-009681,preventive,1,1
XFMR-004990,2024-02-26 13:56:09.330840,WO-009682,routine,1,1
XFMR-011122,2017-11-02 13:56:09.330868,WO-009683,routine,3,3
XFMR-012625,2025-03-22 13:56:09.330889,WO-009684,routine,3,3
XFMR-013216,2017-10-25 13:56:09.330909,WO-009685,routine,3,2
XFMR-011559,2018-02-28 13:56:09.330929,WO-009686,emergency,3,3
XFMR-018803,2022-07-06 13:56:09.330949,WO-009687,routine,4,3
XFMR-018803,2020-10-12 13:56:09.330960,WO-009688,routine,3,3
XFMR-000543,2016-03-07 13:56:09.330979,WO-009689,routine,4,3
XFMR-000147,2022-04-27 13:56:09.331000,WO-009690,routine,3,3
XFMR-000147,2016-03-15 13:56:09.331010,WO-009691,preventive,4,3
XFMR-000147,2024-09-04 13:56:09.331020,WO-009692,routine,2,3
XFMR-020116,2016-05-16 13:56:09.331040,WO-009693,emergency,1,2
XFMR-020116,2024-10-30 13:56:09.331055,WO-009694,routine,2,2
XFMR-020116,2020-08-01 13:56:09.331066,WO-009695,preventive,1,2
XFMR-016629,2016-07-04 13:56:09.331086,WO-009696,routine,3,4
XFMR-009099,2023-04-30 13:56:09.331106,WO-009697,preventive,5,5
XFMR-009099,2017-02-24 13:56:09.331117,WO-009698,preventive,5,5
XFMR-000242,2022-07-03 13:56:09.331137,WO-009699,emergency,2,3
XFMR-000242,2020-03-22 13:56:09.331147,WO-009700,routine,3,3
XFMR-000242,2021-07-22 13:56:09.331157,WO-009701,routine,4,3
XFMR-011609,2024-05-05 13:56:09.331177,WO-009702,routine,3,4
XFMR-011609,2025-02-15 13:56:09.331188,WO-009703,routine,4,4
XFMR-011609,2024-09-11 13:56:09.331197,WO-009704,routine,3,4
XFMR-003596,2025-03-23 13:56:09.331217,WO-009705,preventive,4,3
XFMR-003596,2018-06-08 13:56:09.331228,WO-009706,emergency,3,3
XFMR-003596,2023-03-18 13:56:09.331238,WO-009707,routine,3,3
XFMR-015225,2016-04-01 13:56:09.331257,WO-009708,preventive,1,1
XFMR-015225,2018-02-01 13:56:09.331268,WO-009709,preventive,1,1
XFMR-015225,2017-03-09 13:56:09.331278,WO-009710,routine,2,1
XFMR-018971,2018-12-04 13:56:09.331297,WO-009711,routine,3,3
XFMR-015192,2022-09-15 13:56:09.331318,WO-009712,routine,1,1
XFMR-011948,2021-11-04 13:56:09.331338,WO-009713,emergency,2,3
XFMR-011948,2022-02-22 13:56:09.331348,WO-009714,routine,2,3
XFMR-001953,2025-02-18 13:56:09.331368,WO-009715,routine,1,2
XFMR-001953,2018-02-06 13:56:09.331378,WO-009716,routine,2,2
XFMR-001953,2020-06-18 13:56:09.331388,WO-009717,routine,3,2
XFMR-009458,2026-01-06 13:56:09.331408,WO-009718,preventive,2,1
XFMR-009458,2021-03-31 13:56:09.331419,WO-009719,routine,2,1
XFMR-001595,2023-12-19 13:56:09.331438,WO-009720,routine,1,2
XFMR-001595,2020-10-26 13:56:09.331449,WO-009721,routine,2,2
XFMR-001595,2023-04-05 13:56:09.331460,WO-009722,routine,2,2
XFMR-012334,2021-02-20 13:56:09.331480,WO-009723,routine,4,3
XFMR-012334,2024-03-02 13:56:09.331490,WO-009724,routine,2,3
XFMR-012334,2018-02-07 13:56:09.331500,WO-009725,routine,4,3
XFMR-004257,2019-02-05 13:56:09.331520,WO-009726,routine,4,3
XFMR-010370,2024-09-10 13:56:09.331540,WO-009727,routine,3,4
XFMR-010370,2024-02-01 13:56:09.331551,WO-009728,routine,3,4
XFMR-020670,2022-01-14 13:56:09.331571,WO-009729,routine,4,3
XFMR-020670,2018-06-03 13:56:09.331581,WO-009730,emergency,4,3
XFMR-004120,2018-08-08 13:56:09.331601,WO-009731,routine,3,3
XFMR-004120,2020-04-30 13:56:09.331612,WO-009732,routine,3,3
XFMR-002681,2016-07-08 13:56:09.331631,WO-009733,routine,4,3
XFMR-000845,2024-07-24 13:56:09.331651,WO-009734,preventive,5,4
XFMR-000845,2016-12-09 13:56:09.331662,WO-009735,emergency,4,4
XFMR-008118,2022-11-01 13:56:09.331686,WO-009736,routine,2,1
XFMR-008118,2025-06-03 13:56:09.331697,WO-009737,routine,2,1
XFMR-008118,2021-09-15 13:56:09.331707,WO-009738,emergency,1,1
XFMR-016314,2020-12-02 13:56:09.331726,WO-009739,routine,1,2
XFMR-016314,2024-02-12 13:56:09.331737,WO-009740,routine,3,2
XFMR-016314,2020-11-05 13:56:09.331747,WO-009741,routine,2,2
XFMR-017837,2023-06-27 13:56:09.331774,WO-009742,routine,2,2
XFMR-017837,2017-12-15 13:56:09.331785,WO-009743,routine,2,2
XFMR-001784,2025-02-08 13:56:09.331804,WO-009744,routine,2,2
XFMR-001784,2019-09-04 13:56:09.331815,WO-009745,routine,1,2
XFMR-001784,2023-05-20 13:56:09.331825,WO-009746,routine,1,2
XFMR-000063,2017-02-04 13:56:09.331845,WO-009747,routine,4,3
XFMR-000001,2022-01-27 13:56:09.331865,WO-009748,preventive,3,2
XFMR-000001,2025-10-28 13:56:09.331875,WO-009749,routine,2,2
XFMR-000001,2017-04-08 13:56:09.331885,WO-009750,routine,3,2
XFMR-020452,2017-08-21 13:56:09.331905,WO-009751,emergency,4,4
XFMR-020452,2017-03-11 13:56:09.331916,WO-009752,routine,4,4
XFMR-017579,2021-12-25 13:56:09.331935,WO-009753,routine,2,2
XFMR-017579,2022-04-08 13:56:09.331946,WO-009754,emergency,3,2
XFMR-014543,2017-12-23 13:56:09.331968,WO-009755,routine,4,3
XFMR-014543,2019-08-27 13:56:09.331983,WO-009756,routine,4,3
XFMR-019674,2024-09-28 13:56:09.332009,WO-009757,routine,2,3
XFMR-019674,2021-08-27 13:56:09.332019,WO-009758,routine,3,3
XFMR-007704,2023-08-31 13:56:09.332039,WO-009759,preventive,2,2
XFMR-007704,2020-08-28 13:56:09.332050,WO-009760,preventive,3,2
XFMR-007704,2024-05-11 13:56:09.332062,WO-009761,routine,2,2
XFMR-002145,2017-10-28 13:56:09.332087,WO-009762,emergency,3,3
XFMR-003666,2020-02-20 13:56:09.332111,WO-009763,preventive,5,4
XFMR-003666,2023-04-01 13:56:09.332126,WO-009764,preventive,4,4
XFMR-008986,2021-10-05 13:56:09.332151,WO-009765,routine,5,4
XFMR-008986,2019-08-05 13:56:09.332165,WO-009766,routine,5,4
XFMR-011504,2024-11-12 13:56:09.332191,WO-009767,routine,2,3
XFMR-011504,2024-10-22 13:56:09.332206,WO-009768,routine,2,3
XFMR-010354,2017-01-03 13:56:09.332234,WO-009769,preventive,3,3
XFMR-010354,2024-10-01 13:56:09.332247,WO-009770,routine,3,3
XFMR-010354,2025-10-09 13:56:09.332256,WO-009771,routine,4,3
XFMR-007553,2023-08-14 13:56:09.332276,WO-009772,routine,4,3
XFMR-007553,2024-09-27 13:56:09.332287,WO-009773,routine,4,3
XFMR-007553,2019-02-15 13:56:09.332298,WO-009774,routine,4,3
XFMR-009145,2023-03-25 13:56:09.332319,WO-009775,routine,4,5
XFMR-002272,2020-02-18 13:56:09.332341,WO-009776,routine,5,4
XFMR-009004,2022-10-10 13:56:09.332362,WO-009777,routine,3,3
XFMR-020802,2023-10-19 13:56:09.332383,WO-009778,routine,1,2
XFMR-020802,2021-08-26 13:56:09.332393,WO-009779,routine,2,2
XFMR-020802,2016-12-14 13:56:09.332403,WO-009780,emergency,3,2
XFMR-004374,2024-07-26 13:56:09.332423,WO-009781,routine,4,4
XFMR-004374,2021-04-15 13:56:09.332433,WO-009782,routine,3,4
XFMR-018183,2017-08-13 13:56:09.332453,WO-009783,preventive,3,3
XFMR-018183,2026-01-08 13:56:09.332463,WO-009784,routine,2,3
XFMR-014730,2019-04-20 13:56:09.332483,WO-009785,emergency,4,5
XFMR-014730,2017-12-06 13:56:09.332494,WO-009786,routine,4,5
XFMR-014730,2016-05-15 13:56:09.332504,WO-009787,routine,4,5
XFMR-013603,2016-05-21 13:56:09.332523,WO-009788,emergency,2,2
XFMR-010994,2020-05-05 13:56:09.332544,WO-009789,emergency,5,5
XFMR-010994,2017-01-05 13:56:09.332555,WO-009790,emergency,5,5
XFMR-018456,2024-12-21 13:56:09.332574,WO-009791,routine,3,3
XFMR-015717,2021-05-21 13:56:09.332595,WO-009792,routine,2,2
XFMR-015717,2018-01-08 13:56:09.332605,WO-009793,emergency,2,2
XFMR-015717,2024-05-10 13:56:09.332615,WO-009794,routine,1,2
XFMR-015341,2020-03-08 13:56:09.332634,WO-009795,routine,2,2
XFMR-015341,2025-12-22 13:56:09.332645,WO-009796,routine,2,2
XFMR-015341,2017-01-24 13:56:09.332655,WO-009797,routine,1,2
XFMR-012394,2019-11-01 13:56:09.332675,WO-009798,routine,4,3
XFMR-011442,2017-05-30 13:56:09.332700,WO-009799,routine,4,5
XFMR-011442,2016-12-24 13:56:09.332712,WO-009800,routine,5,5
XFMR-011442,2020-06-02 13:56:09.332722,WO-009801,routine,5,5
XFMR-008576,2024-01-27 13:56:09.332742,WO-009802,preventive,2,1
XFMR-008576,2021-03-14 13:56:09.332753,WO-009803,emergency,2,1
XFMR-019803,2022-02-03 13:56:09.332774,WO-009804,routine,1,2
XFMR-019803,2019-04-02 13:56:09.332786,WO-009805,routine,1,2
XFMR-006495,2022-09-06 13:56:09.332806,WO-009806,routine,5,5
XFMR-004202,2023-06-07 13:56:09.332826,WO-009807,routine,1,1
XFMR-005728,2022-05-15 13:56:09.332846,WO-009808,routine,1,2
XFMR-003450,2021-02-15 13:56:09.332867,WO-009809,preventive,3,2
XFMR-003450,2021-01-30 13:56:09.332877,WO-009810,routine,3,2
XFMR-003450,2016-11-30 13:56:09.332887,WO-009811,routine,1,2
XFMR-011067,2017-11-29 13:56:09.332915,WO-009812,preventive,4,3
XFMR-011612,2021-07-12 13:56:09.332935,WO-009813,preventive,5,4
XFMR-011612,2020-09-02 13:56:09.332946,WO-009814,preventive,4,4
XFMR-018836,2024-07-26 13:56:09.332967,WO-009815,preventive,2,3
XFMR-018836,2021-07-06 13:56:09.332980,WO-009816,preventive,2,3
XFMR-020975,2018-12-05 13:56:09.333007,WO-009817,routine,4,3
XFMR-020975,2016-11-22 13:56:09.333019,WO-009818,routine,2,3
XFMR-006052,2016-10-01 13:56:09.333039,WO-009819,routine,4,4
XFMR-006052,2018-04-05 13:56:09.333049,WO-009820,routine,5,4
XFMR-007153,2022-02-23 13:56:09.333069,WO-009821,routine,2,3
XFMR-007153,2018-07-09 13:56:09.333087,WO-009822,preventive,4,3
XFMR-007153,2017-07-21 13:56:09.333098,WO-009823,routine,3,3
XFMR-020735,2018-03-01 13:56:09.333119,WO-009824,routine,4,4
XFMR-020735,2023-04-26 13:56:09.333130,WO-009825,preventive,4,4
XFMR-020735,2025-01-13 13:56:09.333140,WO-009826,routine,4,4
XFMR-000414,2022-03-28 13:56:09.333160,WO-009827,routine,3,2
XFMR-000414,2021-04-17 13:56:09.333170,WO-009828,routine,2,2
XFMR-001176,2016-03-28 13:56:09.333190,WO-009829,routine,3,3
XFMR-001176,2024-10-31 13:56:09.333208,WO-009830,routine,4,3
XFMR-001176,2019-04-14 13:56:09.333218,WO-009831,routine,4,3
XFMR-014772,2024-07-13 13:56:09.333240,WO-009832,routine,3,3
XFMR-014772,2025-01-05 13:56:09.333251,WO-009833,routine,2,3
XFMR-016879,2024-01-18 13:56:09.333271,WO-009834,preventive,5,4
XFMR-016879,2021-03-01 13:56:09.333281,WO-009835,routine,4,4
XFMR-016879,2020-06-04 13:56:09.333291,WO-009836,routine,5,4
XFMR-010639,2025-04-27 13:56:09.333311,WO-009837,routine,1,2
XFMR-010639,2022-06-19 13:56:09.333321,WO-009838,preventive,1,2
XFMR-005364,2020-03-28 13:56:09.333341,WO-009839,routine,3,2
XFMR-005364,2017-06-05 13:56:09.333356,WO-009840,routine,3,2
XFMR-016658,2016-10-23 13:56:09.333376,WO-009841,preventive,2,2
XFMR-016658,2021-04-03 13:56:09.333386,WO-009842,routine,2,2
XFMR-016658,2016-04-04 13:56:09.333396,WO-009843,routine,1,2
XFMR-006700,2019-06-25 13:56:09.333416,WO-009844,routine,3,3
XFMR-006502,2017-01-14 13:56:09.333436,WO-009845,routine,2,2
XFMR-006502,2022-01-29 13:56:09.333446,WO-009846,emergency,2,2
XFMR-006661,2024-12-17 13:56:09.333466,WO-009847,routine,3,2
XFMR-006661,2025-07-01 13:56:09.333476,WO-009848,preventive,1,2
XFMR-006661,2023-04-15 13:56:09.333486,WO-009849,routine,3,2
XFMR-008736,2016-12-02 13:56:09.333505,WO-009850,routine,2,3
XFMR-008736,2018-05-26 13:56:09.333516,WO-009851,routine,3,3
XFMR-007649,2024-12-01 13:56:09.333536,WO-009852,preventive,4,4
XFMR-018505,2019-10-05 13:56:09.333556,WO-009853,routine,4,3
XFMR-018505,2022-06-01 13:56:09.333566,WO-009854,routine,3,3
XFMR-018505,2018-10-15 13:56:09.333576,WO-009855,routine,4,3
XFMR-016345,2021-05-11 13:56:09.333595,WO-009856,emergency,1,2
XFMR-016345,2020-05-26 13:56:09.333606,WO-009857,routine,2,2
XFMR-016345,2021-05-06 13:56:09.333616,WO-009858,routine,2,2
XFMR-019947,2023-03-17 13:56:09.333635,WO-009859,routine,1,2
XFMR-012407,2021-08-01 13:56:09.333657,WO-009860,routine,1,1
XFMR-012407,2022-11-29 13:56:09.333668,WO-009861,routine,1,1
XFMR-008529,2025-03-03 13:56:09.333688,WO-009862,preventive,3,4
XFMR-008529,2016-06-08 13:56:09.333699,WO-009863,routine,5,4
XFMR-008529,2022-03-20 13:56:09.333709,WO-009864,routine,5,4
XFMR-019951,2025-02-07 13:56:09.333732,WO-009865,preventive,1,2
XFMR-007822,2020-10-16 13:56:09.333753,WO-009866,routine,3,2
XFMR-007822,2021-01-23 13:56:09.333763,WO-009867,routine,3,2
XFMR-007822,2025-04-17 13:56:09.333773,WO-009868,routine,3,2
XFMR-007555,2025-08-06 13:56:09.333793,WO-009869,routine,4,4
XFMR-007555,2025-01-25 13:56:09.333803,WO-009870,routine,5,4
XFMR-007555,2019-10-17 13:56:09.333813,WO-009871,preventive,4,4
XFMR-016777,2019-10-25 13:56:09.333833,WO-009872,routine,4,3
XFMR-016777,2018-03-22 13:56:09.333843,WO-009873,emergency,2,3
XFMR-008929,2020-11-24 13:56:09.333863,WO-009874,routine,5,4
XFMR-019655,2022-01-11 13:56:09.333883,WO-009875,routine,4,3
XFMR-012571,2025-01-01 13:56:09.333903,WO-009876,routine,2,3
XFMR-012571,2017-02-28 13:56:09.333914,WO-009877,routine,4,3
XFMR-013896,2022-05-17 13:56:09.333937,WO-009878,emergency,2,2
XFMR-013896,2022-06-28 13:56:09.333948,WO-009879,routine,2,2
XFMR-017836,2017-04-19 13:56:09.333967,WO-009880,routine,1,2
XFMR-008680,2024-02-01 13:56:09.333988,WO-009881,routine,2,2
XFMR-008680,2017-09-17 13:56:09.333998,WO-009882,routine,1,2
XFMR-008680,2021-11-16 13:56:09.334008,WO-009883,routine,2,2
XFMR-011051,2021-11-22 13:56:09.334027,WO-009884,emergency,1,1
XFMR-011051,2016-08-17 13:56:09.334038,WO-009885,routine,1,1
XFMR-011051,2021-10-03 13:56:09.334048,WO-009886,routine,1,1
XFMR-007787,2022-03-03 13:56:09.334068,WO-009887,preventive,2,2
XFMR-012073,2022-02-06 13:56:09.334088,WO-009888,routine,2,3
XFMR-012073,2025-06-08 13:56:09.334098,WO-009889,routine,3,3
XFMR-012073,2022-06-30 13:56:09.334108,WO-009890,preventive,4,3
XFMR-001414,2024-07-20 13:56:09.334127,WO-009891,routine,2,3
XFMR-001131,2016-04-17 13:56:09.334147,WO-009892,preventive,3,2
XFMR-021209,2018-05-07 13:56:09.334167,WO-009893,routine,1,2
XFMR-021209,2024-08-28 13:56:09.334177,WO-009894,routine,1,2
XFMR-021209,2021-01-31 13:56:09.334187,WO-009895,routine,3,2
XFMR-021310,2020-05-16 13:56:09.334206,WO-009896,emergency,4,5
XFMR-014833,2025-01-06 13:56:09.334227,WO-009897,routine,1,1
XFMR-014833,2019-12-06 13:56:09.334239,WO-009898,routine,1,1
XFMR-014833,2017-04-15 13:56:09.334249,WO-009899,routine,2,1
XFMR-017582,2020-05-04 13:56:09.334269,WO-009900,routine,4,4
XFMR-017582,2024-11-23 13:56:09.334279,WO-009901,preventive,5,4
XFMR-001622,2020-04-01 13:56:09.334299,WO-009902,routine,3,2
XFMR-008542,2022-10-09 13:56:09.334319,WO-009903,emergency,5,4
XFMR-012108,2020-07-09 13:56:09.334339,WO-009904,routine,5,5
XFMR-012108,2020-03-24 13:56:09.334349,WO-009905,routine,5,5
XFMR-012108,2018-04-17 13:56:09.334359,WO-009906,routine,5,5
XFMR-012340,2021-08-25 13:56:09.334378,WO-009907,routine,3,2
XFMR-017447,2016-05-26 13:56:09.334398,WO-009908,preventive,3,2
XFMR-012228,2016-12-01 13:56:09.334418,WO-009909,routine,2,3
XFMR-012228,2025-12-06 13:56:09.334429,WO-009910,routine,3,3
XFMR-012228,2024-06-27 13:56:09.334439,WO-009911,routine,3,3
XFMR-019749,2022-11-22 13:56:09.334458,WO-009912,routine,5,5
XFMR-019749,2022-03-04 13:56:09.334468,WO-009913,routine,4,5
XFMR-019749,2022-07-05 13:56:09.334478,WO-009914,routine,5,5
XFMR-003299,2022-01-01 13:56:09.334498,WO-009915,emergency,2,2
XFMR-003299,2025-05-14 13:56:09.334508,WO-009916,routine,3,2
XFMR-006671,2018-01-18 13:56:09.334528,WO-009917,routine,4,3
XFMR-008574,2022-01-13 13:56:09.334548,WO-009918,routine,4,3
XFMR-018377,2021-04-29 13:56:09.334568,WO-009919,routine,2,3
XFMR-009518,2023-07-04 13:56:09.334588,WO-009920,routine,4,5
XFMR-009202,2016-12-08 13:56:09.334608,WO-009921,emergency,1,1
XFMR-009202,2023-03-03 13:56:09.334618,WO-009922,routine,1,1
XFMR-016534,2018-11-24 13:56:09.334637,WO-009923,routine,5,4
XFMR-016534,2025-01-17 13:56:09.334648,WO-009924,routine,5,4
XFMR-015720,2021-08-10 13:56:09.334668,WO-009925,routine,3,4
XFMR-015720,2025-07-19 13:56:09.334678,WO-009926,routine,3,4
XFMR-007432,2020-09-07 13:56:09.334698,WO-009927,routine,2,2
XFMR-018931,2017-08-16 13:56:09.334718,WO-009928,routine,1,2
XFMR-018931,2016-04-19 13:56:09.334729,WO-009929,routine,2,2
XFMR-018931,2024-08-22 13:56:09.334739,WO-009930,routine,1,2
XFMR-014304,2022-06-13 13:56:09.334758,WO-009931,routine,1,1
XFMR-014304,2016-08-10 13:56:09.334769,WO-009932,routine,1,1
XFMR-011338,2019-08-19 13:56:09.334788,WO-009933,routine,2,3
XFMR-011338,2017-12-17 13:56:09.334799,WO-009934,preventive,3,3
XFMR-011338,2020-08-17 13:56:09.334809,WO-009935,routine,2,3
XFMR-008350,2021-11-13 13:56:09.334828,WO-009936,routine,1,1
XFMR-008350,2022-12-22 13:56:09.334839,WO-009937,routine,2,1
XFMR-018839,2018-12-31 13:56:09.334858,WO-009938,routine,3,3
XFMR-012645,2020-08-21 13:56:09.334878,WO-009939,routine,3,2
XFMR-009743,2025-10-29 13:56:09.334898,WO-009940,routine,2,2
XFMR-009881,2025-11-12 13:56:09.334918,WO-009941,routine,3,3
XFMR-014009,2024-09-08 13:56:09.334938,WO-009942,routine,2,3
XFMR-014009,2016-07-19 13:56:09.334948,WO-009943,routine,3,3
XFMR-000423,2024-04-27 13:56:09.334968,WO-009944,routine,1,1
XFMR-014904,2021-02-24 13:56:09.334988,WO-009945,routine,2,2
XFMR-005196,2022-09-26 13:56:09.335008,WO-009946,routine,3,2
XFMR-013735,2022-06-28 13:56:09.335028,WO-009947,routine,1,2
XFMR-008640,2016-04-07 13:56:09.335047,WO-009948,routine,3,2
XFMR-008640,2022-02-14 13:56:09.335058,WO-009949,preventive,3,2
XFMR-008640,2021-11-13 13:56:09.335068,WO-009950,emergency,3,2
XFMR-019399,2019-10-06 13:56:09.335088,WO-009951,routine,5,4
XFMR-005771,2023-02-05 13:56:09.335108,WO-009952,routine,4,4
XFMR-005771,2025-07-10 13:56:09.335118,WO-009953,routine,4,4
XFMR-000484,2024-12-24 13:56:09.335138,WO-009954,routine,4,4
XFMR-000484,2017-02-11 13:56:09.335148,WO-009955,preventive,3,4
XFMR-000484,2022-03-26 13:56:09.335162,WO-009956,emergency,5,4
XFMR-003847,2020-02-15 13:56:09.335182,WO-009957,routine,2,3
XFMR-016202,2024-01-03 13:56:09.335202,WO-009958,emergency,4,3
XFMR-016202,2018-09-03 13:56:09.335213,WO-009959,routine,2,3
XFMR-016202,2025-08-18 13:56:09.335223,WO-009960,emergency,4,3
XFMR-001316,2016-12-15 13:56:09.335242,WO-009961,routine,4,3
XFMR-017399,2017-12-13 13:56:09.335262,WO-009962,routine,2,3
XFMR-017399,2020-06-02 13:56:09.335272,WO-009963,routine,3,3
XFMR-017399,2016-07-30 13:56:09.335282,WO-009964,emergency,3,3
XFMR-004942,2017-04-16 13:56:09.335302,WO-009965,routine,4,3
XFMR-004942,2022-09-25 13:56:09.335312,WO-009966,routine,4,3
XFMR-012736,2024-08-20 13:56:09.335334,WO-009967,routine,1,2
XFMR-012736,2023-12-11 13:56:09.335345,WO-009968,routine,1,2
XFMR-015239,2022-02-26 13:56:09.335366,WO-009969,routine,5,5
XFMR-011063,2019-06-13 13:56:09.335386,WO-009970,routine,2,2
XFMR-018869,2019-01-13 13:56:09.335406,WO-009971,routine,1,1
XFMR-018869,2020-07-14 13:56:09.335417,WO-009972,preventive,2,1
XFMR-018869,2022-06-21 13:56:09.335427,WO-009973,emergency,2,1
XFMR-001577,2019-10-25 13:56:09.335446,WO-009974,preventive,3,3
XFMR-001577,2020-07-24 13:56:09.335457,WO-009975,preventive,2,3
XFMR-001577,2022-06-06 13:56:09.335467,WO-009976,routine,3,3
XFMR-019297,2024-06-11 13:56:09.335486,WO-009977,routine,4,4
XFMR-019297,2016-07-17 13:56:09.335497,WO-009978,routine,4,4
XFMR-014749,2024-01-08 13:56:09.335517,WO-009979,emergency,1,1
XFMR-014749,2025-02-14 13:56:09.335527,WO-009980,routine,2,1
XFMR-011565,2022-12-27 13:56:09.335547,WO-009981,preventive,2,3
XFMR-011565,2018-03-22 13:56:09.335557,WO-009982,routine,3,3
XFMR-006626,2019-07-10 13:56:09.335577,WO-009983,preventive,5,4
XFMR-006626,2016-05-17 13:56:09.335587,WO-009984,emergency,4,4
XFMR-006626,2020-09-28 13:56:09.335597,WO-009985,routine,4,4
XFMR-012848,2021-04-08 13:56:09.335617,WO-009986,routine,5,5
XFMR-005720,2024-09-10 13:56:09.335637,WO-009987,preventive,1,1
XFMR-005720,2019-12-16 13:56:09.335647,WO-009988,preventive,1,1
XFMR-006333,2021-03-05 13:56:09.335666,WO-009989,routine,2,1
XFMR-006333,2025-02-25 13:56:09.335677,WO-009990,routine,1,1
XFMR-006333,2025-04-09 13:56:09.335687,WO-009991,routine,1,1
XFMR-001990,2022-06-04 13:56:09.335708,WO-009992,routine,5,4
XFMR-001990,2018-01-04 13:56:09.335718,WO-009993,preventive,5,4
XFMR-001990,2025-10-21 13:56:09.335728,WO-009994,preventive,5,4
XFMR-007626,2018-10-24 13:56:09.335747,WO-009995,routine,3,2
XFMR-008843,2021-07-07 13:56:09.335767,WO-009996,preventive,4,3
XFMR-008843,2022-12-21 13:56:09.335778,WO-009997,routine,4,3
XFMR-008843,2019-11-27 13:56:09.335788,WO-009998,routine,2,3
XFMR-018073,2017-12-06 13:56:09.335807,WO-009999,routine,3,3
XFMR-018073,2021-08-23 13:56:09.335818,WO-010000,routine,4,3
XFMR-007783,2024-09-16 13:56:09.335838,WO-010001,routine,5,5
XFMR-006116,2019-03-13 13:56:09.335858,WO-010002,routine,2,2
