battery_id,customer_id,transformer_id,feeder_id,substation_id,latitude,longitude,capacity_kwh,power_kw,chemistry,install_date,manufacturer,status
BATT-000001,CUST-0000040,XFMR-000007,FDR-0001,SUB-001,33.527859,-112.144552,12.4,4.0,LFP,2020-11-01,SunPower,active
BATT-000002,CUST-0000241,XFMR-000043,FDR-0001,SUB-001,33.5285,-112.148737,20.8,10.3,lithium-ion,2021-09-01,Tesla,active
BATT-000003,CUST-0000242,XFMR-000043,FDR-0001,SUB-001,33.528332,-112.149154,19.9,9.5,NMC,2024-07-01,Enphase,active
BATT-000004,CUST-0000244,XFMR-000043,FDR-0001,SUB-001,33.527962,-112.149353,15.8,7.9,LFP,2022-07-01,Enphase,active
BATT-000005,CUST-0000251,XFMR-000044,FDR-0001,SUB-001,33.528364,-112.149237,20.1,8.8,LFP,2024-09-01,Tesla,active
BATT-000006,CUST-0000323,XFMR-000053,FDR-0001,SUB-001,33.52802,-112.14978,49.0,21.9,NMC,2021-02-01,SunPower,active
BATT-000007,CUST-0000456,XFMR-000075,FDR-0001,SUB-001,33.527954,-112.153126,14.6,6.1,LFP,2021-06-01,Enphase,active
BATT-000008,CUST-0000522,XFMR-000084,FDR-0001,SUB-001,33.527719,-112.154351,14.1,4.6,NMC,2021-05-01,SunPower,active
BATT-000009,CUST-0000535,XFMR-000085,FDR-0001,SUB-001,33.527728,-112.154181,13.9,6.8,lithium-ion,2020-06-01,SolarEdge,active
BATT-000010,CUST-0000686,XFMR-000111,FDR-0001,SUB-001,33.527834,-112.15777,9.1,4.5,NMC,2023-01-01,Enphase,active
BATT-000011,CUST-0000702,XFMR-000113,FDR-0001,SUB-001,33.528273,-112.158,16.9,5.1,lithium-ion,2024-06-01,SolarEdge,active
BATT-000012,CUST-0000721,XFMR-000116,FDR-0001,SUB-001,33.528104,-112.158789,14.6,6.4,NMC,2023-08-01,BYD,active
BATT-000013,CUST-0000752,XFMR-000121,FDR-0001,SUB-001,33.528082,-112.158538,12.4,5.3,LFP,2020-09-01,Enphase,active
BATT-000014,CUST-0000769,XFMR-000124,FDR-0001,SUB-001,33.527851,-112.158947,13.8,6.2,NMC,2022-10-01,BYD,active
BATT-000015,CUST-0000804,XFMR-000128,FDR-0001,SUB-001,33.528228,-112.16022,18.4,6.7,lithium-ion,2021-10-01,Generac,active
BATT-000016,CUST-0000862,XFMR-000134,FDR-0001,SUB-001,33.528543,-112.160845,17.1,6.3,LFP,2024-12-01,Tesla,active
BATT-000017,CUST-0000884,XFMR-000139,FDR-0001,SUB-001,33.527906,-112.161029,14.6,5.3,NMC,2023-08-01,Tesla,active
BATT-000018,CUST-0000900,XFMR-000140,FDR-0001,SUB-001,33.528017,-112.16141,10.3,3.2,LFP,2024-02-01,Generac,active
BATT-000019,CUST-0000905,XFMR-000141,FDR-0001,SUB-001,33.527844,-112.161186,9.1,3.4,lithium-ion,2022-05-01,BYD,active
BATT-000020,CUST-0000920,XFMR-000143,FDR-0001,SUB-001,33.528204,-112.161497,20.8,7.0,lithium-ion,2021-03-01,BYD,active
BATT-000021,CUST-0000937,XFMR-000146,FDR-0001,SUB-001,33.528244,-112.162058,107.4,31.7,lithium-ion,2024-04-01,SunPower,active
BATT-000022,CUST-0001012,XFMR-000158,FDR-0001,SUB-001,33.528419,-112.163725,93.5,40.1,LFP,2023-03-01,SunPower,active
BATT-000023,CUST-0001035,XFMR-000162,FDR-0001,SUB-001,33.527931,-112.164669,272.7,79.1,lithium-ion,2024-07-01,Enphase,active
BATT-000024,CUST-0001078,XFMR-000169,FDR-0001,SUB-001,33.527805,-112.16498,9.3,3.8,lithium-ion,2020-06-01,BYD,active
BATT-000025,CUST-0001104,XFMR-000172,FDR-0001,SUB-001,33.527782,-112.165438,12.3,4.2,NMC,2022-07-01,SunPower,active
BATT-000026,CUST-0001109,XFMR-000173,FDR-0001,SUB-001,33.52788,-112.166219,20.0,7.6,LFP,2022-05-01,SunPower,active
BATT-000027,CUST-0001129,XFMR-000175,FDR-0001,SUB-001,33.528465,-112.166291,20.4,7.6,LFP,2021-10-01,SolarEdge,active
BATT-000028,CUST-0001164,XFMR-000180,FDR-0001,SUB-001,33.528164,-112.166194,452.5,123.5,lithium-ion,2022-11-01,Enphase,active
BATT-000029,CUST-0001191,XFMR-000183,FDR-0001,SUB-001,33.528243,-112.167019,19.0,8.5,NMC,2023-12-01,Tesla,active
BATT-000030,CUST-0001202,XFMR-000185,FDR-0001,SUB-001,33.527882,-112.167049,19.7,6.5,lithium-ion,2021-06-01,BYD,active
BATT-000031,CUST-0001209,XFMR-000185,FDR-0001,SUB-001,33.528307,-112.167773,469.2,194.2,LFP,2020-01-01,Generac,active
BATT-000032,CUST-0001216,XFMR-000187,FDR-0001,SUB-001,33.528014,-112.167863,10.2,3.6,LFP,2023-06-01,SunPower,active
BATT-000033,CUST-0001241,XFMR-000191,FDR-0001,SUB-001,33.528228,-112.168249,21.0,6.8,LFP,2024-10-01,Tesla,active
BATT-000034,CUST-0001261,XFMR-000195,FDR-0001,SUB-001,33.527851,-112.168315,384.0,149.6,NMC,2020-04-01,Generac,inactive
BATT-000035,CUST-0001265,XFMR-000195,FDR-0001,SUB-001,33.528274,-112.168518,252.0,104.7,LFP,2022-05-01,Enphase,active
BATT-000036,CUST-0001320,XFMR-000205,FDR-0001,SUB-001,33.52795,-112.169677,14.3,5.5,lithium-ion,2022-04-01,Enphase,active
BATT-000037,CUST-0001327,XFMR-000208,FDR-0001,SUB-001,33.527988,-112.170675,168.3,62.6,LFP,2022-08-01,Enphase,active
BATT-000038,CUST-0001330,XFMR-000208,FDR-0001,SUB-001,33.528338,-112.17036,12.2,4.0,NMC,2022-09-01,Enphase,active
BATT-000039,CUST-0001362,XFMR-000212,FDR-0001,SUB-001,33.528342,-112.171001,12.2,5.4,lithium-ion,2022-09-01,Generac,active
BATT-000040,CUST-0001366,XFMR-000213,FDR-0001,SUB-001,33.527724,-112.17056,20.9,9.8,NMC,2023-10-01,BYD,active
BATT-000041,CUST-0001437,XFMR-000223,FDR-0001,SUB-001,33.527894,-112.171728,16.5,5.5,LFP,2022-08-01,Generac,active
BATT-000042,CUST-0001452,XFMR-000225,FDR-0001,SUB-001,33.52833,-112.172762,17.0,7.3,NMC,2024-08-01,BYD,active
BATT-000043,CUST-0001499,XFMR-000233,FDR-0001,SUB-001,33.527733,-112.173379,21.2,8.8,LFP,2023-05-01,Generac,active
BATT-000044,CUST-0001544,XFMR-000242,FDR-0001,SUB-001,33.527834,-112.174859,15.4,6.8,lithium-ion,2024-11-01,BYD,active
BATT-000045,CUST-0001639,XFMR-000253,FDR-0001,SUB-001,33.527869,-112.17595,14.5,6.8,lithium-ion,2023-02-01,Tesla,active
BATT-000046,CUST-0001645,XFMR-000253,FDR-0001,SUB-001,33.528446,-112.176501,132.3,55.4,NMC,2024-07-01,SunPower,active
BATT-000047,CUST-0001660,XFMR-000256,FDR-0001,SUB-001,33.527766,-112.176792,10.1,3.4,LFP,2021-03-01,SunPower,active
BATT-000048,CUST-0001683,XFMR-000260,FDR-0001,SUB-001,33.528357,-112.177091,21.7,6.6,lithium-ion,2022-04-01,Generac,active
BATT-000049,CUST-0001748,XFMR-000268,FDR-0001,SUB-001,33.528282,-112.178143,139.4,35.3,NMC,2021-04-01,Enphase,active
BATT-000050,CUST-0001749,XFMR-000268,FDR-0001,SUB-001,33.528321,-112.178057,16.9,8.4,LFP,2024-07-01,SunPower,active
BATT-000051,CUST-0001782,XFMR-000273,FDR-0001,SUB-001,33.527978,-112.178895,15.7,7.1,LFP,2022-05-01,SunPower,active
BATT-000052,CUST-0001783,XFMR-000274,FDR-0001,SUB-001,33.527881,-112.179086,353.8,153.6,LFP,2021-06-01,SolarEdge,active
BATT-000053,CUST-0001801,XFMR-000275,FDR-0001,SUB-001,33.528013,-112.179242,9.9,3.4,LFP,2020-10-01,Enphase,active
BATT-000054,CUST-0001982,XFMR-000306,FDR-0001,SUB-001,33.527835,-112.182565,13.2,6.3,lithium-ion,2024-06-01,Tesla,active
BATT-000055,CUST-0002048,XFMR-000316,FDR-0001,SUB-001,33.528476,-112.184434,9.8,3.4,NMC,2024-05-01,BYD,active
BATT-000056,CUST-0002186,XFMR-000336,FDR-0001,SUB-001,33.527918,-112.186656,10.9,4.4,LFP,2020-03-01,SolarEdge,active
BATT-000057,CUST-0002285,XFMR-000351,FDR-0001,SUB-001,33.528004,-112.188274,99.9,33.0,NMC,2024-10-01,BYD,active
BATT-000058,CUST-0002288,XFMR-000352,FDR-0001,SUB-001,33.528348,-112.188974,208.4,53.0,NMC,2020-11-01,Generac,active
BATT-000059,CUST-0002308,XFMR-000354,FDR-0001,SUB-001,33.528276,-112.189039,15.7,7.1,lithium-ion,2024-06-01,Tesla,active
BATT-000060,CUST-0002318,XFMR-000355,FDR-0001,SUB-001,33.5279,-112.189184,12.2,6.1,NMC,2024-08-01,Enphase,active
BATT-000061,CUST-0002345,XFMR-000360,FDR-0001,SUB-001,33.527907,-112.189488,15.2,5.8,LFP,2020-08-01,SunPower,active
BATT-000062,CUST-0002357,XFMR-000362,FDR-0001,SUB-001,33.527715,-112.189935,13.4,5.9,LFP,2024-01-01,SolarEdge,active
BATT-000063,CUST-0002358,XFMR-000362,FDR-0001,SUB-001,33.527849,-112.189615,447.0,150.8,lithium-ion,2022-01-01,Tesla,active
BATT-000064,CUST-0002376,XFMR-000365,FDR-0002,SUB-001,33.52806,-112.143291,19.6,9.7,NMC,2024-06-01,Enphase,active
BATT-000065,CUST-0002496,XFMR-000385,FDR-0002,SUB-001,33.534638,-112.143379,20.5,9.4,NMC,2023-07-01,SunPower,active
BATT-000066,CUST-0002521,XFMR-000390,FDR-0002,SUB-001,33.535844,-112.143067,10.3,5.0,NMC,2024-09-01,SolarEdge,active
BATT-000067,CUST-0002528,XFMR-000391,FDR-0002,SUB-001,33.536701,-112.143413,20.0,7.9,NMC,2022-06-01,SunPower,active
BATT-000068,CUST-0002744,XFMR-000425,FDR-0002,SUB-001,33.546725,-112.1431,10.5,3.6,LFP,2021-09-01,BYD,active
BATT-000069,CUST-0002770,XFMR-000429,FDR-0002,SUB-001,33.548075,-112.143115,12.3,4.6,LFP,2020-09-01,SolarEdge,active
BATT-000070,CUST-0002819,XFMR-000436,FDR-0002,SUB-001,33.550519,-112.143244,9.4,3.6,lithium-ion,2022-05-01,Enphase,active
BATT-000071,CUST-0002854,XFMR-000440,FDR-0002,SUB-001,33.551774,-112.143722,10.0,3.4,NMC,2024-01-01,Enphase,active
BATT-000072,CUST-0002879,XFMR-000443,FDR-0002,SUB-001,33.552309,-112.143249,10.4,4.9,lithium-ion,2023-01-01,SolarEdge,active
BATT-000073,CUST-0002899,XFMR-000447,FDR-0002,SUB-001,33.553618,-112.143629,183.2,55.8,lithium-ion,2021-09-01,SolarEdge,active
BATT-000074,CUST-0002937,XFMR-000453,FDR-0002,SUB-001,33.555966,-112.143366,9.6,3.2,LFP,2023-09-01,SunPower,active
BATT-000075,CUST-0002976,XFMR-000460,FDR-0002,SUB-001,33.558042,-112.143216,11.0,5.0,LFP,2022-06-01,SunPower,active
BATT-000076,CUST-0003018,XFMR-000468,FDR-0002,SUB-001,33.560829,-112.143777,14.6,6.6,LFP,2023-08-01,Generac,active
BATT-000077,CUST-0003080,XFMR-000475,FDR-0002,SUB-001,33.563069,-112.143803,14.5,5.7,NMC,2020-07-01,SunPower,active
BATT-000078,CUST-0003184,XFMR-000487,FDR-0002,SUB-001,33.566141,-112.143551,14.1,4.4,LFP,2020-09-01,SolarEdge,active
BATT-000079,CUST-0003225,XFMR-000493,FDR-0002,SUB-001,33.568232,-112.143082,323.5,123.4,lithium-ion,2024-02-01,SunPower,active
BATT-000080,CUST-0003231,XFMR-000494,FDR-0002,SUB-001,33.568372,-112.143302,19.7,6.6,lithium-ion,2024-06-01,SunPower,active
BATT-000081,CUST-0003289,XFMR-000501,FDR-0002,SUB-001,33.570965,-112.143257,122.6,60.1,NMC,2021-01-01,Tesla,active
BATT-000082,CUST-0003298,XFMR-000503,FDR-0002,SUB-001,33.571304,-112.143604,13.1,5.2,NMC,2023-04-01,Enphase,active
BATT-000083,CUST-0003320,XFMR-000506,FDR-0002,SUB-001,33.572153,-112.143331,14.0,5.0,NMC,2021-10-01,BYD,active
BATT-000084,CUST-0003324,XFMR-000506,FDR-0002,SUB-001,33.572467,-112.143394,10.2,4.3,lithium-ion,2020-05-01,BYD,active
BATT-000085,CUST-0003350,XFMR-000512,FDR-0002,SUB-001,33.573938,-112.143094,18.1,5.4,NMC,2024-07-01,SolarEdge,active
BATT-000086,CUST-0003359,XFMR-000514,FDR-0002,SUB-001,33.575262,-112.143829,18.3,7.2,lithium-ion,2020-10-01,Generac,active
BATT-000087,CUST-0003376,XFMR-000517,FDR-0002,SUB-001,33.576119,-112.143788,9.3,3.4,lithium-ion,2023-03-01,Tesla,active
BATT-000088,CUST-0003395,XFMR-000519,FDR-0002,SUB-001,33.576095,-112.143332,96.4,35.4,NMC,2020-12-01,Tesla,active
BATT-000089,CUST-0003397,XFMR-000520,FDR-0002,SUB-001,33.576832,-112.143519,9.4,3.3,NMC,2020-05-01,Enphase,active
BATT-000090,CUST-0003417,XFMR-000523,FDR-0003,SUB-001,33.527281,-112.143537,9.8,3.0,LFP,2023-11-01,SunPower,active
BATT-000091,CUST-0003469,XFMR-000530,FDR-0003,SUB-001,33.5251,-112.143715,15.4,5.3,NMC,2023-09-01,Enphase,active
BATT-000092,CUST-0003524,XFMR-000538,FDR-0003,SUB-001,33.522787,-112.143719,9.1,3.3,LFP,2023-06-01,Generac,active
BATT-000093,CUST-0003553,XFMR-000543,FDR-0003,SUB-001,33.520615,-112.143262,386.0,126.5,NMC,2023-10-01,SolarEdge,active
BATT-000094,CUST-0003587,XFMR-000548,FDR-0003,SUB-001,33.519667,-112.143609,14.3,5.2,lithium-ion,2021-02-01,BYD,active
BATT-000095,CUST-0003594,XFMR-000549,FDR-0003,SUB-001,33.519232,-112.143024,21.6,9.9,lithium-ion,2023-05-01,Tesla,active
BATT-000096,CUST-0003613,XFMR-000552,FDR-0003,SUB-001,33.518345,-112.143764,14.8,7.4,lithium-ion,2022-03-01,Tesla,active
BATT-000097,CUST-0003634,XFMR-000556,FDR-0003,SUB-001,33.516723,-112.14324,10.2,5.0,lithium-ion,2023-11-01,Generac,active
BATT-000098,CUST-0003635,XFMR-000556,FDR-0003,SUB-001,33.516662,-112.143334,9.4,4.5,NMC,2020-04-01,Tesla,active
BATT-000099,CUST-0003682,XFMR-000563,FDR-0003,SUB-001,33.514707,-112.143558,19.2,9.5,lithium-ion,2020-08-01,Enphase,active
BATT-000100,CUST-0003704,XFMR-000565,FDR-0003,SUB-001,33.5136,-112.143025,14.2,6.7,lithium-ion,2022-04-01,SolarEdge,active
BATT-000101,CUST-0003766,XFMR-000576,FDR-0003,SUB-001,33.510001,-112.143107,9.3,4.1,lithium-ion,2024-07-01,BYD,active
BATT-000102,CUST-0003794,XFMR-000581,FDR-0003,SUB-001,33.508702,-112.143638,15.6,5.8,LFP,2021-06-01,SolarEdge,active
BATT-000103,CUST-0003813,XFMR-000584,FDR-0003,SUB-001,33.507337,-112.143034,14.0,4.3,lithium-ion,2020-08-01,SolarEdge,active
BATT-000104,CUST-0003820,XFMR-000586,FDR-0003,SUB-001,33.507052,-112.143378,21.8,9.2,LFP,2022-12-01,Generac,active
BATT-000105,CUST-0003850,XFMR-000591,FDR-0003,SUB-001,33.505284,-112.143758,14.0,5.9,NMC,2024-08-01,BYD,active
BATT-000106,CUST-0003903,XFMR-000600,FDR-0003,SUB-001,33.502337,-112.143737,275.3,71.9,lithium-ion,2020-07-01,SolarEdge,active
BATT-000107,CUST-0003909,XFMR-000601,FDR-0003,SUB-001,33.502414,-112.143309,10.7,4.1,NMC,2022-03-01,Tesla,active
BATT-000108,CUST-0003923,XFMR-000602,FDR-0003,SUB-001,33.501705,-112.14317,14.7,6.3,NMC,2023-07-01,Generac,active
BATT-000109,CUST-0003963,XFMR-000608,FDR-0003,SUB-001,33.500272,-112.143782,20.4,10.2,LFP,2020-08-01,BYD,active
BATT-000110,CUST-0003981,XFMR-000611,FDR-0003,SUB-001,33.498774,-112.143815,9.4,3.4,lithium-ion,2021-09-01,Enphase,active
BATT-000111,CUST-0003991,XFMR-000613,FDR-0003,SUB-001,33.498157,-112.143525,18.3,9.1,lithium-ion,2021-05-01,SolarEdge,active
BATT-000112,CUST-0004036,XFMR-000620,FDR-0003,SUB-001,33.495952,-112.143273,18.4,7.8,lithium-ion,2020-01-01,BYD,active
BATT-000113,CUST-0004056,XFMR-000624,FDR-0003,SUB-001,33.494914,-112.14339,10.3,3.9,lithium-ion,2024-09-01,SunPower,active
BATT-000114,CUST-0004086,XFMR-000628,FDR-0003,SUB-001,33.493614,-112.143612,16.4,8.1,LFP,2020-12-01,SunPower,active
BATT-000115,CUST-0004108,XFMR-000632,FDR-0003,SUB-001,33.492075,-112.143611,13.6,4.9,LFP,2023-09-01,SolarEdge,active
BATT-000116,CUST-0004147,XFMR-000637,FDR-0003,SUB-001,33.490241,-112.143716,17.0,6.2,LFP,2020-09-01,Generac,active
BATT-000117,CUST-0004178,XFMR-000640,FDR-0003,SUB-001,33.489998,-112.14308,9.9,4.7,LFP,2021-03-01,Tesla,active
BATT-000118,CUST-0004195,XFMR-000642,FDR-0003,SUB-001,33.489211,-112.143221,20.0,9.8,NMC,2021-01-01,Enphase,active
BATT-000119,CUST-0004200,XFMR-000643,FDR-0003,SUB-001,33.488533,-112.143336,14.6,6.3,LFP,2023-07-01,SunPower,active
BATT-000120,CUST-0004209,XFMR-000644,FDR-0003,SUB-001,33.488476,-112.14383,279.4,81.5,NMC,2024-03-01,Generac,active
BATT-000121,CUST-0004325,XFMR-000656,FDR-0003,SUB-001,33.484707,-112.143904,413.5,160.1,NMC,2022-04-01,SolarEdge,active
BATT-000122,CUST-0004414,XFMR-000670,FDR-0003,SUB-001,33.479939,-112.143275,13.0,4.2,LFP,2020-11-01,BYD,active
BATT-000123,CUST-0004422,XFMR-000672,FDR-0003,SUB-001,33.47935,-112.143175,14.5,6.2,LFP,2021-04-01,BYD,active
BATT-000124,CUST-0004438,XFMR-000678,FDR-0003,SUB-001,33.476999,-112.143736,12.4,4.3,lithium-ion,2024-03-01,Enphase,active
BATT-000125,CUST-0004523,XFMR-000689,FDR-0003,SUB-001,33.473711,-112.143015,13.1,4.4,lithium-ion,2023-05-01,SunPower,active
BATT-000126,CUST-0004560,XFMR-000697,FDR-0003,SUB-001,33.47098,-112.143357,21.5,10.1,NMC,2022-07-01,Generac,active
BATT-000127,CUST-0004626,XFMR-000704,FDR-0003,SUB-001,33.468647,-112.143727,14.3,6.8,NMC,2023-02-01,BYD,active
BATT-000128,CUST-0004686,XFMR-000713,FDR-0003,SUB-001,33.465982,-112.143889,436.1,172.5,lithium-ion,2021-05-01,Enphase,active
BATT-000129,CUST-0004808,XFMR-000734,FDR-0003,SUB-001,33.459007,-112.143264,19.4,6.3,NMC,2021-08-01,Generac,active
BATT-000130,CUST-0004844,XFMR-000739,FDR-0003,SUB-001,33.457232,-112.143777,9.3,4.5,NMC,2020-05-01,Enphase,active
BATT-000131,CUST-0004845,XFMR-000740,FDR-0003,SUB-001,33.457276,-112.143418,10.1,3.7,LFP,2020-12-01,SolarEdge,active
BATT-000132,CUST-0004880,XFMR-000746,FDR-0003,SUB-001,33.455782,-112.143618,115.6,39.1,LFP,2024-09-01,SolarEdge,active
BATT-000133,CUST-0004894,XFMR-000748,FDR-0003,SUB-001,33.454637,-112.143183,13.8,4.5,lithium-ion,2020-05-01,SolarEdge,active
BATT-000134,CUST-0004926,XFMR-000752,FDR-0003,SUB-001,33.45381,-112.143318,18.0,7.7,lithium-ion,2020-08-01,SolarEdge,active
BATT-000135,CUST-0004935,XFMR-000754,FDR-0003,SUB-001,33.452795,-112.143912,10.8,3.4,LFP,2021-04-01,Generac,active
BATT-000136,CUST-0004969,XFMR-000759,FDR-0003,SUB-001,33.451527,-112.143236,402.5,154.9,NMC,2020-09-01,Generac,active
BATT-000137,CUST-0005046,XFMR-000772,FDR-0003,SUB-001,33.447421,-112.143189,16.6,6.5,LFP,2020-11-01,Enphase,active
BATT-000138,CUST-0005053,XFMR-000773,FDR-0003,SUB-001,33.446343,-112.143935,108.8,34.7,NMC,2021-08-01,SolarEdge,active
BATT-000139,CUST-0005062,XFMR-000774,FDR-0003,SUB-001,33.445994,-112.143754,16.9,8.3,NMC,2021-08-01,SunPower,active
BATT-000140,CUST-0005073,XFMR-000777,FDR-0003,SUB-001,33.445666,-112.143313,66.2,25.5,lithium-ion,2024-07-01,SolarEdge,active
BATT-000141,CUST-0005086,XFMR-000778,FDR-0003,SUB-001,33.444797,-112.143576,14.2,6.6,NMC,2020-06-01,SolarEdge,active
BATT-000142,CUST-0005089,XFMR-000778,FDR-0003,SUB-001,33.444876,-112.14358,13.5,5.5,LFP,2021-02-01,Tesla,active
BATT-000143,CUST-0005105,XFMR-000780,FDR-0003,SUB-001,33.444114,-112.143446,10.3,3.2,NMC,2022-03-01,Enphase,active
BATT-000144,CUST-0005135,XFMR-000783,FDR-0003,SUB-001,33.443652,-112.14317,15.7,5.2,LFP,2022-10-01,SolarEdge,active
BATT-000145,CUST-0005163,XFMR-000786,FDR-0003,SUB-001,33.442239,-112.143791,12.5,5.7,NMC,2022-02-01,Enphase,active
BATT-000146,CUST-0005167,XFMR-000787,FDR-0003,SUB-001,33.441863,-112.143132,268.6,91.5,lithium-ion,2020-08-01,Generac,active
BATT-000147,CUST-0005257,XFMR-000801,FDR-0003,SUB-001,33.437887,-112.143738,15.0,5.2,LFP,2021-01-01,BYD,active
BATT-000148,CUST-0005330,XFMR-000812,FDR-0004,SUB-002,33.512701,-112.073952,13.2,6.4,NMC,2024-09-01,Tesla,active
BATT-000149,CUST-0005352,XFMR-000816,FDR-0004,SUB-002,33.51236,-112.073763,14.8,4.6,NMC,2021-05-01,SolarEdge,active
BATT-000150,CUST-0005396,XFMR-000823,FDR-0004,SUB-002,33.511666,-112.073635,19.5,6.8,lithium-ion,2021-07-01,BYD,active
BATT-000151,CUST-0005422,XFMR-000828,FDR-0004,SUB-002,33.510758,-112.073808,10.4,5.1,NMC,2022-02-01,Generac,active
BATT-000152,CUST-0005508,XFMR-000849,FDR-0004,SUB-002,33.508136,-112.074187,10.5,4.4,NMC,2023-01-01,SunPower,active
BATT-000153,CUST-0005512,XFMR-000850,FDR-0004,SUB-002,33.508417,-112.07433,12.6,6.0,lithium-ion,2021-03-01,SunPower,active
BATT-000154,CUST-0005531,XFMR-000853,FDR-0004,SUB-002,33.507826,-112.073764,11.0,5.5,lithium-ion,2021-01-01,Enphase,active
BATT-000155,CUST-0005576,XFMR-000858,FDR-0004,SUB-002,33.507268,-112.073615,74.5,31.3,NMC,2021-12-01,SolarEdge,active
BATT-000156,CUST-0005691,XFMR-000883,FDR-0004,SUB-002,33.503633,-112.073531,13.2,4.2,NMC,2022-12-01,SunPower,active
BATT-000157,CUST-0005695,XFMR-000884,FDR-0004,SUB-002,33.503871,-112.073806,15.6,7.7,lithium-ion,2022-12-01,BYD,active
BATT-000158,CUST-0005697,XFMR-000884,FDR-0004,SUB-002,33.50361,-112.074445,13.9,6.4,lithium-ion,2023-08-01,SunPower,active
BATT-000159,CUST-0005754,XFMR-000892,FDR-0004,SUB-002,33.502754,-112.073716,83.1,27.5,NMC,2023-11-01,SolarEdge,active
BATT-000160,CUST-0005767,XFMR-000894,FDR-0004,SUB-002,33.502863,-112.074335,15.2,5.6,LFP,2023-02-01,Tesla,active
BATT-000161,CUST-0005768,XFMR-000894,FDR-0004,SUB-002,33.502737,-112.074325,9.7,3.7,LFP,2024-11-01,SunPower,active
BATT-000162,CUST-0005776,XFMR-000896,FDR-0004,SUB-002,33.501941,-112.073641,16.4,5.5,LFP,2021-10-01,SunPower,active
BATT-000163,CUST-0005800,XFMR-000900,FDR-0004,SUB-002,33.501919,-112.073633,14.9,6.0,lithium-ion,2023-03-01,SolarEdge,active
BATT-000164,CUST-0005821,XFMR-000903,FDR-0004,SUB-002,33.501098,-112.074447,22.0,6.8,lithium-ion,2022-07-01,SunPower,active
BATT-000165,CUST-0005827,XFMR-000903,FDR-0004,SUB-002,33.501039,-112.073836,14.6,5.2,NMC,2023-03-01,Generac,active
BATT-000166,CUST-0005861,XFMR-000907,FDR-0004,SUB-002,33.500773,-112.074263,13.3,4.2,lithium-ion,2023-12-01,Tesla,active
BATT-000167,CUST-0005892,XFMR-000912,FDR-0004,SUB-002,33.500362,-112.074126,15.2,6.2,NMC,2020-02-01,Tesla,active
BATT-000168,CUST-0006010,XFMR-000932,FDR-0004,SUB-002,33.49787,-112.073868,10.0,4.3,LFP,2020-11-01,SolarEdge,active
BATT-000169,CUST-0006069,XFMR-000939,FDR-0004,SUB-002,33.496675,-112.074091,13.7,5.8,NMC,2021-04-01,BYD,active
BATT-000170,CUST-0006079,XFMR-000943,FDR-0004,SUB-002,33.496301,-112.073807,16.5,6.2,LFP,2022-10-01,Enphase,active
BATT-000171,CUST-0006089,XFMR-000944,FDR-0004,SUB-002,33.496089,-112.073701,15.6,7.6,lithium-ion,2024-11-01,SolarEdge,active
BATT-000172,CUST-0006090,XFMR-000944,FDR-0004,SUB-002,33.496173,-112.074203,12.5,4.4,lithium-ion,2023-08-01,SunPower,active
BATT-000173,CUST-0006125,XFMR-000952,FDR-0004,SUB-002,33.49506,-112.073594,13.1,5.9,NMC,2024-10-01,BYD,active
BATT-000174,CUST-0006143,XFMR-000953,FDR-0004,SUB-002,33.495213,-112.073738,15.2,5.9,LFP,2021-07-01,Enphase,active
BATT-000175,CUST-0006156,XFMR-000956,FDR-0004,SUB-002,33.49497,-112.074405,21.5,9.2,LFP,2024-03-01,Tesla,active
BATT-000176,CUST-0006171,XFMR-000959,FDR-0004,SUB-002,33.494494,-112.07438,13.6,5.3,LFP,2023-08-01,BYD,active
BATT-000177,CUST-0006252,XFMR-000968,FDR-0004,SUB-002,33.493501,-112.073682,12.3,5.2,lithium-ion,2021-01-01,SolarEdge,active
BATT-000178,CUST-0006383,XFMR-000986,FDR-0004,SUB-002,33.490607,-112.073504,14.6,6.1,NMC,2021-04-01,Tesla,active
BATT-000179,CUST-0006448,XFMR-000996,FDR-0004,SUB-002,33.489652,-112.073838,14.4,5.3,lithium-ion,2022-11-01,BYD,active
BATT-000180,CUST-0006468,XFMR-000999,FDR-0004,SUB-002,33.489412,-112.074292,14.8,5.3,LFP,2022-05-01,SunPower,active
BATT-000181,CUST-0006586,XFMR-001015,FDR-0004,SUB-002,33.487539,-112.074208,18.2,6.0,NMC,2023-10-01,SunPower,active
BATT-000182,CUST-0006597,XFMR-001017,FDR-0004,SUB-002,33.487257,-112.074354,435.5,155.3,NMC,2024-09-01,SunPower,active
BATT-000183,CUST-0006609,XFMR-001019,FDR-0004,SUB-002,33.486961,-112.073622,9.7,3.8,LFP,2022-01-01,BYD,active
BATT-000184,CUST-0006656,XFMR-001028,FDR-0004,SUB-002,33.485125,-112.074276,13.0,4.3,NMC,2024-10-01,SunPower,active
BATT-000185,CUST-0006677,XFMR-001032,FDR-0004,SUB-002,33.485373,-112.073687,20.3,8.4,LFP,2020-03-01,BYD,active
BATT-000186,CUST-0006725,XFMR-001038,FDR-0004,SUB-002,33.484463,-112.074245,22.0,8.3,NMC,2024-02-01,SunPower,active
BATT-000187,CUST-0006806,XFMR-001051,FDR-0004,SUB-002,33.48235,-112.07376,14.0,6.4,NMC,2024-08-01,SunPower,active
BATT-000188,CUST-0006815,XFMR-001052,FDR-0004,SUB-002,33.482199,-112.074202,139.5,59.1,NMC,2023-03-01,SolarEdge,active
BATT-000189,CUST-0006830,XFMR-001054,FDR-0004,SUB-002,33.48204,-112.073547,11.6,5.1,LFP,2021-11-01,Generac,active
BATT-000190,CUST-0006893,XFMR-001066,FDR-0004,SUB-002,33.480932,-112.073904,20.9,6.4,NMC,2024-06-01,Tesla,active
BATT-000191,CUST-0006894,XFMR-001066,FDR-0004,SUB-002,33.480339,-112.07438,36.5,11.8,lithium-ion,2021-03-01,BYD,active
BATT-000192,CUST-0006905,XFMR-001067,FDR-0004,SUB-002,33.48096,-112.073647,18.5,7.6,lithium-ion,2024-12-01,BYD,active
BATT-000193,CUST-0006928,XFMR-001069,FDR-0004,SUB-002,33.480465,-112.073711,18.3,6.2,NMC,2020-02-01,BYD,active
BATT-000194,CUST-0006960,XFMR-001075,FDR-0004,SUB-002,33.4796,-112.07371,32.8,16.4,lithium-ion,2024-02-01,Tesla,active
BATT-000195,CUST-0006971,XFMR-001077,FDR-0004,SUB-002,33.479422,-112.073825,12.4,4.2,NMC,2021-10-01,SolarEdge,active
BATT-000196,CUST-0006998,XFMR-001081,FDR-0004,SUB-002,33.478858,-112.074274,20.7,8.0,LFP,2020-09-01,Generac,active
BATT-000197,CUST-0007025,XFMR-001085,FDR-0004,SUB-002,33.477858,-112.074184,491.7,223.9,NMC,2020-07-01,BYD,active
BATT-000198,CUST-0007028,XFMR-001085,FDR-0004,SUB-002,33.478229,-112.074192,10.6,4.1,NMC,2020-05-01,Generac,active
BATT-000199,CUST-0007073,XFMR-001092,FDR-0004,SUB-002,33.477541,-112.07431,12.6,5.1,lithium-ion,2020-04-01,Generac,active
BATT-000200,CUST-0007095,XFMR-001095,FDR-0004,SUB-002,33.476687,-112.073695,16.3,5.7,LFP,2024-02-01,Generac,active
BATT-000201,CUST-0007108,XFMR-001098,FDR-0004,SUB-002,33.476384,-112.073813,16.0,7.3,NMC,2020-04-01,Enphase,active
BATT-000202,CUST-0007123,XFMR-001101,FDR-0004,SUB-002,33.47613,-112.074371,12.7,4.6,NMC,2023-06-01,SunPower,active
BATT-000203,CUST-0007142,XFMR-001104,FDR-0004,SUB-002,33.475726,-112.073687,348.1,98.6,LFP,2021-12-01,Generac,active
BATT-000204,CUST-0007152,XFMR-001106,FDR-0004,SUB-002,33.475391,-112.073834,21.4,9.3,LFP,2023-08-01,Enphase,active
BATT-000205,CUST-0007156,XFMR-001107,FDR-0004,SUB-002,33.475104,-112.073807,13.9,4.4,LFP,2023-11-01,SunPower,active
BATT-000206,CUST-0007174,XFMR-001109,FDR-0004,SUB-002,33.474884,-112.07407,9.1,4.5,LFP,2024-03-01,BYD,active
BATT-000207,CUST-0007227,XFMR-001119,FDR-0004,SUB-002,33.47357,-112.07425,14.4,6.4,NMC,2024-10-01,SunPower,active
BATT-000208,CUST-0007302,XFMR-001129,FDR-0004,SUB-002,33.47299,-112.074369,397.6,107.0,NMC,2023-01-01,Generac,active
BATT-000209,CUST-0007323,XFMR-001134,FDR-0004,SUB-002,33.472413,-112.073532,133.7,50.8,LFP,2023-04-01,SolarEdge,active
BATT-000210,CUST-0007374,XFMR-001144,FDR-0004,SUB-002,33.47033,-112.073783,9.5,3.1,LFP,2024-07-01,BYD,active
BATT-000211,CUST-0007388,XFMR-001145,FDR-0004,SUB-002,33.470757,-112.074312,18.7,6.1,NMC,2023-10-01,SunPower,active
BATT-000212,CUST-0007415,XFMR-001147,FDR-0004,SUB-002,33.470035,-112.073728,13.3,5.1,lithium-ion,2022-11-01,BYD,active
BATT-000213,CUST-0007445,XFMR-001152,FDR-0004,SUB-002,33.469654,-112.074209,10.4,4.2,lithium-ion,2020-11-01,Enphase,active
BATT-000214,CUST-0007460,XFMR-001155,FDR-0004,SUB-002,33.469059,-112.073902,340.3,132.8,NMC,2022-05-01,Tesla,active
BATT-000215,CUST-0007471,XFMR-001157,FDR-0004,SUB-002,33.468766,-112.074097,10.1,3.3,lithium-ion,2021-08-01,Tesla,active
BATT-000216,CUST-0007553,XFMR-001170,FDR-0004,SUB-002,33.467623,-112.073926,10.8,4.6,LFP,2022-05-01,SolarEdge,active
BATT-000217,CUST-0007562,XFMR-001171,FDR-0004,SUB-002,33.467093,-112.073764,15.1,6.8,NMC,2023-03-01,Tesla,active
BATT-000218,CUST-0007571,XFMR-001173,FDR-0004,SUB-002,33.466649,-112.074106,15.6,5.1,LFP,2022-10-01,SolarEdge,active
BATT-000219,CUST-0007604,XFMR-001179,FDR-0004,SUB-002,33.465925,-112.073729,19.5,6.0,lithium-ion,2020-04-01,Generac,active
BATT-000220,CUST-0007623,XFMR-001181,FDR-0004,SUB-002,33.465737,-112.073886,21.7,10.5,NMC,2022-04-01,Tesla,active
BATT-000221,CUST-0007658,XFMR-001186,FDR-0004,SUB-002,33.465581,-112.073817,21.7,10.3,lithium-ion,2024-10-01,Tesla,active
BATT-000222,CUST-0007683,XFMR-001189,FDR-0004,SUB-002,33.46475,-112.074259,18.8,7.4,NMC,2021-08-01,Tesla,active
BATT-000223,CUST-0007794,XFMR-001206,FDR-0004,SUB-002,33.462976,-112.073626,12.2,5.7,NMC,2020-07-01,SunPower,active
BATT-000224,CUST-0007868,XFMR-001214,FDR-0004,SUB-002,33.461715,-112.073881,12.2,5.5,NMC,2024-08-01,Generac,active
BATT-000225,CUST-0007869,XFMR-001214,FDR-0004,SUB-002,33.462027,-112.073723,20.9,7.0,NMC,2023-06-01,Enphase,active
BATT-000226,CUST-0007899,XFMR-001218,FDR-0005,SUB-002,33.514075,-112.074259,272.9,102.3,lithium-ion,2020-08-01,BYD,active
BATT-000227,CUST-0007919,XFMR-001222,FDR-0005,SUB-002,33.514694,-112.074273,15.1,4.9,lithium-ion,2021-01-01,Enphase,active
BATT-000228,CUST-0007966,XFMR-001229,FDR-0005,SUB-002,33.515766,-112.073641,9.6,4.7,NMC,2021-10-01,SunPower,active
BATT-000229,CUST-0008012,XFMR-001237,FDR-0005,SUB-002,33.517057,-112.074115,20.8,9.4,LFP,2024-05-01,SunPower,active
BATT-000230,CUST-0008083,XFMR-001246,FDR-0005,SUB-002,33.519291,-112.07374,10.0,4.5,LFP,2021-06-01,SunPower,active
BATT-000231,CUST-0008111,XFMR-001249,FDR-0005,SUB-002,33.519299,-112.0735,12.8,5.3,lithium-ion,2020-05-01,BYD,active
BATT-000232,CUST-0008167,XFMR-001256,FDR-0005,SUB-002,33.521056,-112.074428,14.7,6.6,NMC,2021-07-01,BYD,active
BATT-000233,CUST-0008173,XFMR-001257,FDR-0005,SUB-002,33.521295,-112.073688,15.1,6.5,NMC,2021-08-01,Generac,active
BATT-000234,CUST-0008182,XFMR-001258,FDR-0005,SUB-002,33.520883,-112.073832,79.2,38.7,NMC,2024-10-01,BYD,active
BATT-000235,CUST-0008188,XFMR-001259,FDR-0005,SUB-002,33.521103,-112.073557,20.5,9.7,NMC,2023-01-01,Enphase,active
BATT-000236,CUST-0008271,XFMR-001275,FDR-0005,SUB-002,33.524004,-112.073794,15.6,6.4,lithium-ion,2022-12-01,Generac,active
BATT-000237,CUST-0008328,XFMR-001284,FDR-0005,SUB-002,33.526172,-112.073777,20.1,10.0,lithium-ion,2022-04-01,BYD,active
BATT-000238,CUST-0008371,XFMR-001290,FDR-0005,SUB-002,33.527048,-112.074165,469.9,179.0,lithium-ion,2024-10-01,Tesla,active
BATT-000239,CUST-0008375,XFMR-001290,FDR-0005,SUB-002,33.526807,-112.073649,10.9,3.6,lithium-ion,2022-01-01,Tesla,active
BATT-000240,CUST-0008394,XFMR-001294,FDR-0005,SUB-002,33.527517,-112.074404,16.7,7.0,lithium-ion,2020-02-01,Generac,active
BATT-000241,CUST-0008416,XFMR-001298,FDR-0005,SUB-002,33.52827,-112.074138,19.2,7.8,LFP,2024-06-01,Tesla,active
BATT-000242,CUST-0008450,XFMR-001306,FDR-0005,SUB-002,33.530236,-112.07422,21.4,7.1,LFP,2023-03-01,BYD,active
BATT-000243,CUST-0008460,XFMR-001309,FDR-0005,SUB-002,33.530512,-112.074106,10.4,3.2,NMC,2023-08-01,SunPower,active
BATT-000244,CUST-0008509,XFMR-001319,FDR-0005,SUB-002,33.532435,-112.074289,20.2,9.7,LFP,2023-08-01,Tesla,inactive
BATT-000245,CUST-0008510,XFMR-001320,FDR-0005,SUB-002,33.532309,-112.074272,10.3,4.0,LFP,2020-08-01,Tesla,active
BATT-000246,CUST-0008523,XFMR-001322,FDR-0005,SUB-002,33.533025,-112.074085,10.2,3.2,NMC,2024-04-01,Tesla,active
BATT-000247,CUST-0008539,XFMR-001324,FDR-0005,SUB-002,33.533242,-112.074179,15.0,5.0,LFP,2024-09-01,Enphase,active
BATT-000248,CUST-0008583,XFMR-001332,FDR-0005,SUB-002,33.534715,-112.073678,19.0,5.9,lithium-ion,2020-05-01,Enphase,active
BATT-000249,CUST-0008692,XFMR-001349,FDR-0005,SUB-002,33.538308,-112.074251,9.2,4.3,NMC,2024-04-01,Generac,active
BATT-000250,CUST-0008745,XFMR-001356,FDR-0005,SUB-002,33.538805,-112.073727,12.3,6.0,lithium-ion,2024-12-01,SunPower,active
BATT-000251,CUST-0008756,XFMR-001357,FDR-0005,SUB-002,33.539679,-112.07449,13.8,5.5,LFP,2023-09-01,Generac,active
BATT-000252,CUST-0008773,XFMR-001361,FDR-0005,SUB-002,33.540388,-112.074242,269.4,104.5,NMC,2021-02-01,Enphase,active
BATT-000253,CUST-0008806,XFMR-001365,FDR-0005,SUB-002,33.540852,-112.073889,16.4,7.3,NMC,2022-04-01,Enphase,active
BATT-000254,CUST-0008898,XFMR-001381,FDR-0005,SUB-002,33.544158,-112.073849,20.1,8.4,NMC,2024-10-01,Enphase,active
BATT-000255,CUST-0008901,XFMR-001381,FDR-0005,SUB-002,33.54416,-112.074298,21.6,9.4,LFP,2024-02-01,SolarEdge,active
BATT-000256,CUST-0008958,XFMR-001390,FDR-0005,SUB-002,33.545455,-112.074312,22.0,6.9,NMC,2021-11-01,SolarEdge,active
BATT-000257,CUST-0009009,XFMR-001399,FDR-0005,SUB-002,33.546741,-112.073713,19.2,7.8,LFP,2020-06-01,SunPower,active
BATT-000258,CUST-0009011,XFMR-001400,FDR-0005,SUB-002,33.547576,-112.074392,17.1,5.5,lithium-ion,2023-09-01,Enphase,active
BATT-000259,CUST-0009025,XFMR-001402,FDR-0005,SUB-002,33.547276,-112.073798,15.0,6.7,lithium-ion,2020-05-01,Enphase,active
BATT-000260,CUST-0009114,XFMR-001415,FDR-0005,SUB-002,33.550052,-112.073763,9.1,3.3,NMC,2021-03-01,Enphase,active
BATT-000261,CUST-0009159,XFMR-001423,FDR-0005,SUB-002,33.551761,-112.073939,76.5,20.8,NMC,2022-09-01,Enphase,active
BATT-000262,CUST-0009247,XFMR-001435,FDR-0005,SUB-002,33.55377,-112.074086,10.1,4.1,LFP,2023-05-01,SunPower,active
BATT-000263,CUST-0009302,XFMR-001445,FDR-0005,SUB-002,33.555437,-112.074204,9.0,4.2,LFP,2024-08-01,Enphase,active
BATT-000264,CUST-0009366,XFMR-001455,FDR-0005,SUB-002,33.55761,-112.073834,443.0,214.9,NMC,2023-06-01,BYD,active
BATT-000265,CUST-0009376,XFMR-001456,FDR-0005,SUB-002,33.557399,-112.073898,18.2,7.0,NMC,2023-09-01,SunPower,active
BATT-000266,CUST-0009385,XFMR-001457,FDR-0005,SUB-002,33.557642,-112.074276,10.2,3.9,NMC,2022-01-01,SolarEdge,active
BATT-000267,CUST-0009407,XFMR-001460,FDR-0005,SUB-002,33.558351,-112.07373,148.2,66.9,lithium-ion,2020-08-01,BYD,active
BATT-000268,CUST-0009430,XFMR-001463,FDR-0005,SUB-002,33.559146,-112.074392,9.5,4.0,NMC,2022-05-01,BYD,active
BATT-000269,CUST-0009455,XFMR-001467,FDR-0005,SUB-002,33.559423,-112.074359,161.0,61.2,LFP,2021-05-01,Enphase,active
BATT-000270,CUST-0009476,XFMR-001469,FDR-0005,SUB-002,33.55998,-112.074168,14.8,5.2,NMC,2022-10-01,Generac,active
BATT-000271,CUST-0009558,XFMR-001482,FDR-0005,SUB-002,33.562672,-112.073704,21.2,7.5,NMC,2020-08-01,SolarEdge,active
BATT-000272,CUST-0009569,XFMR-001483,FDR-0005,SUB-002,33.562324,-112.073892,13.9,6.6,LFP,2022-10-01,Generac,active
BATT-000273,CUST-0009702,XFMR-001508,FDR-0005,SUB-002,33.567447,-112.073566,9.1,3.7,LFP,2020-04-01,SolarEdge,active
BATT-000274,CUST-0009766,XFMR-001516,FDR-0005,SUB-002,33.568273,-112.073827,419.1,183.1,lithium-ion,2022-08-01,SolarEdge,active
BATT-000275,CUST-0009793,XFMR-001519,FDR-0005,SUB-002,33.569357,-112.073547,10.4,5.1,LFP,2024-11-01,BYD,active
BATT-000276,CUST-0009831,XFMR-001526,FDR-0005,SUB-002,33.570652,-112.074534,14.7,4.9,LFP,2023-07-01,SolarEdge,active
BATT-000277,CUST-0009839,XFMR-001526,FDR-0005,SUB-002,33.570039,-112.074424,385.7,99.1,NMC,2022-02-01,BYD,active
BATT-000278,CUST-0009849,XFMR-001528,FDR-0005,SUB-002,33.570454,-112.073877,14.3,4.8,lithium-ion,2024-01-01,SolarEdge,active
BATT-000279,CUST-0009890,XFMR-001535,FDR-0005,SUB-002,33.571668,-112.073531,10.0,3.7,NMC,2020-03-01,Generac,active
BATT-000280,CUST-0009937,XFMR-001542,FDR-0005,SUB-002,33.573025,-112.074308,10.8,3.8,LFP,2020-06-01,Tesla,active
BATT-000281,CUST-0009966,XFMR-001547,FDR-0005,SUB-002,33.574471,-112.073513,16.3,5.1,NMC,2024-01-01,Enphase,active
BATT-000282,CUST-0009990,XFMR-001550,FDR-0005,SUB-002,33.574664,-112.074117,10.8,4.0,LFP,2024-03-01,BYD,active
BATT-000283,CUST-0009994,XFMR-001552,FDR-0005,SUB-002,33.575288,-112.073879,379.5,174.1,lithium-ion,2023-10-01,SunPower,active
BATT-000284,CUST-0010010,XFMR-001554,FDR-0005,SUB-002,33.575298,-112.073752,338.1,135.9,lithium-ion,2022-09-01,Generac,active
BATT-000285,CUST-0010146,XFMR-001576,FDR-0005,SUB-002,33.579679,-112.073845,19.4,8.0,NMC,2023-11-01,Enphase,active
BATT-000286,CUST-0010174,XFMR-001581,FDR-0005,SUB-002,33.580022,-112.073909,15.5,7.1,lithium-ion,2021-12-01,BYD,active
BATT-000287,CUST-0010179,XFMR-001583,FDR-0005,SUB-002,33.580378,-112.074305,15.8,5.8,NMC,2020-11-01,SolarEdge,active
BATT-000288,CUST-0010190,XFMR-001584,FDR-0005,SUB-002,33.581274,-112.073976,117.7,44.9,LFP,2021-04-01,Enphase,active
BATT-000289,CUST-0010205,XFMR-001587,FDR-0005,SUB-002,33.581601,-112.074119,14.7,4.9,lithium-ion,2020-11-01,SolarEdge,active
BATT-000290,CUST-0010242,XFMR-001591,FDR-0005,SUB-002,33.582204,-112.074298,33.7,16.7,NMC,2023-02-01,Generac,active
BATT-000291,CUST-0010251,XFMR-001592,FDR-0005,SUB-002,33.582266,-112.073479,10.9,5.3,lithium-ion,2024-02-01,Enphase,active
BATT-000292,CUST-0010268,XFMR-001597,FDR-0005,SUB-002,33.583431,-112.073518,18.4,7.0,LFP,2024-08-01,Enphase,active
BATT-000293,CUST-0010343,XFMR-001608,FDR-0005,SUB-002,33.585475,-112.073582,18.5,7.7,NMC,2021-11-01,Tesla,active
BATT-000294,CUST-0010424,XFMR-001619,FDR-0005,SUB-002,33.587609,-112.074469,14.6,5.4,NMC,2024-03-01,BYD,active
BATT-000295,CUST-0010428,XFMR-001620,FDR-0005,SUB-002,33.587493,-112.074083,13.5,4.9,LFP,2024-07-01,BYD,active
BATT-000296,CUST-0010430,XFMR-001620,FDR-0005,SUB-002,33.587381,-112.073564,10.1,4.1,NMC,2023-05-01,BYD,active
BATT-000297,CUST-0010541,XFMR-001635,FDR-0005,SUB-002,33.590461,-112.073487,12.7,5.5,lithium-ion,2021-02-01,Tesla,active
BATT-000298,CUST-0010583,XFMR-001641,FDR-0005,SUB-002,33.59145,-112.074142,50.0,23.7,lithium-ion,2020-12-01,SunPower,inactive
BATT-000299,CUST-0010589,XFMR-001641,FDR-0005,SUB-002,33.591181,-112.073552,9.6,3.4,NMC,2021-04-01,SolarEdge,active
BATT-000300,CUST-0010706,XFMR-001655,FDR-0005,SUB-002,33.594007,-112.07444,19.2,8.6,NMC,2020-12-01,Generac,active
BATT-000301,CUST-0010789,XFMR-001666,FDR-0005,SUB-002,33.595498,-112.073886,16.8,8.3,LFP,2023-08-01,Tesla,active
BATT-000302,CUST-0010792,XFMR-001666,FDR-0005,SUB-002,33.596,-112.074363,15.5,6.3,lithium-ion,2021-06-01,Generac,active
BATT-000303,CUST-0010834,XFMR-001677,FDR-0005,SUB-002,33.59831,-112.074241,17.4,6.4,lithium-ion,2023-01-01,Tesla,active
BATT-000304,CUST-0010839,XFMR-001678,FDR-0005,SUB-002,33.597704,-112.073923,11.0,3.6,LFP,2020-09-01,Generac,active
BATT-000305,CUST-0010871,XFMR-001684,FDR-0005,SUB-002,33.599327,-112.073677,17.6,7.0,NMC,2023-02-01,BYD,active
BATT-000306,CUST-0010876,XFMR-001685,FDR-0005,SUB-002,33.599163,-112.074271,22.0,10.3,NMC,2022-06-01,Tesla,active
BATT-000307,CUST-0010884,XFMR-001686,FDR-0005,SUB-002,33.599572,-112.074181,9.9,4.6,lithium-ion,2022-10-01,SunPower,active
BATT-000308,CUST-0010900,XFMR-001689,FDR-0005,SUB-002,33.600131,-112.074469,13.6,6.2,NMC,2024-09-01,Enphase,active
BATT-000309,CUST-0010993,XFMR-001701,FDR-0005,SUB-002,33.602122,-112.074338,14.8,5.8,lithium-ion,2023-07-01,Enphase,active
BATT-000310,CUST-0011028,XFMR-001707,FDR-0005,SUB-002,33.603459,-112.074189,229.4,104.1,LFP,2020-05-01,SolarEdge,active
BATT-000311,CUST-0011034,XFMR-001709,FDR-0005,SUB-002,33.603446,-112.073614,13.5,4.3,lithium-ion,2024-01-01,SunPower,active
BATT-000312,CUST-0011043,XFMR-001710,FDR-0005,SUB-002,33.603787,-112.074245,13.5,6.5,NMC,2021-10-01,Tesla,active
BATT-000313,CUST-0011052,XFMR-001712,FDR-0005,SUB-002,33.604603,-112.073811,9.5,3.2,lithium-ion,2021-08-01,Generac,active
BATT-000314,CUST-0011122,XFMR-001723,FDR-0006,SUB-002,33.513794,-112.072524,315.3,78.9,lithium-ion,2020-05-01,Generac,active
BATT-000315,CUST-0011125,XFMR-001724,FDR-0006,SUB-002,33.513183,-112.07233,16.8,5.3,LFP,2023-08-01,BYD,active
BATT-000316,CUST-0011147,XFMR-001726,FDR-0006,SUB-002,33.513863,-112.071602,21.7,9.2,LFP,2023-08-01,SolarEdge,active
BATT-000317,CUST-0011181,XFMR-001730,FDR-0006,SUB-002,33.513615,-112.070734,78.3,24.5,lithium-ion,2020-04-01,Tesla,active
BATT-000318,CUST-0011241,XFMR-001739,FDR-0006,SUB-002,33.513271,-112.069412,103.7,48.6,NMC,2023-01-01,Enphase,active
BATT-000319,CUST-0011263,XFMR-001742,FDR-0006,SUB-002,33.513908,-112.068024,15.7,7.7,LFP,2021-12-01,SolarEdge,active
BATT-000320,CUST-0011316,XFMR-001751,FDR-0006,SUB-002,33.513292,-112.066962,14.3,4.7,LFP,2024-05-01,BYD,active
BATT-000321,CUST-0011353,XFMR-001755,FDR-0006,SUB-002,33.513476,-112.065299,180.1,56.0,NMC,2021-01-01,Generac,active
BATT-000322,CUST-0011363,XFMR-001756,FDR-0006,SUB-002,33.513537,-112.06508,9.5,3.0,lithium-ion,2020-04-01,SunPower,active
BATT-000323,CUST-0011378,XFMR-001760,FDR-0006,SUB-002,33.513451,-112.064458,10.0,3.2,NMC,2021-07-01,SunPower,active
BATT-000324,CUST-0011414,XFMR-001765,FDR-0006,SUB-002,33.513351,-112.064083,448.7,213.8,LFP,2022-02-01,SolarEdge,active
BATT-000325,CUST-0011425,XFMR-001766,FDR-0006,SUB-002,33.513813,-112.063015,205.1,77.4,LFP,2022-07-01,Generac,active
BATT-000326,CUST-0011453,XFMR-001770,FDR-0006,SUB-002,33.51335,-112.062308,20.7,7.5,LFP,2020-09-01,SunPower,active
BATT-000327,CUST-0011455,XFMR-001770,FDR-0006,SUB-002,33.513343,-112.062536,14.5,5.6,NMC,2024-10-01,Tesla,active
BATT-000328,CUST-0011521,XFMR-001779,FDR-0006,SUB-002,33.513855,-112.06042,89.4,28.9,LFP,2023-03-01,Tesla,active
BATT-000329,CUST-0011592,XFMR-001789,FDR-0006,SUB-002,33.513827,-112.058946,9.1,3.8,NMC,2023-04-01,SunPower,active
BATT-000330,CUST-0011606,XFMR-001792,FDR-0006,SUB-002,33.513892,-112.058412,15.4,5.1,LFP,2021-08-01,BYD,active
BATT-000331,CUST-0011612,XFMR-001793,FDR-0006,SUB-002,33.513806,-112.058194,13.9,5.9,NMC,2023-07-01,Enphase,active
BATT-000332,CUST-0011628,XFMR-001795,FDR-0006,SUB-002,33.513732,-112.057905,13.5,4.5,NMC,2020-12-01,SolarEdge,active
BATT-000333,CUST-0011658,XFMR-001800,FDR-0006,SUB-002,33.51395,-112.056342,19.4,6.8,LFP,2023-11-01,Tesla,active
BATT-000334,CUST-0011682,XFMR-001804,FDR-0006,SUB-002,33.513766,-112.056171,9.4,4.1,lithium-ion,2024-09-01,SunPower,active
BATT-000335,CUST-0011742,XFMR-001813,FDR-0006,SUB-002,33.514022,-112.053889,13.7,5.1,lithium-ion,2023-02-01,Enphase,active
BATT-000336,CUST-0011751,XFMR-001815,FDR-0006,SUB-002,33.513311,-112.053119,10.5,3.3,LFP,2021-12-01,SunPower,active
BATT-000337,CUST-0011755,XFMR-001816,FDR-0006,SUB-002,33.513389,-112.053462,14.4,5.7,LFP,2024-06-01,SunPower,active
BATT-000338,CUST-0011781,XFMR-001818,FDR-0006,SUB-002,33.513199,-112.052535,15.2,7.0,NMC,2020-06-01,BYD,active
BATT-000339,CUST-0011793,XFMR-001822,FDR-0006,SUB-002,33.513246,-112.051954,15.6,7.4,NMC,2024-06-01,Enphase,active
BATT-000340,CUST-0011860,XFMR-001833,FDR-0006,SUB-002,33.513358,-112.049985,14.4,4.4,LFP,2022-02-01,SunPower,active
BATT-000341,CUST-0011947,XFMR-001846,FDR-0006,SUB-002,33.513208,-112.046827,16.6,6.1,NMC,2020-02-01,SunPower,active
BATT-000342,CUST-0012009,XFMR-001855,FDR-0006,SUB-002,33.513453,-112.045217,15.6,7.7,NMC,2023-11-01,SolarEdge,active
BATT-000343,CUST-0012054,XFMR-001862,FDR-0006,SUB-002,33.513236,-112.044455,13.4,5.4,lithium-ion,2022-06-01,SolarEdge,active
BATT-000344,CUST-0012064,XFMR-001864,FDR-0006,SUB-002,33.513964,-112.043327,16.7,7.0,lithium-ion,2022-03-01,SolarEdge,active
BATT-000345,CUST-0012072,XFMR-001865,FDR-0006,SUB-002,33.513475,-112.0432,16.7,5.7,LFP,2020-03-01,SunPower,active
BATT-000346,CUST-0012079,XFMR-001865,FDR-0006,SUB-002,33.513478,-112.043507,21.6,6.9,lithium-ion,2022-02-01,Tesla,active
BATT-000347,CUST-0012104,XFMR-001868,FDR-0006,SUB-002,33.5135,-112.043059,12.2,5.4,NMC,2020-06-01,Enphase,active
BATT-000348,CUST-0012132,XFMR-001870,FDR-0006,SUB-002,33.513221,-112.042118,12.3,4.1,NMC,2020-05-01,BYD,active
BATT-000349,CUST-0012151,XFMR-001874,FDR-0006,SUB-002,33.513852,-112.041892,20.6,9.7,lithium-ion,2021-09-01,Tesla,active
BATT-000350,CUST-0012159,XFMR-001875,FDR-0006,SUB-002,33.513866,-112.041779,21.4,8.1,lithium-ion,2021-04-01,Enphase,active
BATT-000351,CUST-0012160,XFMR-001875,FDR-0006,SUB-002,33.513931,-112.041029,14.6,6.7,LFP,2024-02-01,Tesla,active
BATT-000352,CUST-0012254,XFMR-001893,FDR-0006,SUB-002,33.513735,-112.037737,10.4,3.6,lithium-ion,2020-05-01,Enphase,active
BATT-000353,CUST-0012286,XFMR-001898,FDR-0006,SUB-002,33.513641,-112.036432,16.6,8.1,NMC,2024-08-01,Generac,active
BATT-000354,CUST-0012291,XFMR-001898,FDR-0006,SUB-002,33.513835,-112.037105,12.6,4.7,NMC,2020-07-01,Generac,active
BATT-000355,CUST-0012307,XFMR-001902,FDR-0006,SUB-002,33.513815,-112.035728,210.3,77.7,LFP,2021-11-01,SolarEdge,active
BATT-000356,CUST-0012324,XFMR-001904,FDR-0006,SUB-002,33.513531,-112.03507,14.3,5.3,LFP,2024-10-01,SolarEdge,active
BATT-000357,CUST-0012390,XFMR-001913,FDR-0006,SUB-002,33.513217,-112.033709,22.0,10.1,lithium-ion,2023-03-01,Enphase,active
BATT-000358,CUST-0012409,XFMR-001916,FDR-0006,SUB-002,33.5134,-112.032553,9.3,3.8,lithium-ion,2022-07-01,SunPower,active
BATT-000359,CUST-0012455,XFMR-001922,FDR-0006,SUB-002,33.513433,-112.031379,9.4,4.2,LFP,2021-11-01,SolarEdge,active
BATT-000360,CUST-0012489,XFMR-001929,FDR-0006,SUB-002,33.513404,-112.030905,9.7,4.0,NMC,2022-08-01,Enphase,inactive
BATT-000361,CUST-0012496,XFMR-001929,FDR-0006,SUB-002,33.51353,-112.030883,19.1,8.3,lithium-ion,2022-05-01,Enphase,active
BATT-000362,CUST-0012548,XFMR-001938,FDR-0006,SUB-002,33.51391,-112.028992,20.8,8.4,NMC,2020-08-01,BYD,active
BATT-000363,CUST-0012550,XFMR-001938,FDR-0006,SUB-002,33.51399,-112.028805,15.2,4.8,NMC,2022-05-01,BYD,active
BATT-000364,CUST-0012558,XFMR-001941,FDR-0006,SUB-002,33.51342,-112.027837,13.8,6.2,NMC,2021-09-01,Tesla,active
BATT-000365,CUST-0012595,XFMR-001947,FDR-0006,SUB-002,33.513243,-112.026397,20.1,8.8,LFP,2023-03-01,Enphase,active
BATT-000366,CUST-0012607,XFMR-001949,FDR-0006,SUB-002,33.513286,-112.026082,9.7,2.9,NMC,2024-08-01,Enphase,active
BATT-000367,CUST-0012618,XFMR-001950,FDR-0006,SUB-002,33.51368,-112.026593,10.5,4.1,NMC,2021-03-01,BYD,active
BATT-000368,CUST-0012769,XFMR-001973,FDR-0006,SUB-002,33.513437,-112.021218,56.2,22.4,LFP,2021-02-01,Generac,active
BATT-000369,CUST-0012772,XFMR-001975,FDR-0006,SUB-002,33.513776,-112.02149,10.0,3.0,lithium-ion,2020-11-01,Enphase,active
BATT-000370,CUST-0012802,XFMR-001979,FDR-0006,SUB-002,33.513365,-112.019921,10.0,3.2,NMC,2023-06-01,Tesla,active
BATT-000371,CUST-0012855,XFMR-001985,FDR-0006,SUB-002,33.513465,-112.019446,166.2,78.7,lithium-ion,2023-03-01,SolarEdge,active
BATT-000372,CUST-0012856,XFMR-001985,FDR-0006,SUB-002,33.514015,-112.018783,251.9,94.6,lithium-ion,2021-11-01,Generac,active
BATT-000373,CUST-0012900,XFMR-001993,FDR-0006,SUB-002,33.513774,-112.01707,235.2,87.3,lithium-ion,2021-08-01,Enphase,active
BATT-000374,CUST-0012969,XFMR-002001,FDR-0006,SUB-002,33.513819,-112.01557,13.7,5.8,NMC,2023-08-01,Tesla,active
BATT-000375,CUST-0013011,XFMR-002008,FDR-0006,SUB-002,33.514039,-112.014009,18.3,8.8,NMC,2023-09-01,SolarEdge,active
BATT-000376,CUST-0013055,XFMR-002014,FDR-0006,SUB-002,33.514012,-112.013545,10.2,3.2,NMC,2024-09-01,Tesla,active
BATT-000377,CUST-0013118,XFMR-002022,FDR-0006,SUB-002,33.51349,-112.011778,12.6,4.3,lithium-ion,2024-10-01,Tesla,inactive
BATT-000378,CUST-0013222,XFMR-002035,FDR-0006,SUB-002,33.513453,-112.008666,9.1,4.4,NMC,2023-12-01,SunPower,active
BATT-000379,CUST-0013226,XFMR-002036,FDR-0006,SUB-002,33.513918,-112.009091,12.5,4.0,lithium-ion,2021-08-01,Enphase,active
BATT-000380,CUST-0013233,XFMR-002037,FDR-0006,SUB-002,33.513229,-112.008783,9.9,4.0,LFP,2024-03-01,Enphase,active
BATT-000381,CUST-0013288,XFMR-002046,FDR-0006,SUB-002,33.514031,-112.006606,18.0,6.4,LFP,2021-01-01,Enphase,active
BATT-000382,CUST-0013304,XFMR-002049,FDR-0006,SUB-002,33.513378,-112.005814,9.4,3.8,LFP,2020-05-01,SolarEdge,active
BATT-000383,CUST-0013308,XFMR-002050,FDR-0006,SUB-002,33.513274,-112.005859,13.3,4.6,NMC,2022-08-01,SunPower,active
BATT-000384,CUST-0013326,XFMR-002054,FDR-0006,SUB-002,33.513757,-112.00524,20.1,6.8,LFP,2020-12-01,Enphase,active
BATT-000385,CUST-0013331,XFMR-002054,FDR-0006,SUB-002,33.513253,-112.004719,15.0,5.4,NMC,2024-02-01,SolarEdge,active
BATT-000386,CUST-0013337,XFMR-002055,FDR-0006,SUB-002,33.513356,-112.004748,19.0,8.7,NMC,2020-08-01,Tesla,active
BATT-000387,CUST-0013392,XFMR-002063,FDR-0006,SUB-002,33.513264,-112.003258,10.4,4.6,NMC,2023-07-01,Generac,active
BATT-000388,CUST-0013395,XFMR-002064,FDR-0006,SUB-002,33.513799,-112.003509,13.6,5.3,NMC,2020-07-01,Enphase,active
BATT-000389,CUST-0013432,XFMR-002068,FDR-0006,SUB-002,33.513723,-112.002476,18.4,5.9,LFP,2024-01-01,Enphase,active
BATT-000390,CUST-0013451,XFMR-002070,FDR-0006,SUB-002,33.513272,-112.002174,16.2,6.9,NMC,2022-09-01,SunPower,active
BATT-000391,CUST-0013542,XFMR-002083,FDR-0006,SUB-002,33.513774,-111.999411,13.3,5.7,NMC,2021-03-01,Enphase,active
BATT-000392,CUST-0013547,XFMR-002084,FDR-0006,SUB-002,33.513381,-111.999392,13.6,6.1,lithium-ion,2024-04-01,Generac,active
BATT-000393,CUST-0013552,XFMR-002084,FDR-0006,SUB-002,33.513636,-111.999276,16.9,6.5,lithium-ion,2023-11-01,Enphase,active
BATT-000394,CUST-0013670,XFMR-002103,FDR-0006,SUB-002,33.513809,-111.995158,15.3,5.2,LFP,2023-09-01,SunPower,active
BATT-000395,CUST-0013701,XFMR-002110,FDR-0006,SUB-002,33.513854,-111.993531,9.5,3.9,lithium-ion,2023-01-01,BYD,active
BATT-000396,CUST-0013705,XFMR-002111,FDR-0006,SUB-002,33.513269,-111.993238,13.7,4.4,lithium-ion,2022-06-01,Tesla,active
BATT-000397,CUST-0013761,XFMR-002120,FDR-0006,SUB-002,33.513845,-111.991674,20.5,9.2,LFP,2021-04-01,BYD,active
BATT-000398,CUST-0013856,XFMR-002132,FDR-0006,SUB-002,33.513391,-111.988866,10.2,4.6,LFP,2020-04-01,SolarEdge,active
BATT-000399,CUST-0013893,XFMR-002136,FDR-0006,SUB-002,33.51378,-111.988668,10.1,4.5,NMC,2024-06-01,BYD,active
BATT-000400,CUST-0013922,XFMR-002142,FDR-0006,SUB-002,33.513321,-111.987189,14.2,6.0,NMC,2023-02-01,Generac,active
BATT-000401,CUST-0013944,XFMR-002145,FDR-0006,SUB-002,33.513917,-111.98666,16.4,6.3,NMC,2023-07-01,SunPower,active
BATT-000402,CUST-0013970,XFMR-002149,FDR-0006,SUB-002,33.513343,-111.985832,204.2,52.1,LFP,2024-09-01,SunPower,active
BATT-000403,CUST-0013996,XFMR-002154,FDR-0006,SUB-002,33.513726,-111.98452,16.3,5.7,LFP,2021-09-01,SunPower,active
BATT-000404,CUST-0014127,XFMR-002177,FDR-0006,SUB-002,33.513876,-111.980043,237.4,102.1,NMC,2023-10-01,Enphase,active
BATT-000405,CUST-0014160,XFMR-002180,FDR-0006,SUB-002,33.513662,-111.979561,443.1,160.6,LFP,2023-10-01,Generac,active
BATT-000406,CUST-0014177,XFMR-002182,FDR-0006,SUB-002,33.513644,-111.979594,9.4,3.2,lithium-ion,2024-10-01,SunPower,active
BATT-000407,CUST-0014319,XFMR-002201,FDR-0006,SUB-002,33.513972,-111.974885,9.6,4.4,NMC,2021-05-01,Enphase,active
BATT-000408,CUST-0014325,XFMR-002202,FDR-0006,SUB-002,33.513603,-111.974945,357.3,163.7,lithium-ion,2023-10-01,BYD,active
BATT-000409,CUST-0014414,XFMR-002218,FDR-0006,SUB-002,33.513797,-111.972221,486.8,157.7,LFP,2022-01-01,Generac,active
BATT-000410,CUST-0014415,XFMR-002218,FDR-0006,SUB-002,33.513967,-111.972022,15.1,5.2,NMC,2020-02-01,SunPower,active
BATT-000411,CUST-0014430,XFMR-002219,FDR-0006,SUB-002,33.513795,-111.972114,12.2,5.4,LFP,2022-12-01,Tesla,active
BATT-000412,CUST-0014504,XFMR-002228,FDR-0006,SUB-002,33.513928,-111.96933,15.6,4.7,lithium-ion,2022-02-01,BYD,active
BATT-000413,CUST-0014596,XFMR-002243,FDR-0006,SUB-002,33.513365,-111.966679,462.5,120.9,LFP,2024-03-01,Generac,active
BATT-000414,CUST-0014630,XFMR-002246,FDR-0006,SUB-002,33.513791,-111.966222,13.3,4.4,LFP,2023-08-01,BYD,active
BATT-000415,CUST-0014636,XFMR-002248,FDR-0006,SUB-002,33.513966,-111.965558,16.3,6.8,lithium-ion,2021-03-01,SolarEdge,active
BATT-000416,CUST-0014653,XFMR-002250,FDR-0006,SUB-002,33.513338,-111.965827,21.6,6.7,LFP,2022-07-01,Tesla,active
BATT-000417,CUST-0014716,XFMR-002257,FDR-0006,SUB-002,33.513394,-111.963712,14.8,6.2,LFP,2021-10-01,Enphase,active
BATT-000418,CUST-0014753,XFMR-002263,FDR-0006,SUB-002,33.513437,-111.962579,127.0,54.1,LFP,2023-04-01,SolarEdge,active
BATT-000419,CUST-0014859,XFMR-002277,FDR-0006,SUB-002,33.513666,-111.959815,17.6,6.6,NMC,2023-05-01,SunPower,active
BATT-000420,CUST-0014866,XFMR-002278,FDR-0006,SUB-002,33.513969,-111.959414,18.7,5.7,lithium-ion,2022-09-01,SolarEdge,active
BATT-000421,CUST-0014868,XFMR-002278,FDR-0006,SUB-002,33.513876,-111.959442,10.6,3.5,LFP,2024-10-01,SolarEdge,active
BATT-000422,CUST-0014935,XFMR-002291,FDR-0006,SUB-002,33.513924,-111.956981,361.5,113.1,NMC,2020-11-01,Generac,active
BATT-000423,CUST-0014943,XFMR-002292,FDR-0006,SUB-002,33.51372,-111.956627,21.4,10.0,LFP,2023-07-01,Generac,active
BATT-000424,CUST-0014952,XFMR-002292,FDR-0006,SUB-002,33.513734,-111.956558,442.1,180.2,lithium-ion,2022-11-01,SunPower,active
BATT-000425,CUST-0014984,XFMR-002296,FDR-0006,SUB-002,33.513674,-111.956437,13.4,4.3,lithium-ion,2020-04-01,Generac,active
BATT-000426,CUST-0015003,XFMR-002298,FDR-0006,SUB-002,33.513169,-111.955725,21.3,7.1,LFP,2023-01-01,Generac,active
BATT-000427,CUST-0015004,XFMR-002298,FDR-0006,SUB-002,33.513221,-111.955189,10.3,4.0,lithium-ion,2022-06-01,Tesla,active
BATT-000428,CUST-0015071,XFMR-002308,FDR-0006,SUB-002,33.513207,-111.953331,9.3,2.8,LFP,2020-11-01,Generac,active
BATT-000429,CUST-0015098,XFMR-002311,FDR-0006,SUB-002,33.513718,-111.952616,10.7,4.9,lithium-ion,2023-05-01,BYD,active
BATT-000430,CUST-0015144,XFMR-002318,FDR-0006,SUB-002,33.513802,-111.951249,14.1,6.4,lithium-ion,2023-04-01,Generac,active
BATT-000431,CUST-0015172,XFMR-002320,FDR-0006,SUB-002,33.513882,-111.951186,16.8,5.7,NMC,2023-12-01,Generac,active
BATT-000432,CUST-0015174,XFMR-002320,FDR-0006,SUB-002,33.513798,-111.950895,9.4,3.9,LFP,2024-08-01,BYD,active
BATT-000433,CUST-0015204,XFMR-002326,FDR-0006,SUB-002,33.513521,-111.949835,10.9,5.2,LFP,2023-05-01,Tesla,active
BATT-000434,CUST-0015228,XFMR-002329,FDR-0006,SUB-002,33.513199,-111.948954,159.7,46.9,lithium-ion,2023-03-01,Generac,active
BATT-000435,CUST-0015230,XFMR-002330,FDR-0006,SUB-002,33.513813,-111.949068,20.5,9.7,LFP,2023-06-01,Enphase,active
BATT-000436,CUST-0015242,XFMR-002332,FDR-0006,SUB-002,33.51333,-111.949081,21.5,9.8,LFP,2020-03-01,SolarEdge,active
BATT-000437,CUST-0015247,XFMR-002333,FDR-0006,SUB-002,33.513222,-111.948592,14.0,5.7,LFP,2021-04-01,Generac,active
BATT-000438,CUST-0015261,XFMR-002335,FDR-0006,SUB-002,33.513409,-111.948232,20.4,6.3,LFP,2022-12-01,BYD,active
BATT-000439,CUST-0015280,XFMR-002337,FDR-0006,SUB-002,33.513219,-111.948114,10.9,4.4,lithium-ion,2022-10-01,BYD,active
BATT-000440,CUST-0015298,XFMR-002340,FDR-0006,SUB-002,33.513816,-111.946907,14.6,4.8,NMC,2020-10-01,BYD,active
BATT-000441,CUST-0015385,XFMR-002351,FDR-0007,SUB-002,33.513535,-112.075482,9.3,4.4,NMC,2021-06-01,Generac,active
BATT-000442,CUST-0015412,XFMR-002354,FDR-0007,SUB-002,33.513267,-112.075757,9.2,3.0,NMC,2024-08-01,Enphase,active
BATT-000443,CUST-0015452,XFMR-002362,FDR-0007,SUB-002,33.513997,-112.077979,21.5,7.0,LFP,2022-02-01,Generac,active
BATT-000444,CUST-0015512,XFMR-002373,FDR-0007,SUB-002,33.513745,-112.0818,9.5,3.4,lithium-ion,2020-02-01,Enphase,active
BATT-000445,CUST-0015546,XFMR-002378,FDR-0007,SUB-002,33.513677,-112.082751,315.7,106.9,NMC,2023-05-01,Generac,active
BATT-000446,CUST-0015548,XFMR-002378,FDR-0007,SUB-002,33.513783,-112.083053,9.6,4.5,NMC,2022-04-01,Generac,active
BATT-000447,CUST-0015616,XFMR-002389,FDR-0007,SUB-002,33.51364,-112.086436,9.2,3.7,NMC,2020-05-01,Enphase,active
BATT-000448,CUST-0015621,XFMR-002390,FDR-0007,SUB-002,33.513242,-112.086517,12.5,3.8,lithium-ion,2023-09-01,BYD,active
BATT-000449,CUST-0015640,XFMR-002393,FDR-0007,SUB-002,33.513399,-112.087686,20.7,10.2,NMC,2023-04-01,BYD,active
BATT-000450,CUST-0015641,XFMR-002393,FDR-0007,SUB-002,33.513342,-112.088003,17.6,7.3,LFP,2022-01-01,Tesla,active
BATT-000451,CUST-0015679,XFMR-002397,FDR-0007,SUB-002,33.51375,-112.088704,13.2,4.0,NMC,2023-04-01,Tesla,active
BATT-000452,CUST-0015685,XFMR-002398,FDR-0007,SUB-002,33.513877,-112.089303,21.8,9.2,NMC,2021-12-01,SunPower,active
BATT-000453,CUST-0015696,XFMR-002399,FDR-0007,SUB-002,33.513997,-112.089791,389.2,133.2,LFP,2021-07-01,BYD,active
BATT-000454,CUST-0015752,XFMR-002406,FDR-0007,SUB-002,33.513524,-112.091021,21.1,7.4,NMC,2020-04-01,Tesla,active
BATT-000455,CUST-0015792,XFMR-002412,FDR-0007,SUB-002,33.513305,-112.092757,17.1,6.3,lithium-ion,2022-02-01,SolarEdge,active
BATT-000456,CUST-0015799,XFMR-002412,FDR-0007,SUB-002,33.513686,-112.092981,16.6,7.7,NMC,2021-08-01,SunPower,active
BATT-000457,CUST-0015812,XFMR-002414,FDR-0007,SUB-002,33.513845,-112.093804,477.9,228.1,LFP,2021-05-01,SolarEdge,active
BATT-000458,CUST-0015814,XFMR-002414,FDR-0007,SUB-002,33.513503,-112.09344,20.8,9.2,LFP,2024-04-01,SunPower,active
BATT-000459,CUST-0015844,XFMR-002418,FDR-0007,SUB-002,33.513371,-112.095062,13.5,4.4,NMC,2022-02-01,BYD,active
BATT-000460,CUST-0015852,XFMR-002421,FDR-0007,SUB-002,33.513747,-112.095483,14.8,5.6,NMC,2020-06-01,SunPower,active
BATT-000461,CUST-0015972,XFMR-002439,FDR-0007,SUB-002,33.513347,-112.101794,14.5,6.1,LFP,2021-05-01,Generac,active
BATT-000462,CUST-0015973,XFMR-002439,FDR-0007,SUB-002,33.513301,-112.101375,20.1,8.6,NMC,2020-12-01,Enphase,active
BATT-000463,CUST-0016013,XFMR-002446,FDR-0007,SUB-002,33.513716,-112.102863,89.2,43.0,lithium-ion,2024-12-01,BYD,active
BATT-000464,CUST-0016031,XFMR-002448,FDR-0007,SUB-002,33.513977,-112.104265,89.2,39.6,lithium-ion,2020-12-01,Enphase,active
BATT-000465,CUST-0016060,XFMR-002452,FDR-0007,SUB-002,33.513343,-112.105334,10.1,4.9,lithium-ion,2022-08-01,Tesla,active
BATT-000466,CUST-0016079,XFMR-002455,FDR-0007,SUB-002,33.513552,-112.106202,10.8,3.5,LFP,2022-07-01,Enphase,active
BATT-000467,CUST-0016102,XFMR-002457,FDR-0007,SUB-002,33.513399,-112.106972,9.0,4.1,NMC,2024-10-01,BYD,active
BATT-000468,CUST-0016138,XFMR-002462,FDR-0007,SUB-002,33.513421,-112.107597,17.3,6.7,NMC,2020-08-01,SunPower,active
BATT-000469,CUST-0016207,XFMR-002473,FDR-0008,SUB-003,33.528145,-112.022395,21.1,9.4,lithium-ion,2024-03-01,Generac,active
BATT-000470,CUST-0016234,XFMR-002477,FDR-0008,SUB-003,33.527982,-112.023353,132.0,63.2,lithium-ion,2020-04-01,SolarEdge,active
BATT-000471,CUST-0016251,XFMR-002480,FDR-0008,SUB-003,33.528452,-112.023587,10.4,4.2,LFP,2023-05-01,Tesla,active
BATT-000472,CUST-0016305,XFMR-002489,FDR-0008,SUB-003,33.527963,-112.02487,16.6,5.4,NMC,2020-01-01,Tesla,active
BATT-000473,CUST-0016323,XFMR-002492,FDR-0008,SUB-003,33.52782,-112.026177,91.3,36.2,lithium-ion,2022-11-01,Enphase,active
BATT-000474,CUST-0016338,XFMR-002494,FDR-0008,SUB-003,33.528245,-112.026366,343.7,106.4,NMC,2020-03-01,SunPower,active
BATT-000475,CUST-0016339,XFMR-002495,FDR-0008,SUB-003,33.528356,-112.026411,10.3,3.3,lithium-ion,2020-11-01,SolarEdge,active
BATT-000476,CUST-0016398,XFMR-002504,FDR-0008,SUB-003,33.528444,-112.027788,53.5,19.8,LFP,2020-11-01,Generac,active
BATT-000477,CUST-0016494,XFMR-002522,FDR-0008,SUB-003,33.527898,-112.031073,13.6,5.8,LFP,2024-01-01,Tesla,active
BATT-000478,CUST-0016505,XFMR-002523,FDR-0008,SUB-003,33.528497,-112.030684,18.6,6.4,lithium-ion,2024-08-01,SolarEdge,active
BATT-000479,CUST-0016547,XFMR-002532,FDR-0008,SUB-003,33.528184,-112.032815,52.2,21.8,NMC,2022-06-01,SunPower,active
BATT-000480,CUST-0016552,XFMR-002533,FDR-0008,SUB-003,33.527748,-112.033069,12.6,5.3,lithium-ion,2020-10-01,BYD,active
BATT-000481,CUST-0016583,XFMR-002538,FDR-0008,SUB-003,33.527794,-112.033529,14.6,5.0,NMC,2022-04-01,SolarEdge,active
BATT-000482,CUST-0016585,XFMR-002538,FDR-0008,SUB-003,33.527889,-112.033804,19.9,9.4,lithium-ion,2023-04-01,BYD,active
BATT-000483,CUST-0016590,XFMR-002539,FDR-0008,SUB-003,33.528277,-112.034221,10.7,4.1,lithium-ion,2024-06-01,Generac,active
BATT-000484,CUST-0016630,XFMR-002544,FDR-0008,SUB-003,33.528368,-112.034604,20.6,9.5,LFP,2020-10-01,SunPower,active
BATT-000485,CUST-0016649,XFMR-002545,FDR-0008,SUB-003,33.528511,-112.03496,9.0,3.1,NMC,2022-02-01,BYD,active
BATT-000486,CUST-0016662,XFMR-002548,FDR-0008,SUB-003,33.527946,-112.035581,15.3,5.4,lithium-ion,2023-04-01,Enphase,active
BATT-000487,CUST-0016680,XFMR-002550,FDR-0008,SUB-003,33.528327,-112.035742,9.6,4.8,lithium-ion,2020-03-01,Tesla,active
BATT-000488,CUST-0016716,XFMR-002558,FDR-0008,SUB-003,33.527818,-112.036667,10.9,3.4,lithium-ion,2021-10-01,Tesla,active
BATT-000489,CUST-0016784,XFMR-002570,FDR-0008,SUB-003,33.528464,-112.039238,10.8,4.6,NMC,2022-11-01,SolarEdge,active
BATT-000490,CUST-0016794,XFMR-002571,FDR-0008,SUB-003,33.528371,-112.038881,13.1,5.0,LFP,2021-08-01,SunPower,active
BATT-000491,CUST-0016834,XFMR-002577,FDR-0008,SUB-003,33.528344,-112.039984,10.7,5.2,lithium-ion,2022-11-01,Generac,active
BATT-000492,CUST-0016838,XFMR-002577,FDR-0008,SUB-003,33.528274,-112.040791,10.8,4.1,LFP,2022-05-01,Tesla,active
BATT-000493,CUST-0016848,XFMR-002579,FDR-0008,SUB-003,33.528333,-112.040278,19.5,9.3,lithium-ion,2023-07-01,SolarEdge,active
BATT-000494,CUST-0016853,XFMR-002579,FDR-0008,SUB-003,33.528289,-112.040891,327.8,132.6,lithium-ion,2020-01-01,SolarEdge,active
BATT-000495,CUST-0016882,XFMR-002583,FDR-0008,SUB-003,33.527933,-112.041058,17.4,5.6,NMC,2021-05-01,Enphase,active
BATT-000496,CUST-0016887,XFMR-002585,FDR-0008,SUB-003,33.528362,-112.04186,10.9,4.6,LFP,2020-01-01,Tesla,active
BATT-000497,CUST-0016891,XFMR-002585,FDR-0008,SUB-003,33.527953,-112.041739,14.1,6.8,LFP,2021-03-01,SunPower,active
BATT-000498,CUST-0016916,XFMR-002589,FDR-0008,SUB-003,33.528286,-112.042714,9.2,3.8,NMC,2020-02-01,Generac,active
BATT-000499,CUST-0016918,XFMR-002591,FDR-0008,SUB-003,33.527722,-112.042653,16.2,5.8,LFP,2020-09-01,SolarEdge,active
BATT-000500,CUST-0016929,XFMR-002593,FDR-0008,SUB-003,33.527722,-112.043624,13.9,4.8,lithium-ion,2021-05-01,Enphase,active
BATT-000501,CUST-0016933,XFMR-002593,FDR-0008,SUB-003,33.527724,-112.042931,10.3,3.2,NMC,2023-06-01,Generac,active
BATT-000502,CUST-0016939,XFMR-002594,FDR-0008,SUB-003,33.528268,-112.043604,21.7,7.0,LFP,2022-12-01,Tesla,active
BATT-000503,CUST-0016971,XFMR-002599,FDR-0008,SUB-003,33.528427,-112.044303,20.5,6.8,NMC,2020-02-01,SolarEdge,active
BATT-000504,CUST-0016996,XFMR-002603,FDR-0008,SUB-003,33.528465,-112.045217,19.0,7.7,lithium-ion,2023-08-01,Generac,active
BATT-000505,CUST-0017011,XFMR-002604,FDR-0008,SUB-003,33.527886,-112.045231,9.3,3.5,lithium-ion,2021-12-01,Tesla,active
BATT-000506,CUST-0017037,XFMR-002613,FDR-0008,SUB-003,33.528297,-112.04667,20.3,8.2,NMC,2023-07-01,Enphase,active
BATT-000507,CUST-0017061,XFMR-002616,FDR-0008,SUB-003,33.52822,-112.047443,19.2,7.0,LFP,2021-07-01,SunPower,active
BATT-000508,CUST-0017065,XFMR-002616,FDR-0008,SUB-003,33.528173,-112.047034,165.2,46.2,lithium-ion,2020-03-01,Enphase,active
BATT-000509,CUST-0017092,XFMR-002620,FDR-0008,SUB-003,33.528479,-112.047916,19.9,8.1,LFP,2021-02-01,Tesla,active
BATT-000510,CUST-0017106,XFMR-002623,FDR-0008,SUB-003,33.528367,-112.048194,10.9,4.6,NMC,2022-07-01,Enphase,active
BATT-000511,CUST-0017112,XFMR-002623,FDR-0008,SUB-003,33.527861,-112.048008,17.3,8.2,NMC,2021-01-01,SolarEdge,active
BATT-000512,CUST-0017122,XFMR-002625,FDR-0008,SUB-003,33.527695,-112.048945,9.5,3.2,lithium-ion,2021-11-01,SunPower,active
BATT-000513,CUST-0017134,XFMR-002626,FDR-0008,SUB-003,33.527903,-112.04836,16.3,6.1,NMC,2023-12-01,SolarEdge,inactive
BATT-000514,CUST-0017136,XFMR-002626,FDR-0008,SUB-003,33.528289,-112.049073,18.3,7.4,LFP,2023-05-01,Generac,active
BATT-000515,CUST-0017161,XFMR-002630,FDR-0008,SUB-003,33.527966,-112.049184,167.5,64.7,NMC,2020-02-01,SolarEdge,active
BATT-000516,CUST-0017181,XFMR-002634,FDR-0008,SUB-003,33.527918,-112.049896,19.6,6.5,NMC,2021-12-01,BYD,active
BATT-000517,CUST-0017227,XFMR-002640,FDR-0008,SUB-003,33.52799,-112.050791,187.5,55.3,NMC,2022-05-01,SolarEdge,active
BATT-000518,CUST-0017306,XFMR-002653,FDR-0008,SUB-003,33.527884,-112.05392,14.1,5.8,lithium-ion,2024-02-01,BYD,active
BATT-000519,CUST-0017336,XFMR-002657,FDR-0008,SUB-003,33.527697,-112.053702,17.1,5.2,LFP,2020-02-01,Tesla,active
BATT-000520,CUST-0017503,XFMR-002684,FDR-0008,SUB-003,33.527911,-112.059005,13.1,5.9,lithium-ion,2024-05-01,SunPower,inactive
BATT-000521,CUST-0017514,XFMR-002686,FDR-0008,SUB-003,33.5284,-112.059196,16.5,8.2,lithium-ion,2023-08-01,Enphase,active
BATT-000522,CUST-0017548,XFMR-002690,FDR-0008,SUB-003,33.528288,-112.060063,10.3,4.7,LFP,2020-02-01,BYD,active
BATT-000523,CUST-0017601,XFMR-002699,FDR-0008,SUB-003,33.528278,-112.061596,19.9,8.1,lithium-ion,2024-08-01,SunPower,active
BATT-000524,CUST-0017614,XFMR-002703,FDR-0008,SUB-003,33.527999,-112.062003,16.0,6.3,LFP,2020-02-01,SolarEdge,active
BATT-000525,CUST-0017631,XFMR-002704,FDR-0008,SUB-003,33.528431,-112.06169,12.8,4.0,NMC,2024-01-01,SolarEdge,active
BATT-000526,CUST-0017661,XFMR-002708,FDR-0008,SUB-003,33.528312,-112.062594,9.7,4.3,LFP,2023-12-01,Tesla,active
BATT-000527,CUST-0017710,XFMR-002714,FDR-0008,SUB-003,33.528523,-112.063912,17.2,6.7,NMC,2020-11-01,SolarEdge,active
BATT-000528,CUST-0017785,XFMR-002728,FDR-0008,SUB-003,33.528502,-112.065734,319.2,140.7,lithium-ion,2020-07-01,Tesla,active
BATT-000529,CUST-0017830,XFMR-002738,FDR-0008,SUB-003,33.527855,-112.067675,13.4,5.9,lithium-ion,2024-12-01,BYD,active
BATT-000530,CUST-0017851,XFMR-002741,FDR-0008,SUB-003,33.527736,-112.06859,16.7,7.7,NMC,2021-08-01,Generac,inactive
BATT-000531,CUST-0017856,XFMR-002742,FDR-0008,SUB-003,33.528384,-112.068793,16.9,7.2,LFP,2024-10-01,Generac,active
BATT-000532,CUST-0017859,XFMR-002743,FDR-0008,SUB-003,33.527875,-112.068934,10.3,3.3,lithium-ion,2024-12-01,Enphase,active
BATT-000533,CUST-0017893,XFMR-002747,FDR-0008,SUB-003,33.527765,-112.06993,10.8,4.0,lithium-ion,2024-09-01,Tesla,active
BATT-000534,CUST-0017907,XFMR-002748,FDR-0008,SUB-003,33.527827,-112.06971,9.6,4.8,lithium-ion,2023-11-01,SolarEdge,active
BATT-000535,CUST-0018088,XFMR-002776,FDR-0008,SUB-003,33.527892,-112.07479,15.7,7.5,NMC,2020-05-01,Enphase,active
BATT-000536,CUST-0018159,XFMR-002788,FDR-0008,SUB-003,33.527789,-112.076024,126.0,32.8,NMC,2021-10-01,BYD,active
BATT-000537,CUST-0018189,XFMR-002792,FDR-0008,SUB-003,33.528273,-112.077516,9.1,4.0,NMC,2023-05-01,SunPower,active
BATT-000538,CUST-0018243,XFMR-002802,FDR-0008,SUB-003,33.528306,-112.078892,12.3,5.7,LFP,2020-02-01,Generac,active
BATT-000539,CUST-0018257,XFMR-002804,FDR-0008,SUB-003,33.528499,-112.079405,291.8,89.4,LFP,2021-03-01,Tesla,active
BATT-000540,CUST-0018261,XFMR-002805,FDR-0008,SUB-003,33.528247,-112.079586,10.3,3.8,lithium-ion,2020-01-01,SunPower,active
BATT-000541,CUST-0018275,XFMR-002808,FDR-0008,SUB-003,33.52805,-112.07978,21.1,8.1,LFP,2022-02-01,SunPower,active
BATT-000542,CUST-0018276,XFMR-002808,FDR-0008,SUB-003,33.527918,-112.080312,9.9,4.4,NMC,2020-09-01,SolarEdge,active
BATT-000543,CUST-0018323,XFMR-002817,FDR-0008,SUB-003,33.527886,-112.081209,19.3,5.8,LFP,2022-07-01,SunPower,active
BATT-000544,CUST-0018327,XFMR-002817,FDR-0008,SUB-003,33.52801,-112.081727,13.6,6.6,LFP,2020-04-01,Generac,active
BATT-000545,CUST-0018468,XFMR-002837,FDR-0008,SUB-003,33.528514,-112.085338,14.6,6.7,NMC,2023-02-01,Generac,active
BATT-000546,CUST-0018517,XFMR-002843,FDR-0008,SUB-003,33.528282,-112.085671,20.8,6.6,lithium-ion,2020-05-01,SunPower,active
BATT-000547,CUST-0018533,XFMR-002844,FDR-0008,SUB-003,33.527747,-112.086106,9.5,3.0,lithium-ion,2024-03-01,BYD,active
BATT-000548,CUST-0018652,XFMR-002859,FDR-0008,SUB-003,33.528232,-112.088603,9.6,3.5,LFP,2023-05-01,Enphase,active
BATT-000549,CUST-0018679,XFMR-002863,FDR-0008,SUB-003,33.527699,-112.089175,13.0,5.6,lithium-ion,2021-09-01,SolarEdge,active
BATT-000550,CUST-0018700,XFMR-002865,FDR-0008,SUB-003,33.528473,-112.089935,15.2,5.8,NMC,2021-03-01,Enphase,active
BATT-000551,CUST-0018739,XFMR-002872,FDR-0008,SUB-003,33.528429,-112.090617,10.8,5.0,NMC,2021-05-01,Generac,active
BATT-000552,CUST-0018794,XFMR-002883,FDR-0008,SUB-003,33.52827,-112.092973,17.5,7.3,LFP,2021-02-01,Enphase,active
BATT-000553,CUST-0018800,XFMR-002884,FDR-0008,SUB-003,33.528332,-112.093391,269.9,127.0,lithium-ion,2024-09-01,Enphase,active
BATT-000554,CUST-0018832,XFMR-002888,FDR-0008,SUB-003,33.527931,-112.09345,9.5,4.0,NMC,2021-01-01,Tesla,active
BATT-000555,CUST-0018837,XFMR-002889,FDR-0008,SUB-003,33.527854,-112.094047,9.1,3.5,LFP,2022-04-01,Enphase,active
BATT-000556,CUST-0018842,XFMR-002891,FDR-0008,SUB-003,33.52839,-112.094246,13.2,4.7,lithium-ion,2020-02-01,BYD,active
BATT-000557,CUST-0018843,XFMR-002892,FDR-0008,SUB-003,33.528176,-112.094329,17.0,5.5,NMC,2020-03-01,SunPower,active
BATT-000558,CUST-0018845,XFMR-002892,FDR-0008,SUB-003,33.528259,-112.094585,10.0,4.8,LFP,2023-08-01,SunPower,active
BATT-000559,CUST-0018863,XFMR-002895,FDR-0008,SUB-003,33.528007,-112.09474,222.0,69.6,NMC,2024-01-01,Generac,active
BATT-000560,CUST-0018937,XFMR-002906,FDR-0008,SUB-003,33.527649,-112.096562,10.1,4.2,LFP,2021-07-01,SolarEdge,active
BATT-000561,CUST-0018973,XFMR-002914,FDR-0008,SUB-003,33.528422,-112.09792,25.2,8.3,lithium-ion,2020-12-01,Enphase,active
BATT-000562,CUST-0018977,XFMR-002915,FDR-0008,SUB-003,33.528292,-112.098126,16.1,5.4,lithium-ion,2022-10-01,Generac,active
BATT-000563,CUST-0018985,XFMR-002915,FDR-0008,SUB-003,33.52822,-112.097847,10.4,5.0,NMC,2023-09-01,Tesla,active
BATT-000564,CUST-0019056,XFMR-002929,FDR-0008,SUB-003,33.527847,-112.101156,9.8,3.0,lithium-ion,2023-12-01,Tesla,active
BATT-000565,CUST-0019098,XFMR-002937,FDR-0008,SUB-003,33.527846,-112.101896,13.0,5.1,lithium-ion,2022-07-01,SolarEdge,active
BATT-000566,CUST-0019102,XFMR-002937,FDR-0008,SUB-003,33.528418,-112.102053,230.9,60.3,NMC,2021-06-01,SunPower,active
BATT-000567,CUST-0019104,XFMR-002938,FDR-0008,SUB-003,33.52776,-112.102042,9.9,4.4,lithium-ion,2020-12-01,BYD,active
BATT-000568,CUST-0019219,XFMR-002959,FDR-0008,SUB-003,33.527935,-112.106067,20.9,9.2,LFP,2022-03-01,Tesla,active
BATT-000569,CUST-0019243,XFMR-002963,FDR-0008,SUB-003,33.527968,-112.106026,27.7,11.6,lithium-ion,2023-11-01,Tesla,active
BATT-000570,CUST-0019250,XFMR-002963,FDR-0008,SUB-003,33.527953,-112.106636,14.5,5.1,NMC,2022-04-01,Tesla,active
BATT-000571,CUST-0019282,XFMR-002968,FDR-0008,SUB-003,33.528325,-112.107684,16.0,8.0,lithium-ion,2020-04-01,BYD,active
BATT-000572,CUST-0019285,XFMR-002968,FDR-0008,SUB-003,33.527927,-112.107779,9.4,4.2,NMC,2023-08-01,SunPower,active
BATT-000573,CUST-0019441,XFMR-002994,FDR-0008,SUB-003,33.527933,-112.111844,10.1,3.6,NMC,2024-10-01,Enphase,active
BATT-000574,CUST-0019446,XFMR-002995,FDR-0008,SUB-003,33.528328,-112.112469,19.4,6.6,lithium-ion,2023-10-01,Enphase,active
BATT-000575,CUST-0019479,XFMR-002999,FDR-0008,SUB-003,33.52782,-112.113184,18.9,5.7,LFP,2023-06-01,Generac,active
BATT-000576,CUST-0019480,XFMR-002999,FDR-0008,SUB-003,33.528344,-112.11239,9.5,3.3,LFP,2021-01-01,Enphase,active
BATT-000577,CUST-0019481,XFMR-002999,FDR-0008,SUB-003,33.5278,-112.112635,458.5,131.7,LFP,2022-01-01,Enphase,active
BATT-000578,CUST-0019495,XFMR-003001,FDR-0008,SUB-003,33.527901,-112.112846,269.3,120.9,LFP,2022-10-01,SunPower,active
BATT-000579,CUST-0019500,XFMR-003002,FDR-0008,SUB-003,33.527878,-112.113114,53.5,16.6,LFP,2023-10-01,Tesla,active
BATT-000580,CUST-0019523,XFMR-003006,FDR-0008,SUB-003,33.528013,-112.113427,16.8,6.7,NMC,2020-04-01,BYD,active
BATT-000581,CUST-0019530,XFMR-003008,FDR-0008,SUB-003,33.528235,-112.11407,10.9,3.6,lithium-ion,2022-02-01,BYD,active
BATT-000582,CUST-0019611,XFMR-003021,FDR-0008,SUB-003,33.528078,-112.116884,15.9,7.8,NMC,2022-03-01,SunPower,active
BATT-000583,CUST-0019617,XFMR-003021,FDR-0008,SUB-003,33.528047,-112.116416,9.8,4.3,lithium-ion,2020-03-01,SolarEdge,active
BATT-000584,CUST-0019643,XFMR-003024,FDR-0008,SUB-003,33.52823,-112.117441,14.8,4.8,LFP,2021-08-01,BYD,active
BATT-000585,CUST-0019648,XFMR-003024,FDR-0008,SUB-003,33.528266,-112.117239,19.3,8.5,NMC,2022-02-01,BYD,active
BATT-000586,CUST-0019684,XFMR-003032,FDR-0008,SUB-003,33.52825,-112.118592,14.5,6.1,LFP,2023-03-01,Enphase,active
BATT-000587,CUST-0019686,XFMR-003032,FDR-0008,SUB-003,33.528151,-112.118334,18.5,9.2,lithium-ion,2020-04-01,Tesla,active
BATT-000588,CUST-0019687,XFMR-003032,FDR-0008,SUB-003,33.528122,-112.118003,10.2,4.7,lithium-ion,2023-09-01,Generac,active
BATT-000589,CUST-0019794,XFMR-003051,FDR-0008,SUB-003,33.528004,-112.121353,81.3,35.8,lithium-ion,2023-08-01,Tesla,active
BATT-000590,CUST-0019798,XFMR-003051,FDR-0008,SUB-003,33.528328,-112.121654,18.3,5.5,NMC,2020-08-01,SunPower,active
BATT-000591,CUST-0019812,XFMR-003054,FDR-0008,SUB-003,33.527686,-112.122602,21.8,10.0,LFP,2020-08-01,Enphase,active
BATT-000592,CUST-0019822,XFMR-003056,FDR-0008,SUB-003,33.527847,-112.12284,19.7,7.5,LFP,2024-08-01,SolarEdge,active
BATT-000593,CUST-0019910,XFMR-003067,FDR-0008,SUB-003,33.527937,-112.124661,57.0,18.2,NMC,2020-01-01,Generac,active
BATT-000594,CUST-0019920,XFMR-003069,FDR-0008,SUB-003,33.528304,-112.125037,12.9,5.8,lithium-ion,2022-08-01,SunPower,active
BATT-000595,CUST-0019931,XFMR-003070,FDR-0008,SUB-003,33.527695,-112.125203,107.9,53.0,lithium-ion,2020-10-01,Enphase,active
BATT-000596,CUST-0020075,XFMR-003092,FDR-0008,SUB-003,33.528467,-112.128983,12.6,5.3,lithium-ion,2023-12-01,Generac,active
BATT-000597,CUST-0020242,XFMR-003117,FDR-0008,SUB-003,33.528187,-112.132936,357.6,90.5,NMC,2020-07-01,Tesla,active
BATT-000598,CUST-0020256,XFMR-003120,FDR-0008,SUB-003,33.527727,-112.133202,20.0,9.0,lithium-ion,2020-12-01,Enphase,active
BATT-000599,CUST-0020286,XFMR-003125,FDR-0008,SUB-003,33.528406,-112.13412,9.9,4.2,NMC,2024-09-01,SunPower,active
BATT-000600,CUST-0020336,XFMR-003131,FDR-0008,SUB-003,33.527807,-112.135697,9.8,4.3,NMC,2022-01-01,Enphase,active
BATT-000601,CUST-0020409,XFMR-003141,FDR-0008,SUB-003,33.528144,-112.137176,16.9,6.8,lithium-ion,2022-12-01,Enphase,active
BATT-000602,CUST-0020410,XFMR-003141,FDR-0008,SUB-003,33.528163,-112.137385,15.4,6.7,LFP,2022-12-01,Tesla,active
BATT-000603,CUST-0020452,XFMR-003148,FDR-0008,SUB-003,33.528268,-112.138012,13.2,6.4,NMC,2023-08-01,Enphase,active
BATT-000604,CUST-0020467,XFMR-003149,FDR-0008,SUB-003,33.527999,-112.138618,338.3,92.3,LFP,2020-09-01,SolarEdge,active
BATT-000605,CUST-0020505,XFMR-003154,FDR-0008,SUB-003,33.527778,-112.139762,20.2,7.9,LFP,2021-04-01,SunPower,active
BATT-000606,CUST-0020537,XFMR-003159,FDR-0008,SUB-003,33.527909,-112.14034,399.2,190.4,NMC,2021-05-01,SunPower,active
BATT-000607,CUST-0020557,XFMR-003162,FDR-0008,SUB-003,33.528467,-112.140223,18.3,7.5,LFP,2023-03-01,SolarEdge,active
BATT-000608,CUST-0020582,XFMR-003165,FDR-0008,SUB-003,33.528156,-112.14145,16.2,7.4,NMC,2020-09-01,BYD,active
BATT-000609,CUST-0020614,XFMR-003170,FDR-0008,SUB-003,33.52785,-112.141891,15.8,5.4,NMC,2022-01-01,SunPower,active
BATT-000610,CUST-0020634,XFMR-003173,FDR-0008,SUB-003,33.528479,-112.142778,19.7,7.4,lithium-ion,2024-06-01,Enphase,active
BATT-000611,CUST-0020641,XFMR-003174,FDR-0008,SUB-003,33.527779,-112.142298,18.1,7.4,LFP,2021-04-01,Tesla,active
BATT-000612,CUST-0020649,XFMR-003175,FDR-0008,SUB-003,33.527969,-112.143254,19.2,8.8,NMC,2020-08-01,BYD,active
BATT-000613,CUST-0020659,XFMR-003176,FDR-0008,SUB-003,33.527827,-112.142972,18.4,8.3,NMC,2023-03-01,Generac,active
BATT-000614,CUST-0020665,XFMR-003177,FDR-0008,SUB-003,33.5282,-112.14292,9.6,3.7,LFP,2021-06-01,BYD,active
BATT-000615,CUST-0020727,XFMR-003182,FDR-0008,SUB-003,33.528034,-112.143848,15.9,5.7,LFP,2024-03-01,Enphase,active
BATT-000616,CUST-0020737,XFMR-003187,FDR-0008,SUB-003,33.528312,-112.145275,9.7,3.7,LFP,2021-01-01,BYD,active
BATT-000617,CUST-0020745,XFMR-003187,FDR-0008,SUB-003,33.528371,-112.145322,94.4,34.8,lithium-ion,2020-11-01,SunPower,active
BATT-000618,CUST-0020789,XFMR-003194,FDR-0008,SUB-003,33.528368,-112.146312,9.6,3.1,LFP,2021-06-01,SunPower,inactive
BATT-000619,CUST-0020814,XFMR-003197,FDR-0008,SUB-003,33.527791,-112.146534,17.2,8.4,NMC,2022-07-01,Generac,inactive
BATT-000620,CUST-0020849,XFMR-003202,FDR-0009,SUB-003,33.527768,-112.021507,19.1,8.0,NMC,2021-01-01,SunPower,active
BATT-000621,CUST-0020857,XFMR-003203,FDR-0009,SUB-003,33.527974,-112.020959,16.6,5.7,NMC,2024-09-01,SunPower,active
BATT-000622,CUST-0020892,XFMR-003208,FDR-0009,SUB-003,33.528346,-112.020471,10.1,4.7,NMC,2021-11-01,SolarEdge,active
BATT-000623,CUST-0020958,XFMR-003220,FDR-0009,SUB-003,33.528159,-112.019583,12.9,4.7,LFP,2020-09-01,Generac,active
BATT-000624,CUST-0020980,XFMR-003223,FDR-0009,SUB-003,33.527938,-112.018484,19.6,8.9,NMC,2024-04-01,BYD,inactive
BATT-000625,CUST-0021020,XFMR-003230,FDR-0009,SUB-003,33.528304,-112.017992,9.9,4.1,NMC,2023-12-01,Tesla,active
BATT-000626,CUST-0021038,XFMR-003233,FDR-0009,SUB-003,33.528334,-112.018128,100.7,25.2,LFP,2024-08-01,Generac,active
BATT-000627,CUST-0021053,XFMR-003234,FDR-0009,SUB-003,33.528189,-112.017697,19.0,7.5,LFP,2024-10-01,Generac,active
BATT-000628,CUST-0021069,XFMR-003236,FDR-0009,SUB-003,33.528246,-112.017643,14.6,6.9,LFP,2024-05-01,Enphase,active
BATT-000629,CUST-0021094,XFMR-003240,FDR-0009,SUB-003,33.528187,-112.016593,9.5,3.1,LFP,2022-10-01,SunPower,active
BATT-000630,CUST-0021136,XFMR-003246,FDR-0009,SUB-003,33.528186,-112.015751,42.4,16.7,lithium-ion,2022-01-01,SolarEdge,active
BATT-000631,CUST-0021170,XFMR-003251,FDR-0009,SUB-003,33.527839,-112.01523,99.3,38.5,NMC,2024-12-01,Enphase,active
BATT-000632,CUST-0021190,XFMR-003255,FDR-0009,SUB-003,33.528189,-112.014899,21.6,8.1,LFP,2021-10-01,Tesla,active
BATT-000633,CUST-0021271,XFMR-003265,FDR-0009,SUB-003,33.528344,-112.013542,12.3,5.5,lithium-ion,2020-04-01,Generac,active
BATT-000634,CUST-0021282,XFMR-003266,FDR-0009,SUB-003,33.527889,-112.013787,21.2,7.4,NMC,2020-05-01,BYD,active
BATT-000635,CUST-0021292,XFMR-003266,FDR-0009,SUB-003,33.528375,-112.013589,21.5,7.8,NMC,2021-05-01,Generac,active
BATT-000636,CUST-0021381,XFMR-003280,FDR-0009,SUB-003,33.528243,-112.012305,17.3,6.2,NMC,2022-10-01,Enphase,active
BATT-000637,CUST-0021425,XFMR-003287,FDR-0009,SUB-003,33.528293,-112.011403,10.0,4.1,LFP,2023-05-01,BYD,active
BATT-000638,CUST-0021448,XFMR-003290,FDR-0009,SUB-003,33.527721,-112.010673,14.7,5.1,LFP,2021-09-01,Generac,active
BATT-000639,CUST-0021449,XFMR-003290,FDR-0009,SUB-003,33.527695,-112.01038,21.7,9.0,NMC,2020-04-01,Enphase,active
BATT-000640,CUST-0021454,XFMR-003292,FDR-0009,SUB-003,33.528368,-112.010276,16.4,5.6,LFP,2023-04-01,SolarEdge,active
BATT-000641,CUST-0021505,XFMR-003300,FDR-0009,SUB-003,33.527724,-112.009251,238.4,110.6,LFP,2021-05-01,Enphase,active
BATT-000642,CUST-0021511,XFMR-003302,FDR-0009,SUB-003,33.528449,-112.009739,10.2,4.1,NMC,2022-03-01,BYD,active
BATT-000643,CUST-0021528,XFMR-003305,FDR-0009,SUB-003,33.528511,-112.008929,18.9,6.6,lithium-ion,2024-06-01,Tesla,active
BATT-000644,CUST-0021534,XFMR-003306,FDR-0009,SUB-003,33.52786,-112.009377,15.8,5.5,NMC,2023-06-01,Tesla,active
BATT-000645,CUST-0021554,XFMR-003308,FDR-0009,SUB-003,33.528358,-112.008831,20.9,9.8,lithium-ion,2021-08-01,SolarEdge,active
BATT-000646,CUST-0021576,XFMR-003311,FDR-0009,SUB-003,33.52847,-112.008065,92.6,38.3,LFP,2023-04-01,SunPower,active
BATT-000647,CUST-0021579,XFMR-003311,FDR-0009,SUB-003,33.52788,-112.008714,14.7,7.2,NMC,2021-12-01,SolarEdge,active
BATT-000648,CUST-0021580,XFMR-003311,FDR-0009,SUB-003,33.528045,-112.007934,34.8,12.7,NMC,2022-06-01,SunPower,active
BATT-000649,CUST-0021587,XFMR-003312,FDR-0009,SUB-003,33.528014,-112.008367,370.3,166.7,lithium-ion,2024-10-01,BYD,active
BATT-000650,CUST-0021631,XFMR-003319,FDR-0009,SUB-003,33.528331,-112.007076,19.6,6.9,lithium-ion,2024-05-01,SunPower,active
BATT-000651,CUST-0021674,XFMR-003326,FDR-0009,SUB-003,33.52815,-112.006179,12.3,5.3,LFP,2022-08-01,Tesla,active
BATT-000652,CUST-0021683,XFMR-003327,FDR-0009,SUB-003,33.528047,-112.006179,17.2,7.5,NMC,2023-02-01,Enphase,active
BATT-000653,CUST-0021692,XFMR-003327,FDR-0009,SUB-003,33.528041,-112.006447,12.6,5.6,NMC,2020-11-01,SunPower,active
BATT-000654,CUST-0021700,XFMR-003331,FDR-0009,SUB-003,33.528316,-112.006247,14.6,4.7,lithium-ion,2023-03-01,Tesla,active
BATT-000655,CUST-0021726,XFMR-003334,FDR-0009,SUB-003,33.527726,-112.005211,10.4,3.2,NMC,2024-09-01,Enphase,active
BATT-000656,CUST-0021731,XFMR-003334,FDR-0009,SUB-003,33.5282,-112.005102,9.4,3.6,LFP,2024-12-01,Enphase,active
BATT-000657,CUST-0021734,XFMR-003334,FDR-0009,SUB-003,33.528283,-112.005189,9.0,3.4,LFP,2020-05-01,Tesla,active
BATT-000658,CUST-0021790,XFMR-003344,FDR-0009,SUB-003,33.528321,-112.004548,9.7,4.5,lithium-ion,2024-12-01,BYD,active
BATT-000659,CUST-0021818,XFMR-003350,FDR-0009,SUB-003,33.528032,-112.00396,9.9,3.1,lithium-ion,2024-05-01,SolarEdge,active
BATT-000660,CUST-0021828,XFMR-003353,FDR-0009,SUB-003,33.527785,-112.003401,14.3,7.1,NMC,2024-03-01,SolarEdge,active
BATT-000661,CUST-0021832,XFMR-003354,FDR-0009,SUB-003,33.527815,-112.003217,17.8,5.9,NMC,2020-09-01,Generac,active
BATT-000662,CUST-0021843,XFMR-003355,FDR-0009,SUB-003,33.52774,-112.002732,10.9,5.4,lithium-ion,2024-04-01,BYD,active
BATT-000663,CUST-0021865,XFMR-003359,FDR-0009,SUB-003,33.527748,-112.002412,9.7,3.5,lithium-ion,2023-10-01,BYD,active
BATT-000664,CUST-0021867,XFMR-003359,FDR-0009,SUB-003,33.528092,-112.002247,265.6,89.8,LFP,2020-09-01,BYD,active
BATT-000665,CUST-0021903,XFMR-003365,FDR-0009,SUB-003,33.528025,-112.002251,9.0,3.0,lithium-ion,2022-10-01,SolarEdge,active
BATT-000666,CUST-0021915,XFMR-003367,FDR-0009,SUB-003,33.528067,-112.001612,14.0,6.6,lithium-ion,2023-04-01,SolarEdge,active
BATT-000667,CUST-0021929,XFMR-003369,FDR-0009,SUB-003,33.528078,-112.001557,16.5,5.9,lithium-ion,2021-07-01,SunPower,active
BATT-000668,CUST-0021954,XFMR-003372,FDR-0009,SUB-003,33.528235,-112.001002,9.0,3.2,NMC,2023-01-01,SunPower,active
BATT-000669,CUST-0021958,XFMR-003372,FDR-0009,SUB-003,33.52818,-112.001361,457.4,183.6,NMC,2023-03-01,SunPower,active
BATT-000670,CUST-0021999,XFMR-003380,FDR-0009,SUB-003,33.528217,-112.000334,21.3,6.8,lithium-ion,2021-11-01,BYD,active
BATT-000671,CUST-0022011,XFMR-003381,FDR-0009,SUB-003,33.528457,-111.99973,14.2,6.4,lithium-ion,2022-03-01,Tesla,active
BATT-000672,CUST-0022034,XFMR-003383,FDR-0009,SUB-003,33.528486,-111.999333,10.8,3.7,lithium-ion,2020-07-01,Tesla,active
BATT-000673,CUST-0022067,XFMR-003388,FDR-0009,SUB-003,33.528049,-111.999304,171.5,44.3,LFP,2022-12-01,Tesla,active
BATT-000674,CUST-0022087,XFMR-003393,FDR-0009,SUB-003,33.527692,-111.998173,9.6,3.3,lithium-ion,2023-10-01,Generac,active
BATT-000675,CUST-0022101,XFMR-003396,FDR-0009,SUB-003,33.528347,-111.998451,14.1,4.6,lithium-ion,2021-01-01,SunPower,active
BATT-000676,CUST-0022131,XFMR-003401,FDR-0009,SUB-003,33.528247,-111.997015,15.7,7.5,lithium-ion,2024-02-01,SolarEdge,active
BATT-000677,CUST-0022133,XFMR-003401,FDR-0009,SUB-003,33.527738,-111.997457,12.7,5.6,LFP,2023-06-01,SunPower,active
BATT-000678,CUST-0022153,XFMR-003404,FDR-0009,SUB-003,33.528359,-111.996809,16.3,6.5,lithium-ion,2023-05-01,Generac,active
BATT-000679,CUST-0022185,XFMR-003409,FDR-0009,SUB-003,33.527719,-111.995977,9.6,4.1,LFP,2022-12-01,SunPower,active
BATT-000680,CUST-0022255,XFMR-003424,FDR-0009,SUB-003,33.527784,-111.99443,16.7,7.0,NMC,2023-08-01,SolarEdge,active
BATT-000681,CUST-0022260,XFMR-003424,FDR-0009,SUB-003,33.527691,-111.994641,15.8,4.8,NMC,2022-07-01,Enphase,active
BATT-000682,CUST-0022279,XFMR-003426,FDR-0009,SUB-003,33.528061,-111.994622,81.4,27.3,LFP,2021-07-01,BYD,active
BATT-000683,CUST-0022280,XFMR-003426,FDR-0009,SUB-003,33.52844,-111.994086,19.1,5.9,NMC,2023-02-01,SunPower,active
BATT-000684,CUST-0022299,XFMR-003430,FDR-0009,SUB-003,33.52782,-111.994232,16.5,8.2,LFP,2020-03-01,Enphase,active
BATT-000685,CUST-0022300,XFMR-003430,FDR-0009,SUB-003,33.528196,-111.99347,9.1,3.2,lithium-ion,2021-07-01,BYD,active
BATT-000686,CUST-0022304,XFMR-003431,FDR-0009,SUB-003,33.528112,-111.993511,209.9,102.6,lithium-ion,2021-06-01,Enphase,active
BATT-000687,CUST-0022315,XFMR-003433,FDR-0009,SUB-003,33.52824,-111.993383,9.2,4.4,lithium-ion,2024-06-01,Generac,active
BATT-000688,CUST-0022336,XFMR-003435,FDR-0009,SUB-003,33.528326,-111.992774,16.2,7.5,NMC,2023-08-01,BYD,active
BATT-000689,CUST-0022352,XFMR-003438,FDR-0009,SUB-003,33.527836,-111.992997,234.5,63.7,NMC,2023-04-01,Generac,active
BATT-000690,CUST-0022386,XFMR-003442,FDR-0009,SUB-003,33.528231,-111.992827,10.1,4.7,NMC,2022-02-01,SolarEdge,active
BATT-000691,CUST-0022391,XFMR-003443,FDR-0009,SUB-003,33.528297,-111.992697,19.8,6.1,NMC,2021-03-01,Enphase,active
BATT-000692,CUST-0022394,XFMR-003443,FDR-0009,SUB-003,33.528143,-111.991854,336.9,142.7,lithium-ion,2023-10-01,BYD,active
BATT-000693,CUST-0022425,XFMR-003447,FDR-0009,SUB-003,33.528474,-111.991395,10.1,3.1,LFP,2022-06-01,Generac,active
BATT-000694,CUST-0022547,XFMR-003469,FDR-0009,SUB-003,33.528166,-111.989239,9.3,3.3,LFP,2024-12-01,Generac,active
BATT-000695,CUST-0022548,XFMR-003469,FDR-0009,SUB-003,33.527677,-111.989474,14.1,5.2,LFP,2021-07-01,Enphase,active
BATT-000696,CUST-0022573,XFMR-003471,FDR-0009,SUB-003,33.527917,-111.98932,16.5,7.8,NMC,2022-11-01,Generac,active
BATT-000697,CUST-0022684,XFMR-003485,FDR-0009,SUB-003,33.527788,-111.987158,15.9,4.9,LFP,2020-08-01,SolarEdge,active
BATT-000698,CUST-0022702,XFMR-003489,FDR-0009,SUB-003,33.528542,-111.986807,14.8,7.1,NMC,2021-10-01,SunPower,active
BATT-000699,CUST-0022704,XFMR-003489,FDR-0009,SUB-003,33.528369,-111.986546,89.5,40.7,lithium-ion,2022-12-01,Tesla,active
BATT-000700,CUST-0022710,XFMR-003489,FDR-0009,SUB-003,33.527909,-111.986947,14.5,4.6,NMC,2020-05-01,Generac,active
BATT-000701,CUST-0022739,XFMR-003495,FDR-0009,SUB-003,33.528435,-111.986345,21.9,9.4,NMC,2020-10-01,Enphase,active
BATT-000702,CUST-0022793,XFMR-003507,FDR-0009,SUB-003,33.528266,-111.984555,17.3,7.8,LFP,2023-06-01,BYD,inactive
BATT-000703,CUST-0022808,XFMR-003509,FDR-0009,SUB-003,33.527922,-111.984299,20.8,8.2,LFP,2024-11-01,SunPower,active
BATT-000704,CUST-0022866,XFMR-003515,FDR-0009,SUB-003,33.527698,-111.984019,19.1,8.4,NMC,2020-04-01,Enphase,active
BATT-000705,CUST-0022881,XFMR-003518,FDR-0009,SUB-003,33.528304,-111.983415,9.8,3.9,lithium-ion,2023-02-01,SunPower,active
BATT-000706,CUST-0023036,XFMR-003543,FDR-0009,SUB-003,33.52825,-111.98015,19.4,7.3,LFP,2022-11-01,BYD,active
BATT-000707,CUST-0023063,XFMR-003548,FDR-0009,SUB-003,33.52783,-111.979199,16.3,7.0,lithium-ion,2020-01-01,BYD,active
BATT-000708,CUST-0023113,XFMR-003555,FDR-0009,SUB-003,33.528305,-111.97919,10.4,3.6,NMC,2024-07-01,BYD,inactive
BATT-000709,CUST-0023116,XFMR-003556,FDR-0009,SUB-003,33.527809,-111.978357,71.8,30.9,NMC,2021-11-01,BYD,active
BATT-000710,CUST-0023172,XFMR-003563,FDR-0009,SUB-003,33.527866,-111.977623,400.8,152.0,lithium-ion,2021-04-01,Tesla,active
BATT-000711,CUST-0023173,XFMR-003564,FDR-0009,SUB-003,33.527898,-111.977376,13.8,4.6,LFP,2024-01-01,Tesla,active
BATT-000712,CUST-0023184,XFMR-003565,FDR-0009,SUB-003,33.52825,-111.977098,149.3,66.2,lithium-ion,2022-09-01,Generac,active
BATT-000713,CUST-0023189,XFMR-003565,FDR-0009,SUB-003,33.528167,-111.977493,14.9,7.2,LFP,2024-06-01,BYD,active
BATT-000714,CUST-0023221,XFMR-003572,FDR-0009,SUB-003,33.528021,-111.97715,12.3,4.7,lithium-ion,2022-12-01,Enphase,active
BATT-000715,CUST-0023243,XFMR-003575,FDR-0009,SUB-003,33.528066,-111.976482,12.2,4.0,NMC,2021-06-01,Generac,active
BATT-000716,CUST-0023255,XFMR-003576,FDR-0009,SUB-003,33.52771,-111.976262,16.0,6.4,NMC,2022-06-01,SolarEdge,active
BATT-000717,CUST-0023327,XFMR-003587,FDR-0009,SUB-003,33.528325,-111.97505,14.3,4.8,LFP,2022-01-01,Enphase,active
BATT-000718,CUST-0023347,XFMR-003589,FDR-0009,SUB-003,33.527816,-111.97492,15.7,6.8,NMC,2020-01-01,Generac,active
BATT-000719,CUST-0023374,XFMR-003593,FDR-0009,SUB-003,33.527899,-111.973906,10.4,4.2,LFP,2021-01-01,Generac,active
BATT-000720,CUST-0023409,XFMR-003599,FDR-0009,SUB-003,33.527787,-111.973161,355.0,169.9,LFP,2024-05-01,BYD,active
BATT-000721,CUST-0023582,XFMR-003632,FDR-0009,SUB-003,33.528365,-111.969012,383.6,151.9,LFP,2023-01-01,SolarEdge,active
BATT-000722,CUST-0023588,XFMR-003633,FDR-0009,SUB-003,33.52816,-111.969825,10.3,4.3,NMC,2021-02-01,Tesla,active
BATT-000723,CUST-0023663,XFMR-003645,FDR-0009,SUB-003,33.527725,-111.968045,16.4,7.6,LFP,2022-01-01,SolarEdge,active
BATT-000724,CUST-0023687,XFMR-003649,FDR-0009,SUB-003,33.527818,-111.967466,17.3,8.6,lithium-ion,2020-08-01,BYD,active
BATT-000725,CUST-0023705,XFMR-003652,FDR-0009,SUB-003,33.527895,-111.96737,9.7,3.2,NMC,2022-09-01,Enphase,active
BATT-000726,CUST-0023727,XFMR-003654,FDR-0009,SUB-003,33.528255,-111.966348,143.3,37.4,LFP,2021-09-01,Enphase,active
BATT-000727,CUST-0023728,XFMR-003655,FDR-0009,SUB-003,33.52783,-111.966939,18.2,8.9,lithium-ion,2022-10-01,BYD,active
BATT-000728,CUST-0023731,XFMR-003655,FDR-0009,SUB-003,33.527947,-111.966864,16.4,7.8,NMC,2023-03-01,SunPower,active
BATT-000729,CUST-0023771,XFMR-003663,FDR-0009,SUB-003,33.527797,-111.965489,10.5,4.3,NMC,2023-03-01,SunPower,active
BATT-000730,CUST-0023780,XFMR-003664,FDR-0009,SUB-003,33.528517,-111.966094,12.8,5.0,LFP,2020-04-01,Enphase,active
BATT-000731,CUST-0023806,XFMR-003668,FDR-0009,SUB-003,33.527839,-111.96537,396.8,128.1,lithium-ion,2024-01-01,Enphase,active
BATT-000732,CUST-0023841,XFMR-003673,FDR-0010,SUB-003,33.52835,-112.02153,137.4,45.4,lithium-ion,2020-05-01,BYD,active
BATT-000733,CUST-0023887,XFMR-003679,FDR-0010,SUB-003,33.529698,-112.02209,21.9,9.2,LFP,2023-11-01,SolarEdge,active
BATT-000734,CUST-0023910,XFMR-003683,FDR-0010,SUB-003,33.530588,-112.022208,17.0,8.1,lithium-ion,2020-02-01,Tesla,active
BATT-000735,CUST-0023933,XFMR-003686,FDR-0010,SUB-003,33.531407,-112.022122,17.0,7.2,lithium-ion,2022-09-01,Tesla,active
BATT-000736,CUST-0023951,XFMR-003689,FDR-0010,SUB-003,33.53164,-112.021673,361.3,130.2,lithium-ion,2023-09-01,SunPower,active
BATT-000737,CUST-0023969,XFMR-003691,FDR-0010,SUB-003,33.531741,-112.022333,426.0,118.5,LFP,2020-01-01,Tesla,active
BATT-000738,CUST-0023993,XFMR-003695,FDR-0010,SUB-003,33.532739,-112.022043,98.6,39.4,lithium-ion,2021-05-01,Generac,active
BATT-000739,CUST-0023997,XFMR-003695,FDR-0010,SUB-003,33.532938,-112.021398,16.9,5.1,lithium-ion,2023-10-01,Generac,active
BATT-000740,CUST-0024031,XFMR-003701,FDR-0010,SUB-003,33.533872,-112.02164,178.7,53.3,lithium-ion,2020-05-01,Generac,active
BATT-000741,CUST-0024045,XFMR-003703,FDR-0010,SUB-003,33.5351,-112.02181,20.6,6.5,NMC,2024-04-01,Tesla,active
BATT-000742,CUST-0024048,XFMR-003703,FDR-0010,SUB-003,33.534682,-112.022119,395.9,192.4,NMC,2024-12-01,Generac,active
BATT-000743,CUST-0024072,XFMR-003706,FDR-0010,SUB-003,33.53573,-112.021675,29.9,11.0,lithium-ion,2024-01-01,SolarEdge,active
BATT-000744,CUST-0024117,XFMR-003713,FDR-0010,SUB-003,33.536957,-112.022183,15.2,5.1,lithium-ion,2021-06-01,Tesla,active
BATT-000745,CUST-0024127,XFMR-003715,FDR-0010,SUB-003,33.537607,-112.022047,19.4,6.8,lithium-ion,2023-05-01,Generac,active
BATT-000746,CUST-0024234,XFMR-003735,FDR-0010,SUB-003,33.541368,-112.022157,10.5,4.6,LFP,2023-07-01,SunPower,active
BATT-000747,CUST-0024243,XFMR-003736,FDR-0010,SUB-003,33.541465,-112.022172,13.8,5.8,lithium-ion,2021-07-01,Enphase,active
BATT-000748,CUST-0024245,XFMR-003737,FDR-0010,SUB-003,33.542075,-112.022336,10.4,3.2,LFP,2021-04-01,Generac,active
BATT-000749,CUST-0024257,XFMR-003739,FDR-0010,SUB-003,33.541953,-112.021438,12.6,4.2,LFP,2020-05-01,SolarEdge,active
BATT-000750,CUST-0024264,XFMR-003739,FDR-0010,SUB-003,33.542211,-112.021558,16.4,6.5,NMC,2024-02-01,Tesla,active
BATT-000751,CUST-0024335,XFMR-003748,FDR-0010,SUB-003,33.544214,-112.021385,13.3,5.9,lithium-ion,2020-09-01,SunPower,active
BATT-000752,CUST-0024359,XFMR-003751,FDR-0010,SUB-003,33.545294,-112.022286,15.0,7.5,NMC,2020-11-01,BYD,active
BATT-000753,CUST-0024373,XFMR-003754,FDR-0010,SUB-003,33.545786,-112.022008,10.6,5.2,NMC,2023-08-01,Enphase,active
BATT-000754,CUST-0024395,XFMR-003758,FDR-0010,SUB-003,33.546476,-112.02208,16.5,6.8,lithium-ion,2021-02-01,Generac,active
BATT-000755,CUST-0024494,XFMR-003773,FDR-0010,SUB-003,33.549454,-112.021992,18.1,5.7,lithium-ion,2024-07-01,Generac,active
BATT-000756,CUST-0024499,XFMR-003774,FDR-0010,SUB-003,33.549616,-112.021813,16.6,7.3,lithium-ion,2020-01-01,SolarEdge,active
BATT-000757,CUST-0024508,XFMR-003775,FDR-0010,SUB-003,33.550042,-112.022219,12.4,4.0,LFP,2021-11-01,Enphase,active
BATT-000758,CUST-0024513,XFMR-003775,FDR-0010,SUB-003,33.549616,-112.021809,13.0,4.7,lithium-ion,2021-03-01,Generac,active
BATT-000759,CUST-0024516,XFMR-003776,FDR-0010,SUB-003,33.550162,-112.021776,51.6,25.7,lithium-ion,2021-12-01,Tesla,active
BATT-000760,CUST-0024566,XFMR-003784,FDR-0010,SUB-003,33.551753,-112.021429,14.4,6.5,lithium-ion,2021-12-01,Enphase,active
BATT-000761,CUST-0024687,XFMR-003800,FDR-0010,SUB-003,33.555442,-112.022232,14.5,6.1,NMC,2023-03-01,Generac,active
BATT-000762,CUST-0024718,XFMR-003806,FDR-0010,SUB-003,33.556177,-112.022017,16.1,5.0,NMC,2020-02-01,BYD,active
BATT-000763,CUST-0024726,XFMR-003807,FDR-0010,SUB-003,33.557129,-112.0218,16.6,7.8,lithium-ion,2021-06-01,Tesla,active
BATT-000764,CUST-0024751,XFMR-003810,FDR-0010,SUB-003,33.557448,-112.022114,9.2,3.6,LFP,2020-10-01,Generac,active
BATT-000765,CUST-0024764,XFMR-003814,FDR-0010,SUB-003,33.557915,-112.021965,21.9,7.8,NMC,2024-04-01,Enphase,active
BATT-000766,CUST-0024835,XFMR-003824,FDR-0010,SUB-003,33.56014,-112.021501,21.3,8.7,LFP,2024-01-01,SunPower,active
BATT-000767,CUST-0024871,XFMR-003831,FDR-0010,SUB-003,33.561821,-112.021636,16.0,5.2,NMC,2023-03-01,BYD,active
BATT-000768,CUST-0024912,XFMR-003840,FDR-0010,SUB-003,33.564099,-112.022133,10.7,3.6,LFP,2024-05-01,BYD,active
BATT-000769,CUST-0024928,XFMR-003843,FDR-0010,SUB-003,33.564453,-112.022308,20.1,8.6,lithium-ion,2024-11-01,Enphase,active
BATT-000770,CUST-0024931,XFMR-003843,FDR-0010,SUB-003,33.564462,-112.022385,13.9,4.6,lithium-ion,2024-06-01,BYD,active
BATT-000771,CUST-0024953,XFMR-003846,FDR-0010,SUB-003,33.565047,-112.021657,13.7,4.8,LFP,2020-05-01,Generac,active
BATT-000772,CUST-0025011,XFMR-003853,FDR-0010,SUB-003,33.566463,-112.022216,19.1,8.8,NMC,2020-03-01,SolarEdge,active
BATT-000773,CUST-0025029,XFMR-003856,FDR-0010,SUB-003,33.566876,-112.022261,20.7,10.1,LFP,2024-02-01,SolarEdge,active
BATT-000774,CUST-0025080,XFMR-003865,FDR-0010,SUB-003,33.569222,-112.022203,41.0,12.7,LFP,2024-09-01,Tesla,active
BATT-000775,CUST-0025081,XFMR-003865,FDR-0010,SUB-003,33.568846,-112.022267,14.7,7.3,NMC,2024-01-01,BYD,active
BATT-000776,CUST-0025096,XFMR-003867,FDR-0010,SUB-003,33.569832,-112.021408,14.9,5.6,LFP,2022-11-01,SolarEdge,active
BATT-000777,CUST-0025113,XFMR-003869,FDR-0010,SUB-003,33.56972,-112.021644,16.2,6.4,LFP,2022-06-01,Generac,active
BATT-000778,CUST-0025116,XFMR-003869,FDR-0010,SUB-003,33.569796,-112.022329,22.0,7.3,lithium-ion,2023-09-01,Generac,active
BATT-000779,CUST-0025121,XFMR-003870,FDR-0010,SUB-003,33.570095,-112.021747,10.5,4.8,lithium-ion,2024-02-01,BYD,active
BATT-000780,CUST-0025127,XFMR-003871,FDR-0010,SUB-003,33.570151,-112.022018,13.8,5.1,lithium-ion,2023-04-01,Tesla,active
BATT-000781,CUST-0025131,XFMR-003871,FDR-0010,SUB-003,33.570631,-112.02158,10.0,3.3,lithium-ion,2022-07-01,Enphase,active
BATT-000782,CUST-0025192,XFMR-003880,FDR-0010,SUB-003,33.572528,-112.022064,15.9,6.7,lithium-ion,2020-07-01,Tesla,active
BATT-000783,CUST-0025211,XFMR-003882,FDR-0010,SUB-003,33.572545,-112.021703,101.7,33.2,LFP,2022-05-01,Tesla,active
BATT-000784,CUST-0025299,XFMR-003900,FDR-0010,SUB-003,33.576409,-112.022161,21.4,9.2,lithium-ion,2024-03-01,Tesla,active
BATT-000785,CUST-0025302,XFMR-003900,FDR-0010,SUB-003,33.576255,-112.021846,60.2,19.3,LFP,2022-01-01,Enphase,active
BATT-000786,CUST-0025341,XFMR-003906,FDR-0010,SUB-003,33.57797,-112.022292,10.2,4.3,NMC,2024-03-01,SolarEdge,active
BATT-000787,CUST-0025350,XFMR-003907,FDR-0010,SUB-003,33.578047,-112.022191,16.6,6.7,lithium-ion,2022-11-01,Tesla,active
BATT-000788,CUST-0025387,XFMR-003914,FDR-0011,SUB-004,33.493756,-112.091144,10.1,3.7,NMC,2024-01-01,Generac,active
BATT-000789,CUST-0025401,XFMR-003917,FDR-0011,SUB-004,33.494381,-112.091685,21.6,10.4,LFP,2022-01-01,Enphase,active
BATT-000790,CUST-0025545,XFMR-003945,FDR-0011,SUB-004,33.506255,-112.091876,12.3,3.8,NMC,2020-11-01,Generac,active
BATT-000791,CUST-0025565,XFMR-003948,FDR-0011,SUB-004,33.507512,-112.091605,20.9,7.0,NMC,2023-01-01,Generac,active
BATT-000792,CUST-0025594,XFMR-003954,FDR-0011,SUB-004,33.509816,-112.091244,16.3,5.1,lithium-ion,2024-12-01,Enphase,active
BATT-000793,CUST-0025637,XFMR-003965,FDR-0011,SUB-004,33.514364,-112.090942,15.3,7.5,LFP,2024-04-01,SunPower,active
BATT-000794,CUST-0025639,XFMR-003965,FDR-0011,SUB-004,33.513603,-112.091663,9.2,3.9,lithium-ion,2020-08-01,Generac,active
BATT-000795,CUST-0025673,XFMR-003971,FDR-0011,SUB-004,33.516362,-112.091199,20.0,9.3,lithium-ion,2021-09-01,Generac,active
BATT-000796,CUST-0025727,XFMR-003977,FDR-0011,SUB-004,33.519164,-112.090885,20.2,8.8,LFP,2023-03-01,SunPower,active
BATT-000797,CUST-0025786,XFMR-003987,FDR-0011,SUB-004,33.523076,-112.091102,18.8,7.3,lithium-ion,2022-05-01,Tesla,active
BATT-000798,CUST-0025854,XFMR-003997,FDR-0011,SUB-004,33.527258,-112.09181,17.4,7.3,NMC,2024-02-01,SolarEdge,active
BATT-000799,CUST-0025856,XFMR-003997,FDR-0011,SUB-004,33.526695,-112.091189,271.6,76.2,LFP,2022-02-01,SolarEdge,active
BATT-000800,CUST-0025884,XFMR-004001,FDR-0011,SUB-004,33.528706,-112.091704,15.2,4.7,NMC,2021-02-01,Tesla,active
BATT-000801,CUST-0025911,XFMR-004006,FDR-0011,SUB-004,33.530274,-112.091223,10.5,3.5,LFP,2020-09-01,Generac,active
BATT-000802,CUST-0025996,XFMR-004020,FDR-0011,SUB-004,33.535873,-112.091509,52.7,23.0,lithium-ion,2021-10-01,Generac,active
BATT-000803,CUST-0026036,XFMR-004024,FDR-0011,SUB-004,33.537909,-112.090909,62.6,24.5,NMC,2020-10-01,SolarEdge,active
BATT-000804,CUST-0026074,XFMR-004029,FDR-0011,SUB-004,33.540002,-112.091553,16.8,6.1,lithium-ion,2022-04-01,Tesla,active
BATT-000805,CUST-0026081,XFMR-004030,FDR-0011,SUB-004,33.540125,-112.091412,14.8,5.1,LFP,2022-05-01,BYD,active
BATT-000806,CUST-0026089,XFMR-004030,FDR-0011,SUB-004,33.539842,-112.09108,9.0,2.9,NMC,2024-12-01,SunPower,active
BATT-000807,CUST-0026114,XFMR-004034,FDR-0011,SUB-004,33.541927,-112.091456,14.5,5.0,NMC,2024-06-01,SolarEdge,active
BATT-000808,CUST-0026141,XFMR-004039,FDR-0011,SUB-004,33.543835,-112.091262,10.9,4.9,lithium-ion,2021-11-01,SunPower,active
BATT-000809,CUST-0026154,XFMR-004041,FDR-0011,SUB-004,33.544786,-112.091629,9.1,2.9,LFP,2022-01-01,Enphase,active
BATT-000810,CUST-0026155,XFMR-004041,FDR-0011,SUB-004,33.54415,-112.090928,19.2,7.8,NMC,2023-09-01,SolarEdge,active
BATT-000811,CUST-0026183,XFMR-004046,FDR-0011,SUB-004,33.546296,-112.091721,18.3,6.7,NMC,2021-09-01,SunPower,active
BATT-000812,CUST-0026212,XFMR-004050,FDR-0011,SUB-004,33.547891,-112.091611,21.5,10.2,NMC,2021-09-01,SunPower,active
BATT-000813,CUST-0026270,XFMR-004060,FDR-0011,SUB-004,33.552158,-112.09095,9.7,3.5,LFP,2021-07-01,Enphase,active
BATT-000814,CUST-0026365,XFMR-004073,FDR-0011,SUB-004,33.557249,-112.091869,9.1,2.9,LFP,2022-10-01,Generac,active
BATT-000815,CUST-0026387,XFMR-004076,FDR-0011,SUB-004,33.559034,-112.091785,13.2,5.6,NMC,2024-01-01,BYD,active
BATT-000816,CUST-0026393,XFMR-004076,FDR-0011,SUB-004,33.558242,-112.091634,14.7,5.6,lithium-ion,2020-06-01,BYD,active
BATT-000817,CUST-0026396,XFMR-004077,FDR-0011,SUB-004,33.559068,-112.091699,329.3,85.5,LFP,2021-05-01,Enphase,active
BATT-000818,CUST-0026432,XFMR-004083,FDR-0012,SUB-004,33.491648,-112.091139,15.9,6.8,lithium-ion,2021-10-01,SolarEdge,active
BATT-000819,CUST-0026527,XFMR-004094,FDR-0012,SUB-004,33.492018,-112.092728,13.6,5.5,NMC,2021-03-01,SunPower,inactive
BATT-000820,CUST-0026541,XFMR-004096,FDR-0012,SUB-004,33.491446,-112.092516,18.8,5.8,NMC,2022-07-01,SunPower,active
BATT-000821,CUST-0026583,XFMR-004102,FDR-0012,SUB-004,33.49158,-112.09359,163.9,57.6,NMC,2020-12-01,BYD,active
BATT-000822,CUST-0026667,XFMR-004115,FDR-0012,SUB-004,33.491559,-112.094321,122.5,55.1,LFP,2022-03-01,Generac,active
BATT-000823,CUST-0026683,XFMR-004117,FDR-0012,SUB-004,33.491664,-112.095234,13.1,5.2,NMC,2024-07-01,Enphase,active
BATT-000824,CUST-0026708,XFMR-004121,FDR-0012,SUB-004,33.491618,-112.09522,13.5,6.3,NMC,2023-11-01,Enphase,active
BATT-000825,CUST-0026742,XFMR-004127,FDR-0012,SUB-004,33.492081,-112.096058,18.3,8.3,NMC,2024-01-01,SunPower,active
BATT-000826,CUST-0026833,XFMR-004144,FDR-0012,SUB-004,33.492248,-112.09751,10.0,3.7,lithium-ion,2020-02-01,Tesla,active
BATT-000827,CUST-0026881,XFMR-004153,FDR-0012,SUB-004,33.492089,-112.098745,12.6,5.6,lithium-ion,2024-03-01,Generac,active
BATT-000828,CUST-0026883,XFMR-004153,FDR-0012,SUB-004,33.491732,-112.098699,15.4,7.1,NMC,2022-12-01,Enphase,active
BATT-000829,CUST-0026884,XFMR-004154,FDR-0012,SUB-004,33.491686,-112.098366,263.3,93.0,lithium-ion,2023-08-01,Enphase,active
BATT-000830,CUST-0026913,XFMR-004160,FDR-0012,SUB-004,33.491799,-112.099674,12.6,5.9,NMC,2022-07-01,SunPower,active
BATT-000831,CUST-0026932,XFMR-004162,FDR-0012,SUB-004,33.491807,-112.099426,14.5,6.2,LFP,2021-08-01,SolarEdge,active
BATT-000832,CUST-0026933,XFMR-004162,FDR-0012,SUB-004,33.491626,-112.099501,9.2,3.9,lithium-ion,2022-12-01,Tesla,active
BATT-000833,CUST-0026957,XFMR-004164,FDR-0012,SUB-004,33.491957,-112.100142,20.0,6.2,NMC,2022-01-01,Enphase,active
BATT-000834,CUST-0027007,XFMR-004173,FDR-0012,SUB-004,33.491961,-112.101148,10.6,5.1,NMC,2022-12-01,Enphase,active
BATT-000835,CUST-0027052,XFMR-004181,FDR-0012,SUB-004,33.49209,-112.101782,16.6,6.7,NMC,2023-10-01,BYD,active
BATT-000836,CUST-0027056,XFMR-004182,FDR-0012,SUB-004,33.491553,-112.101267,12.3,6.0,LFP,2024-04-01,Enphase,active
BATT-000837,CUST-0027086,XFMR-004186,FDR-0012,SUB-004,33.491945,-112.102123,279.6,108.7,LFP,2020-12-01,Tesla,active
BATT-000838,CUST-0027155,XFMR-004198,FDR-0012,SUB-004,33.491989,-112.103663,461.8,156.9,lithium-ion,2021-09-01,Generac,active
BATT-000839,CUST-0027194,XFMR-004203,FDR-0012,SUB-004,33.491606,-112.103782,15.9,7.1,lithium-ion,2024-12-01,SolarEdge,active
BATT-000840,CUST-0027202,XFMR-004204,FDR-0012,SUB-004,33.492096,-112.103817,72.3,24.4,NMC,2023-10-01,Tesla,active
BATT-000841,CUST-0027233,XFMR-004210,FDR-0012,SUB-004,33.491753,-112.104745,12.9,5.1,NMC,2021-06-01,Tesla,active
BATT-000842,CUST-0027265,XFMR-004214,FDR-0012,SUB-004,33.491648,-112.105257,19.5,8.0,LFP,2023-06-01,Tesla,active
BATT-000843,CUST-0027266,XFMR-004214,FDR-0012,SUB-004,33.4917,-112.105163,13.7,5.7,NMC,2021-01-01,Tesla,active
BATT-000844,CUST-0027292,XFMR-004218,FDR-0012,SUB-004,33.491989,-112.105649,18.3,7.8,lithium-ion,2023-08-01,BYD,active
BATT-000845,CUST-0027324,XFMR-004222,FDR-0012,SUB-004,33.491612,-112.10589,15.6,5.7,lithium-ion,2020-10-01,Tesla,active
BATT-000846,CUST-0027337,XFMR-004224,FDR-0012,SUB-004,33.492313,-112.105417,17.3,7.0,LFP,2022-08-01,SunPower,active
BATT-000847,CUST-0027346,XFMR-004226,FDR-0012,SUB-004,33.49149,-112.1066,14.8,7.1,lithium-ion,2021-01-01,BYD,active
BATT-000848,CUST-0027387,XFMR-004232,FDR-0012,SUB-004,33.491605,-112.107007,281.5,134.5,NMC,2021-06-01,BYD,active
BATT-000849,CUST-0027397,XFMR-004234,FDR-0012,SUB-004,33.492245,-112.106621,14.0,5.7,NMC,2023-05-01,Generac,active
BATT-000850,CUST-0027457,XFMR-004243,FDR-0012,SUB-004,33.492124,-112.108012,10.2,4.2,LFP,2022-02-01,SolarEdge,active
BATT-000851,CUST-0027465,XFMR-004243,FDR-0012,SUB-004,33.491665,-112.10775,9.3,4.2,NMC,2021-06-01,Enphase,active
BATT-000852,CUST-0027466,XFMR-004243,FDR-0012,SUB-004,33.491754,-112.108109,15.1,5.8,lithium-ion,2022-04-01,Generac,active
BATT-000853,CUST-0027524,XFMR-004249,FDR-0012,SUB-004,33.491548,-112.10814,9.7,3.8,lithium-ion,2023-03-01,Tesla,active
BATT-000854,CUST-0027555,XFMR-004254,FDR-0012,SUB-004,33.492042,-112.109206,164.4,66.0,LFP,2024-05-01,BYD,active
BATT-000855,CUST-0027563,XFMR-004255,FDR-0012,SUB-004,33.491561,-112.108991,19.8,6.5,NMC,2020-06-01,Generac,active
BATT-000856,CUST-0027676,XFMR-004270,FDR-0012,SUB-004,33.492107,-112.110321,12.7,6.0,lithium-ion,2022-09-01,SunPower,active
BATT-000857,CUST-0027682,XFMR-004271,FDR-0012,SUB-004,33.492101,-112.11068,16.6,5.2,lithium-ion,2020-01-01,BYD,active
BATT-000858,CUST-0027685,XFMR-004271,FDR-0012,SUB-004,33.491642,-112.110615,18.6,8.4,NMC,2022-03-01,Tesla,active
BATT-000859,CUST-0027690,XFMR-004272,FDR-0012,SUB-004,33.491708,-112.110932,10.6,5.1,lithium-ion,2024-06-01,BYD,active
BATT-000860,CUST-0027795,XFMR-004286,FDR-0012,SUB-004,33.491904,-112.112144,12.2,4.1,lithium-ion,2022-07-01,SolarEdge,active
BATT-000861,CUST-0027826,XFMR-004292,FDR-0012,SUB-004,33.491981,-112.112673,14.6,6.9,LFP,2020-02-01,SunPower,active
BATT-000862,CUST-0027833,XFMR-004293,FDR-0012,SUB-004,33.492049,-112.112525,14.3,5.6,LFP,2024-05-01,BYD,active
BATT-000863,CUST-0027840,XFMR-004295,FDR-0012,SUB-004,33.492232,-112.113636,12.4,4.1,LFP,2020-08-01,BYD,active
BATT-000864,CUST-0027855,XFMR-004297,FDR-0012,SUB-004,33.492253,-112.113821,9.2,4.5,LFP,2021-07-01,SunPower,active
BATT-000865,CUST-0027920,XFMR-004308,FDR-0012,SUB-004,33.491667,-112.114049,10.4,3.8,NMC,2022-07-01,BYD,active
BATT-000866,CUST-0027940,XFMR-004312,FDR-0012,SUB-004,33.491933,-112.114554,234.0,92.4,NMC,2024-09-01,SolarEdge,active
BATT-000867,CUST-0027984,XFMR-004317,FDR-0012,SUB-004,33.491643,-112.115655,21.9,8.6,lithium-ion,2024-02-01,Enphase,active
BATT-000868,CUST-0027995,XFMR-004319,FDR-0012,SUB-004,33.492096,-112.115652,94.9,40.9,LFP,2022-01-01,Tesla,active
BATT-000869,CUST-0028000,XFMR-004319,FDR-0012,SUB-004,33.492066,-112.115431,9.1,3.8,NMC,2024-01-01,BYD,active
BATT-000870,CUST-0028014,XFMR-004323,FDR-0012,SUB-004,33.492061,-112.116192,17.2,7.3,NMC,2024-08-01,BYD,active
BATT-000871,CUST-0028102,XFMR-004335,FDR-0012,SUB-004,33.491599,-112.117531,334.6,105.9,lithium-ion,2024-01-01,Enphase,inactive
BATT-000872,CUST-0028119,XFMR-004338,FDR-0012,SUB-004,33.491785,-112.11725,18.1,6.1,LFP,2020-01-01,Enphase,active
BATT-000873,CUST-0028120,XFMR-004338,FDR-0012,SUB-004,33.492163,-112.117604,12.3,4.9,lithium-ion,2024-12-01,SolarEdge,active
BATT-000874,CUST-0028159,XFMR-004345,FDR-0012,SUB-004,33.491877,-112.118226,14.6,5.8,NMC,2022-05-01,Enphase,active
BATT-000875,CUST-0028174,XFMR-004347,FDR-0012,SUB-004,33.492038,-112.118973,13.4,4.1,NMC,2021-07-01,Tesla,active
BATT-000876,CUST-0028213,XFMR-004352,FDR-0012,SUB-004,33.491712,-112.11906,13.8,6.7,LFP,2020-11-01,Tesla,active
BATT-000877,CUST-0028284,XFMR-004363,FDR-0012,SUB-004,33.491539,-112.119712,198.7,99.0,LFP,2022-04-01,Generac,active
BATT-000878,CUST-0028320,XFMR-004368,FDR-0012,SUB-004,33.491766,-112.121048,20.5,9.1,lithium-ion,2023-06-01,Enphase,active
BATT-000879,CUST-0028330,XFMR-004370,FDR-0012,SUB-004,33.491588,-112.121218,15.9,4.9,NMC,2024-08-01,Tesla,active
BATT-000880,CUST-0028350,XFMR-004372,FDR-0012,SUB-004,33.491724,-112.121393,13.8,5.4,NMC,2022-02-01,SolarEdge,active
BATT-000881,CUST-0028438,XFMR-004386,FDR-0012,SUB-004,33.49145,-112.122694,376.9,142.2,LFP,2021-11-01,Tesla,active
BATT-000882,CUST-0028443,XFMR-004386,FDR-0012,SUB-004,33.491573,-112.122145,10.1,3.7,LFP,2020-08-01,SunPower,active
BATT-000883,CUST-0028481,XFMR-004391,FDR-0012,SUB-004,33.491524,-112.123035,12.9,5.4,LFP,2023-01-01,BYD,active
BATT-000884,CUST-0028629,XFMR-004415,FDR-0012,SUB-004,33.492273,-112.125257,9.1,4.3,NMC,2020-09-01,SunPower,active
BATT-000885,CUST-0028653,XFMR-004419,FDR-0012,SUB-004,33.491609,-112.125877,97.2,32.0,LFP,2023-11-01,BYD,active
BATT-000886,CUST-0028656,XFMR-004420,FDR-0012,SUB-004,33.491728,-112.125833,13.7,6.0,NMC,2024-11-01,Enphase,active
BATT-000887,CUST-0028692,XFMR-004426,FDR-0012,SUB-004,33.491996,-112.127017,20.5,7.7,LFP,2021-01-01,Enphase,inactive
BATT-000888,CUST-0028723,XFMR-004431,FDR-0012,SUB-004,33.492327,-112.126843,18.1,6.7,NMC,2024-05-01,Enphase,active
BATT-000889,CUST-0028742,XFMR-004434,FDR-0012,SUB-004,33.492024,-112.127326,10.2,3.7,NMC,2024-10-01,Enphase,active
BATT-000890,CUST-0028760,XFMR-004440,FDR-0012,SUB-004,33.492167,-112.128493,17.0,7.2,lithium-ion,2020-02-01,SolarEdge,active
BATT-000891,CUST-0028784,XFMR-004443,FDR-0012,SUB-004,33.491584,-112.128633,12.5,4.7,NMC,2020-11-01,Tesla,active
BATT-000892,CUST-0028790,XFMR-004443,FDR-0012,SUB-004,33.49158,-112.128657,14.7,7.0,lithium-ion,2022-07-01,SolarEdge,active
BATT-000893,CUST-0028805,XFMR-004446,FDR-0012,SUB-004,33.491846,-112.128658,14.5,4.9,lithium-ion,2024-04-01,Tesla,active
BATT-000894,CUST-0028846,XFMR-004453,FDR-0012,SUB-004,33.492062,-112.129764,13.5,6.0,NMC,2021-01-01,Generac,active
BATT-000895,CUST-0028881,XFMR-004459,FDR-0012,SUB-004,33.492243,-112.130189,37.0,16.3,lithium-ion,2024-03-01,SolarEdge,active
BATT-000896,CUST-0028888,XFMR-004460,FDR-0012,SUB-004,33.491796,-112.129602,104.5,32.0,LFP,2023-05-01,Enphase,active
BATT-000897,CUST-0028975,XFMR-004471,FDR-0012,SUB-004,33.491986,-112.131554,19.4,9.3,LFP,2023-07-01,Tesla,active
BATT-000898,CUST-0028999,XFMR-004477,FDR-0012,SUB-004,33.492176,-112.131532,19.2,8.9,lithium-ion,2022-10-01,SunPower,active
BATT-000899,CUST-0029093,XFMR-004494,FDR-0013,SUB-004,33.490979,-112.0916,9.8,3.1,lithium-ion,2023-10-01,BYD,active
BATT-000900,CUST-0029095,XFMR-004494,FDR-0013,SUB-004,33.490928,-112.091653,491.4,179.6,lithium-ion,2020-11-01,Generac,inactive
BATT-000901,CUST-0029109,XFMR-004495,FDR-0013,SUB-004,33.491434,-112.091723,18.2,6.8,NMC,2020-03-01,BYD,active
BATT-000902,CUST-0029113,XFMR-004497,FDR-0013,SUB-004,33.491105,-112.090866,13.2,5.3,LFP,2020-05-01,SunPower,active
BATT-000903,CUST-0029164,XFMR-004504,FDR-0013,SUB-004,33.489938,-112.090954,15.1,4.8,LFP,2024-03-01,Enphase,active
BATT-000904,CUST-0029178,XFMR-004507,FDR-0013,SUB-004,33.489565,-112.09107,12.4,4.4,lithium-ion,2020-01-01,Generac,active
BATT-000905,CUST-0029201,XFMR-004512,FDR-0013,SUB-004,33.48928,-112.09103,19.9,7.4,NMC,2020-08-01,Enphase,active
BATT-000906,CUST-0029294,XFMR-004527,FDR-0013,SUB-004,33.487445,-112.091185,17.6,7.8,lithium-ion,2020-02-01,Enphase,active
BATT-000907,CUST-0029359,XFMR-004538,FDR-0013,SUB-004,33.485824,-112.091415,15.0,6.8,NMC,2021-12-01,Enphase,active
BATT-000908,CUST-0029365,XFMR-004539,FDR-0013,SUB-004,33.48564,-112.091126,16.9,5.5,LFP,2020-06-01,Enphase,active
BATT-000909,CUST-0029386,XFMR-004541,FDR-0013,SUB-004,33.485405,-112.091183,9.4,3.6,NMC,2024-06-01,BYD,active
BATT-000910,CUST-0029392,XFMR-004541,FDR-0013,SUB-004,33.485713,-112.091482,353.4,146.8,lithium-ion,2024-09-01,SolarEdge,active
BATT-000911,CUST-0029414,XFMR-004544,FDR-0013,SUB-004,33.485123,-112.090936,9.5,4.6,LFP,2021-06-01,BYD,inactive
BATT-000912,CUST-0029444,XFMR-004550,FDR-0013,SUB-004,33.48495,-112.091505,259.9,112.4,LFP,2020-01-01,SunPower,active
BATT-000913,CUST-0029470,XFMR-004555,FDR-0013,SUB-004,33.48377,-112.09176,12.5,5.0,NMC,2021-08-01,SunPower,active
BATT-000914,CUST-0029494,XFMR-004559,FDR-0013,SUB-004,33.483491,-112.09112,14.3,5.9,LFP,2022-11-01,SolarEdge,active
BATT-000915,CUST-0029557,XFMR-004570,FDR-0013,SUB-004,33.482439,-112.090944,472.6,158.0,LFP,2020-05-01,Generac,active
BATT-000916,CUST-0029690,XFMR-004590,FDR-0013,SUB-004,33.479753,-112.091172,97.1,39.3,LFP,2024-11-01,BYD,active
BATT-000917,CUST-0029737,XFMR-004595,FDR-0013,SUB-004,33.479441,-112.09167,9.3,4.4,lithium-ion,2023-09-01,SolarEdge,active
BATT-000918,CUST-0029743,XFMR-004596,FDR-0013,SUB-004,33.478807,-112.091599,107.5,50.4,LFP,2023-08-01,BYD,active
BATT-000919,CUST-0029777,XFMR-004600,FDR-0013,SUB-004,33.4789,-112.091606,283.9,140.0,LFP,2024-04-01,Tesla,active
BATT-000920,CUST-0029859,XFMR-004613,FDR-0013,SUB-004,33.476988,-112.09095,17.3,8.4,lithium-ion,2020-11-01,BYD,active
BATT-000921,CUST-0029952,XFMR-004627,FDR-0013,SUB-004,33.47537,-112.091567,16.6,7.5,LFP,2020-05-01,SolarEdge,active
BATT-000922,CUST-0029983,XFMR-004633,FDR-0013,SUB-004,33.475007,-112.091543,21.6,9.2,LFP,2021-02-01,Enphase,active
BATT-000923,CUST-0029992,XFMR-004634,FDR-0013,SUB-004,33.47454,-112.091649,379.2,155.5,LFP,2022-02-01,SolarEdge,active
BATT-000924,CUST-0030003,XFMR-004636,FDR-0013,SUB-004,33.4747,-112.091648,62.1,24.9,NMC,2022-07-01,BYD,active
BATT-000925,CUST-0030006,XFMR-004636,FDR-0013,SUB-004,33.474611,-112.091676,9.6,3.3,lithium-ion,2022-04-01,Enphase,active
BATT-000926,CUST-0030051,XFMR-004643,FDR-0013,SUB-004,33.473341,-112.091318,44.4,19.9,lithium-ion,2023-08-01,Generac,active
BATT-000927,CUST-0030088,XFMR-004650,FDR-0013,SUB-004,33.472796,-112.090932,13.4,4.3,LFP,2021-12-01,BYD,active
BATT-000928,CUST-0030120,XFMR-004653,FDR-0013,SUB-004,33.472517,-112.09173,10.1,4.3,NMC,2021-02-01,Generac,active
BATT-000929,CUST-0030181,XFMR-004662,FDR-0013,SUB-004,33.471877,-112.091632,9.0,3.2,LFP,2021-04-01,SunPower,active
BATT-000930,CUST-0030196,XFMR-004664,FDR-0013,SUB-004,33.471551,-112.091237,14.1,5.3,NMC,2023-06-01,Tesla,inactive
BATT-000931,CUST-0030210,XFMR-004666,FDR-0013,SUB-004,33.471338,-112.091153,20.4,9.1,LFP,2023-10-01,Enphase,active
BATT-000932,CUST-0030222,XFMR-004667,FDR-0013,SUB-004,33.471315,-112.091193,14.3,6.3,NMC,2020-01-01,Tesla,active
BATT-000933,CUST-0030308,XFMR-004682,FDR-0013,SUB-004,33.469445,-112.09167,12.9,5.1,lithium-ion,2024-08-01,Enphase,active
BATT-000934,CUST-0030350,XFMR-004688,FDR-0013,SUB-004,33.468492,-112.091638,160.6,62.8,NMC,2023-11-01,Enphase,active
BATT-000935,CUST-0030397,XFMR-004695,FDR-0013,SUB-004,33.467531,-112.09169,14.7,5.9,lithium-ion,2021-05-01,Generac,active
BATT-000936,CUST-0030426,XFMR-004700,FDR-0013,SUB-004,33.466748,-112.091807,13.4,6.2,LFP,2021-06-01,Tesla,active
BATT-000937,CUST-0030454,XFMR-004706,FDR-0013,SUB-004,33.466681,-112.090921,10.0,4.6,lithium-ion,2024-10-01,Generac,active
BATT-000938,CUST-0030506,XFMR-004712,FDR-0013,SUB-004,33.465472,-112.091801,16.0,5.3,LFP,2024-06-01,SolarEdge,active
BATT-000939,CUST-0030548,XFMR-004722,FDR-0013,SUB-004,33.464592,-112.091618,12.2,4.1,LFP,2023-12-01,SunPower,active
BATT-000940,CUST-0030657,XFMR-004740,FDR-0013,SUB-004,33.462029,-112.091163,62.0,27.8,lithium-ion,2024-08-01,Generac,active
BATT-000941,CUST-0030746,XFMR-004751,FDR-0013,SUB-004,33.461453,-112.091707,16.1,5.0,NMC,2023-11-01,Tesla,active
BATT-000942,CUST-0030749,XFMR-004752,FDR-0013,SUB-004,33.460876,-112.09168,20.9,6.9,LFP,2020-03-01,BYD,active
BATT-000943,CUST-0030764,XFMR-004753,FDR-0013,SUB-004,33.460502,-112.091603,14.7,5.4,LFP,2021-03-01,SunPower,active
BATT-000944,CUST-0030779,XFMR-004755,FDR-0013,SUB-004,33.460768,-112.091661,10.7,3.7,lithium-ion,2024-06-01,Enphase,active
BATT-000945,CUST-0030801,XFMR-004758,FDR-0013,SUB-004,33.46051,-112.091672,9.7,4.2,lithium-ion,2023-12-01,Tesla,active
BATT-000946,CUST-0030812,XFMR-004761,FDR-0013,SUB-004,33.460184,-112.091139,13.6,6.6,lithium-ion,2022-03-01,SolarEdge,active
BATT-000947,CUST-0030866,XFMR-004771,FDR-0013,SUB-004,33.458967,-112.090949,16.3,5.3,NMC,2023-10-01,Enphase,active
BATT-000948,CUST-0030904,XFMR-004778,FDR-0013,SUB-004,33.457941,-112.09098,240.8,72.6,LFP,2020-06-01,Generac,active
BATT-000949,CUST-0030934,XFMR-004784,FDR-0013,SUB-004,33.457561,-112.091658,10.0,4.1,NMC,2024-04-01,BYD,active
BATT-000950,CUST-0030981,XFMR-004789,FDR-0013,SUB-004,33.456401,-112.091793,9.3,3.3,lithium-ion,2021-04-01,Generac,active
BATT-000951,CUST-0031029,XFMR-004798,FDR-0013,SUB-004,33.456,-112.09154,119.9,47.5,NMC,2023-12-01,Tesla,active
BATT-000952,CUST-0031054,XFMR-004802,FDR-0013,SUB-004,33.455052,-112.09103,10.5,4.5,lithium-ion,2021-06-01,BYD,active
BATT-000953,CUST-0031059,XFMR-004802,FDR-0013,SUB-004,33.454968,-112.090898,10.2,4.0,lithium-ion,2022-02-01,SolarEdge,active
BATT-000954,CUST-0031089,XFMR-004808,FDR-0013,SUB-004,33.454605,-112.091816,16.2,5.7,NMC,2023-12-01,Tesla,active
BATT-000955,CUST-0031112,XFMR-004811,FDR-0013,SUB-004,33.453684,-112.091508,10.3,4.4,NMC,2021-09-01,SolarEdge,active
BATT-000956,CUST-0031174,XFMR-004820,FDR-0013,SUB-004,33.453308,-112.091246,15.5,5.8,lithium-ion,2021-04-01,Generac,active
BATT-000957,CUST-0031180,XFMR-004820,FDR-0013,SUB-004,33.452919,-112.091203,16.2,6.8,NMC,2021-05-01,Tesla,active
BATT-000958,CUST-0031220,XFMR-004826,FDR-0013,SUB-004,33.452525,-112.091416,10.5,3.4,LFP,2021-05-01,SunPower,active
BATT-000959,CUST-0031228,XFMR-004827,FDR-0013,SUB-004,33.451832,-112.091149,14.8,7.0,lithium-ion,2020-02-01,Generac,active
BATT-000960,CUST-0031240,XFMR-004829,FDR-0013,SUB-004,33.451833,-112.09168,35.4,15.6,LFP,2023-11-01,Tesla,active
BATT-000961,CUST-0031277,XFMR-004833,FDR-0013,SUB-004,33.451707,-112.091024,16.1,6.3,NMC,2020-06-01,BYD,active
BATT-000962,CUST-0031306,XFMR-004838,FDR-0013,SUB-004,33.451334,-112.091151,13.0,3.9,lithium-ion,2023-07-01,Enphase,active
BATT-000963,CUST-0031332,XFMR-004842,FDR-0013,SUB-004,33.450881,-112.091825,14.2,4.4,NMC,2024-04-01,SolarEdge,active
BATT-000964,CUST-0031337,XFMR-004843,FDR-0013,SUB-004,33.450667,-112.091886,14.7,7.1,lithium-ion,2021-10-01,Enphase,active
BATT-000965,CUST-0031405,XFMR-004852,FDR-0013,SUB-004,33.449034,-112.091016,399.5,135.0,lithium-ion,2024-02-01,SolarEdge,active
BATT-000966,CUST-0031415,XFMR-004854,FDR-0013,SUB-004,33.449475,-112.09108,51.2,25.0,LFP,2020-08-01,SunPower,active
BATT-000967,CUST-0031532,XFMR-004871,FDR-0013,SUB-004,33.447457,-112.091566,106.4,35.3,LFP,2020-03-01,Enphase,active
BATT-000968,CUST-0031576,XFMR-004883,FDR-0014,SUB-004,33.491515,-112.085922,278.2,85.3,LFP,2020-06-01,Tesla,active
BATT-000969,CUST-0031578,XFMR-004883,FDR-0014,SUB-004,33.49152,-112.086535,15.1,5.1,LFP,2022-10-01,Enphase,active
BATT-000970,CUST-0031629,XFMR-004891,FDR-0014,SUB-004,33.492039,-112.082634,14.3,5.7,LFP,2021-05-01,BYD,active
BATT-000971,CUST-0031634,XFMR-004891,FDR-0014,SUB-004,33.491904,-112.083426,10.4,3.2,lithium-ion,2023-05-01,SolarEdge,active
BATT-000972,CUST-0031638,XFMR-004891,FDR-0014,SUB-004,33.49164,-112.082958,17.5,5.9,LFP,2020-09-01,BYD,active
BATT-000973,CUST-0031651,XFMR-004893,FDR-0014,SUB-004,33.492296,-112.082122,9.1,3.2,LFP,2022-02-01,Enphase,active
BATT-000974,CUST-0031685,XFMR-004899,FDR-0014,SUB-004,33.491678,-112.079987,13.0,6.1,LFP,2023-03-01,BYD,active
BATT-000975,CUST-0031693,XFMR-004900,FDR-0014,SUB-004,33.49207,-112.07893,18.5,8.4,lithium-ion,2024-03-01,SolarEdge,active
BATT-000976,CUST-0031855,XFMR-004930,FDR-0014,SUB-004,33.492153,-112.067328,13.1,6.5,NMC,2024-02-01,SunPower,active
BATT-000977,CUST-0031860,XFMR-004930,FDR-0014,SUB-004,33.49167,-112.067022,20.4,9.8,NMC,2024-06-01,SunPower,active
BATT-000978,CUST-0031879,XFMR-004934,FDR-0014,SUB-004,33.491555,-112.065009,10.3,4.8,lithium-ion,2024-04-01,Generac,active
BATT-000979,CUST-0031884,XFMR-004935,FDR-0014,SUB-004,33.492045,-112.065095,58.6,18.6,lithium-ion,2021-02-01,Enphase,active
BATT-000980,CUST-0031936,XFMR-004944,FDR-0014,SUB-004,33.491839,-112.061517,9.8,3.6,lithium-ion,2023-11-01,Tesla,active
BATT-000981,CUST-0031969,XFMR-004949,FDR-0014,SUB-004,33.492058,-112.059136,10.7,3.7,NMC,2021-12-01,BYD,active
BATT-000982,CUST-0032007,XFMR-004953,FDR-0014,SUB-004,33.492235,-112.057094,13.5,4.8,NMC,2023-07-01,SolarEdge,active
BATT-000983,CUST-0032073,XFMR-004967,FDR-0014,SUB-004,33.492057,-112.051646,21.7,9.0,lithium-ion,2020-08-01,BYD,active
BATT-000984,CUST-0032090,XFMR-004969,FDR-0014,SUB-004,33.491646,-112.05114,9.2,4.5,LFP,2020-01-01,Tesla,active
BATT-000985,CUST-0032135,XFMR-004976,FDR-0014,SUB-004,33.491668,-112.048259,18.3,8.6,lithium-ion,2022-07-01,SolarEdge,active
BATT-000986,CUST-0032151,XFMR-004978,FDR-0014,SUB-004,33.491958,-112.047022,15.6,4.9,NMC,2022-11-01,SolarEdge,active
BATT-000987,CUST-0032171,XFMR-004980,FDR-0014,SUB-004,33.491503,-112.04585,21.8,7.0,lithium-ion,2024-02-01,SunPower,active
BATT-000988,CUST-0032244,XFMR-004992,FDR-0014,SUB-004,33.491939,-112.041676,472.6,227.6,lithium-ion,2022-01-01,Enphase,active
BATT-000989,CUST-0032248,XFMR-004993,FDR-0014,SUB-004,33.491667,-112.040986,99.2,31.1,lithium-ion,2020-05-01,SolarEdge,active
BATT-000990,CUST-0032295,XFMR-005000,FDR-0014,SUB-004,33.491817,-112.037759,13.7,4.4,lithium-ion,2021-08-01,SolarEdge,active
BATT-000991,CUST-0032304,XFMR-005000,FDR-0014,SUB-004,33.491755,-112.037631,24.2,9.7,LFP,2022-07-01,SolarEdge,active
BATT-000992,CUST-0032359,XFMR-005009,FDR-0014,SUB-004,33.491767,-112.034121,19.7,7.1,NMC,2024-01-01,Generac,active
BATT-000993,CUST-0032372,XFMR-005012,FDR-0014,SUB-004,33.491542,-112.03298,14.0,6.5,lithium-ion,2021-02-01,SolarEdge,active
BATT-000994,CUST-0032438,XFMR-005020,FDR-0014,SUB-004,33.491772,-112.029159,16.1,5.8,lithium-ion,2023-07-01,BYD,active
BATT-000995,CUST-0032597,XFMR-005040,FDR-0014,SUB-004,33.492228,-112.021328,12.6,4.1,NMC,2022-11-01,BYD,active
BATT-000996,CUST-0032621,XFMR-005046,FDR-0014,SUB-004,33.492086,-112.018944,17.6,7.6,NMC,2020-10-01,Enphase,active
BATT-000997,CUST-0032624,XFMR-005046,FDR-0014,SUB-004,33.492079,-112.018604,13.3,4.6,NMC,2022-06-01,SunPower,active
BATT-000998,CUST-0032675,XFMR-005058,FDR-0014,SUB-004,33.49224,-112.01429,21.2,7.2,NMC,2024-04-01,BYD,active
BATT-000999,CUST-0032687,XFMR-005059,FDR-0014,SUB-004,33.492073,-112.013862,12.7,5.0,LFP,2020-07-01,BYD,active
BATT-001000,CUST-0032699,XFMR-005060,FDR-0014,SUB-004,33.491692,-112.012616,13.4,6.6,NMC,2021-05-01,Tesla,active
BATT-001001,CUST-0032739,XFMR-005067,FDR-0014,SUB-004,33.491896,-112.009627,16.2,6.4,NMC,2022-01-01,SolarEdge,inactive
BATT-001002,CUST-0032750,XFMR-005069,FDR-0014,SUB-004,33.492201,-112.008963,9.2,2.8,NMC,2023-08-01,Tesla,active
BATT-001003,CUST-0032826,XFMR-005080,FDR-0015,SUB-004,33.492688,-112.091463,10.3,5.1,lithium-ion,2022-02-01,BYD,active
BATT-001004,CUST-0032840,XFMR-005082,FDR-0015,SUB-004,33.492925,-112.091854,16.1,6.0,lithium-ion,2020-03-01,Tesla,active
BATT-001005,CUST-0032867,XFMR-005086,FDR-0015,SUB-004,33.493669,-112.091498,11.0,3.4,NMC,2020-12-01,SolarEdge,active
BATT-001006,CUST-0032938,XFMR-005098,FDR-0015,SUB-004,33.495669,-112.091049,10.2,3.7,NMC,2020-07-01,Tesla,active
BATT-001007,CUST-0032983,XFMR-005106,FDR-0015,SUB-004,33.496379,-112.090916,17.0,6.2,LFP,2021-06-01,BYD,active
BATT-001008,CUST-0033006,XFMR-005112,FDR-0015,SUB-004,33.497339,-112.090962,15.2,5.5,lithium-ion,2023-12-01,Enphase,active
BATT-001009,CUST-0033014,XFMR-005113,FDR-0015,SUB-004,33.497243,-112.090964,14.8,4.9,lithium-ion,2021-08-01,Generac,active
BATT-001010,CUST-0033094,XFMR-005125,FDR-0015,SUB-004,33.498682,-112.091166,13.1,5.3,LFP,2021-08-01,SunPower,active
BATT-001011,CUST-0033174,XFMR-005139,FDR-0015,SUB-004,33.500798,-112.091308,10.7,4.4,NMC,2022-08-01,Tesla,active
BATT-001012,CUST-0033188,XFMR-005140,FDR-0015,SUB-004,33.500647,-112.091709,20.0,8.5,lithium-ion,2023-01-01,Generac,active
BATT-001013,CUST-0033197,XFMR-005142,FDR-0015,SUB-004,33.50124,-112.09108,10.9,5.0,LFP,2022-07-01,SolarEdge,active
BATT-001014,CUST-0033239,XFMR-005149,FDR-0015,SUB-004,33.501617,-112.091222,17.2,6.4,lithium-ion,2020-05-01,Generac,active
BATT-001015,CUST-0033264,XFMR-005153,FDR-0015,SUB-004,33.502545,-112.0917,18.6,8.1,NMC,2020-12-01,SolarEdge,active
BATT-001016,CUST-0033275,XFMR-005154,FDR-0015,SUB-004,33.502153,-112.091445,10.9,3.5,lithium-ion,2020-09-01,Tesla,active
BATT-001017,CUST-0033290,XFMR-005155,FDR-0015,SUB-004,33.502555,-112.091321,9.4,3.6,LFP,2024-07-01,SunPower,active
BATT-001018,CUST-0033320,XFMR-005158,FDR-0015,SUB-004,33.502996,-112.090956,15.1,6.4,NMC,2020-08-01,Enphase,active
BATT-001019,CUST-0033351,XFMR-005162,FDR-0015,SUB-004,33.503793,-112.091207,14.8,7.4,LFP,2022-02-01,SunPower,active
BATT-001020,CUST-0033374,XFMR-005164,FDR-0015,SUB-004,33.503463,-112.091534,22.0,10.7,NMC,2020-01-01,Enphase,active
BATT-001021,CUST-0033382,XFMR-005166,FDR-0015,SUB-004,33.504007,-112.091144,9.1,3.3,LFP,2020-06-01,Enphase,active
BATT-001022,CUST-0033406,XFMR-005170,FDR-0015,SUB-004,33.504614,-112.091686,19.1,8.7,lithium-ion,2023-04-01,SunPower,active
BATT-001023,CUST-0033410,XFMR-005172,FDR-0015,SUB-004,33.504626,-112.091752,17.1,7.1,lithium-ion,2024-07-01,BYD,active
BATT-001024,CUST-0033421,XFMR-005174,FDR-0015,SUB-004,33.504759,-112.091257,12.9,4.8,lithium-ion,2024-06-01,BYD,active
BATT-001025,CUST-0033462,XFMR-005180,FDR-0015,SUB-004,33.50577,-112.091664,14.5,4.7,lithium-ion,2024-08-01,SolarEdge,active
BATT-001026,CUST-0033487,XFMR-005186,FDR-0015,SUB-004,33.506732,-112.091755,18.7,6.1,lithium-ion,2022-02-01,SolarEdge,active
BATT-001027,CUST-0033511,XFMR-005189,FDR-0015,SUB-004,33.50687,-112.091326,12.2,4.6,lithium-ion,2023-02-01,SolarEdge,active
BATT-001028,CUST-0033529,XFMR-005192,FDR-0015,SUB-004,33.507455,-112.091598,10.0,3.2,lithium-ion,2024-10-01,SunPower,active
BATT-001029,CUST-0033589,XFMR-005204,FDR-0015,SUB-004,33.509049,-112.091621,15.1,5.7,LFP,2023-02-01,Generac,active
BATT-001030,CUST-0033612,XFMR-005206,FDR-0015,SUB-004,33.509016,-112.091265,16.7,5.5,LFP,2022-02-01,BYD,active
BATT-001031,CUST-0033657,XFMR-005212,FDR-0015,SUB-004,33.509924,-112.090866,15.1,7.5,lithium-ion,2020-01-01,BYD,active
BATT-001032,CUST-0033692,XFMR-005218,FDR-0015,SUB-004,33.511047,-112.091189,15.6,5.1,NMC,2020-11-01,Generac,active
BATT-001033,CUST-0033729,XFMR-005222,FDR-0015,SUB-004,33.510802,-112.090911,21.8,10.9,NMC,2021-03-01,Generac,active
BATT-001034,CUST-0033813,XFMR-005237,FDR-0015,SUB-004,33.51302,-112.091459,57.8,17.9,NMC,2023-02-01,BYD,active
BATT-001035,CUST-0033916,XFMR-005257,FDR-0015,SUB-004,33.51531,-112.091506,339.7,135.3,LFP,2020-08-01,SunPower,active
BATT-001036,CUST-0033929,XFMR-005260,FDR-0015,SUB-004,33.516067,-112.09157,16.7,6.8,lithium-ion,2020-01-01,Tesla,active
BATT-001037,CUST-0033952,XFMR-005263,FDR-0015,SUB-004,33.516849,-112.091492,12.5,4.2,lithium-ion,2024-11-01,SolarEdge,active
BATT-001038,CUST-0033986,XFMR-005267,FDR-0015,SUB-004,33.516638,-112.091126,10.0,4.3,LFP,2022-03-01,Generac,active
BATT-001039,CUST-0033988,XFMR-005267,FDR-0015,SUB-004,33.51695,-112.091458,17.5,7.1,LFP,2023-12-01,Enphase,active
BATT-001040,CUST-0034003,XFMR-005269,FDR-0015,SUB-004,33.517375,-112.091391,10.6,3.5,lithium-ion,2023-07-01,SolarEdge,active
BATT-001041,CUST-0034030,XFMR-005273,FDR-0015,SUB-004,33.517428,-112.091299,14.4,5.4,NMC,2024-12-01,BYD,active
BATT-001042,CUST-0034036,XFMR-005275,FDR-0015,SUB-004,33.518099,-112.091493,90.6,40.6,lithium-ion,2022-11-01,SolarEdge,active
BATT-001043,CUST-0034068,XFMR-005281,FDR-0015,SUB-004,33.519146,-112.091252,390.5,139.7,LFP,2023-12-01,Enphase,active
BATT-001044,CUST-0034092,XFMR-005284,FDR-0015,SUB-004,33.518993,-112.091164,14.5,5.3,lithium-ion,2023-10-01,BYD,active
BATT-001045,CUST-0034129,XFMR-005288,FDR-0015,SUB-004,33.519568,-112.091273,19.2,8.1,NMC,2020-09-01,Generac,active
BATT-001046,CUST-0034141,XFMR-005291,FDR-0015,SUB-004,33.519755,-112.091435,16.9,7.2,LFP,2021-09-01,Tesla,active
BATT-001047,CUST-0034213,XFMR-005302,FDR-0015,SUB-004,33.521394,-112.091756,21.3,9.3,LFP,2023-05-01,BYD,active
BATT-001048,CUST-0034238,XFMR-005306,FDR-0015,SUB-004,33.521886,-112.091104,13.1,5.4,lithium-ion,2020-10-01,Enphase,active
BATT-001049,CUST-0034245,XFMR-005307,FDR-0015,SUB-004,33.521818,-112.091034,15.0,5.3,NMC,2023-07-01,SolarEdge,active
BATT-001050,CUST-0034256,XFMR-005309,FDR-0015,SUB-004,33.522755,-112.091782,10.6,3.4,lithium-ion,2024-10-01,Enphase,active
BATT-001051,CUST-0034317,XFMR-005315,FDR-0015,SUB-004,33.52277,-112.091633,10.1,3.4,lithium-ion,2024-04-01,Tesla,active
BATT-001052,CUST-0034333,XFMR-005317,FDR-0015,SUB-004,33.523821,-112.091662,78.5,34.4,LFP,2024-04-01,Enphase,active
BATT-001053,CUST-0034344,XFMR-005319,FDR-0015,SUB-004,33.524018,-112.091825,9.0,3.0,LFP,2021-11-01,Generac,active
BATT-001054,CUST-0034360,XFMR-005320,FDR-0015,SUB-004,33.52416,-112.09129,10.8,3.3,NMC,2023-02-01,BYD,active
BATT-001055,CUST-0034384,XFMR-005323,FDR-0015,SUB-004,33.524323,-112.091578,14.3,5.9,LFP,2023-04-01,BYD,active
BATT-001056,CUST-0034410,XFMR-005328,FDR-0015,SUB-004,33.524532,-112.091104,16.1,5.2,NMC,2021-06-01,SolarEdge,active
BATT-001057,CUST-0034489,XFMR-005341,FDR-0016,SUB-004,33.492214,-112.097336,9.2,3.5,NMC,2021-01-01,Tesla,active
BATT-001058,CUST-0034497,XFMR-005342,FDR-0016,SUB-004,33.491955,-112.098445,180.2,69.7,LFP,2023-12-01,SolarEdge,active
BATT-001059,CUST-0034498,XFMR-005342,FDR-0016,SUB-004,33.49206,-112.097999,14.5,5.4,LFP,2021-09-01,Tesla,active
BATT-001060,CUST-0034566,XFMR-005352,FDR-0016,SUB-004,33.492105,-112.104248,12.9,5.8,LFP,2023-01-01,SunPower,active
BATT-001061,CUST-0034577,XFMR-005353,FDR-0016,SUB-004,33.491692,-112.105357,20.6,10.3,NMC,2023-12-01,Tesla,active
BATT-001062,CUST-0034658,XFMR-005366,FDR-0016,SUB-004,33.49214,-112.112041,14.5,6.0,lithium-ion,2023-07-01,Generac,active
BATT-001063,CUST-0034699,XFMR-005375,FDR-0016,SUB-004,33.492225,-112.117358,16.8,8.3,LFP,2020-08-01,BYD,active
BATT-001064,CUST-0034714,XFMR-005378,FDR-0016,SUB-004,33.491555,-112.119758,9.9,3.7,NMC,2022-11-01,SolarEdge,active
BATT-001065,CUST-0034726,XFMR-005380,FDR-0016,SUB-004,33.491666,-112.120545,12.9,5.5,LFP,2022-03-01,Enphase,active
BATT-001066,CUST-0034734,XFMR-005381,FDR-0016,SUB-004,33.491802,-112.121676,14.2,6.4,lithium-ion,2021-06-01,SolarEdge,active
BATT-001067,CUST-0034765,XFMR-005388,FDR-0016,SUB-004,33.491776,-112.125051,72.0,24.8,lithium-ion,2024-03-01,Enphase,active
BATT-001068,CUST-0034862,XFMR-005401,FDR-0016,SUB-004,33.492126,-112.132536,18.9,7.1,NMC,2023-07-01,SunPower,active
BATT-001069,CUST-0034892,XFMR-005404,FDR-0016,SUB-004,33.491717,-112.134483,16.4,5.6,NMC,2020-12-01,SunPower,active
BATT-001070,CUST-0034896,XFMR-005406,FDR-0016,SUB-004,33.4921,-112.135989,9.1,3.7,NMC,2024-09-01,SolarEdge,active
BATT-001071,CUST-0034908,XFMR-005407,FDR-0016,SUB-004,33.491552,-112.135943,395.7,155.1,LFP,2024-09-01,Enphase,active
BATT-001072,CUST-0034962,XFMR-005415,FDR-0016,SUB-004,33.49229,-112.140777,478.7,220.8,NMC,2023-11-01,BYD,active
BATT-001073,CUST-0034964,XFMR-005415,FDR-0016,SUB-004,33.492142,-112.140611,9.7,3.3,NMC,2022-02-01,Enphase,active
BATT-001074,CUST-0034967,XFMR-005415,FDR-0016,SUB-004,33.491752,-112.141277,14.8,6.0,LFP,2024-08-01,SunPower,active
BATT-001075,CUST-0034969,XFMR-005415,FDR-0016,SUB-004,33.492221,-112.141376,18.3,8.5,lithium-ion,2024-01-01,Generac,active
BATT-001076,CUST-0035040,XFMR-005426,FDR-0017,SUB-005,33.477241,-112.003387,378.9,141.3,LFP,2020-08-01,SunPower,active
BATT-001077,CUST-0035122,XFMR-005436,FDR-0017,SUB-005,33.477514,-112.002526,9.3,4.0,lithium-ion,2022-04-01,Enphase,active
BATT-001078,CUST-0035149,XFMR-005440,FDR-0017,SUB-005,33.477213,-112.002556,14.8,6.9,LFP,2022-04-01,Generac,active
BATT-001079,CUST-0035162,XFMR-005443,FDR-0017,SUB-005,33.477285,-112.001967,9.0,3.6,lithium-ion,2020-08-01,Tesla,active
BATT-001080,CUST-0035173,XFMR-005444,FDR-0017,SUB-005,33.477461,-112.002632,19.3,5.9,LFP,2022-12-01,BYD,active
BATT-001081,CUST-0035238,XFMR-005452,FDR-0017,SUB-005,33.477089,-112.001689,15.6,5.8,LFP,2020-03-01,Generac,active
BATT-001082,CUST-0035320,XFMR-005463,FDR-0017,SUB-005,33.476985,-112.000921,17.2,7.9,lithium-ion,2021-04-01,SunPower,active
BATT-001083,CUST-0035333,XFMR-005464,FDR-0017,SUB-005,33.477269,-112.000441,17.1,6.7,LFP,2024-09-01,SunPower,active
BATT-001084,CUST-0035341,XFMR-005467,FDR-0017,SUB-005,33.477713,-112.000471,12.9,5.0,NMC,2024-04-01,SolarEdge,active
BATT-001085,CUST-0035373,XFMR-005472,FDR-0017,SUB-005,33.477569,-111.999534,10.8,5.4,NMC,2020-09-01,Tesla,active
BATT-001086,CUST-0035428,XFMR-005482,FDR-0017,SUB-005,33.477674,-111.999269,10.5,4.3,LFP,2023-04-01,SunPower,active
BATT-001087,CUST-0035499,XFMR-005491,FDR-0017,SUB-005,33.477249,-111.998125,273.1,98.9,NMC,2020-01-01,Enphase,active
BATT-001088,CUST-0035524,XFMR-005495,FDR-0017,SUB-005,33.477217,-111.997761,64.9,27.5,LFP,2021-06-01,Tesla,active
BATT-001089,CUST-0035607,XFMR-005510,FDR-0017,SUB-005,33.4771,-111.996477,10.3,3.5,LFP,2020-05-01,Tesla,active
BATT-001090,CUST-0035704,XFMR-005523,FDR-0017,SUB-005,33.477354,-111.995985,15.8,6.8,LFP,2022-06-01,Tesla,active
BATT-001091,CUST-0035742,XFMR-005528,FDR-0017,SUB-005,33.477526,-111.995608,9.4,3.5,lithium-ion,2020-04-01,SolarEdge,inactive
BATT-001092,CUST-0035773,XFMR-005534,FDR-0017,SUB-005,33.477175,-111.994664,16.6,6.5,lithium-ion,2022-02-01,Tesla,active
BATT-001093,CUST-0035837,XFMR-005544,FDR-0017,SUB-005,33.477287,-111.994121,10.9,4.6,LFP,2023-10-01,SunPower,active
BATT-001094,CUST-0035849,XFMR-005546,FDR-0017,SUB-005,33.477082,-111.99382,20.5,6.9,NMC,2023-04-01,Tesla,active
BATT-001095,CUST-0035883,XFMR-005551,FDR-0017,SUB-005,33.47699,-111.993255,15.3,5.8,NMC,2022-03-01,Generac,active
BATT-001096,CUST-0035941,XFMR-005561,FDR-0017,SUB-005,33.477816,-111.991945,9.1,2.8,NMC,2021-05-01,Generac,active
BATT-001097,CUST-0035958,XFMR-005562,FDR-0017,SUB-005,33.47716,-111.992145,14.9,6.3,LFP,2024-10-01,BYD,active
BATT-001098,CUST-0036017,XFMR-005571,FDR-0017,SUB-005,33.477553,-111.99108,14.4,7.0,LFP,2021-05-01,SunPower,active
BATT-001099,CUST-0036019,XFMR-005571,FDR-0017,SUB-005,33.477093,-111.991535,12.4,3.9,lithium-ion,2021-05-01,Enphase,active
BATT-001100,CUST-0036030,XFMR-005574,FDR-0017,SUB-005,33.476945,-111.990934,15.8,5.8,LFP,2024-05-01,Tesla,active
BATT-001101,CUST-0036063,XFMR-005581,FDR-0017,SUB-005,33.477706,-111.990606,18.4,6.6,NMC,2020-07-01,Tesla,active
BATT-001102,CUST-0036078,XFMR-005583,FDR-0017,SUB-005,33.477821,-111.9901,15.9,7.8,lithium-ion,2024-12-01,Tesla,active
BATT-001103,CUST-0036152,XFMR-005595,FDR-0017,SUB-005,33.477438,-111.98907,14.8,5.5,NMC,2022-06-01,Enphase,active
BATT-001104,CUST-0036190,XFMR-005602,FDR-0017,SUB-005,33.477498,-111.988878,20.3,7.6,LFP,2020-08-01,Generac,active
BATT-001105,CUST-0036191,XFMR-005602,FDR-0017,SUB-005,33.477054,-111.989125,21.5,10.4,LFP,2021-06-01,Generac,active
BATT-001106,CUST-0036265,XFMR-005615,FDR-0017,SUB-005,33.477021,-111.98785,16.4,6.3,LFP,2024-09-01,Enphase,active
BATT-001107,CUST-0036321,XFMR-005625,FDR-0017,SUB-005,33.477457,-111.986535,15.6,6.6,NMC,2024-12-01,SolarEdge,active
BATT-001108,CUST-0036358,XFMR-005632,FDR-0017,SUB-005,33.477446,-111.986489,15.2,4.9,lithium-ion,2023-09-01,SolarEdge,active
BATT-001109,CUST-0036474,XFMR-005647,FDR-0017,SUB-005,33.477613,-111.984476,13.7,6.7,LFP,2020-09-01,SunPower,active
BATT-001110,CUST-0036477,XFMR-005648,FDR-0017,SUB-005,33.477737,-111.984679,14.3,5.2,LFP,2024-07-01,SunPower,active
BATT-001111,CUST-0036496,XFMR-005650,FDR-0017,SUB-005,33.477501,-111.984588,13.2,6.2,NMC,2022-12-01,BYD,active
BATT-001112,CUST-0036616,XFMR-005667,FDR-0017,SUB-005,33.477743,-111.98332,18.1,8.8,NMC,2024-06-01,SolarEdge,inactive
BATT-001113,CUST-0036654,XFMR-005672,FDR-0017,SUB-005,33.477334,-111.982952,10.8,4.0,LFP,2021-08-01,BYD,active
BATT-001114,CUST-0036732,XFMR-005690,FDR-0017,SUB-005,33.477338,-111.981225,33.3,12.5,LFP,2023-12-01,SolarEdge,active
BATT-001115,CUST-0036763,XFMR-005695,FDR-0017,SUB-005,33.477176,-111.980881,9.2,3.9,LFP,2021-12-01,BYD,active
BATT-001116,CUST-0036856,XFMR-005710,FDR-0017,SUB-005,33.477656,-111.979532,17.2,5.6,lithium-ion,2022-07-01,BYD,active
BATT-001117,CUST-0036873,XFMR-005712,FDR-0017,SUB-005,33.477122,-111.979045,10.8,4.1,NMC,2021-10-01,BYD,active
BATT-001118,CUST-0036931,XFMR-005725,FDR-0017,SUB-005,33.477226,-111.978387,10.7,3.5,NMC,2020-05-01,BYD,active
BATT-001119,CUST-0036954,XFMR-005729,FDR-0017,SUB-005,33.477131,-111.978143,16.3,6.1,NMC,2021-09-01,SolarEdge,active
BATT-001120,CUST-0037027,XFMR-005740,FDR-0017,SUB-005,33.477609,-111.976635,10.9,3.3,lithium-ion,2024-12-01,BYD,active
BATT-001121,CUST-0037029,XFMR-005741,FDR-0017,SUB-005,33.477407,-111.976566,19.9,9.0,lithium-ion,2023-04-01,Generac,active
BATT-001122,CUST-0037047,XFMR-005743,FDR-0017,SUB-005,33.477343,-111.976774,14.8,6.9,NMC,2021-10-01,Enphase,active
BATT-001123,CUST-0037090,XFMR-005750,FDR-0017,SUB-005,33.477802,-111.975666,97.0,31.8,NMC,2024-05-01,SunPower,active
BATT-001124,CUST-0037093,XFMR-005750,FDR-0017,SUB-005,33.477705,-111.976073,62.5,20.6,lithium-ion,2021-05-01,Tesla,active
BATT-001125,CUST-0037149,XFMR-005760,FDR-0017,SUB-005,33.477703,-111.975023,9.5,4.7,LFP,2024-05-01,BYD,active
BATT-001126,CUST-0037154,XFMR-005761,FDR-0017,SUB-005,33.477389,-111.974929,9.9,4.8,NMC,2021-12-01,SolarEdge,active
BATT-001127,CUST-0037187,XFMR-005768,FDR-0017,SUB-005,33.477491,-111.974801,13.9,5.1,LFP,2024-11-01,Enphase,active
BATT-001128,CUST-0037284,XFMR-005782,FDR-0017,SUB-005,33.477641,-111.973047,14.6,4.8,LFP,2020-05-01,SolarEdge,active
BATT-001129,CUST-0037289,XFMR-005782,FDR-0017,SUB-005,33.477524,-111.973538,208.3,84.6,LFP,2022-07-01,Generac,active
BATT-001130,CUST-0037322,XFMR-005789,FDR-0017,SUB-005,33.477161,-111.973077,14.5,6.6,LFP,2021-11-01,Generac,inactive
BATT-001131,CUST-0037327,XFMR-005789,FDR-0017,SUB-005,33.477124,-111.972469,14.7,5.8,lithium-ion,2021-02-01,Enphase,active
BATT-001132,CUST-0037344,XFMR-005792,FDR-0017,SUB-005,33.477178,-111.972396,9.7,3.7,LFP,2022-03-01,SunPower,active
BATT-001133,CUST-0037349,XFMR-005794,FDR-0017,SUB-005,33.477618,-111.97255,9.8,3.0,NMC,2021-03-01,SolarEdge,active
BATT-001134,CUST-0037355,XFMR-005794,FDR-0017,SUB-005,33.477306,-111.972568,54.8,24.6,lithium-ion,2021-02-01,SunPower,active
BATT-001135,CUST-0037362,XFMR-005795,FDR-0017,SUB-005,33.477655,-111.972061,12.2,5.2,lithium-ion,2020-06-01,Tesla,active
BATT-001136,CUST-0037395,XFMR-005800,FDR-0017,SUB-005,33.47772,-111.971962,10.4,3.5,lithium-ion,2024-07-01,Tesla,active
BATT-001137,CUST-0037444,XFMR-005808,FDR-0017,SUB-005,33.477702,-111.971377,14.6,5.4,NMC,2021-05-01,Enphase,active
BATT-001138,CUST-0037455,XFMR-005810,FDR-0017,SUB-005,33.477598,-111.971394,18.8,7.6,lithium-ion,2023-09-01,Generac,active
BATT-001139,CUST-0037485,XFMR-005813,FDR-0017,SUB-005,33.477176,-111.97039,9.1,4.2,lithium-ion,2021-04-01,Enphase,active
BATT-001140,CUST-0037488,XFMR-005814,FDR-0017,SUB-005,33.477649,-111.970885,20.5,7.2,lithium-ion,2023-01-01,SolarEdge,active
BATT-001141,CUST-0037540,XFMR-005821,FDR-0017,SUB-005,33.477617,-111.970219,20.1,9.0,NMC,2023-11-01,Enphase,active
BATT-001142,CUST-0037566,XFMR-005824,FDR-0017,SUB-005,33.477311,-111.969576,18.8,5.8,LFP,2024-08-01,Tesla,active
BATT-001143,CUST-0037576,XFMR-005826,FDR-0017,SUB-005,33.477686,-111.969847,14.2,5.0,NMC,2020-08-01,Tesla,active
BATT-001144,CUST-0037577,XFMR-005826,FDR-0017,SUB-005,33.477259,-111.969505,17.4,7.1,lithium-ion,2023-08-01,SolarEdge,active
BATT-001145,CUST-0037587,XFMR-005828,FDR-0017,SUB-005,33.477194,-111.969166,24.2,8.2,NMC,2023-05-01,BYD,active
BATT-001146,CUST-0037636,XFMR-005835,FDR-0017,SUB-005,33.477208,-111.969309,10.6,3.5,NMC,2020-09-01,SolarEdge,active
BATT-001147,CUST-0037673,XFMR-005841,FDR-0017,SUB-005,33.477557,-111.968652,86.7,35.2,NMC,2024-06-01,Generac,active
BATT-001148,CUST-0037719,XFMR-005848,FDR-0017,SUB-005,33.47724,-111.967552,14.2,5.3,LFP,2020-09-01,SunPower,active
BATT-001149,CUST-0037721,XFMR-005849,FDR-0017,SUB-005,33.47778,-111.967832,15.8,7.0,LFP,2020-12-01,Tesla,active
BATT-001150,CUST-0037783,XFMR-005860,FDR-0017,SUB-005,33.477533,-111.966415,21.5,9.5,NMC,2022-07-01,BYD,active
BATT-001151,CUST-0037831,XFMR-005865,FDR-0017,SUB-005,33.477422,-111.966577,20.0,8.7,LFP,2021-02-01,SunPower,active
BATT-001152,CUST-0037880,XFMR-005871,FDR-0017,SUB-005,33.477291,-111.965414,16.4,7.8,NMC,2023-01-01,SolarEdge,active
BATT-001153,CUST-0037887,XFMR-005873,FDR-0017,SUB-005,33.477057,-111.965719,9.4,4.5,lithium-ion,2020-02-01,Enphase,active
BATT-001154,CUST-0037898,XFMR-005874,FDR-0017,SUB-005,33.477285,-111.965464,12.6,5.2,lithium-ion,2022-11-01,SunPower,active
BATT-001155,CUST-0037913,XFMR-005875,FDR-0017,SUB-005,33.477159,-111.965593,9.4,4.7,lithium-ion,2023-01-01,Tesla,active
BATT-001156,CUST-0037922,XFMR-005876,FDR-0017,SUB-005,33.477125,-111.965453,12.2,4.0,lithium-ion,2021-04-01,Tesla,active
BATT-001157,CUST-0037951,XFMR-005882,FDR-0017,SUB-005,33.47744,-111.965182,20.4,8.8,LFP,2021-04-01,Enphase,active
BATT-001158,CUST-0037979,XFMR-005885,FDR-0017,SUB-005,33.477427,-111.964246,21.6,6.6,LFP,2021-12-01,Tesla,active
BATT-001159,CUST-0037998,XFMR-005889,FDR-0017,SUB-005,33.477094,-111.964341,182.5,75.3,lithium-ion,2024-12-01,Enphase,active
BATT-001160,CUST-0038006,XFMR-005890,FDR-0017,SUB-005,33.477682,-111.964031,17.0,5.7,NMC,2024-04-01,BYD,inactive
BATT-001161,CUST-0038021,XFMR-005892,FDR-0017,SUB-005,33.477555,-111.96392,10.5,4.2,lithium-ion,2022-12-01,SunPower,active
BATT-001162,CUST-0038172,XFMR-005913,FDR-0017,SUB-005,33.477192,-111.96214,13.7,6.0,LFP,2022-03-01,SunPower,active
BATT-001163,CUST-0038174,XFMR-005914,FDR-0017,SUB-005,33.477599,-111.961871,14.5,5.8,LFP,2020-08-01,Tesla,active
BATT-001164,CUST-0038190,XFMR-005916,FDR-0017,SUB-005,33.477549,-111.961968,9.0,3.3,lithium-ion,2020-05-01,SunPower,active
BATT-001165,CUST-0038265,XFMR-005927,FDR-0017,SUB-005,33.476979,-111.961268,9.1,3.5,NMC,2020-12-01,BYD,active
BATT-001166,CUST-0038277,XFMR-005929,FDR-0017,SUB-005,33.477106,-111.960798,20.8,7.5,lithium-ion,2021-10-01,BYD,active
BATT-001167,CUST-0038344,XFMR-005937,FDR-0017,SUB-005,33.477784,-111.960446,13.6,5.5,lithium-ion,2020-07-01,SolarEdge,active
BATT-001168,CUST-0038402,XFMR-005943,FDR-0017,SUB-005,33.477699,-111.960014,58.4,23.0,LFP,2024-06-01,Generac,active
BATT-001169,CUST-0038419,XFMR-005946,FDR-0017,SUB-005,33.47706,-111.959291,71.6,28.3,lithium-ion,2020-10-01,Tesla,active
BATT-001170,CUST-0038471,XFMR-005954,FDR-0017,SUB-005,33.477088,-111.958364,9.6,3.1,NMC,2024-04-01,Enphase,active
BATT-001171,CUST-0038499,XFMR-005959,FDR-0017,SUB-005,33.477067,-111.958165,13.6,5.2,NMC,2023-08-01,SunPower,active
BATT-001172,CUST-0038515,XFMR-005961,FDR-0017,SUB-005,33.477668,-111.958567,178.6,51.0,NMC,2021-08-01,SolarEdge,active
BATT-001173,CUST-0038519,XFMR-005962,FDR-0017,SUB-005,33.477125,-111.957835,18.4,8.4,NMC,2023-10-01,Enphase,active
BATT-001174,CUST-0038564,XFMR-005967,FDR-0017,SUB-005,33.477418,-111.957839,215.4,102.6,lithium-ion,2022-01-01,Generac,active
BATT-001175,CUST-0038655,XFMR-005982,FDR-0017,SUB-005,33.477751,-111.956565,13.4,6.5,lithium-ion,2022-04-01,SunPower,active
BATT-001176,CUST-0038670,XFMR-005985,FDR-0017,SUB-005,33.477369,-111.955669,113.3,41.1,LFP,2021-01-01,SunPower,active
BATT-001177,CUST-0038724,XFMR-005995,FDR-0017,SUB-005,33.4776,-111.955171,247.3,90.8,NMC,2024-02-01,Generac,active
BATT-001178,CUST-0038758,XFMR-006000,FDR-0017,SUB-005,33.477085,-111.954685,9.1,3.0,LFP,2022-01-01,Generac,active
BATT-001179,CUST-0038772,XFMR-006002,FDR-0017,SUB-005,33.477699,-111.954824,13.4,5.1,LFP,2020-05-01,Enphase,active
BATT-001180,CUST-0038775,XFMR-006003,FDR-0017,SUB-005,33.477022,-111.954182,17.5,7.3,NMC,2022-05-01,SolarEdge,active
BATT-001181,CUST-0038800,XFMR-006008,FDR-0017,SUB-005,33.477533,-111.953828,13.6,5.0,LFP,2021-10-01,Enphase,active
BATT-001182,CUST-0038843,XFMR-006012,FDR-0017,SUB-005,33.477819,-111.954015,19.6,7.3,LFP,2024-07-01,SunPower,active
BATT-001183,CUST-0038849,XFMR-006012,FDR-0017,SUB-005,33.477279,-111.954092,14.7,6.1,NMC,2023-09-01,SunPower,active
BATT-001184,CUST-0038870,XFMR-006015,FDR-0017,SUB-005,33.477246,-111.953258,73.9,19.3,NMC,2022-09-01,Tesla,active
BATT-001185,CUST-0038914,XFMR-006022,FDR-0017,SUB-005,33.477059,-111.952565,9.2,3.0,NMC,2024-09-01,Tesla,active
BATT-001186,CUST-0038944,XFMR-006026,FDR-0017,SUB-005,33.477009,-111.952956,19.2,6.3,lithium-ion,2023-02-01,SolarEdge,active
BATT-001187,CUST-0039018,XFMR-006039,FDR-0017,SUB-005,33.477163,-111.951775,61.9,26.4,LFP,2024-02-01,Enphase,active
BATT-001188,CUST-0039079,XFMR-006051,FDR-0017,SUB-005,33.477151,-111.950172,20.3,8.0,LFP,2022-06-01,SolarEdge,active
BATT-001189,CUST-0039115,XFMR-006060,FDR-0017,SUB-005,33.477432,-111.950058,21.3,8.4,LFP,2022-07-01,SunPower,active
BATT-001190,CUST-0039152,XFMR-006067,FDR-0017,SUB-005,33.476975,-111.94873,18.5,9.0,lithium-ion,2020-01-01,SolarEdge,active
BATT-001191,CUST-0039301,XFMR-006088,FDR-0017,SUB-005,33.477599,-111.947613,12.2,4.8,LFP,2022-10-01,Tesla,active
BATT-001192,CUST-0039323,XFMR-006092,FDR-0017,SUB-005,33.477614,-111.947351,18.6,7.6,NMC,2020-08-01,Enphase,active
BATT-001193,CUST-0039330,XFMR-006093,FDR-0017,SUB-005,33.477653,-111.946947,13.2,5.3,NMC,2024-02-01,SolarEdge,active
BATT-001194,CUST-0039335,XFMR-006095,FDR-0017,SUB-005,33.477627,-111.946997,17.6,7.4,NMC,2022-02-01,Tesla,active
BATT-001195,CUST-0039341,XFMR-006096,FDR-0017,SUB-005,33.477504,-111.946144,15.4,6.6,NMC,2022-12-01,BYD,active
BATT-001196,CUST-0039409,XFMR-006105,FDR-0017,SUB-005,33.477566,-111.945889,11.0,4.8,LFP,2022-05-01,SunPower,active
BATT-001197,CUST-0039450,XFMR-006110,FDR-0017,SUB-005,33.477134,-111.945381,14.4,6.1,LFP,2021-11-01,SunPower,active
BATT-001198,CUST-0039526,XFMR-006121,FDR-0017,SUB-005,33.477711,-111.94433,18.2,8.8,NMC,2024-10-01,SolarEdge,active
BATT-001199,CUST-0039547,XFMR-006123,FDR-0017,SUB-005,33.477304,-111.944073,9.0,3.0,LFP,2023-04-01,Tesla,active
BATT-001200,CUST-0039593,XFMR-006134,FDR-0017,SUB-005,33.4776,-111.943237,12.6,4.9,LFP,2023-04-01,Tesla,active
BATT-001201,CUST-0039594,XFMR-006134,FDR-0017,SUB-005,33.477212,-111.942871,19.2,5.9,lithium-ion,2024-02-01,Enphase,inactive
BATT-001202,CUST-0039606,XFMR-006136,FDR-0017,SUB-005,33.4772,-111.942817,10.0,3.1,NMC,2020-05-01,Tesla,active
BATT-001203,CUST-0039608,XFMR-006136,FDR-0017,SUB-005,33.477123,-111.943225,10.9,5.1,lithium-ion,2023-04-01,Enphase,active
BATT-001204,CUST-0039620,XFMR-006137,FDR-0017,SUB-005,33.477548,-111.943253,16.4,7.7,lithium-ion,2021-04-01,SunPower,active
BATT-001205,CUST-0039628,XFMR-006138,FDR-0017,SUB-005,33.477604,-111.943485,18.3,5.6,lithium-ion,2024-02-01,Tesla,active
BATT-001206,CUST-0039666,XFMR-006145,FDR-0017,SUB-005,33.477603,-111.942752,21.7,6.9,LFP,2022-04-01,Tesla,active
BATT-001207,CUST-0039693,XFMR-006148,FDR-0017,SUB-005,33.477226,-111.942063,68.4,27.4,lithium-ion,2024-01-01,BYD,active
BATT-001208,CUST-0039796,XFMR-006160,FDR-0018,SUB-005,33.475164,-112.004829,21.4,7.6,NMC,2024-03-01,BYD,active
BATT-001209,CUST-0039825,XFMR-006165,FDR-0018,SUB-005,33.473397,-112.00485,357.3,162.4,lithium-ion,2020-04-01,SolarEdge,active
BATT-001210,CUST-0039833,XFMR-006167,FDR-0018,SUB-005,33.473051,-112.004583,17.2,7.2,NMC,2021-11-01,Tesla,active
BATT-001211,CUST-0039971,XFMR-006187,FDR-0018,SUB-005,33.46818,-112.004187,14.0,6.9,NMC,2021-08-01,Tesla,active
BATT-001212,CUST-0039973,XFMR-006187,FDR-0018,SUB-005,33.468441,-112.004916,17.5,7.8,LFP,2024-12-01,BYD,active
BATT-001213,CUST-0040012,XFMR-006194,FDR-0018,SUB-005,33.466741,-112.004984,15.7,5.5,LFP,2023-09-01,Generac,active
BATT-001214,CUST-0040051,XFMR-006199,FDR-0018,SUB-005,33.465911,-112.004746,9.4,4.5,lithium-ion,2022-09-01,SunPower,active
BATT-001215,CUST-0040109,XFMR-006207,FDR-0018,SUB-005,33.464271,-112.004438,14.2,4.3,LFP,2023-12-01,SunPower,active
BATT-001216,CUST-0040189,XFMR-006220,FDR-0018,SUB-005,33.460816,-112.004971,20.5,6.9,lithium-ion,2024-04-01,SunPower,active
BATT-001217,CUST-0040193,XFMR-006220,FDR-0018,SUB-005,33.460884,-112.004225,101.1,32.7,lithium-ion,2020-11-01,SolarEdge,active
BATT-001218,CUST-0040212,XFMR-006224,FDR-0018,SUB-005,33.45955,-112.004172,12.4,4.5,LFP,2020-02-01,SolarEdge,active
BATT-001219,CUST-0040320,XFMR-006239,FDR-0018,SUB-005,33.455983,-112.004426,223.8,87.0,NMC,2023-01-01,SunPower,active
BATT-001220,CUST-0040324,XFMR-006240,FDR-0018,SUB-005,33.455745,-112.004865,15.3,6.5,lithium-ion,2024-01-01,Enphase,active
BATT-001221,CUST-0040325,XFMR-006240,FDR-0018,SUB-005,33.455914,-112.004945,16.0,7.2,lithium-ion,2020-06-01,Tesla,active
BATT-001222,CUST-0040339,XFMR-006242,FDR-0018,SUB-005,33.455941,-112.004129,260.0,113.8,NMC,2024-03-01,Generac,active
BATT-001223,CUST-0040352,XFMR-006245,FDR-0018,SUB-005,33.455229,-112.00482,14.5,4.8,LFP,2023-10-01,Tesla,active
BATT-001224,CUST-0040368,XFMR-006248,FDR-0018,SUB-005,33.454074,-112.004184,17.1,8.1,lithium-ion,2024-07-01,Generac,active
BATT-001225,CUST-0040383,XFMR-006251,FDR-0018,SUB-005,33.453841,-112.004409,9.5,3.9,lithium-ion,2021-01-01,Enphase,active
BATT-001226,CUST-0040404,XFMR-006256,FDR-0018,SUB-005,33.452324,-112.004416,15.9,5.7,lithium-ion,2024-05-01,Enphase,active
BATT-001227,CUST-0040406,XFMR-006257,FDR-0018,SUB-005,33.451797,-112.004398,13.5,5.3,lithium-ion,2021-05-01,SolarEdge,active
BATT-001228,CUST-0040412,XFMR-006258,FDR-0018,SUB-005,33.452165,-112.004615,14.2,4.3,LFP,2020-08-01,Generac,active
BATT-001229,CUST-0040472,XFMR-006269,FDR-0018,SUB-005,33.449663,-112.005049,13.4,4.9,LFP,2023-03-01,Enphase,active
BATT-001230,CUST-0040476,XFMR-006270,FDR-0018,SUB-005,33.449267,-112.004257,21.8,8.3,lithium-ion,2022-12-01,SunPower,active
BATT-001231,CUST-0040528,XFMR-006277,FDR-0018,SUB-005,33.447345,-112.004438,12.2,5.7,LFP,2022-12-01,SunPower,active
BATT-001232,CUST-0040606,XFMR-006291,FDR-0018,SUB-005,33.443896,-112.00435,14.5,5.2,NMC,2022-03-01,BYD,active
BATT-001233,CUST-0040628,XFMR-006293,FDR-0018,SUB-005,33.443555,-112.004387,16.6,6.4,LFP,2024-01-01,Enphase,active
BATT-001234,CUST-0040743,XFMR-006316,FDR-0018,SUB-005,33.437953,-112.004632,15.9,6.9,LFP,2022-07-01,BYD,active
BATT-001235,CUST-0040763,XFMR-006320,FDR-0018,SUB-005,33.437434,-112.004864,17.1,7.1,LFP,2022-12-01,Enphase,active
BATT-001236,CUST-0040804,XFMR-006326,FDR-0018,SUB-005,33.435726,-112.004866,13.2,4.8,LFP,2021-08-01,SolarEdge,active
BATT-001237,CUST-0040808,XFMR-006326,FDR-0018,SUB-005,33.436058,-112.004768,16.0,7.8,LFP,2024-07-01,Generac,active
BATT-001238,CUST-0040859,XFMR-006334,FDR-0019,SUB-005,33.479229,-112.004283,13.7,6.7,NMC,2021-05-01,Tesla,active
BATT-001239,CUST-0040863,XFMR-006334,FDR-0019,SUB-005,33.479369,-112.005035,9.9,3.1,LFP,2023-07-01,Generac,active
BATT-001240,CUST-0040868,XFMR-006335,FDR-0019,SUB-005,33.478948,-112.004769,19.1,8.5,LFP,2021-11-01,SolarEdge,active
BATT-001241,CUST-0040889,XFMR-006337,FDR-0019,SUB-005,33.479948,-112.004584,217.0,69.8,NMC,2020-02-01,Generac,active
BATT-001242,CUST-0040895,XFMR-006338,FDR-0019,SUB-005,33.480383,-112.004612,21.9,7.1,NMC,2024-09-01,Tesla,active
BATT-001243,CUST-0040957,XFMR-006346,FDR-0019,SUB-005,33.4827,-112.004143,16.3,5.6,LFP,2022-02-01,Generac,active
BATT-001244,CUST-0040986,XFMR-006350,FDR-0019,SUB-005,33.483432,-112.004799,14.7,5.7,lithium-ion,2022-09-01,SunPower,active
BATT-001245,CUST-0041004,XFMR-006352,FDR-0019,SUB-005,33.484105,-112.004527,14.3,5.3,lithium-ion,2021-12-01,Generac,active
BATT-001246,CUST-0041040,XFMR-006357,FDR-0019,SUB-005,33.485117,-112.004716,394.5,172.0,NMC,2024-03-01,BYD,active
BATT-001247,CUST-0041055,XFMR-006360,FDR-0019,SUB-005,33.486287,-112.004097,251.5,94.1,NMC,2022-10-01,SolarEdge,active
BATT-001248,CUST-0041070,XFMR-006361,FDR-0019,SUB-005,33.486336,-112.004017,18.2,5.7,NMC,2020-01-01,SolarEdge,active
BATT-001249,CUST-0041081,XFMR-006363,FDR-0019,SUB-005,33.486878,-112.00501,18.2,6.1,LFP,2022-10-01,Enphase,active
BATT-001250,CUST-0041205,XFMR-006383,FDR-0019,SUB-005,33.493105,-112.004212,16.4,6.4,lithium-ion,2023-04-01,Enphase,active
BATT-001251,CUST-0041261,XFMR-006390,FDR-0019,SUB-005,33.495032,-112.004087,9.2,3.2,lithium-ion,2023-07-01,BYD,active
BATT-001252,CUST-0041267,XFMR-006392,FDR-0019,SUB-005,33.495073,-112.004344,21.6,7.2,lithium-ion,2024-10-01,Enphase,active
BATT-001253,CUST-0041292,XFMR-006394,FDR-0019,SUB-005,33.495552,-112.004437,17.4,6.7,lithium-ion,2023-04-01,Enphase,active
BATT-001254,CUST-0041296,XFMR-006395,FDR-0019,SUB-005,33.496129,-112.00451,10.9,4.5,LFP,2024-02-01,BYD,active
BATT-001255,CUST-0041377,XFMR-006407,FDR-0019,SUB-005,33.499593,-112.004252,12.6,4.3,LFP,2022-05-01,Tesla,active
BATT-001256,CUST-0041416,XFMR-006414,FDR-0019,SUB-005,33.501144,-112.005005,14.8,6.6,lithium-ion,2021-04-01,Generac,active
BATT-001257,CUST-0041448,XFMR-006419,FDR-0019,SUB-005,33.503088,-112.00437,13.7,6.0,NMC,2022-02-01,Tesla,active
BATT-001258,CUST-0041505,XFMR-006430,FDR-0019,SUB-005,33.505619,-112.004146,9.5,3.6,lithium-ion,2023-11-01,Tesla,inactive
BATT-001259,CUST-0041559,XFMR-006436,FDR-0019,SUB-005,33.507436,-112.004387,15.9,5.0,NMC,2022-01-01,Generac,active
BATT-001260,CUST-0041590,XFMR-006444,FDR-0019,SUB-005,33.509453,-112.004335,10.8,4.7,lithium-ion,2024-07-01,SolarEdge,active
BATT-001261,CUST-0041614,XFMR-006447,FDR-0019,SUB-005,33.510367,-112.004907,9.1,2.9,lithium-ion,2024-11-01,Enphase,active
BATT-001262,CUST-0041632,XFMR-006448,FDR-0019,SUB-005,33.510542,-112.004412,10.5,4.7,lithium-ion,2020-12-01,SolarEdge,active
BATT-001263,CUST-0041687,XFMR-006457,FDR-0019,SUB-005,33.513603,-112.004119,57.7,20.5,NMC,2023-03-01,SolarEdge,active
BATT-001264,CUST-0041819,XFMR-006475,FDR-0019,SUB-005,33.518307,-112.00457,14.1,6.8,LFP,2023-02-01,Tesla,active
BATT-001265,CUST-0041894,XFMR-006488,FDR-0019,SUB-005,33.522133,-112.004378,18.1,6.5,lithium-ion,2020-02-01,SunPower,active
BATT-001266,CUST-0041899,XFMR-006489,FDR-0019,SUB-005,33.521899,-112.004457,10.7,4.1,LFP,2021-05-01,Tesla,inactive
BATT-001267,CUST-0041940,XFMR-006495,FDR-0019,SUB-005,33.524246,-112.004545,9.1,3.3,NMC,2023-09-01,SolarEdge,active
BATT-001268,CUST-0042038,XFMR-006510,FDR-0019,SUB-005,33.527846,-112.00493,10.4,3.6,LFP,2023-01-01,Enphase,active
BATT-001269,CUST-0042063,XFMR-006515,FDR-0019,SUB-005,33.529811,-112.004384,14.7,7.0,LFP,2020-08-01,Tesla,active
BATT-001270,CUST-0042086,XFMR-006518,FDR-0019,SUB-005,33.529894,-112.004368,422.0,133.0,lithium-ion,2024-07-01,BYD,active
BATT-001271,CUST-0042153,XFMR-006530,FDR-0019,SUB-005,33.533291,-112.00426,10.3,3.8,LFP,2020-08-01,SolarEdge,active
BATT-001272,CUST-0042173,XFMR-006532,FDR-0019,SUB-005,33.534156,-112.004091,14.9,5.9,lithium-ion,2020-11-01,Tesla,active
BATT-001273,CUST-0042231,XFMR-006545,FDR-0019,SUB-005,33.537544,-112.004832,16.7,5.3,LFP,2024-03-01,SunPower,active
BATT-001274,CUST-0042235,XFMR-006545,FDR-0019,SUB-005,33.537832,-112.004312,338.8,129.0,lithium-ion,2024-03-01,Generac,active
BATT-001275,CUST-0042242,XFMR-006546,FDR-0019,SUB-005,33.53845,-112.0048,11.0,3.7,NMC,2020-06-01,Generac,active
BATT-001276,CUST-0042260,XFMR-006548,FDR-0019,SUB-005,33.538754,-112.004595,16.5,5.5,LFP,2020-10-01,SolarEdge,active
BATT-001277,CUST-0042274,XFMR-006550,FDR-0019,SUB-005,33.539146,-112.004344,9.6,3.3,NMC,2022-11-01,Enphase,active
BATT-001278,CUST-0042281,XFMR-006551,FDR-0019,SUB-005,33.539414,-112.004148,18.5,7.1,LFP,2023-08-01,Generac,active
BATT-001279,CUST-0042318,XFMR-006558,FDR-0019,SUB-005,33.541692,-112.004029,15.3,6.1,LFP,2020-02-01,SunPower,active
BATT-001280,CUST-0042324,XFMR-006559,FDR-0019,SUB-005,33.541709,-112.004788,10.7,4.0,lithium-ion,2022-11-01,Enphase,active
BATT-001281,CUST-0042349,XFMR-006561,FDR-0019,SUB-005,33.542541,-112.004247,9.7,4.2,LFP,2021-09-01,Tesla,active
BATT-001282,CUST-0042354,XFMR-006562,FDR-0019,SUB-005,33.542624,-112.004099,16.5,6.1,NMC,2024-10-01,SunPower,active
BATT-001283,CUST-0042603,XFMR-006605,FDR-0019,SUB-005,33.55437,-112.004177,16.1,6.8,LFP,2022-08-01,Tesla,active
BATT-001284,CUST-0042627,XFMR-006609,FDR-0019,SUB-005,33.555714,-112.004779,399.3,125.3,NMC,2022-10-01,Tesla,active
BATT-001285,CUST-0042650,XFMR-006612,FDR-0019,SUB-005,33.556844,-112.004687,15.2,6.4,NMC,2024-06-01,Enphase,active
BATT-001286,CUST-0042686,XFMR-006617,FDR-0019,SUB-005,33.557485,-112.004324,16.8,5.9,LFP,2021-11-01,SolarEdge,active
BATT-001287,CUST-0042741,XFMR-006624,FDR-0019,SUB-005,33.559435,-112.004276,13.5,5.4,NMC,2024-10-01,Tesla,active
BATT-001288,CUST-0042844,XFMR-006638,FDR-0019,SUB-005,33.563705,-112.004303,20.6,9.2,NMC,2024-01-01,Generac,active
BATT-001289,CUST-0042852,XFMR-006638,FDR-0019,SUB-005,33.563986,-112.004905,9.0,2.9,LFP,2023-09-01,Generac,active
BATT-001290,CUST-0042858,XFMR-006640,FDR-0019,SUB-005,33.56435,-112.004876,14.0,6.3,NMC,2021-01-01,SolarEdge,active
BATT-001291,CUST-0042877,XFMR-006642,FDR-0019,SUB-005,33.564535,-112.004709,12.5,4.5,NMC,2023-06-01,SolarEdge,active
BATT-001292,CUST-0042888,XFMR-006643,FDR-0019,SUB-005,33.564791,-112.00496,19.5,9.1,NMC,2022-07-01,Generac,active
BATT-001293,CUST-0042925,XFMR-006647,FDR-0019,SUB-005,33.566338,-112.004195,20.1,7.4,lithium-ion,2023-06-01,Generac,active
BATT-001294,CUST-0042971,XFMR-006657,FDR-0019,SUB-005,33.569037,-112.004109,18.8,6.2,NMC,2020-11-01,Enphase,active
BATT-001295,CUST-0042991,XFMR-006660,FDR-0019,SUB-005,33.56991,-112.004355,139.8,37.2,LFP,2024-01-01,Tesla,active
BATT-001296,CUST-0042997,XFMR-006660,FDR-0019,SUB-005,33.570008,-112.004289,10.8,5.4,lithium-ion,2023-08-01,BYD,active
BATT-001297,CUST-0043064,XFMR-006670,FDR-0020,SUB-005,33.477113,-112.00637,16.3,7.1,LFP,2023-06-01,SunPower,active
BATT-001298,CUST-0043071,XFMR-006672,FDR-0020,SUB-005,33.477135,-112.007296,241.0,119.0,NMC,2020-04-01,Enphase,active
BATT-001299,CUST-0043209,XFMR-006695,FDR-0020,SUB-005,33.47761,-112.015956,13.4,6.5,lithium-ion,2020-03-01,Tesla,active
BATT-001300,CUST-0043238,XFMR-006699,FDR-0020,SUB-005,33.477627,-112.017057,14.1,5.8,NMC,2021-05-01,Generac,active
BATT-001301,CUST-0043282,XFMR-006706,FDR-0020,SUB-005,33.477687,-112.019782,10.3,3.8,lithium-ion,2020-07-01,Enphase,active
BATT-001302,CUST-0043307,XFMR-006710,FDR-0020,SUB-005,33.477139,-112.021724,372.8,99.2,NMC,2020-03-01,Tesla,active
BATT-001303,CUST-0043345,XFMR-006716,FDR-0020,SUB-005,33.477266,-112.023062,10.9,4.7,NMC,2022-01-01,SunPower,active
BATT-001304,CUST-0043359,XFMR-006718,FDR-0020,SUB-005,33.477088,-112.024808,12.8,5.2,NMC,2021-01-01,Generac,active
BATT-001305,CUST-0043361,XFMR-006718,FDR-0020,SUB-005,33.47749,-112.024768,17.0,6.1,LFP,2024-09-01,Generac,active
BATT-001306,CUST-0043405,XFMR-006725,FDR-0020,SUB-005,33.47759,-112.02738,10.2,3.6,LFP,2021-06-01,SunPower,active
BATT-001307,CUST-0043410,XFMR-006726,FDR-0020,SUB-005,33.477459,-112.027549,87.5,27.9,NMC,2022-01-01,Generac,active
BATT-001308,CUST-0043462,XFMR-006732,FDR-0020,SUB-005,33.477809,-112.029598,13.6,4.8,LFP,2023-06-01,SolarEdge,active
BATT-001309,CUST-0043500,XFMR-006738,FDR-0020,SUB-005,33.477198,-112.031472,18.3,7.0,lithium-ion,2023-10-01,Tesla,active
BATT-001310,CUST-0043534,XFMR-006743,FDR-0020,SUB-005,33.477756,-112.033777,15.6,7.1,lithium-ion,2023-10-01,SunPower,active
BATT-001311,CUST-0043549,XFMR-006744,FDR-0020,SUB-005,33.47768,-112.034184,124.4,36.8,NMC,2022-03-01,SolarEdge,active
BATT-001312,CUST-0043625,XFMR-006759,FDR-0020,SUB-005,33.477177,-112.039696,19.6,6.2,NMC,2023-07-01,SunPower,active
BATT-001313,CUST-0043636,XFMR-006761,FDR-0020,SUB-005,33.477017,-112.040744,18.3,6.6,LFP,2022-06-01,Tesla,active
BATT-001314,CUST-0043638,XFMR-006761,FDR-0020,SUB-005,33.477467,-112.040838,89.3,38.8,NMC,2023-11-01,SolarEdge,active
BATT-001315,CUST-0043666,XFMR-006764,FDR-0020,SUB-005,33.477099,-112.041318,18.8,7.5,LFP,2020-09-01,SolarEdge,active
BATT-001316,CUST-0043750,XFMR-006782,FDR-0021,SUB-006,33.555083,-112.160715,14.9,5.3,LFP,2022-10-01,BYD,active
BATT-001317,CUST-0043776,XFMR-006785,FDR-0021,SUB-006,33.555008,-112.160446,13.1,6.5,NMC,2022-07-01,Tesla,active
BATT-001318,CUST-0043810,XFMR-006788,FDR-0021,SUB-006,33.554001,-112.160973,383.0,186.3,lithium-ion,2020-01-01,SolarEdge,active
BATT-001319,CUST-0043855,XFMR-006793,FDR-0021,SUB-006,33.553192,-112.160747,19.3,8.2,NMC,2024-02-01,Tesla,active
BATT-001320,CUST-0043902,XFMR-006801,FDR-0021,SUB-006,33.552159,-112.161264,21.9,7.7,NMC,2020-06-01,Generac,active
BATT-001321,CUST-0043912,XFMR-006803,FDR-0021,SUB-006,33.552142,-112.160601,20.0,8.1,lithium-ion,2020-08-01,Generac,active
BATT-001322,CUST-0044009,XFMR-006823,FDR-0021,SUB-006,33.548396,-112.160752,15.4,4.8,lithium-ion,2023-07-01,Tesla,active
BATT-001323,CUST-0044030,XFMR-006826,FDR-0021,SUB-006,33.548476,-112.160752,14.1,4.3,LFP,2021-06-01,BYD,active
BATT-001324,CUST-0044044,XFMR-006828,FDR-0021,SUB-006,33.547722,-112.161155,21.5,6.7,lithium-ion,2022-03-01,SunPower,active
BATT-001325,CUST-0044095,XFMR-006835,FDR-0021,SUB-006,33.546903,-112.160572,14.6,6.7,NMC,2024-06-01,SunPower,active
BATT-001326,CUST-0044128,XFMR-006840,FDR-0021,SUB-006,33.546187,-112.161165,17.2,7.0,NMC,2023-11-01,Generac,active
BATT-001327,CUST-0044194,XFMR-006852,FDR-0021,SUB-006,33.54399,-112.160349,16.4,7.4,LFP,2020-02-01,Tesla,active
BATT-001328,CUST-0044247,XFMR-006862,FDR-0021,SUB-006,33.542286,-112.160561,20.6,6.5,lithium-ion,2023-03-01,Enphase,active
BATT-001329,CUST-0044278,XFMR-006867,FDR-0021,SUB-006,33.541774,-112.1611,13.6,6.5,NMC,2022-09-01,Tesla,active
BATT-001330,CUST-0044310,XFMR-006872,FDR-0021,SUB-006,33.540661,-112.161236,462.2,171.5,LFP,2021-09-01,Tesla,active
BATT-001331,CUST-0044343,XFMR-006879,FDR-0021,SUB-006,33.540171,-112.161078,20.6,6.7,LFP,2022-03-01,SolarEdge,active
BATT-001332,CUST-0044385,XFMR-006884,FDR-0021,SUB-006,33.538842,-112.160594,9.9,4.1,lithium-ion,2024-08-01,SolarEdge,active
BATT-001333,CUST-0044393,XFMR-006884,FDR-0021,SUB-006,33.538656,-112.160482,15.4,7.6,LFP,2021-07-01,BYD,active
BATT-001334,CUST-0044410,XFMR-006891,FDR-0021,SUB-006,33.537555,-112.161352,19.5,6.7,LFP,2023-09-01,Generac,active
BATT-001335,CUST-0044501,XFMR-006903,FDR-0021,SUB-006,33.536221,-112.16094,9.8,4.5,lithium-ion,2021-01-01,BYD,active
BATT-001336,CUST-0044570,XFMR-006913,FDR-0021,SUB-006,33.534368,-112.160571,9.1,4.2,LFP,2021-02-01,Tesla,active
BATT-001337,CUST-0044578,XFMR-006914,FDR-0021,SUB-006,33.53453,-112.160464,367.9,150.8,lithium-ion,2023-06-01,Tesla,active
BATT-001338,CUST-0044582,XFMR-006915,FDR-0021,SUB-006,33.533923,-112.160611,20.6,10.2,NMC,2021-07-01,Generac,active
BATT-001339,CUST-0044688,XFMR-006931,FDR-0021,SUB-006,33.531162,-112.160723,22.4,11.0,NMC,2021-02-01,SunPower,active
BATT-001340,CUST-0044695,XFMR-006933,FDR-0021,SUB-006,33.530822,-112.161313,16.7,8.1,LFP,2024-04-01,BYD,active
BATT-001341,CUST-0044701,XFMR-006933,FDR-0021,SUB-006,33.531275,-112.160743,20.0,8.8,NMC,2024-04-01,Enphase,active
BATT-001342,CUST-0044726,XFMR-006937,FDR-0021,SUB-006,33.5307,-112.160933,306.3,138.2,lithium-ion,2021-03-01,SunPower,active
BATT-001343,CUST-0044735,XFMR-006938,FDR-0021,SUB-006,33.530734,-112.160655,62.2,21.5,LFP,2020-11-01,Enphase,active
BATT-001344,CUST-0044759,XFMR-006941,FDR-0021,SUB-006,33.529898,-112.161024,9.1,3.8,lithium-ion,2020-02-01,BYD,active
BATT-001345,CUST-0044760,XFMR-006942,FDR-0021,SUB-006,33.529485,-112.161154,21.1,10.2,LFP,2022-09-01,SunPower,active
BATT-001346,CUST-0044811,XFMR-006948,FDR-0021,SUB-006,33.528813,-112.160585,10.1,3.9,LFP,2023-10-01,Generac,active
BATT-001347,CUST-0044877,XFMR-006957,FDR-0021,SUB-006,33.527303,-112.161151,10.1,4.9,LFP,2021-06-01,Generac,active
BATT-001348,CUST-0044894,XFMR-006959,FDR-0021,SUB-006,33.526683,-112.160433,133.8,59.0,NMC,2024-09-01,SolarEdge,active
BATT-001349,CUST-0044923,XFMR-006966,FDR-0021,SUB-006,33.525989,-112.161192,20.3,8.1,lithium-ion,2020-11-01,BYD,active
BATT-001350,CUST-0044929,XFMR-006967,FDR-0021,SUB-006,33.52613,-112.160993,345.5,96.8,lithium-ion,2023-10-01,Enphase,active
BATT-001351,CUST-0044982,XFMR-006972,FDR-0021,SUB-006,33.524978,-112.161137,10.3,4.5,LFP,2023-04-01,Tesla,active
BATT-001352,CUST-0045038,XFMR-006984,FDR-0021,SUB-006,33.522985,-112.160445,13.5,5.0,NMC,2024-01-01,Tesla,active
BATT-001353,CUST-0045045,XFMR-006984,FDR-0021,SUB-006,33.522806,-112.160361,17.6,6.7,lithium-ion,2023-12-01,Generac,active
BATT-001354,CUST-0045105,XFMR-006994,FDR-0021,SUB-006,33.521795,-112.16114,193.8,74.3,NMC,2024-09-01,Tesla,active
BATT-001355,CUST-0045112,XFMR-006995,FDR-0021,SUB-006,33.521292,-112.161291,13.3,6.1,NMC,2020-02-01,SolarEdge,inactive
BATT-001356,CUST-0045169,XFMR-007001,FDR-0021,SUB-006,33.52021,-112.16062,17.2,6.5,lithium-ion,2022-04-01,SolarEdge,active
BATT-001357,CUST-0045195,XFMR-007006,FDR-0021,SUB-006,33.519849,-112.16041,21.2,7.9,NMC,2023-03-01,Enphase,active
BATT-001358,CUST-0045197,XFMR-007006,FDR-0021,SUB-006,33.519339,-112.160488,95.4,40.0,lithium-ion,2022-10-01,Enphase,active
BATT-001359,CUST-0045239,XFMR-007013,FDR-0021,SUB-006,33.518218,-112.160962,18.2,8.5,lithium-ion,2024-01-01,Enphase,active
BATT-001360,CUST-0045252,XFMR-007014,FDR-0021,SUB-006,33.518354,-112.161087,14.0,4.5,NMC,2022-01-01,SolarEdge,active
BATT-001361,CUST-0045270,XFMR-007019,FDR-0021,SUB-006,33.517659,-112.160498,17.5,6.2,lithium-ion,2022-03-01,Enphase,active
BATT-001362,CUST-0045281,XFMR-007021,FDR-0021,SUB-006,33.516889,-112.160544,20.8,9.8,lithium-ion,2022-01-01,BYD,active
BATT-001363,CUST-0045297,XFMR-007025,FDR-0021,SUB-006,33.516325,-112.161194,9.3,3.6,lithium-ion,2024-11-01,Generac,active
BATT-001364,CUST-0045301,XFMR-007025,FDR-0021,SUB-006,33.516888,-112.160654,15.5,4.8,LFP,2022-10-01,BYD,active
BATT-001365,CUST-0045307,XFMR-007026,FDR-0021,SUB-006,33.516282,-112.160691,15.6,5.8,LFP,2022-05-01,SolarEdge,active
BATT-001366,CUST-0045346,XFMR-007034,FDR-0021,SUB-006,33.515386,-112.161113,15.2,6.5,lithium-ion,2024-02-01,Tesla,active
BATT-001367,CUST-0045377,XFMR-007039,FDR-0021,SUB-006,33.514529,-112.160931,10.2,4.3,lithium-ion,2024-01-01,SunPower,active
BATT-001368,CUST-0045389,XFMR-007041,FDR-0021,SUB-006,33.514095,-112.160332,12.2,5.3,NMC,2024-06-01,Tesla,active
BATT-001369,CUST-0045410,XFMR-007044,FDR-0021,SUB-006,33.513178,-112.160562,19.2,9.2,NMC,2022-07-01,Tesla,active
BATT-001370,CUST-0045486,XFMR-007054,FDR-0021,SUB-006,33.512304,-112.161061,20.0,7.9,NMC,2024-12-01,SolarEdge,active
BATT-001371,CUST-0045489,XFMR-007054,FDR-0021,SUB-006,33.511671,-112.160388,12.9,4.3,LFP,2023-11-01,Tesla,active
BATT-001372,CUST-0045493,XFMR-007054,FDR-0021,SUB-006,33.51189,-112.161099,14.6,5.6,NMC,2021-05-01,Tesla,active
BATT-001373,CUST-0045500,XFMR-007056,FDR-0021,SUB-006,33.511442,-112.161081,13.4,5.0,NMC,2023-08-01,SunPower,active
BATT-001374,CUST-0045540,XFMR-007064,FDR-0021,SUB-006,33.510246,-112.161133,10.6,5.2,lithium-ion,2021-04-01,SunPower,active
BATT-001375,CUST-0045602,XFMR-007076,FDR-0021,SUB-006,33.508273,-112.160546,9.7,3.0,LFP,2023-12-01,BYD,active
BATT-001376,CUST-0045608,XFMR-007076,FDR-0021,SUB-006,33.508542,-112.160893,14.3,4.9,lithium-ion,2023-08-01,Tesla,inactive
BATT-001377,CUST-0045628,XFMR-007079,FDR-0021,SUB-006,33.508085,-112.160581,78.6,31.6,lithium-ion,2020-12-01,Generac,active
BATT-001378,CUST-0045629,XFMR-007080,FDR-0021,SUB-006,33.507569,-112.161139,13.9,4.7,NMC,2021-03-01,SolarEdge,active
BATT-001379,CUST-0045700,XFMR-007088,FDR-0021,SUB-006,33.506347,-112.161278,15.3,6.2,LFP,2023-06-01,SolarEdge,active
BATT-001380,CUST-0045727,XFMR-007093,FDR-0021,SUB-006,33.505915,-112.160886,13.1,4.0,lithium-ion,2023-01-01,Tesla,active
BATT-001381,CUST-0045740,XFMR-007094,FDR-0021,SUB-006,33.5052,-112.160476,17.2,8.2,NMC,2022-01-01,BYD,active
BATT-001382,CUST-0045749,XFMR-007095,FDR-0021,SUB-006,33.505639,-112.160591,20.4,9.2,NMC,2021-07-01,BYD,active
BATT-001383,CUST-0045846,XFMR-007107,FDR-0021,SUB-006,33.50357,-112.16082,9.9,4.6,lithium-ion,2021-07-01,Enphase,active
BATT-001384,CUST-0045852,XFMR-007109,FDR-0021,SUB-006,33.502809,-112.161025,19.4,6.6,NMC,2021-09-01,SunPower,active
BATT-001385,CUST-0045853,XFMR-007109,FDR-0021,SUB-006,33.503393,-112.160466,10.1,4.6,LFP,2021-02-01,Enphase,active
BATT-001386,CUST-0045878,XFMR-007111,FDR-0021,SUB-006,33.502913,-112.161022,14.8,5.2,lithium-ion,2024-03-01,Enphase,active
BATT-001387,CUST-0045938,XFMR-007119,FDR-0021,SUB-006,33.501149,-112.160605,14.8,4.5,LFP,2020-05-01,Enphase,active
BATT-001388,CUST-0045980,XFMR-007126,FDR-0021,SUB-006,33.50033,-112.160634,12.6,5.9,NMC,2021-05-01,BYD,active
BATT-001389,CUST-0046152,XFMR-007154,FDR-0021,SUB-006,33.49568,-112.160613,14.6,6.8,LFP,2022-09-01,SolarEdge,active
BATT-001390,CUST-0046285,XFMR-007171,FDR-0021,SUB-006,33.493331,-112.16057,15.2,7.0,LFP,2022-01-01,SunPower,active
BATT-001391,CUST-0046345,XFMR-007181,FDR-0021,SUB-006,33.491744,-112.161183,21.6,8.5,lithium-ion,2021-07-01,SunPower,active
BATT-001392,CUST-0046373,XFMR-007184,FDR-0021,SUB-006,33.491379,-112.160496,19.8,9.5,NMC,2020-10-01,BYD,active
BATT-001393,CUST-0046382,XFMR-007186,FDR-0021,SUB-006,33.49112,-112.160389,15.8,6.7,LFP,2024-01-01,Enphase,active
BATT-001394,CUST-0046383,XFMR-007186,FDR-0021,SUB-006,33.490628,-112.160972,17.1,5.5,NMC,2024-04-01,SunPower,active
BATT-001395,CUST-0046534,XFMR-007212,FDR-0021,SUB-006,33.486272,-112.161327,19.1,9.0,NMC,2020-06-01,BYD,active
BATT-001396,CUST-0046579,XFMR-007217,FDR-0021,SUB-006,33.485739,-112.160559,109.6,33.2,lithium-ion,2023-02-01,BYD,active
BATT-001397,CUST-0046688,XFMR-007236,FDR-0021,SUB-006,33.483195,-112.161029,13.7,5.9,NMC,2023-07-01,Generac,active
BATT-001398,CUST-0046696,XFMR-007238,FDR-0021,SUB-006,33.482277,-112.160493,14.8,7.2,NMC,2023-01-01,SolarEdge,active
BATT-001399,CUST-0046705,XFMR-007239,FDR-0021,SUB-006,33.482164,-112.160967,20.0,7.5,LFP,2022-07-01,SunPower,active
BATT-001400,CUST-0046718,XFMR-007241,FDR-0021,SUB-006,33.482039,-112.161124,13.2,5.4,lithium-ion,2022-02-01,Tesla,active
BATT-001401,CUST-0046741,XFMR-007244,FDR-0021,SUB-006,33.481375,-112.161002,15.1,5.3,NMC,2020-08-01,SunPower,active
BATT-001402,CUST-0046744,XFMR-007245,FDR-0021,SUB-006,33.481356,-112.161029,12.3,4.7,NMC,2020-10-01,SolarEdge,active
BATT-001403,CUST-0046759,XFMR-007246,FDR-0021,SUB-006,33.48153,-112.160774,14.7,7.1,NMC,2020-10-01,Tesla,active
BATT-001404,CUST-0046789,XFMR-007251,FDR-0021,SUB-006,33.480169,-112.160436,16.9,7.1,lithium-ion,2022-02-01,Tesla,active
BATT-001405,CUST-0046793,XFMR-007252,FDR-0021,SUB-006,33.480497,-112.16053,18.8,9.2,LFP,2024-09-01,Enphase,active
BATT-001406,CUST-0046797,XFMR-007252,FDR-0021,SUB-006,33.480444,-112.160493,14.7,6.1,LFP,2021-05-01,Generac,active
BATT-001407,CUST-0046820,XFMR-007258,FDR-0021,SUB-006,33.479243,-112.160866,60.9,24.7,lithium-ion,2022-05-01,SolarEdge,active
BATT-001408,CUST-0046849,XFMR-007262,FDR-0021,SUB-006,33.479075,-112.160525,12.3,4.5,lithium-ion,2022-01-01,Enphase,active
BATT-001409,CUST-0046868,XFMR-007265,FDR-0021,SUB-006,33.478605,-112.160649,14.0,5.9,lithium-ion,2024-10-01,SunPower,active
BATT-001410,CUST-0046871,XFMR-007266,FDR-0021,SUB-006,33.477822,-112.161125,117.0,32.3,lithium-ion,2024-09-01,Tesla,active
BATT-001411,CUST-0046893,XFMR-007268,FDR-0021,SUB-006,33.477304,-112.161064,14.3,6.9,NMC,2021-09-01,Tesla,active
BATT-001412,CUST-0046895,XFMR-007268,FDR-0021,SUB-006,33.477696,-112.16057,18.6,7.5,NMC,2024-01-01,SunPower,active
BATT-001413,CUST-0046928,XFMR-007275,FDR-0022,SUB-006,33.55734,-112.15747,14.6,6.1,NMC,2020-08-01,SolarEdge,active
BATT-001414,CUST-0046948,XFMR-007278,FDR-0022,SUB-006,33.556786,-112.156349,21.1,10.5,LFP,2024-10-01,Enphase,active
BATT-001415,CUST-0046997,XFMR-007287,FDR-0022,SUB-006,33.557322,-112.151314,12.4,6.0,LFP,2020-02-01,Tesla,active
BATT-001416,CUST-0047000,XFMR-007287,FDR-0022,SUB-006,33.556779,-112.151335,15.9,6.1,NMC,2023-10-01,SunPower,active
BATT-001417,CUST-0047005,XFMR-007288,FDR-0022,SUB-006,33.556693,-112.151113,18.3,8.2,lithium-ion,2024-01-01,BYD,active
BATT-001418,CUST-0047072,XFMR-007298,FDR-0022,SUB-006,33.55727,-112.14638,9.9,3.3,lithium-ion,2023-03-01,Tesla,active
BATT-001419,CUST-0047139,XFMR-007308,FDR-0022,SUB-006,33.557092,-112.14113,14.8,6.4,lithium-ion,2021-08-01,SolarEdge,active
BATT-001420,CUST-0047201,XFMR-007317,FDR-0022,SUB-006,33.557312,-112.135788,90.1,39.3,NMC,2022-02-01,BYD,active
BATT-001421,CUST-0047263,XFMR-007326,FDR-0022,SUB-006,33.556851,-112.131904,19.6,6.8,LFP,2021-06-01,Generac,active
BATT-001422,CUST-0047304,XFMR-007332,FDR-0022,SUB-006,33.556999,-112.128314,9.8,4.2,NMC,2023-09-01,SolarEdge,active
BATT-001423,CUST-0047325,XFMR-007335,FDR-0022,SUB-006,33.556866,-112.127059,12.5,4.8,lithium-ion,2024-03-01,Enphase,active
BATT-001424,CUST-0047408,XFMR-007349,FDR-0022,SUB-006,33.557096,-112.119821,15.7,7.0,lithium-ion,2022-08-01,SolarEdge,active
BATT-001425,CUST-0047432,XFMR-007353,FDR-0022,SUB-006,33.556849,-112.118145,10.7,4.8,lithium-ion,2024-10-01,Generac,active
BATT-001426,CUST-0047446,XFMR-007355,FDR-0022,SUB-006,33.557024,-112.116716,15.5,5.1,NMC,2022-06-01,Enphase,inactive
BATT-001427,CUST-0047461,XFMR-007357,FDR-0022,SUB-006,33.557327,-112.116292,9.6,4.2,LFP,2021-03-01,SunPower,active
BATT-001428,CUST-0047493,XFMR-007363,FDR-0022,SUB-006,33.556862,-112.112964,13.4,4.0,LFP,2020-06-01,SunPower,active
BATT-001429,CUST-0047527,XFMR-007368,FDR-0022,SUB-006,33.557054,-112.110578,15.4,5.7,lithium-ion,2024-12-01,SolarEdge,active
BATT-001430,CUST-0047542,XFMR-007370,FDR-0022,SUB-006,33.557285,-112.109013,14.6,5.1,NMC,2022-08-01,BYD,active
BATT-001431,CUST-0047567,XFMR-007374,FDR-0022,SUB-006,33.556874,-112.107401,10.1,3.4,LFP,2020-10-01,BYD,active
BATT-001432,CUST-0047576,XFMR-007375,FDR-0022,SUB-006,33.557134,-112.106231,10.0,3.1,NMC,2021-02-01,Tesla,active
BATT-001433,CUST-0047614,XFMR-007379,FDR-0022,SUB-006,33.556895,-112.104731,10.3,3.2,NMC,2022-04-01,SolarEdge,active
BATT-001434,CUST-0047653,XFMR-007386,FDR-0022,SUB-006,33.556774,-112.10132,14.5,5.6,lithium-ion,2020-06-01,Generac,active
BATT-001435,CUST-0047657,XFMR-007387,FDR-0022,SUB-006,33.557188,-112.100257,10.7,3.4,NMC,2020-06-01,Tesla,active
BATT-001436,CUST-0047714,XFMR-007394,FDR-0022,SUB-006,33.55728,-112.096768,142.0,50.2,lithium-ion,2020-09-01,BYD,active
BATT-001437,CUST-0047728,XFMR-007395,FDR-0022,SUB-006,33.556871,-112.096605,81.7,25.0,LFP,2023-11-01,BYD,inactive
BATT-001438,CUST-0047822,XFMR-007410,FDR-0022,SUB-006,33.557271,-112.088457,9.3,4.0,LFP,2020-05-01,BYD,active
BATT-001439,CUST-0047858,XFMR-007415,FDR-0022,SUB-006,33.556815,-112.085936,461.8,181.8,NMC,2021-10-01,Enphase,active
BATT-001440,CUST-0047932,XFMR-007426,FDR-0022,SUB-006,33.557452,-112.080829,13.5,5.7,LFP,2021-06-01,SunPower,active
BATT-001441,CUST-0047990,XFMR-007435,FDR-0022,SUB-006,33.557419,-112.075702,12.9,5.5,LFP,2023-09-01,BYD,active
BATT-001442,CUST-0048036,XFMR-007443,FDR-0022,SUB-006,33.556796,-112.07223,13.2,5.8,LFP,2021-01-01,SolarEdge,active
BATT-001443,CUST-0048161,XFMR-007459,FDR-0022,SUB-006,33.556956,-112.063364,9.6,3.8,lithium-ion,2021-05-01,Generac,active
BATT-001444,CUST-0048167,XFMR-007460,FDR-0022,SUB-006,33.55741,-112.06358,481.7,154.0,NMC,2023-06-01,BYD,active
BATT-001445,CUST-0048186,XFMR-007463,FDR-0022,SUB-006,33.556669,-112.06161,21.9,8.8,lithium-ion,2022-03-01,Enphase,active
BATT-001446,CUST-0048197,XFMR-007465,FDR-0022,SUB-006,33.557238,-112.060156,464.2,224.7,LFP,2021-04-01,Generac,active
BATT-001447,CUST-0048203,XFMR-007465,FDR-0022,SUB-006,33.557158,-112.06033,17.1,7.6,LFP,2022-03-01,Generac,active
BATT-001448,CUST-0048263,XFMR-007477,FDR-0022,SUB-006,33.557229,-112.054398,17.0,7.2,NMC,2021-03-01,SolarEdge,active
BATT-001449,CUST-0048279,XFMR-007479,FDR-0022,SUB-006,33.557236,-112.052926,19.9,8.5,LFP,2021-12-01,SunPower,active
BATT-001450,CUST-0048335,XFMR-007488,FDR-0022,SUB-006,33.556834,-112.048812,10.3,3.9,LFP,2023-04-01,Tesla,active
BATT-001451,CUST-0048356,XFMR-007492,FDR-0022,SUB-006,33.557411,-112.046529,17.2,7.5,LFP,2022-03-01,BYD,active
BATT-001452,CUST-0048380,XFMR-007496,FDR-0022,SUB-006,33.556697,-112.044769,17.2,6.0,LFP,2021-04-01,Generac,active
BATT-001453,CUST-0048412,XFMR-007500,FDR-0022,SUB-006,33.557088,-112.042186,19.7,9.0,LFP,2024-03-01,BYD,active
BATT-001454,CUST-0048462,XFMR-007507,FDR-0022,SUB-006,33.557129,-112.039001,12.6,4.8,NMC,2020-03-01,SunPower,active
BATT-001455,CUST-0048483,XFMR-007509,FDR-0022,SUB-006,33.556756,-112.03823,20.1,9.5,LFP,2022-06-01,BYD,active
BATT-001456,CUST-0048509,XFMR-007511,FDR-0022,SUB-006,33.557034,-112.037504,13.2,6.4,NMC,2022-12-01,Enphase,active
BATT-001457,CUST-0048587,XFMR-007521,FDR-0022,SUB-006,33.556852,-112.031965,10.0,4.4,NMC,2024-08-01,SolarEdge,active
BATT-001458,CUST-0048628,XFMR-007526,FDR-0022,SUB-006,33.556934,-112.029221,17.1,7.3,lithium-ion,2024-07-01,Generac,active
BATT-001459,CUST-0048632,XFMR-007528,FDR-0023,SUB-006,33.558203,-112.161111,9.9,4.7,NMC,2020-07-01,Generac,active
BATT-001460,CUST-0048637,XFMR-007528,FDR-0023,SUB-006,33.558235,-112.16057,20.1,8.2,lithium-ion,2021-10-01,BYD,active
BATT-001461,CUST-0048680,XFMR-007534,FDR-0023,SUB-006,33.562326,-112.160594,19.3,9.5,NMC,2022-01-01,BYD,active
BATT-001462,CUST-0048733,XFMR-007542,FDR-0023,SUB-006,33.567647,-112.16059,353.1,146.7,NMC,2020-04-01,SolarEdge,active
BATT-001463,CUST-0048737,XFMR-007544,FDR-0023,SUB-006,33.568899,-112.161187,19.8,9.1,lithium-ion,2020-01-01,SunPower,active
BATT-001464,CUST-0048758,XFMR-007546,FDR-0023,SUB-006,33.569932,-112.16119,12.3,4.9,NMC,2024-03-01,Enphase,active
BATT-001465,CUST-0048785,XFMR-007550,FDR-0023,SUB-006,33.572222,-112.160654,203.2,74.6,lithium-ion,2022-08-01,Enphase,active
BATT-001466,CUST-0048869,XFMR-007564,FDR-0023,SUB-006,33.581099,-112.16092,14.7,6.7,NMC,2022-01-01,SolarEdge,active
BATT-001467,CUST-0048887,XFMR-007566,FDR-0023,SUB-006,33.582418,-112.160412,17.5,6.9,NMC,2022-10-01,Generac,active
BATT-001468,CUST-0048894,XFMR-007567,FDR-0023,SUB-006,33.583356,-112.160578,21.8,7.8,lithium-ion,2022-03-01,BYD,active
BATT-001469,CUST-0048918,XFMR-007571,FDR-0023,SUB-006,33.586072,-112.160933,18.3,6.3,lithium-ion,2024-03-01,SunPower,active
BATT-001470,CUST-0048969,XFMR-007578,FDR-0023,SUB-006,33.590431,-112.16067,18.2,9.0,NMC,2020-03-01,Enphase,active
BATT-001471,CUST-0049007,XFMR-007584,FDR-0023,SUB-006,33.593737,-112.160393,12.3,6.1,lithium-ion,2022-09-01,Tesla,active
BATT-001472,CUST-0049013,XFMR-007587,FDR-0023,SUB-006,33.595656,-112.160765,23.9,9.2,LFP,2020-06-01,SolarEdge,active
BATT-001473,CUST-0049041,XFMR-007591,FDR-0023,SUB-006,33.598409,-112.160707,13.6,5.1,lithium-ion,2021-07-01,Enphase,active
BATT-001474,CUST-0049063,XFMR-007595,FDR-0023,SUB-006,33.601484,-112.160727,10.7,4.1,NMC,2023-05-01,SolarEdge,active
BATT-001475,CUST-0049072,XFMR-007596,FDR-0023,SUB-006,33.601868,-112.161153,15.4,4.8,NMC,2020-06-01,SolarEdge,active
BATT-001476,CUST-0049078,XFMR-007597,FDR-0023,SUB-006,33.602359,-112.161113,16.8,8.2,lithium-ion,2022-01-01,Tesla,active
BATT-001477,CUST-0049098,XFMR-007600,FDR-0023,SUB-006,33.604663,-112.16053,13.8,5.0,lithium-ion,2023-12-01,Enphase,active
BATT-001478,CUST-0049127,XFMR-007605,FDR-0023,SUB-006,33.607211,-112.160712,13.6,6.8,lithium-ion,2022-06-01,Generac,active
BATT-001479,CUST-0049190,XFMR-007614,FDR-0023,SUB-006,33.613384,-112.160462,20.5,7.6,lithium-ion,2024-03-01,Enphase,active
BATT-001480,CUST-0049222,XFMR-007619,FDR-0023,SUB-006,33.616534,-112.160362,21.4,9.2,NMC,2022-12-01,SunPower,active
BATT-001481,CUST-0049266,XFMR-007626,FDR-0024,SUB-006,33.557388,-112.16105,69.4,25.4,lithium-ion,2024-08-01,BYD,inactive
BATT-001482,CUST-0049316,XFMR-007634,FDR-0024,SUB-006,33.556899,-112.162135,9.1,4.3,LFP,2023-11-01,Generac,active
BATT-001483,CUST-0049328,XFMR-007638,FDR-0024,SUB-006,33.55675,-112.163258,150.5,41.1,NMC,2024-09-01,Enphase,active
BATT-001484,CUST-0049336,XFMR-007639,FDR-0024,SUB-006,33.556837,-112.163703,295.0,135.3,LFP,2023-03-01,Enphase,active
BATT-001485,CUST-0049488,XFMR-007663,FDR-0024,SUB-006,33.556905,-112.168144,34.9,15.2,lithium-ion,2021-08-01,SunPower,active
BATT-001486,CUST-0049494,XFMR-007665,FDR-0024,SUB-006,33.55687,-112.167773,200.1,84.7,NMC,2024-10-01,SunPower,active
BATT-001487,CUST-0049557,XFMR-007672,FDR-0024,SUB-006,33.557173,-112.169688,15.2,7.0,NMC,2023-12-01,Generac,active
BATT-001488,CUST-0049567,XFMR-007673,FDR-0024,SUB-006,33.55729,-112.169909,20.2,6.8,lithium-ion,2021-07-01,Generac,active
BATT-001489,CUST-0049586,XFMR-007676,FDR-0024,SUB-006,33.557425,-112.170121,10.0,3.4,NMC,2024-07-01,BYD,active
BATT-001490,CUST-0049598,XFMR-007679,FDR-0024,SUB-006,33.55742,-112.170558,14.4,6.5,LFP,2024-08-01,SunPower,active
BATT-001491,CUST-0049631,XFMR-007685,FDR-0024,SUB-006,33.557041,-112.171788,13.9,5.3,NMC,2024-03-01,Enphase,active
BATT-001492,CUST-0049636,XFMR-007686,FDR-0024,SUB-006,33.557335,-112.172188,19.8,6.1,LFP,2022-03-01,Tesla,active
BATT-001493,CUST-0049651,XFMR-007689,FDR-0024,SUB-006,33.557264,-112.17273,9.1,3.8,lithium-ion,2024-09-01,BYD,active
BATT-001494,CUST-0049661,XFMR-007689,FDR-0024,SUB-006,33.557191,-112.172361,15.5,5.3,lithium-ion,2020-05-01,SolarEdge,active
BATT-001495,CUST-0049694,XFMR-007694,FDR-0024,SUB-006,33.55734,-112.17299,14.7,6.3,NMC,2024-12-01,SolarEdge,active
BATT-001496,CUST-0049750,XFMR-007703,FDR-0024,SUB-006,33.556877,-112.174928,16.3,6.8,LFP,2020-04-01,SolarEdge,active
BATT-001497,CUST-0049785,XFMR-007709,FDR-0024,SUB-006,33.556912,-112.176108,16.4,6.6,LFP,2024-07-01,Generac,active
BATT-001498,CUST-0049790,XFMR-007710,FDR-0024,SUB-006,33.556677,-112.176488,11.0,4.0,NMC,2020-08-01,Tesla,active
BATT-001499,CUST-0049813,XFMR-007712,FDR-0024,SUB-006,33.556704,-112.176848,17.6,8.6,LFP,2020-07-01,Tesla,active
BATT-001500,CUST-0049828,XFMR-007715,FDR-0024,SUB-006,33.557489,-112.177275,492.5,188.8,lithium-ion,2023-12-01,Generac,active
BATT-001501,CUST-0049838,XFMR-007716,FDR-0024,SUB-006,33.556966,-112.176967,9.8,4.4,lithium-ion,2022-09-01,SolarEdge,active
BATT-001502,CUST-0049846,XFMR-007717,FDR-0024,SUB-006,33.556766,-112.177928,140.2,52.4,LFP,2021-03-01,SolarEdge,active
BATT-001503,CUST-0049860,XFMR-007720,FDR-0024,SUB-006,33.557447,-112.177999,14.1,4.2,lithium-ion,2022-07-01,SolarEdge,active
BATT-001504,CUST-0049869,XFMR-007721,FDR-0024,SUB-006,33.556828,-112.178349,14.4,6.6,lithium-ion,2020-02-01,Enphase,active
BATT-001505,CUST-0049898,XFMR-007726,FDR-0024,SUB-006,33.556939,-112.179694,439.7,203.8,NMC,2020-08-01,Tesla,active
BATT-001506,CUST-0049913,XFMR-007728,FDR-0024,SUB-006,33.557272,-112.179602,15.5,6.0,LFP,2021-08-01,BYD,active
BATT-001507,CUST-0049968,XFMR-007739,FDR-0024,SUB-006,33.556763,-112.181012,9.1,3.4,lithium-ion,2022-10-01,SolarEdge,active
BATT-001508,CUST-0049970,XFMR-007739,FDR-0024,SUB-006,33.556734,-112.181939,73.8,32.9,LFP,2024-10-01,SolarEdge,active
BATT-001509,CUST-0050006,XFMR-007746,FDR-0024,SUB-006,33.556861,-112.183231,10.3,4.5,LFP,2022-05-01,Generac,active
BATT-001510,CUST-0050032,XFMR-007750,FDR-0024,SUB-006,33.557281,-112.183573,16.0,6.6,lithium-ion,2021-10-01,Generac,active
BATT-001511,CUST-0050062,XFMR-007756,FDR-0024,SUB-006,33.557411,-112.184662,18.2,8.8,NMC,2023-12-01,Tesla,active
BATT-001512,CUST-0050121,XFMR-007765,FDR-0024,SUB-006,33.556702,-112.186472,13.7,5.0,LFP,2020-12-01,Tesla,active
BATT-001513,CUST-0050138,XFMR-007767,FDR-0024,SUB-006,33.557184,-112.186553,19.0,8.3,LFP,2024-01-01,Generac,active
BATT-001514,CUST-0050155,XFMR-007768,FDR-0024,SUB-006,33.556911,-112.186866,16.0,6.5,LFP,2024-03-01,SunPower,active
BATT-001515,CUST-0050174,XFMR-007772,FDR-0024,SUB-006,33.55733,-112.187425,19.2,9.0,NMC,2024-11-01,SunPower,active
BATT-001516,CUST-0050176,XFMR-007772,FDR-0024,SUB-006,33.557352,-112.187952,10.1,4.1,LFP,2023-06-01,Generac,active
BATT-001517,CUST-0050218,XFMR-007778,FDR-0024,SUB-006,33.556984,-112.18885,19.1,8.6,lithium-ion,2020-12-01,SolarEdge,active
BATT-001518,CUST-0050220,XFMR-007778,FDR-0024,SUB-006,33.557438,-112.188855,16.4,6.0,NMC,2021-08-01,SolarEdge,active
BATT-001519,CUST-0050243,XFMR-007780,FDR-0024,SUB-006,33.557227,-112.1894,15.4,7.6,lithium-ion,2023-08-01,BYD,active
BATT-001520,CUST-0050265,XFMR-007785,FDR-0024,SUB-006,33.556833,-112.190099,10.9,4.9,lithium-ion,2021-09-01,Generac,active
BATT-001521,CUST-0050287,XFMR-007788,FDR-0024,SUB-006,33.55729,-112.190862,14.6,5.3,LFP,2021-01-01,Tesla,active
BATT-001522,CUST-0050310,XFMR-007792,FDR-0024,SUB-006,33.556861,-112.191255,475.7,175.7,LFP,2023-04-01,Enphase,active
BATT-001523,CUST-0050490,XFMR-007821,FDR-0024,SUB-006,33.556969,-112.196714,14.5,5.2,LFP,2024-12-01,Tesla,active
BATT-001524,CUST-0050551,XFMR-007831,FDR-0025,SUB-007,33.542847,-112.04119,10.3,3.4,LFP,2021-09-01,SunPower,active
BATT-001525,CUST-0050585,XFMR-007836,FDR-0025,SUB-007,33.542505,-112.042863,12.5,4.9,lithium-ion,2021-07-01,BYD,active
BATT-001526,CUST-0050603,XFMR-007840,FDR-0025,SUB-007,33.542286,-112.043932,12.5,4.6,LFP,2024-01-01,Enphase,active
BATT-001527,CUST-0050609,XFMR-007840,FDR-0025,SUB-007,33.542703,-112.043713,17.3,8.4,NMC,2023-12-01,Tesla,active
BATT-001528,CUST-0050649,XFMR-007845,FDR-0025,SUB-007,33.542736,-112.045078,14.7,7.3,lithium-ion,2024-04-01,Generac,active
BATT-001529,CUST-0050686,XFMR-007853,FDR-0025,SUB-007,33.542446,-112.048291,14.1,4.7,LFP,2024-03-01,Generac,active
BATT-001530,CUST-0050693,XFMR-007853,FDR-0025,SUB-007,33.542385,-112.047353,12.2,5.9,LFP,2021-09-01,Tesla,inactive
BATT-001531,CUST-0050712,XFMR-007856,FDR-0025,SUB-007,33.542561,-112.048862,10.1,4.5,lithium-ion,2024-04-01,BYD,active
BATT-001532,CUST-0050723,XFMR-007858,FDR-0025,SUB-007,33.54278,-112.049396,16.0,5.4,NMC,2021-11-01,Generac,active
BATT-001533,CUST-0050728,XFMR-007859,FDR-0025,SUB-007,33.542832,-112.049725,19.4,6.6,NMC,2023-07-01,Tesla,active
BATT-001534,CUST-0050755,XFMR-007866,FDR-0025,SUB-007,33.542386,-112.052291,155.6,73.5,lithium-ion,2024-10-01,Generac,active
BATT-001535,CUST-0050772,XFMR-007869,FDR-0025,SUB-007,33.542694,-112.053007,20.3,9.2,LFP,2020-10-01,SunPower,active
BATT-001536,CUST-0050821,XFMR-007876,FDR-0025,SUB-007,33.54292,-112.054609,10.0,4.1,LFP,2023-09-01,Enphase,active
BATT-001537,CUST-0050862,XFMR-007882,FDR-0025,SUB-007,33.542319,-112.056872,14.6,5.7,lithium-ion,2023-10-01,BYD,active
BATT-001538,CUST-0050970,XFMR-007896,FDR-0025,SUB-007,33.542299,-112.061559,13.7,4.3,NMC,2020-08-01,SunPower,active
BATT-001539,CUST-0051023,XFMR-007905,FDR-0025,SUB-007,33.542648,-112.064162,10.1,4.5,lithium-ion,2023-02-01,BYD,active
BATT-001540,CUST-0051025,XFMR-007905,FDR-0025,SUB-007,33.542333,-112.063875,156.0,62.1,LFP,2021-10-01,Enphase,active
BATT-001541,CUST-0051065,XFMR-007912,FDR-0025,SUB-007,33.542827,-112.066007,16.4,6.7,lithium-ion,2020-06-01,SolarEdge,active
BATT-001542,CUST-0051071,XFMR-007912,FDR-0025,SUB-007,33.542503,-112.066269,20.9,6.6,NMC,2023-03-01,Tesla,active
BATT-001543,CUST-0051088,XFMR-007914,FDR-0025,SUB-007,33.542592,-112.066636,13.8,5.4,LFP,2022-07-01,SunPower,active
BATT-001544,CUST-0051116,XFMR-007917,FDR-0025,SUB-007,33.542394,-112.067829,10.4,5.0,lithium-ion,2021-06-01,Enphase,active
BATT-001545,CUST-0051120,XFMR-007917,FDR-0025,SUB-007,33.542567,-112.067177,197.3,78.6,NMC,2020-04-01,Generac,active
BATT-001546,CUST-0051143,XFMR-007921,FDR-0025,SUB-007,33.542275,-112.069069,10.8,3.5,NMC,2023-02-01,Enphase,active
BATT-001547,CUST-0051161,XFMR-007923,FDR-0025,SUB-007,33.542324,-112.068996,20.0,6.7,NMC,2020-07-01,SolarEdge,active
BATT-001548,CUST-0051281,XFMR-007946,FDR-0025,SUB-007,33.542388,-112.076284,294.7,131.7,lithium-ion,2021-10-01,Tesla,active
BATT-001549,CUST-0051338,XFMR-007958,FDR-0025,SUB-007,33.542406,-112.08021,313.3,112.1,lithium-ion,2024-03-01,Tesla,active
BATT-001550,CUST-0051358,XFMR-007961,FDR-0025,SUB-007,33.542917,-112.080793,87.1,39.7,NMC,2024-09-01,SolarEdge,active
BATT-001551,CUST-0051434,XFMR-007970,FDR-0025,SUB-007,33.542843,-112.083674,21.2,8.4,NMC,2021-03-01,Enphase,inactive
BATT-001552,CUST-0051471,XFMR-007976,FDR-0025,SUB-007,33.542297,-112.086158,14.9,5.7,LFP,2024-01-01,BYD,active
BATT-001553,CUST-0051535,XFMR-007986,FDR-0025,SUB-007,33.542361,-112.088812,111.1,44.9,lithium-ion,2022-06-01,SolarEdge,active
BATT-001554,CUST-0051567,XFMR-007993,FDR-0025,SUB-007,33.542739,-112.09128,9.7,4.3,lithium-ion,2021-07-01,Tesla,active
BATT-001555,CUST-0051568,XFMR-007993,FDR-0025,SUB-007,33.542289,-112.090943,15.9,5.5,LFP,2024-05-01,Generac,active
BATT-001556,CUST-0051588,XFMR-007998,FDR-0025,SUB-007,33.542277,-112.092158,10.2,5.0,lithium-ion,2024-01-01,BYD,active
BATT-001557,CUST-0051591,XFMR-007999,FDR-0025,SUB-007,33.542833,-112.093259,20.3,7.9,NMC,2021-01-01,BYD,active
BATT-001558,CUST-0051601,XFMR-008000,FDR-0025,SUB-007,33.542952,-112.0935,13.7,6.2,NMC,2020-01-01,BYD,active
BATT-001559,CUST-0051670,XFMR-008010,FDR-0025,SUB-007,33.542945,-112.095855,19.8,6.8,lithium-ion,2020-06-01,Enphase,active
BATT-001560,CUST-0051826,XFMR-008036,FDR-0025,SUB-007,33.542366,-112.103705,19.7,8.8,NMC,2022-05-01,Tesla,active
BATT-001561,CUST-0051828,XFMR-008036,FDR-0025,SUB-007,33.542889,-112.10381,13.9,4.5,LFP,2020-03-01,Generac,active
BATT-001562,CUST-0051861,XFMR-008042,FDR-0025,SUB-007,33.542858,-112.106097,234.2,76.8,NMC,2023-02-01,SunPower,active
BATT-001563,CUST-0051864,XFMR-008043,FDR-0025,SUB-007,33.542785,-112.10639,10.4,5.2,LFP,2023-04-01,Tesla,active
BATT-001564,CUST-0051938,XFMR-008052,FDR-0025,SUB-007,33.542701,-112.109145,126.0,33.0,LFP,2022-09-01,SunPower,active
BATT-001565,CUST-0051947,XFMR-008053,FDR-0025,SUB-007,33.542698,-112.109162,9.5,4.2,LFP,2021-09-01,SunPower,active
BATT-001566,CUST-0052072,XFMR-008073,FDR-0025,SUB-007,33.542326,-112.115193,16.1,5.8,NMC,2020-05-01,Enphase,active
BATT-001567,CUST-0052078,XFMR-008074,FDR-0025,SUB-007,33.54284,-112.115617,129.2,36.6,NMC,2022-09-01,BYD,active
BATT-001568,CUST-0052101,XFMR-008076,FDR-0025,SUB-007,33.542638,-112.116089,16.2,6.6,NMC,2023-11-01,Tesla,active
BATT-001569,CUST-0052164,XFMR-008087,FDR-0025,SUB-007,33.5429,-112.119597,12.6,6.0,NMC,2020-03-01,Enphase,active
BATT-001570,CUST-0052191,XFMR-008090,FDR-0025,SUB-007,33.54277,-112.120961,487.3,192.9,LFP,2022-08-01,SunPower,active
BATT-001571,CUST-0052252,XFMR-008100,FDR-0025,SUB-007,33.542643,-112.123547,9.1,3.5,NMC,2022-03-01,Enphase,active
BATT-001572,CUST-0052267,XFMR-008101,FDR-0025,SUB-007,33.542488,-112.123775,346.7,160.8,NMC,2023-06-01,SolarEdge,active
BATT-001573,CUST-0052274,XFMR-008102,FDR-0025,SUB-007,33.542618,-112.12501,18.4,8.3,NMC,2023-07-01,Generac,active
BATT-001574,CUST-0052293,XFMR-008108,FDR-0025,SUB-007,33.542385,-112.126511,14.0,6.0,LFP,2023-04-01,SolarEdge,active
BATT-001575,CUST-0052321,XFMR-008113,FDR-0025,SUB-007,33.542898,-112.128236,20.9,8.6,NMC,2024-09-01,Tesla,active
BATT-001576,CUST-0052333,XFMR-008114,FDR-0025,SUB-007,33.542764,-112.127876,89.1,27.6,lithium-ion,2021-10-01,Tesla,active
BATT-001577,CUST-0052394,XFMR-008125,FDR-0025,SUB-007,33.542801,-112.131273,19.4,8.5,LFP,2023-06-01,BYD,active
BATT-001578,CUST-0052435,XFMR-008130,FDR-0025,SUB-007,33.542912,-112.133478,14.4,5.1,lithium-ion,2024-03-01,Tesla,active
BATT-001579,CUST-0052470,XFMR-008137,FDR-0025,SUB-007,33.542951,-112.134986,18.8,8.7,lithium-ion,2024-01-01,SolarEdge,active
BATT-001580,CUST-0052589,XFMR-008156,FDR-0025,SUB-007,33.542374,-112.141591,20.0,6.2,lithium-ion,2020-05-01,Generac,active
BATT-001581,CUST-0052642,XFMR-008163,FDR-0025,SUB-007,33.542563,-112.143509,9.9,4.4,LFP,2024-08-01,Tesla,active
BATT-001582,CUST-0052763,XFMR-008179,FDR-0025,SUB-007,33.542724,-112.148285,21.8,10.2,NMC,2023-10-01,Tesla,active
BATT-001583,CUST-0052776,XFMR-008180,FDR-0025,SUB-007,33.542399,-112.148642,14.9,6.7,LFP,2022-03-01,Tesla,active
BATT-001584,CUST-0052821,XFMR-008187,FDR-0025,SUB-007,33.542852,-112.150835,9.5,4.5,NMC,2024-12-01,BYD,active
BATT-001585,CUST-0052907,XFMR-008201,FDR-0025,SUB-007,33.542295,-112.155062,14.7,6.3,lithium-ion,2024-03-01,BYD,active
BATT-001586,CUST-0052916,XFMR-008202,FDR-0025,SUB-007,33.542997,-112.155034,10.1,4.2,NMC,2024-03-01,Enphase,active
BATT-001587,CUST-0052924,XFMR-008203,FDR-0025,SUB-007,33.542306,-112.156128,12.7,5.7,lithium-ion,2022-08-01,SolarEdge,active
BATT-001588,CUST-0052930,XFMR-008205,FDR-0025,SUB-007,33.542325,-112.156265,21.3,7.3,LFP,2024-09-01,BYD,active
BATT-001589,CUST-0052939,XFMR-008206,FDR-0025,SUB-007,33.542978,-112.15619,14.4,4.6,NMC,2020-11-01,Enphase,active
BATT-001590,CUST-0052944,XFMR-008207,FDR-0025,SUB-007,33.542523,-112.157084,19.3,6.0,lithium-ion,2022-06-01,Generac,active
BATT-001591,CUST-0052991,XFMR-008212,FDR-0025,SUB-007,33.542347,-112.15837,9.7,4.4,NMC,2020-01-01,Tesla,active
BATT-001592,CUST-0052993,XFMR-008213,FDR-0025,SUB-007,33.542366,-112.158924,141.3,58.3,LFP,2024-11-01,SunPower,active
BATT-001593,CUST-0053007,XFMR-008215,FDR-0025,SUB-007,33.54247,-112.159523,22.1,7.0,LFP,2020-05-01,BYD,active
BATT-001594,CUST-0053136,XFMR-008237,FDR-0026,SUB-007,33.542611,-112.039521,18.8,8.6,lithium-ion,2023-08-01,Tesla,active
BATT-001595,CUST-0053152,XFMR-008240,FDR-0026,SUB-007,33.541827,-112.039155,12.9,4.5,LFP,2024-12-01,Generac,active
BATT-001596,CUST-0053166,XFMR-008243,FDR-0026,SUB-007,33.541701,-112.03887,156.8,72.4,lithium-ion,2021-12-01,Enphase,active
BATT-001597,CUST-0053169,XFMR-008243,FDR-0026,SUB-007,33.541031,-112.039054,10.5,4.0,LFP,2023-03-01,Tesla,active
BATT-001598,CUST-0053198,XFMR-008248,FDR-0026,SUB-007,33.540273,-112.038957,14.8,5.7,LFP,2021-10-01,Generac,active
BATT-001599,CUST-0053254,XFMR-008255,FDR-0026,SUB-007,33.539377,-112.039457,175.0,84.5,LFP,2021-01-01,Tesla,active
BATT-001600,CUST-0053270,XFMR-008256,FDR-0026,SUB-007,33.538963,-112.039586,10.6,4.3,NMC,2021-01-01,SolarEdge,active
BATT-001601,CUST-0053295,XFMR-008259,FDR-0026,SUB-007,33.538408,-112.039766,16.6,6.9,LFP,2021-04-01,BYD,active
BATT-001602,CUST-0053328,XFMR-008264,FDR-0026,SUB-007,33.537382,-112.038873,15.0,5.0,LFP,2024-10-01,Enphase,active
BATT-001603,CUST-0053359,XFMR-008267,FDR-0026,SUB-007,33.536846,-112.038991,12.9,6.1,LFP,2024-05-01,Enphase,active
BATT-001604,CUST-0053383,XFMR-008271,FDR-0026,SUB-007,33.536647,-112.039615,220.2,99.8,LFP,2021-11-01,Enphase,active
BATT-001605,CUST-0053386,XFMR-008271,FDR-0026,SUB-007,33.536922,-112.039058,10.4,5.1,lithium-ion,2024-02-01,SunPower,active
BATT-001606,CUST-0053409,XFMR-008275,FDR-0026,SUB-007,33.536019,-112.038834,17.4,7.8,LFP,2023-11-01,Generac,active
BATT-001607,CUST-0053456,XFMR-008282,FDR-0026,SUB-007,33.534429,-112.039614,69.6,26.2,LFP,2022-01-01,Enphase,active
BATT-001608,CUST-0053484,XFMR-008285,FDR-0026,SUB-007,33.534138,-112.039633,9.9,4.3,LFP,2020-07-01,BYD,active
BATT-001609,CUST-0053499,XFMR-008289,FDR-0026,SUB-007,33.533222,-112.038803,9.0,4.4,LFP,2020-08-01,BYD,active
BATT-001610,CUST-0053526,XFMR-008292,FDR-0026,SUB-007,33.533108,-112.039459,15.4,6.9,LFP,2020-02-01,Enphase,active
BATT-001611,CUST-0053550,XFMR-008297,FDR-0026,SUB-007,33.531618,-112.038848,12.7,5.8,NMC,2023-07-01,BYD,active
BATT-001612,CUST-0053569,XFMR-008300,FDR-0026,SUB-007,33.531107,-112.03964,9.1,4.1,lithium-ion,2024-02-01,BYD,active
BATT-001613,CUST-0053583,XFMR-008301,FDR-0026,SUB-007,33.531533,-112.039479,13.2,5.2,LFP,2021-07-01,Tesla,active
BATT-001614,CUST-0053647,XFMR-008311,FDR-0026,SUB-007,33.52943,-112.039616,21.7,8.3,NMC,2020-02-01,SolarEdge,active
BATT-001615,CUST-0053681,XFMR-008316,FDR-0026,SUB-007,33.528707,-112.038851,14.6,6.1,NMC,2021-12-01,SolarEdge,active
BATT-001616,CUST-0053723,XFMR-008325,FDR-0026,SUB-007,33.527562,-112.03948,14.7,5.9,LFP,2020-12-01,BYD,active
BATT-001617,CUST-0053928,XFMR-008357,FDR-0026,SUB-007,33.521855,-112.039081,418.6,174.3,NMC,2021-01-01,BYD,active
BATT-001618,CUST-0053931,XFMR-008357,FDR-0026,SUB-007,33.521306,-112.03901,149.0,72.3,lithium-ion,2020-11-01,Generac,active
BATT-001619,CUST-0053941,XFMR-008358,FDR-0026,SUB-007,33.521082,-112.039765,10.2,4.3,lithium-ion,2023-03-01,Generac,active
BATT-001620,CUST-0053958,XFMR-008361,FDR-0026,SUB-007,33.520714,-112.038864,161.7,47.7,LFP,2021-02-01,SolarEdge,active
BATT-001621,CUST-0053980,XFMR-008364,FDR-0026,SUB-007,33.520644,-112.038734,12.7,4.2,lithium-ion,2020-08-01,SolarEdge,active
BATT-001622,CUST-0053988,XFMR-008365,FDR-0026,SUB-007,33.520148,-112.039172,213.7,92.6,lithium-ion,2021-09-01,Tesla,active
BATT-001623,CUST-0054029,XFMR-008370,FDR-0026,SUB-007,33.519005,-112.039098,10.2,4.1,LFP,2022-11-01,BYD,active
BATT-001624,CUST-0054037,XFMR-008371,FDR-0026,SUB-007,33.519128,-112.039096,16.3,5.8,NMC,2021-07-01,Tesla,active
BATT-001625,CUST-0054085,XFMR-008379,FDR-0026,SUB-007,33.518051,-112.039731,11.0,4.2,NMC,2020-04-01,BYD,active
BATT-001626,CUST-0054088,XFMR-008379,FDR-0026,SUB-007,33.517817,-112.039592,13.6,5.9,LFP,2024-10-01,SolarEdge,active
BATT-001627,CUST-0054186,XFMR-008394,FDR-0026,SUB-007,33.515098,-112.039342,14.4,4.9,lithium-ion,2023-08-01,SolarEdge,active
BATT-001628,CUST-0054233,XFMR-008401,FDR-0026,SUB-007,33.513755,-112.039376,10.9,4.4,NMC,2023-11-01,Tesla,active
BATT-001629,CUST-0054297,XFMR-008410,FDR-0026,SUB-007,33.512187,-112.039172,168.6,72.4,NMC,2024-12-01,SunPower,active
BATT-001630,CUST-0054306,XFMR-008410,FDR-0026,SUB-007,33.512546,-112.03916,20.6,7.6,NMC,2022-04-01,BYD,inactive
BATT-001631,CUST-0054317,XFMR-008414,FDR-0026,SUB-007,33.511358,-112.039538,9.4,3.4,LFP,2024-07-01,SolarEdge,active
BATT-001632,CUST-0054329,XFMR-008417,FDR-0026,SUB-007,33.511467,-112.038862,9.3,2.9,LFP,2023-06-01,Tesla,active
BATT-001633,CUST-0054501,XFMR-008447,FDR-0026,SUB-007,33.506131,-112.039519,9.4,4.2,lithium-ion,2024-09-01,Generac,active
BATT-001634,CUST-0054539,XFMR-008453,FDR-0026,SUB-007,33.504707,-112.038909,10.3,4.9,LFP,2022-09-01,SunPower,active
BATT-001635,CUST-0054547,XFMR-008454,FDR-0026,SUB-007,33.505051,-112.038733,15.9,5.1,LFP,2023-04-01,BYD,active
BATT-001636,CUST-0054551,XFMR-008455,FDR-0026,SUB-007,33.504672,-112.038985,183.7,87.4,NMC,2022-10-01,BYD,active
BATT-001637,CUST-0054554,XFMR-008455,FDR-0026,SUB-007,33.504557,-112.039555,21.9,7.8,lithium-ion,2022-10-01,Enphase,active
BATT-001638,CUST-0054559,XFMR-008455,FDR-0026,SUB-007,33.504861,-112.039527,9.7,3.8,lithium-ion,2020-04-01,SunPower,active
BATT-001639,CUST-0054565,XFMR-008456,FDR-0026,SUB-007,33.504537,-112.039464,18.1,6.0,LFP,2024-02-01,Generac,active
BATT-001640,CUST-0054566,XFMR-008456,FDR-0026,SUB-007,33.504408,-112.039625,9.9,3.1,NMC,2020-11-01,Enphase,active
BATT-001641,CUST-0054602,XFMR-008461,FDR-0026,SUB-007,33.503416,-112.039335,174.8,83.8,LFP,2024-10-01,SunPower,active
BATT-001642,CUST-0054640,XFMR-008467,FDR-0026,SUB-007,33.502612,-112.039722,15.8,4.9,lithium-ion,2020-11-01,SunPower,active
BATT-001643,CUST-0054702,XFMR-008476,FDR-0026,SUB-007,33.501324,-112.038898,352.3,167.0,NMC,2021-03-01,Tesla,active
BATT-001644,CUST-0054758,XFMR-008482,FDR-0026,SUB-007,33.499946,-112.039054,14.4,5.9,NMC,2022-02-01,Generac,active
BATT-001645,CUST-0054777,XFMR-008485,FDR-0026,SUB-007,33.499434,-112.038906,21.8,8.9,LFP,2022-09-01,BYD,active
BATT-001646,CUST-0054884,XFMR-008502,FDR-0026,SUB-007,33.496296,-112.039232,12.2,5.2,lithium-ion,2021-03-01,SunPower,active
BATT-001647,CUST-0054888,XFMR-008502,FDR-0026,SUB-007,33.496062,-112.039211,19.0,8.7,NMC,2021-02-01,Tesla,active
BATT-001648,CUST-0054889,XFMR-008502,FDR-0026,SUB-007,33.496346,-112.039231,14.5,5.3,lithium-ion,2022-07-01,Enphase,active
BATT-001649,CUST-0054897,XFMR-008503,FDR-0026,SUB-007,33.496659,-112.039505,13.9,6.7,lithium-ion,2021-03-01,Generac,inactive
BATT-001650,CUST-0054932,XFMR-008507,FDR-0026,SUB-007,33.495674,-112.039492,19.4,8.0,LFP,2021-01-01,Tesla,active
BATT-001651,CUST-0054947,XFMR-008509,FDR-0026,SUB-007,33.495134,-112.039347,16.3,8.0,lithium-ion,2021-08-01,SolarEdge,active
BATT-001652,CUST-0054994,XFMR-008515,FDR-0026,SUB-007,33.494104,-112.039075,15.6,7.1,LFP,2022-02-01,SolarEdge,active
BATT-001653,CUST-0055033,XFMR-008519,FDR-0026,SUB-007,33.493333,-112.039083,272.9,119.0,NMC,2023-05-01,SunPower,active
BATT-001654,CUST-0055057,XFMR-008523,FDR-0026,SUB-007,33.492514,-112.038829,12.5,5.6,LFP,2023-08-01,SunPower,active
BATT-001655,CUST-0055104,XFMR-008530,FDR-0026,SUB-007,33.49122,-112.03944,13.4,5.1,lithium-ion,2022-08-01,Enphase,active
BATT-001656,CUST-0055148,XFMR-008535,FDR-0026,SUB-007,33.490979,-112.039347,20.7,6.4,LFP,2022-12-01,BYD,active
BATT-001657,CUST-0055189,XFMR-008541,FDR-0026,SUB-007,33.489622,-112.038822,9.3,4.1,NMC,2024-04-01,SolarEdge,active
BATT-001658,CUST-0055200,XFMR-008543,FDR-0026,SUB-007,33.489422,-112.039166,129.4,52.1,lithium-ion,2020-04-01,SolarEdge,active
BATT-001659,CUST-0055209,XFMR-008545,FDR-0026,SUB-007,33.489159,-112.03931,14.6,5.8,lithium-ion,2021-05-01,Enphase,active
BATT-001660,CUST-0055303,XFMR-008561,FDR-0026,SUB-007,33.486244,-112.038938,18.3,6.1,LFP,2021-11-01,SolarEdge,active
BATT-001661,CUST-0055357,XFMR-008571,FDR-0026,SUB-007,33.484224,-112.038896,13.1,6.5,lithium-ion,2021-01-01,SunPower,active
BATT-001662,CUST-0055399,XFMR-008580,FDR-0026,SUB-007,33.482555,-112.039515,17.3,6.6,NMC,2023-01-01,Generac,active
BATT-001663,CUST-0055452,XFMR-008586,FDR-0026,SUB-007,33.481844,-112.03923,14.6,7.1,NMC,2020-07-01,SolarEdge,active
BATT-001664,CUST-0055477,XFMR-008588,FDR-0026,SUB-007,33.481334,-112.03897,14.2,4.4,NMC,2024-07-01,SunPower,active
BATT-001665,CUST-0055537,XFMR-008598,FDR-0026,SUB-007,33.479907,-112.039272,18.1,8.2,NMC,2020-02-01,BYD,active
BATT-001666,CUST-0055538,XFMR-008598,FDR-0026,SUB-007,33.479856,-112.03878,12.4,3.8,NMC,2020-10-01,Generac,active
BATT-001667,CUST-0055580,XFMR-008605,FDR-0026,SUB-007,33.478663,-112.039064,15.4,5.9,NMC,2024-11-01,SolarEdge,active
BATT-001668,CUST-0055653,XFMR-008616,FDR-0026,SUB-007,33.477067,-112.039007,19.6,8.3,NMC,2022-09-01,BYD,active
BATT-001669,CUST-0055778,XFMR-008635,FDR-0026,SUB-007,33.473706,-112.03951,20.9,7.7,NMC,2022-11-01,SunPower,active
BATT-001670,CUST-0055795,XFMR-008637,FDR-0026,SUB-007,33.473092,-112.038897,9.3,3.2,LFP,2022-08-01,BYD,active
BATT-001671,CUST-0055798,XFMR-008637,FDR-0026,SUB-007,33.473019,-112.038753,16.6,8.0,LFP,2024-01-01,Tesla,active
BATT-001672,CUST-0055836,XFMR-008644,FDR-0026,SUB-007,33.471499,-112.039567,321.8,92.9,lithium-ion,2020-06-01,Enphase,active
BATT-001673,CUST-0055846,XFMR-008645,FDR-0026,SUB-007,33.471542,-112.039134,197.8,91.2,LFP,2022-11-01,Enphase,active
BATT-001674,CUST-0055877,XFMR-008650,FDR-0026,SUB-007,33.470529,-112.039574,195.8,67.5,LFP,2022-09-01,Generac,active
BATT-001675,CUST-0055898,XFMR-008652,FDR-0026,SUB-007,33.470305,-112.039584,10.1,4.0,LFP,2022-02-01,SolarEdge,active
BATT-001676,CUST-0055922,XFMR-008656,FDR-0026,SUB-007,33.469861,-112.039371,9.3,2.9,lithium-ion,2022-07-01,SolarEdge,active
BATT-001677,CUST-0055951,XFMR-008660,FDR-0026,SUB-007,33.469191,-112.039445,13.3,5.7,NMC,2023-04-01,SolarEdge,active
BATT-001678,CUST-0055987,XFMR-008666,FDR-0026,SUB-007,33.468239,-112.039493,219.9,89.7,NMC,2024-05-01,SolarEdge,inactive
BATT-001679,CUST-0056006,XFMR-008668,FDR-0026,SUB-007,33.467853,-112.039538,89.4,28.3,lithium-ion,2022-11-01,BYD,active
BATT-001680,CUST-0056014,XFMR-008670,FDR-0026,SUB-007,33.466977,-112.039377,137.6,36.4,lithium-ion,2020-12-01,SolarEdge,active
BATT-001681,CUST-0056024,XFMR-008672,FDR-0026,SUB-007,33.4669,-112.039069,21.3,9.0,lithium-ion,2024-11-01,Enphase,active
BATT-001682,CUST-0056028,XFMR-008672,FDR-0026,SUB-007,33.466573,-112.039068,17.5,7.6,NMC,2020-11-01,Generac,active
BATT-001683,CUST-0056043,XFMR-008677,FDR-0026,SUB-007,33.466189,-112.039481,128.8,56.3,LFP,2024-05-01,Tesla,active
BATT-001684,CUST-0056060,XFMR-008681,FDR-0026,SUB-007,33.46537,-112.039181,12.9,6.4,lithium-ion,2024-12-01,Tesla,active
BATT-001685,CUST-0056061,XFMR-008681,FDR-0026,SUB-007,33.465247,-112.039012,16.8,7.2,NMC,2020-07-01,Enphase,active
BATT-001686,CUST-0056190,XFMR-008703,FDR-0026,SUB-007,33.461689,-112.03965,9.5,3.5,LFP,2024-07-01,Enphase,active
BATT-001687,CUST-0056206,XFMR-008705,FDR-0026,SUB-007,33.460804,-112.039351,13.9,6.1,NMC,2022-12-01,SolarEdge,inactive
BATT-001688,CUST-0056208,XFMR-008705,FDR-0026,SUB-007,33.461113,-112.039059,51.6,20.8,lithium-ion,2020-07-01,SunPower,active
BATT-001689,CUST-0056233,XFMR-008708,FDR-0026,SUB-007,33.460734,-112.03903,16.6,6.2,LFP,2023-10-01,Tesla,active
BATT-001690,CUST-0056239,XFMR-008709,FDR-0026,SUB-007,33.460299,-112.039503,16.6,7.2,NMC,2023-11-01,Tesla,active
BATT-001691,CUST-0056249,XFMR-008710,FDR-0026,SUB-007,33.46078,-112.039165,9.9,3.1,NMC,2024-02-01,Enphase,active
BATT-001692,CUST-0056287,XFMR-008715,FDR-0027,SUB-007,33.54545,-112.039497,14.4,5.9,NMC,2022-06-01,Tesla,active
BATT-001693,CUST-0056312,XFMR-008718,FDR-0027,SUB-007,33.54741,-112.038795,83.4,26.4,lithium-ion,2023-06-01,SunPower,active
BATT-001694,CUST-0056325,XFMR-008721,FDR-0027,SUB-007,33.548864,-112.039573,19.2,5.9,LFP,2024-06-01,BYD,active
BATT-001695,CUST-0056415,XFMR-008737,FDR-0027,SUB-007,33.559473,-112.039471,23.3,11.6,NMC,2020-01-01,SunPower,active
BATT-001696,CUST-0056419,XFMR-008738,FDR-0027,SUB-007,33.560049,-112.039324,17.0,7.8,lithium-ion,2021-05-01,SunPower,active
BATT-001697,CUST-0056427,XFMR-008740,FDR-0027,SUB-007,33.561773,-112.038855,9.0,3.1,LFP,2021-06-01,Tesla,active
BATT-001698,CUST-0056477,XFMR-008750,FDR-0027,SUB-007,33.568024,-112.039501,477.9,218.8,lithium-ion,2020-12-01,SunPower,active
BATT-001699,CUST-0056481,XFMR-008750,FDR-0027,SUB-007,33.567865,-112.039442,12.9,5.9,LFP,2022-02-01,SolarEdge,active
BATT-001700,CUST-0056498,XFMR-008752,FDR-0027,SUB-007,33.568877,-112.03961,19.0,8.2,NMC,2021-02-01,Tesla,active
BATT-001701,CUST-0056515,XFMR-008755,FDR-0027,SUB-007,33.57125,-112.039149,16.5,6.6,NMC,2023-12-01,BYD,active
BATT-001702,CUST-0056624,XFMR-008770,FDR-0027,SUB-007,33.581325,-112.039134,10.7,4.5,lithium-ion,2023-01-01,SunPower,active
BATT-001703,CUST-0056647,XFMR-008773,FDR-0027,SUB-007,33.583079,-112.038957,51.9,17.5,NMC,2020-06-01,Tesla,active
BATT-001704,CUST-0056657,XFMR-008775,FDR-0027,SUB-007,33.584455,-112.039374,21.3,7.9,LFP,2023-01-01,SunPower,active
BATT-001705,CUST-0056694,XFMR-008780,FDR-0027,SUB-007,33.587476,-112.039561,59.8,19.0,LFP,2023-11-01,Enphase,active
BATT-001706,CUST-0056747,XFMR-008787,FDR-0027,SUB-007,33.592226,-112.039456,21.1,9.9,NMC,2023-12-01,SunPower,active
BATT-001707,CUST-0056785,XFMR-008792,FDR-0027,SUB-007,33.595198,-112.039029,16.2,5.6,lithium-ion,2024-01-01,BYD,active
BATT-001708,CUST-0056795,XFMR-008794,FDR-0027,SUB-007,33.596636,-112.039735,14.1,4.5,LFP,2020-07-01,SunPower,active
BATT-001709,CUST-0056796,XFMR-008794,FDR-0027,SUB-007,33.596504,-112.039749,13.7,5.1,LFP,2022-05-01,SolarEdge,active
BATT-001710,CUST-0056814,XFMR-008797,FDR-0027,SUB-007,33.598298,-112.038793,17.1,8.1,lithium-ion,2022-12-01,Tesla,active
BATT-001711,CUST-0056822,XFMR-008798,FDR-0027,SUB-007,33.599261,-112.039071,19.5,6.9,NMC,2020-08-01,Generac,active
BATT-001712,CUST-0056830,XFMR-008798,FDR-0027,SUB-007,33.599023,-112.03957,9.7,4.5,LFP,2024-06-01,Enphase,active
BATT-001713,CUST-0056971,XFMR-008820,FDR-0027,SUB-007,33.613724,-112.039514,12.7,5.2,lithium-ion,2024-03-01,Generac,active
BATT-001714,CUST-0056983,XFMR-008822,FDR-0027,SUB-007,33.615331,-112.039458,16.0,7.6,lithium-ion,2020-06-01,Generac,active
BATT-001715,CUST-0057095,XFMR-008841,FDR-0027,SUB-007,33.62761,-112.039475,18.1,5.7,NMC,2024-07-01,Enphase,active
BATT-001716,CUST-0057107,XFMR-008843,FDR-0027,SUB-007,33.628862,-112.039522,327.3,142.2,NMC,2020-01-01,SunPower,active
BATT-001717,CUST-0057112,XFMR-008844,FDR-0027,SUB-007,33.629606,-112.039005,18.5,8.4,lithium-ion,2023-06-01,BYD,active
BATT-001718,CUST-0057129,XFMR-008846,FDR-0027,SUB-007,33.630642,-112.039076,9.8,4.1,LFP,2021-04-01,Tesla,active
BATT-001719,CUST-0057131,XFMR-008846,FDR-0027,SUB-007,33.63091,-112.039154,9.6,4.7,LFP,2022-06-01,Tesla,active
BATT-001720,CUST-0057148,XFMR-008849,FDR-0027,SUB-007,33.632525,-112.039506,14.6,6.1,lithium-ion,2023-09-01,SolarEdge,active
BATT-001721,CUST-0057175,XFMR-008853,FDR-0027,SUB-007,33.634838,-112.039046,18.6,5.8,NMC,2022-09-01,SunPower,active
BATT-001722,CUST-0057181,XFMR-008856,FDR-0027,SUB-007,33.63742,-112.03922,18.9,7.0,NMC,2021-06-01,Generac,active
BATT-001723,CUST-0057217,XFMR-008862,FDR-0027,SUB-007,33.640712,-112.038882,12.9,5.6,LFP,2022-11-01,Enphase,active
BATT-001724,CUST-0057258,XFMR-008867,FDR-0027,SUB-007,33.644139,-112.039491,19.3,6.7,LFP,2024-05-01,SolarEdge,active
BATT-001725,CUST-0057305,XFMR-008874,FDR-0027,SUB-007,33.648926,-112.039079,17.4,5.7,lithium-ion,2024-10-01,SolarEdge,active
BATT-001726,CUST-0057336,XFMR-008880,FDR-0028,SUB-007,33.542465,-112.038594,288.5,113.2,NMC,2023-08-01,Tesla,active
BATT-001727,CUST-0057388,XFMR-008885,FDR-0028,SUB-007,33.542784,-112.035929,13.1,6.2,LFP,2020-12-01,Tesla,active
BATT-001728,CUST-0057457,XFMR-008893,FDR-0028,SUB-007,33.542638,-112.030887,282.3,77.5,LFP,2021-01-01,Enphase,active
BATT-001729,CUST-0057490,XFMR-008899,FDR-0028,SUB-007,33.542967,-112.027098,306.0,115.8,lithium-ion,2024-05-01,Enphase,active
BATT-001730,CUST-0057501,XFMR-008904,FDR-0028,SUB-007,33.542802,-112.023883,212.9,94.7,lithium-ion,2021-02-01,Generac,active
BATT-001731,CUST-0057539,XFMR-008910,FDR-0028,SUB-007,33.542405,-112.020452,430.1,120.4,LFP,2024-01-01,SunPower,active
BATT-001732,CUST-0057561,XFMR-008913,FDR-0028,SUB-007,33.542566,-112.019039,9.3,3.3,lithium-ion,2021-08-01,SunPower,active
BATT-001733,CUST-0057623,XFMR-008923,FDR-0028,SUB-007,33.542978,-112.012864,371.7,162.8,LFP,2022-08-01,Generac,active
BATT-001734,CUST-0057667,XFMR-008932,FDR-0028,SUB-007,33.5428,-112.007654,52.4,20.0,NMC,2023-05-01,SolarEdge,active
BATT-001735,CUST-0057687,XFMR-008935,FDR-0028,SUB-007,33.542391,-112.006111,15.9,5.5,LFP,2024-01-01,Generac,active
BATT-001736,CUST-0057796,XFMR-008950,FDR-0028,SUB-007,33.542183,-111.996891,10.4,5.1,NMC,2022-02-01,Tesla,active
BATT-001737,CUST-0057807,XFMR-008953,FDR-0028,SUB-007,33.542983,-111.994875,79.4,34.9,LFP,2022-11-01,Enphase,active
BATT-001738,CUST-0057820,XFMR-008954,FDR-0028,SUB-007,33.542729,-111.994258,21.0,8.1,LFP,2022-12-01,Enphase,active
BATT-001739,CUST-0057888,XFMR-008965,FDR-0028,SUB-007,33.542263,-111.987755,10.0,3.3,LFP,2021-06-01,SunPower,active
BATT-001740,CUST-0057936,XFMR-008976,FDR-0028,SUB-007,33.542247,-111.981112,14.1,6.9,NMC,2021-07-01,Tesla,active
BATT-001741,CUST-0057966,XFMR-008982,FDR-0028,SUB-007,33.542505,-111.978296,19.5,9.1,NMC,2023-04-01,Enphase,active
BATT-001742,CUST-0057999,XFMR-008987,FDR-0028,SUB-007,33.542639,-111.975121,20.4,8.5,lithium-ion,2021-03-01,Generac,active
BATT-001743,CUST-0058107,XFMR-009002,FDR-0028,SUB-007,33.542366,-111.965607,21.0,9.6,NMC,2023-10-01,BYD,active
BATT-001744,CUST-0058122,XFMR-009005,FDR-0028,SUB-007,33.542345,-111.963842,15.9,5.2,NMC,2024-01-01,SolarEdge,active
BATT-001745,CUST-0058152,XFMR-009009,FDR-0028,SUB-007,33.542584,-111.962213,13.6,6.5,lithium-ion,2023-08-01,SunPower,active
BATT-001746,CUST-0058202,XFMR-009016,FDR-0028,SUB-007,33.542205,-111.957403,12.5,4.7,LFP,2020-02-01,SunPower,active
BATT-001747,CUST-0058222,XFMR-009020,FDR-0028,SUB-007,33.542497,-111.955281,21.9,8.2,LFP,2022-05-01,Tesla,active
BATT-001748,CUST-0058253,XFMR-009025,FDR-0028,SUB-007,33.542836,-111.952469,9.0,3.1,lithium-ion,2020-06-01,Tesla,active
BATT-001749,CUST-0058338,XFMR-009040,FDR-0028,SUB-007,33.542859,-111.943203,16.9,5.8,LFP,2024-02-01,Tesla,active
BATT-001750,CUST-0058358,XFMR-009043,FDR-0028,SUB-007,33.54289,-111.941277,42.0,18.6,lithium-ion,2024-07-01,SunPower,active
BATT-001751,CUST-0058372,XFMR-009044,FDR-0028,SUB-007,33.542828,-111.940993,9.4,3.8,NMC,2021-07-01,Enphase,active
BATT-001752,CUST-0058475,XFMR-009057,FDR-0028,SUB-007,33.542394,-111.933014,16.7,5.7,LFP,2022-03-01,SolarEdge,active
BATT-001753,CUST-0058487,XFMR-009058,FDR-0028,SUB-007,33.542934,-111.933132,20.6,6.8,lithium-ion,2023-10-01,Tesla,active
BATT-001754,CUST-0058500,XFMR-009060,FDR-0028,SUB-007,33.54296,-111.931758,16.1,6.8,NMC,2024-09-01,SunPower,active
BATT-001755,CUST-0058545,XFMR-009067,FDR-0028,SUB-007,33.542918,-111.927045,21.1,9.5,lithium-ion,2021-10-01,SunPower,active
BATT-001756,CUST-0058546,XFMR-009067,FDR-0028,SUB-007,33.542337,-111.92728,20.2,6.8,NMC,2022-02-01,SunPower,active
BATT-001757,CUST-0058637,XFMR-009084,FDR-0028,SUB-007,33.54279,-111.917024,10.2,5.0,lithium-ion,2021-09-01,Generac,active
BATT-001758,CUST-0058652,XFMR-009088,FDR-0028,SUB-007,33.542976,-111.914947,19.2,7.2,lithium-ion,2021-10-01,SolarEdge,active
BATT-001759,CUST-0058654,XFMR-009089,FDR-0028,SUB-007,33.542876,-111.913746,35.2,11.0,LFP,2020-04-01,SunPower,active
BATT-001760,CUST-0058763,XFMR-009106,FDR-0029,SUB-008,33.51794,-111.987242,14.6,5.9,NMC,2023-03-01,BYD,active
BATT-001761,CUST-0058825,XFMR-009115,FDR-0029,SUB-008,33.521332,-111.986912,17.0,7.6,LFP,2022-01-01,Enphase,active
BATT-001762,CUST-0058833,XFMR-009116,FDR-0029,SUB-008,33.521546,-111.986997,13.3,5.2,NMC,2020-05-01,Tesla,active
BATT-001763,CUST-0058856,XFMR-009118,FDR-0029,SUB-008,33.52176,-111.987397,21.6,8.5,NMC,2024-12-01,Tesla,active
BATT-001764,CUST-0058906,XFMR-009125,FDR-0029,SUB-008,33.524072,-111.987632,16.3,7.9,lithium-ion,2021-01-01,Tesla,active
BATT-001765,CUST-0058917,XFMR-009127,FDR-0029,SUB-008,33.525118,-111.987635,12.2,5.4,lithium-ion,2021-12-01,SunPower,active
BATT-001766,CUST-0058918,XFMR-009128,FDR-0029,SUB-008,33.525013,-111.987294,9.1,3.7,LFP,2020-10-01,Generac,active
BATT-001767,CUST-0058950,XFMR-009132,FDR-0029,SUB-008,33.526378,-111.987483,9.0,3.6,lithium-ion,2021-02-01,SolarEdge,active
BATT-001768,CUST-0058956,XFMR-009133,FDR-0029,SUB-008,33.526693,-111.987325,9.9,4.5,NMC,2023-01-01,SolarEdge,active
BATT-001769,CUST-0059006,XFMR-009140,FDR-0029,SUB-008,33.529113,-111.98672,63.7,30.9,NMC,2022-03-01,SolarEdge,active
BATT-001770,CUST-0059010,XFMR-009141,FDR-0029,SUB-008,33.529396,-111.986674,9.6,4.3,LFP,2020-09-01,Enphase,active
BATT-001771,CUST-0059052,XFMR-009147,FDR-0029,SUB-008,33.531047,-111.987397,15.8,6.2,NMC,2022-08-01,SunPower,active
BATT-001772,CUST-0059148,XFMR-009163,FDR-0029,SUB-008,33.535989,-111.986891,15.8,6.6,LFP,2022-12-01,Generac,active
BATT-001773,CUST-0059172,XFMR-009166,FDR-0029,SUB-008,33.536851,-111.986898,15.6,5.3,NMC,2020-07-01,Generac,active
BATT-001774,CUST-0059227,XFMR-009174,FDR-0029,SUB-008,33.539584,-111.986847,18.7,8.8,NMC,2020-11-01,Enphase,active
BATT-001775,CUST-0059307,XFMR-009188,FDR-0029,SUB-008,33.543813,-111.987254,10.9,3.3,lithium-ion,2020-03-01,SunPower,active
BATT-001776,CUST-0059359,XFMR-009197,FDR-0029,SUB-008,33.546474,-111.987573,9.3,4.6,lithium-ion,2024-08-01,BYD,active
BATT-001777,CUST-0059386,XFMR-009204,FDR-0029,SUB-008,33.548795,-111.987548,13.3,6.1,LFP,2023-07-01,Generac,active
BATT-001778,CUST-0059407,XFMR-009207,FDR-0029,SUB-008,33.549783,-111.986911,9.2,4.5,NMC,2021-07-01,Generac,active
BATT-001779,CUST-0059495,XFMR-009220,FDR-0029,SUB-008,33.553598,-111.987283,19.8,8.0,lithium-ion,2022-11-01,Generac,active
BATT-001780,CUST-0059557,XFMR-009226,FDR-0029,SUB-008,33.55543,-111.98738,269.7,99.8,NMC,2024-06-01,Tesla,active
BATT-001781,CUST-0059615,XFMR-009233,FDR-0029,SUB-008,33.557739,-111.987525,21.3,8.6,NMC,2023-11-01,Generac,active
BATT-001782,CUST-0059705,XFMR-009248,FDR-0029,SUB-008,33.562366,-111.987449,13.6,5.7,lithium-ion,2020-09-01,SunPower,active
BATT-001783,CUST-0059707,XFMR-009248,FDR-0029,SUB-008,33.562612,-111.987427,351.9,152.3,LFP,2023-12-01,Tesla,active
BATT-001784,CUST-0059712,XFMR-009249,FDR-0029,SUB-008,33.562911,-111.986761,10.9,5.2,NMC,2020-10-01,SunPower,active
BATT-001785,CUST-0059716,XFMR-009250,FDR-0029,SUB-008,33.562981,-111.987371,19.1,6.1,NMC,2022-12-01,BYD,active
BATT-001786,CUST-0059717,XFMR-009250,FDR-0029,SUB-008,33.563603,-111.986913,21.6,7.1,lithium-ion,2021-03-01,Enphase,active
BATT-001787,CUST-0059758,XFMR-009254,FDR-0029,SUB-008,33.564132,-111.987358,13.6,5.2,lithium-ion,2023-01-01,Enphase,active
BATT-001788,CUST-0059777,XFMR-009258,FDR-0029,SUB-008,33.565498,-111.987357,326.1,136.2,lithium-ion,2021-08-01,Generac,active
BATT-001789,CUST-0059796,XFMR-009262,FDR-0029,SUB-008,33.566671,-111.986972,12.6,4.2,NMC,2023-03-01,Enphase,active
BATT-001790,CUST-0059874,XFMR-009277,FDR-0029,SUB-008,33.571579,-111.986798,10.0,4.7,lithium-ion,2023-07-01,SolarEdge,active
BATT-001791,CUST-0059876,XFMR-009277,FDR-0029,SUB-008,33.571978,-111.987216,12.3,4.2,lithium-ion,2022-11-01,SunPower,active
BATT-001792,CUST-0059911,XFMR-009282,FDR-0029,SUB-008,33.573428,-111.987423,15.1,6.7,NMC,2023-06-01,Enphase,active
BATT-001793,CUST-0059955,XFMR-009289,FDR-0029,SUB-008,33.57553,-111.987267,21.8,9.4,LFP,2021-10-01,BYD,active
BATT-001794,CUST-0059959,XFMR-009290,FDR-0029,SUB-008,33.575301,-111.987452,19.0,7.7,LFP,2023-11-01,Tesla,active
BATT-001795,CUST-0059981,XFMR-009293,FDR-0029,SUB-008,33.577051,-111.986757,10.6,5.2,LFP,2023-01-01,Tesla,active
BATT-001796,CUST-0060069,XFMR-009306,FDR-0029,SUB-008,33.580832,-111.98699,9.3,3.5,LFP,2021-03-01,BYD,active
BATT-001797,CUST-0060145,XFMR-009321,FDR-0029,SUB-008,33.585497,-111.986904,9.6,3.9,lithium-ion,2021-03-01,Generac,inactive
BATT-001798,CUST-0060198,XFMR-009330,FDR-0030,SUB-008,33.513344,-111.992283,16.6,7.7,LFP,2024-12-01,Tesla,active
BATT-001799,CUST-0060264,XFMR-009341,FDR-0030,SUB-008,33.513724,-112.000008,14.1,6.8,LFP,2023-04-01,Tesla,active
BATT-001800,CUST-0060283,XFMR-009343,FDR-0030,SUB-008,33.513819,-112.001262,12.3,4.3,NMC,2021-03-01,Tesla,active
BATT-001801,CUST-0060326,XFMR-009349,FDR-0030,SUB-008,33.513845,-112.00532,10.9,4.3,lithium-ion,2020-03-01,Tesla,active
BATT-001802,CUST-0060337,XFMR-009351,FDR-0030,SUB-008,33.513779,-112.006622,19.2,6.4,NMC,2020-04-01,SolarEdge,active
BATT-001803,CUST-0060376,XFMR-009358,FDR-0030,SUB-008,33.513872,-112.012048,21.6,7.3,NMC,2020-04-01,SunPower,active
BATT-001804,CUST-0060393,XFMR-009360,FDR-0030,SUB-008,33.513672,-112.012808,12.6,4.0,lithium-ion,2022-06-01,SunPower,active
BATT-001805,CUST-0060510,XFMR-009377,FDR-0030,SUB-008,33.513948,-112.024431,9.5,3.2,NMC,2023-08-01,Enphase,active
BATT-001806,CUST-0060539,XFMR-009381,FDR-0030,SUB-008,33.513793,-112.02694,16.0,7.0,LFP,2023-10-01,Enphase,active
BATT-001807,CUST-0060544,XFMR-009381,FDR-0030,SUB-008,33.51327,-112.027495,9.9,4.0,LFP,2024-11-01,SolarEdge,active
BATT-001808,CUST-0060545,XFMR-009381,FDR-0030,SUB-008,33.513293,-112.02697,10.9,4.4,LFP,2024-10-01,Tesla,active
BATT-001809,CUST-0060555,XFMR-009382,FDR-0030,SUB-008,33.513751,-112.028362,13.9,6.8,LFP,2024-10-01,Generac,active
BATT-001810,CUST-0060579,XFMR-009386,FDR-0030,SUB-008,33.51338,-112.031007,13.2,5.2,lithium-ion,2022-06-01,SunPower,active
BATT-001811,CUST-0060591,XFMR-009389,FDR-0030,SUB-008,33.513306,-112.032522,19.6,8.5,NMC,2022-03-01,Generac,active
BATT-001812,CUST-0060614,XFMR-009392,FDR-0030,SUB-008,33.513471,-112.034425,85.7,41.8,LFP,2023-12-01,Tesla,active
BATT-001813,CUST-0060634,XFMR-009399,FDR-0030,SUB-008,33.513315,-112.039796,15.7,6.4,LFP,2020-10-01,SolarEdge,active
BATT-001814,CUST-0060636,XFMR-009399,FDR-0030,SUB-008,33.513674,-112.039863,16.8,6.5,lithium-ion,2023-04-01,Tesla,active
BATT-001815,CUST-0060673,XFMR-009403,FDR-0030,SUB-008,33.513265,-112.042377,65.4,18.4,lithium-ion,2024-08-01,Generac,active
BATT-001816,CUST-0060703,XFMR-009408,FDR-0030,SUB-008,33.513694,-112.045952,18.6,7.3,NMC,2024-01-01,SunPower,active
BATT-001817,CUST-0060748,XFMR-009413,FDR-0030,SUB-008,33.514012,-112.049136,13.3,4.3,NMC,2023-10-01,SolarEdge,active
BATT-001818,CUST-0060821,XFMR-009426,FDR-0030,SUB-008,33.513468,-112.058277,14.0,6.4,LFP,2022-12-01,Generac,active
BATT-001819,CUST-0060847,XFMR-009431,FDR-0030,SUB-008,33.513999,-112.061213,9.7,3.4,lithium-ion,2023-01-01,SunPower,active
BATT-001820,CUST-0060883,XFMR-009436,FDR-0030,SUB-008,33.513936,-112.06439,14.0,5.4,lithium-ion,2023-12-01,SolarEdge,active
BATT-001821,CUST-0060900,XFMR-009437,FDR-0030,SUB-008,33.513437,-112.065476,14.3,5.1,LFP,2022-04-01,SolarEdge,active
BATT-001822,CUST-0060901,XFMR-009437,FDR-0030,SUB-008,33.513438,-112.065176,10.4,4.6,NMC,2020-07-01,Enphase,active
BATT-001823,CUST-0060973,XFMR-009450,FDR-0030,SUB-008,33.513462,-112.074487,18.7,7.8,NMC,2020-01-01,Generac,active
BATT-001824,CUST-0061000,XFMR-009453,FDR-0030,SUB-008,33.513841,-112.07677,63.6,23.8,lithium-ion,2023-09-01,Enphase,active
BATT-001825,CUST-0061006,XFMR-009454,FDR-0030,SUB-008,33.513784,-112.077164,14.2,6.1,LFP,2022-08-01,BYD,active
BATT-001826,CUST-0061043,XFMR-009461,FDR-0030,SUB-008,33.513691,-112.081473,16.2,6.2,lithium-ion,2022-02-01,SolarEdge,active
BATT-001827,CUST-0061081,XFMR-009467,FDR-0030,SUB-008,33.513843,-112.085636,174.7,44.5,NMC,2024-06-01,BYD,active
BATT-001828,CUST-0061108,XFMR-009470,FDR-0031,SUB-008,33.513861,-111.987142,121.2,44.8,lithium-ion,2024-01-01,Tesla,active
BATT-001829,CUST-0061127,XFMR-009473,FDR-0031,SUB-008,33.51323,-111.986682,131.4,47.0,lithium-ion,2022-04-01,SunPower,active
BATT-001830,CUST-0061136,XFMR-009474,FDR-0031,SUB-008,33.513231,-111.986493,98.6,31.5,LFP,2020-07-01,Tesla,active
BATT-001831,CUST-0061196,XFMR-009482,FDR-0031,SUB-008,33.513449,-111.984554,15.2,5.8,lithium-ion,2020-12-01,Generac,active
BATT-001832,CUST-0061233,XFMR-009486,FDR-0031,SUB-008,33.513486,-111.983874,54.3,16.8,NMC,2021-07-01,Generac,active
BATT-001833,CUST-0061255,XFMR-009492,FDR-0031,SUB-008,33.513254,-111.983205,18.9,7.7,NMC,2022-03-01,SunPower,active
BATT-001834,CUST-0061278,XFMR-009494,FDR-0031,SUB-008,33.513912,-111.982779,15.6,4.8,NMC,2023-11-01,SolarEdge,active
BATT-001835,CUST-0061280,XFMR-009495,FDR-0031,SUB-008,33.513369,-111.982717,19.8,9.0,NMC,2020-04-01,Generac,active
BATT-001836,CUST-0061312,XFMR-009501,FDR-0031,SUB-008,33.513792,-111.981262,15.8,5.6,lithium-ion,2023-06-01,Tesla,active
BATT-001837,CUST-0061328,XFMR-009503,FDR-0031,SUB-008,33.513889,-111.981026,10.2,3.8,lithium-ion,2022-06-01,Tesla,active
BATT-001838,CUST-0061414,XFMR-009514,FDR-0031,SUB-008,33.513534,-111.979164,26.0,11.8,NMC,2020-10-01,Enphase,active
BATT-001839,CUST-0061437,XFMR-009520,FDR-0031,SUB-008,33.513978,-111.97767,20.1,10.0,lithium-ion,2021-07-01,Enphase,active
BATT-001840,CUST-0061531,XFMR-009535,FDR-0031,SUB-008,33.513253,-111.975355,21.1,6.6,NMC,2021-01-01,Tesla,active
BATT-001841,CUST-0061538,XFMR-009536,FDR-0031,SUB-008,33.513836,-111.975389,21.9,7.3,LFP,2020-01-01,SolarEdge,active
BATT-001842,CUST-0061555,XFMR-009538,FDR-0031,SUB-008,33.513423,-111.975044,13.3,5.4,lithium-ion,2021-08-01,Generac,active
BATT-001843,CUST-0061586,XFMR-009544,FDR-0031,SUB-008,33.513763,-111.973696,91.6,35.3,lithium-ion,2020-01-01,Enphase,active
BATT-001844,CUST-0061693,XFMR-009560,FDR-0031,SUB-008,33.51346,-111.970323,15.5,7.3,LFP,2022-08-01,BYD,active
BATT-001845,CUST-0061706,XFMR-009562,FDR-0031,SUB-008,33.513618,-111.970835,9.7,3.4,NMC,2022-06-01,SolarEdge,active
BATT-001846,CUST-0061707,XFMR-009563,FDR-0031,SUB-008,33.513387,-111.970342,14.6,6.8,lithium-ion,2023-05-01,Generac,active
BATT-001847,CUST-0061717,XFMR-009564,FDR-0031,SUB-008,33.513799,-111.969953,14.0,5.9,lithium-ion,2020-06-01,Tesla,active
BATT-001848,CUST-0061752,XFMR-009571,FDR-0031,SUB-008,33.513484,-111.968354,12.9,5.6,LFP,2024-03-01,Tesla,active
BATT-001849,CUST-0061808,XFMR-009582,FDR-0031,SUB-008,33.513383,-111.96722,17.0,6.6,LFP,2020-07-01,Tesla,active
BATT-001850,CUST-0061894,XFMR-009594,FDR-0031,SUB-008,33.513265,-111.964138,9.1,3.0,lithium-ion,2020-11-01,SunPower,active
BATT-001851,CUST-0062016,XFMR-009619,FDR-0031,SUB-008,33.513588,-111.960163,17.4,5.3,NMC,2024-10-01,Generac,active
BATT-001852,CUST-0062023,XFMR-009620,FDR-0031,SUB-008,33.513764,-111.959881,20.1,6.8,lithium-ion,2020-05-01,Enphase,active
BATT-001853,CUST-0062032,XFMR-009621,FDR-0031,SUB-008,33.51329,-111.959561,92.9,43.0,NMC,2020-09-01,SolarEdge,active
BATT-001854,CUST-0062058,XFMR-009624,FDR-0031,SUB-008,33.513686,-111.959185,19.2,8.8,lithium-ion,2023-06-01,Generac,active
BATT-001855,CUST-0062132,XFMR-009634,FDR-0031,SUB-008,33.513359,-111.956947,12.8,5.3,NMC,2021-02-01,Tesla,active
BATT-001856,CUST-0062169,XFMR-009639,FDR-0031,SUB-008,33.513968,-111.956811,12.5,5.4,LFP,2021-06-01,Tesla,active
BATT-001857,CUST-0062203,XFMR-009643,FDR-0031,SUB-008,33.514023,-111.955832,12.4,5.3,lithium-ion,2020-11-01,Enphase,active
BATT-001858,CUST-0062306,XFMR-009657,FDR-0031,SUB-008,33.513509,-111.953374,17.3,7.0,LFP,2024-12-01,Enphase,active
BATT-001859,CUST-0062441,XFMR-009676,FDR-0031,SUB-008,33.513462,-111.949826,15.6,7.0,NMC,2024-05-01,Enphase,active
BATT-001860,CUST-0062491,XFMR-009687,FDR-0031,SUB-008,33.513169,-111.948189,13.1,4.1,lithium-ion,2022-04-01,SolarEdge,active
BATT-001861,CUST-0062520,XFMR-009691,FDR-0031,SUB-008,33.513689,-111.947484,9.2,3.0,NMC,2022-10-01,BYD,active
BATT-001862,CUST-0062551,XFMR-009696,FDR-0031,SUB-008,33.513174,-111.94614,14.2,5.1,LFP,2022-12-01,Generac,active
BATT-001863,CUST-0062571,XFMR-009699,FDR-0031,SUB-008,33.513799,-111.94565,17.1,7.2,lithium-ion,2020-03-01,Enphase,active
BATT-001864,CUST-0062654,XFMR-009713,FDR-0031,SUB-008,33.513691,-111.943354,50.7,19.4,NMC,2022-09-01,SolarEdge,active
BATT-001865,CUST-0062659,XFMR-009713,FDR-0031,SUB-008,33.513699,-111.943356,48.9,21.5,lithium-ion,2020-12-01,SolarEdge,active
BATT-001866,CUST-0062672,XFMR-009716,FDR-0031,SUB-008,33.51367,-111.942796,10.3,4.8,NMC,2020-09-01,Tesla,active
BATT-001867,CUST-0062766,XFMR-009732,FDR-0031,SUB-008,33.513336,-111.939865,13.0,6.2,NMC,2020-03-01,SunPower,active
BATT-001868,CUST-0062769,XFMR-009733,FDR-0031,SUB-008,33.513519,-111.939818,9.5,3.8,lithium-ion,2022-01-01,Enphase,active
BATT-001869,CUST-0062794,XFMR-009737,FDR-0031,SUB-008,33.513685,-111.938745,22.0,7.2,lithium-ion,2022-08-01,BYD,active
BATT-001870,CUST-0062833,XFMR-009746,FDR-0031,SUB-008,33.513557,-111.937361,21.8,7.0,NMC,2021-07-01,Enphase,active
BATT-001871,CUST-0062835,XFMR-009746,FDR-0031,SUB-008,33.513489,-111.93706,14.4,6.9,LFP,2022-01-01,SolarEdge,active
BATT-001872,CUST-0062886,XFMR-009753,FDR-0031,SUB-008,33.513872,-111.936113,16.4,7.2,LFP,2022-02-01,Tesla,active
BATT-001873,CUST-0062891,XFMR-009753,FDR-0031,SUB-008,33.513484,-111.936104,111.7,35.3,lithium-ion,2020-09-01,SunPower,active
BATT-001874,CUST-0062921,XFMR-009757,FDR-0031,SUB-008,33.513715,-111.935445,14.4,6.1,LFP,2024-12-01,Generac,active
BATT-001875,CUST-0062974,XFMR-009765,FDR-0031,SUB-008,33.514007,-111.934001,9.5,4.4,lithium-ion,2020-04-01,BYD,active
BATT-001876,CUST-0062980,XFMR-009769,FDR-0031,SUB-008,33.513314,-111.93325,193.6,86.5,NMC,2020-01-01,Generac,active
BATT-001877,CUST-0063034,XFMR-009778,FDR-0031,SUB-008,33.513203,-111.931469,21.9,10.3,LFP,2021-07-01,Generac,active
BATT-001878,CUST-0063062,XFMR-009782,FDR-0031,SUB-008,33.513817,-111.930661,17.5,8.6,lithium-ion,2024-06-01,Enphase,active
BATT-001879,CUST-0063077,XFMR-009784,FDR-0031,SUB-008,33.513489,-111.930555,14.8,7.2,NMC,2021-11-01,Generac,active
BATT-001880,CUST-0063082,XFMR-009787,FDR-0031,SUB-008,33.513323,-111.929978,9.3,3.8,NMC,2020-06-01,Enphase,active
BATT-001881,CUST-0063089,XFMR-009789,FDR-0031,SUB-008,33.513838,-111.92896,10.5,3.8,NMC,2023-01-01,SolarEdge,active
BATT-001882,CUST-0063104,XFMR-009792,FDR-0031,SUB-008,33.513285,-111.92892,20.8,7.3,lithium-ion,2023-04-01,BYD,active
BATT-001883,CUST-0063153,XFMR-009797,FDR-0031,SUB-008,33.51331,-111.927522,103.0,30.5,lithium-ion,2021-08-01,BYD,active
BATT-001884,CUST-0063197,XFMR-009803,FDR-0031,SUB-008,33.513802,-111.926717,495.7,205.9,LFP,2023-12-01,SunPower,active
BATT-001885,CUST-0063248,XFMR-009813,FDR-0031,SUB-008,33.513732,-111.925394,456.7,190.9,lithium-ion,2020-10-01,Generac,active
BATT-001886,CUST-0063264,XFMR-009816,FDR-0031,SUB-008,33.513805,-111.924529,149.1,55.3,NMC,2023-07-01,Tesla,active
BATT-001887,CUST-0063273,XFMR-009817,FDR-0031,SUB-008,33.513804,-111.924431,15.8,7.5,NMC,2023-07-01,SolarEdge,active
BATT-001888,CUST-0063410,XFMR-009839,FDR-0031,SUB-008,33.513243,-111.920429,10.4,3.6,NMC,2024-04-01,BYD,active
BATT-001889,CUST-0063451,XFMR-009843,FDR-0031,SUB-008,33.513463,-111.920051,19.4,7.9,lithium-ion,2020-10-01,SunPower,active
BATT-001890,CUST-0063477,XFMR-009847,FDR-0031,SUB-008,33.51403,-111.91912,12.5,4.3,LFP,2022-03-01,Generac,active
BATT-001891,CUST-0063509,XFMR-009852,FDR-0031,SUB-008,33.513302,-111.918408,19.1,6.9,NMC,2023-03-01,SunPower,active
BATT-001892,CUST-0063516,XFMR-009854,FDR-0031,SUB-008,33.513762,-111.917612,20.2,6.4,NMC,2023-02-01,SolarEdge,active
BATT-001893,CUST-0063526,XFMR-009856,FDR-0031,SUB-008,33.513912,-111.917138,13.4,4.9,lithium-ion,2020-02-01,Tesla,active
BATT-001894,CUST-0063592,XFMR-009866,FDR-0031,SUB-008,33.513686,-111.915116,255.2,85.0,NMC,2022-02-01,SolarEdge,active
BATT-001895,CUST-0063620,XFMR-009871,FDR-0031,SUB-008,33.513736,-111.914373,21.2,8.8,LFP,2021-08-01,Enphase,active
BATT-001896,CUST-0063711,XFMR-009887,FDR-0031,SUB-008,33.513364,-111.911518,12.4,3.8,lithium-ion,2024-02-01,Tesla,active
BATT-001897,CUST-0063734,XFMR-009891,FDR-0031,SUB-008,33.513846,-111.910664,9.1,4.2,lithium-ion,2023-07-01,Tesla,active
BATT-001898,CUST-0063747,XFMR-009892,FDR-0031,SUB-008,33.513533,-111.911185,14.0,5.0,NMC,2020-12-01,SunPower,active
BATT-001899,CUST-0063778,XFMR-009897,FDR-0031,SUB-008,33.513596,-111.909658,12.9,5.0,NMC,2020-09-01,SunPower,active
BATT-001900,CUST-0063926,XFMR-009918,FDR-0031,SUB-008,33.513696,-111.906412,19.5,6.5,NMC,2021-06-01,Enphase,active
BATT-001901,CUST-0063948,XFMR-009922,FDR-0031,SUB-008,33.513295,-111.905015,18.6,8.0,LFP,2021-05-01,Enphase,active
BATT-001902,CUST-0064060,XFMR-009939,FDR-0031,SUB-008,33.513773,-111.902627,9.8,3.6,NMC,2023-11-01,Tesla,active
BATT-001903,CUST-0064108,XFMR-009947,FDR-0031,SUB-008,33.513356,-111.901246,18.2,6.7,LFP,2021-01-01,Enphase,active
BATT-001904,CUST-0064135,XFMR-009951,FDR-0031,SUB-008,33.513468,-111.899699,12.5,4.0,NMC,2021-08-01,SunPower,active
BATT-001905,CUST-0064143,XFMR-009952,FDR-0031,SUB-008,33.513238,-111.899464,17.3,5.8,NMC,2021-02-01,BYD,active
BATT-001906,CUST-0064235,XFMR-009966,FDR-0031,SUB-008,33.513357,-111.897456,18.1,5.7,LFP,2020-07-01,BYD,active
BATT-001907,CUST-0064239,XFMR-009967,FDR-0031,SUB-008,33.513715,-111.897682,10.1,4.3,LFP,2022-03-01,Generac,active
BATT-001908,CUST-0064244,XFMR-009967,FDR-0031,SUB-008,33.513768,-111.897726,13.6,6.3,lithium-ion,2021-04-01,SunPower,active
BATT-001909,CUST-0064296,XFMR-009975,FDR-0031,SUB-008,33.513224,-111.895608,10.8,3.6,lithium-ion,2021-09-01,Generac,active
BATT-001910,CUST-0064327,XFMR-009980,FDR-0031,SUB-008,33.513387,-111.894614,10.0,3.7,NMC,2024-08-01,SolarEdge,active
BATT-001911,CUST-0064332,XFMR-009980,FDR-0031,SUB-008,33.513205,-111.894621,12.2,4.0,lithium-ion,2021-10-01,BYD,active
BATT-001912,CUST-0064454,XFMR-009997,FDR-0031,SUB-008,33.513418,-111.891947,10.4,4.4,lithium-ion,2021-02-01,Enphase,active
BATT-001913,CUST-0064579,XFMR-010017,FDR-0031,SUB-008,33.513716,-111.888589,10.1,4.1,LFP,2022-12-01,Enphase,active
BATT-001914,CUST-0064611,XFMR-010021,FDR-0031,SUB-008,33.513992,-111.887242,14.9,6.1,LFP,2023-05-01,SolarEdge,active
BATT-001915,CUST-0064631,XFMR-010025,FDR-0031,SUB-008,33.513451,-111.886297,14.6,5.8,NMC,2020-03-01,Enphase,active
BATT-001916,CUST-0064643,XFMR-010029,FDR-0032,SUB-008,33.512129,-111.986685,14.5,5.4,lithium-ion,2024-06-01,Enphase,active
BATT-001917,CUST-0064657,XFMR-010030,FDR-0032,SUB-008,33.511462,-111.986714,12.8,5.4,NMC,2024-02-01,SolarEdge,active
BATT-001918,CUST-0064717,XFMR-010038,FDR-0032,SUB-008,33.507794,-111.987262,20.5,7.2,NMC,2020-05-01,Tesla,active
BATT-001919,CUST-0064719,XFMR-010039,FDR-0032,SUB-008,33.507525,-111.987097,226.8,64.0,lithium-ion,2022-11-01,Generac,active
BATT-001920,CUST-0064726,XFMR-010040,FDR-0032,SUB-008,33.506551,-111.987389,230.3,105.7,LFP,2022-01-01,SolarEdge,active
BATT-001921,CUST-0064729,XFMR-010041,FDR-0032,SUB-008,33.506361,-111.986813,14.7,5.4,lithium-ion,2024-01-01,Generac,active
BATT-001922,CUST-0064740,XFMR-010043,FDR-0032,SUB-008,33.50509,-111.986764,12.4,6.1,NMC,2024-07-01,Enphase,active
BATT-001923,CUST-0064757,XFMR-010045,FDR-0032,SUB-008,33.504345,-111.986929,14.3,5.4,LFP,2022-07-01,BYD,active
BATT-001924,CUST-0064773,XFMR-010048,FDR-0032,SUB-008,33.502725,-111.987367,18.8,7.7,LFP,2023-08-01,Tesla,active
BATT-001925,CUST-0064809,XFMR-010051,FDR-0032,SUB-008,33.501704,-111.98742,14.5,6.3,LFP,2022-11-01,BYD,active
BATT-001926,CUST-0064844,XFMR-010054,FDR-0032,SUB-008,33.499959,-111.986975,9.2,3.9,NMC,2022-07-01,Enphase,active
BATT-001927,CUST-0064846,XFMR-010055,FDR-0032,SUB-008,33.499556,-111.987029,10.3,3.8,LFP,2020-04-01,BYD,active
BATT-001928,CUST-0064958,XFMR-010071,FDR-0032,SUB-008,33.492044,-111.987407,14.1,5.0,NMC,2021-11-01,BYD,active
BATT-001929,CUST-0064998,XFMR-010075,FDR-0032,SUB-008,33.490167,-111.9874,9.2,4.3,LFP,2022-08-01,SolarEdge,active
BATT-001930,CUST-0065047,XFMR-010085,FDR-0032,SUB-008,33.484974,-111.987024,13.5,6.5,lithium-ion,2020-01-01,SolarEdge,active
BATT-001931,CUST-0065122,XFMR-010097,FDR-0032,SUB-008,33.479557,-111.987303,16.8,7.0,lithium-ion,2022-11-01,Enphase,active
BATT-001932,CUST-0065136,XFMR-010099,FDR-0032,SUB-008,33.478707,-111.986934,19.2,9.3,NMC,2022-04-01,SolarEdge,active
BATT-001933,CUST-0065147,XFMR-010101,FDR-0032,SUB-008,33.477927,-111.987541,20.6,7.8,NMC,2021-12-01,SolarEdge,active
BATT-001934,CUST-0065185,XFMR-010107,FDR-0032,SUB-008,33.47496,-111.986879,65.3,19.7,LFP,2024-05-01,SolarEdge,active
BATT-001935,CUST-0065191,XFMR-010107,FDR-0032,SUB-008,33.474735,-111.986709,74.7,35.3,NMC,2020-11-01,Generac,active
BATT-001936,CUST-0065198,XFMR-010108,FDR-0032,SUB-008,33.474109,-111.986925,181.6,57.9,LFP,2020-02-01,Tesla,active
BATT-001937,CUST-0065205,XFMR-010109,FDR-0032,SUB-008,33.47359,-111.987424,50.4,20.1,LFP,2020-04-01,SolarEdge,active
BATT-001938,CUST-0065206,XFMR-010110,FDR-0032,SUB-008,33.473077,-111.986812,9.3,3.9,NMC,2021-01-01,SunPower,active
BATT-001939,CUST-0065234,XFMR-010114,FDR-0032,SUB-008,33.471369,-111.986938,10.9,3.6,LFP,2022-09-01,SunPower,active
BATT-001940,CUST-0065266,XFMR-010119,FDR-0032,SUB-008,33.469215,-111.986922,173.7,71.4,NMC,2024-05-01,SolarEdge,active
BATT-001941,CUST-0065298,XFMR-010125,FDR-0032,SUB-008,33.466348,-111.987377,9.6,3.1,NMC,2020-11-01,BYD,active
BATT-001942,CUST-0065430,XFMR-010147,FDR-0032,SUB-008,33.455855,-111.98697,20.5,8.0,lithium-ion,2022-02-01,BYD,active
BATT-001943,CUST-0065482,XFMR-010154,FDR-0032,SUB-008,33.452193,-111.98721,14.8,5.1,NMC,2020-01-01,Generac,active
BATT-001944,CUST-0065485,XFMR-010154,FDR-0032,SUB-008,33.452152,-111.986847,9.2,3.0,NMC,2023-03-01,SolarEdge,active
BATT-001945,CUST-0065497,XFMR-010158,FDR-0032,SUB-008,33.450134,-111.986966,21.2,9.3,LFP,2023-12-01,SolarEdge,active
BATT-001946,CUST-0065623,XFMR-010183,FDR-0032,SUB-008,33.438112,-111.987369,75.1,23.7,LFP,2020-10-01,SunPower,active
BATT-001947,CUST-0065633,XFMR-010183,FDR-0032,SUB-008,33.438521,-111.986851,15.6,6.1,LFP,2021-10-01,Generac,active
BATT-001948,CUST-0065693,XFMR-010193,FDR-0033,SUB-008,33.515243,-111.986744,165.1,52.0,LFP,2021-03-01,SunPower,active
BATT-001949,CUST-0065718,XFMR-010196,FDR-0033,SUB-008,33.516091,-111.987192,13.8,6.1,NMC,2024-04-01,Enphase,active
BATT-001950,CUST-0065749,XFMR-010200,FDR-0033,SUB-008,33.517199,-111.987114,15.2,6.0,lithium-ion,2020-08-01,Enphase,active
BATT-001951,CUST-0065760,XFMR-010202,FDR-0033,SUB-008,33.518019,-111.9876,15.0,7.4,LFP,2024-05-01,Generac,active
BATT-001952,CUST-0065765,XFMR-010202,FDR-0033,SUB-008,33.518,-111.987467,474.3,183.1,NMC,2024-03-01,SunPower,active
BATT-001953,CUST-0065766,XFMR-010202,FDR-0033,SUB-008,33.517822,-111.987467,10.0,4.1,NMC,2020-09-01,Generac,inactive
BATT-001954,CUST-0065767,XFMR-010202,FDR-0033,SUB-008,33.518204,-111.986893,14.5,5.3,LFP,2024-06-01,SolarEdge,active
BATT-001955,CUST-0065794,XFMR-010208,FDR-0033,SUB-008,33.520137,-111.987423,12.5,4.0,lithium-ion,2024-02-01,Enphase,active
BATT-001956,CUST-0065798,XFMR-010208,FDR-0033,SUB-008,33.519771,-111.987427,14.3,5.3,lithium-ion,2021-08-01,Generac,active
BATT-001957,CUST-0065880,XFMR-010220,FDR-0033,SUB-008,33.524205,-111.987573,20.1,8.9,NMC,2021-11-01,SolarEdge,active
BATT-001958,CUST-0065921,XFMR-010228,FDR-0033,SUB-008,33.526033,-111.986803,9.1,3.7,LFP,2022-05-01,BYD,active
BATT-001959,CUST-0065957,XFMR-010232,FDR-0033,SUB-008,33.527957,-111.986814,18.9,8.7,lithium-ion,2022-04-01,SunPower,active
BATT-001960,CUST-0065991,XFMR-010236,FDR-0033,SUB-008,33.528948,-111.986884,14.9,7.0,LFP,2020-10-01,BYD,active
BATT-001961,CUST-0066001,XFMR-010237,FDR-0033,SUB-008,33.529425,-111.987441,159.4,73.9,lithium-ion,2024-11-01,Generac,active
BATT-001962,CUST-0066047,XFMR-010246,FDR-0033,SUB-008,33.532331,-111.987412,21.3,6.6,LFP,2023-09-01,BYD,active
BATT-001963,CUST-0066072,XFMR-010248,FDR-0033,SUB-008,33.532444,-111.986716,9.3,3.5,LFP,2020-05-01,BYD,inactive
BATT-001964,CUST-0066079,XFMR-010249,FDR-0033,SUB-008,33.533279,-111.987403,14.2,5.8,lithium-ion,2021-09-01,SunPower,active
BATT-001965,CUST-0066085,XFMR-010251,FDR-0033,SUB-008,33.533314,-111.98726,16.6,6.4,NMC,2024-09-01,SolarEdge,active
BATT-001966,CUST-0066105,XFMR-010255,FDR-0033,SUB-008,33.535067,-111.98736,19.1,8.7,LFP,2022-10-01,BYD,active
BATT-001967,CUST-0066121,XFMR-010257,FDR-0033,SUB-008,33.535788,-111.986996,18.0,8.3,NMC,2020-09-01,BYD,active
BATT-001968,CUST-0066128,XFMR-010259,FDR-0033,SUB-008,33.536365,-111.98687,20.8,10.1,lithium-ion,2022-11-01,Enphase,active
BATT-001969,CUST-0066137,XFMR-010262,FDR-0033,SUB-008,33.536853,-111.986769,20.6,6.7,lithium-ion,2023-10-01,Tesla,active
BATT-001970,CUST-0066139,XFMR-010263,FDR-0033,SUB-008,33.537131,-111.986821,19.1,7.9,LFP,2021-08-01,SunPower,active
BATT-001971,CUST-0066226,XFMR-010275,FDR-0033,SUB-008,33.541654,-111.986799,12.7,5.8,lithium-ion,2022-07-01,Generac,active
BATT-001972,CUST-0066320,XFMR-010287,FDR-0033,SUB-008,33.545285,-111.986838,18.3,7.6,LFP,2021-04-01,SunPower,active
BATT-001973,CUST-0066347,XFMR-010291,FDR-0033,SUB-008,33.546809,-111.987005,14.4,5.6,NMC,2022-06-01,SolarEdge,active
BATT-001974,CUST-0066350,XFMR-010292,FDR-0033,SUB-008,33.546337,-111.987642,10.7,4.1,lithium-ion,2023-07-01,SunPower,active
BATT-001975,CUST-0066434,XFMR-010305,FDR-0033,SUB-008,33.551275,-111.98676,20.8,9.7,NMC,2020-10-01,Generac,active
BATT-001976,CUST-0066444,XFMR-010306,FDR-0033,SUB-008,33.55132,-111.987459,15.1,7.5,lithium-ion,2024-10-01,SolarEdge,active
BATT-001977,CUST-0066479,XFMR-010312,FDR-0033,SUB-008,33.553387,-111.987084,13.3,4.1,lithium-ion,2023-06-01,BYD,active
BATT-001978,CUST-0066480,XFMR-010312,FDR-0033,SUB-008,33.553011,-111.987505,16.7,8.0,LFP,2023-12-01,SolarEdge,active
BATT-001979,CUST-0066483,XFMR-010312,FDR-0033,SUB-008,33.552865,-111.987056,16.2,5.6,NMC,2022-04-01,Generac,active
BATT-001980,CUST-0066581,XFMR-010328,FDR-0033,SUB-008,33.558194,-111.987107,51.0,14.0,LFP,2021-10-01,BYD,active
BATT-001981,CUST-0066587,XFMR-010329,FDR-0033,SUB-008,33.558899,-111.987082,20.7,10.2,NMC,2024-01-01,SunPower,active
BATT-001982,CUST-0066652,XFMR-010340,FDR-0033,SUB-008,33.561647,-111.986708,10.7,5.3,lithium-ion,2021-01-01,SolarEdge,active
BATT-001983,CUST-0066673,XFMR-010343,FDR-0033,SUB-008,33.563364,-111.987455,19.8,9.1,LFP,2021-02-01,BYD,active
BATT-001984,CUST-0066765,XFMR-010358,FDR-0033,SUB-008,33.568116,-111.987629,14.5,6.8,NMC,2020-12-01,Enphase,active
BATT-001985,CUST-0066809,XFMR-010368,FDR-0033,SUB-008,33.570753,-111.986863,19.8,6.1,NMC,2020-02-01,Tesla,active
BATT-001986,CUST-0066829,XFMR-010370,FDR-0033,SUB-008,33.57126,-111.98686,10.2,4.5,lithium-ion,2021-02-01,SunPower,active
BATT-001987,CUST-0066830,XFMR-010370,FDR-0033,SUB-008,33.571665,-111.986811,122.7,42.1,lithium-ion,2020-05-01,SunPower,active
BATT-001988,CUST-0066864,XFMR-010376,FDR-0033,SUB-008,33.573573,-111.986627,10.2,4.3,lithium-ion,2020-02-01,Generac,active
BATT-001989,CUST-0066883,XFMR-010380,FDR-0033,SUB-008,33.574576,-111.987582,21.3,7.7,NMC,2020-05-01,Tesla,active
BATT-001990,CUST-0066962,XFMR-010394,FDR-0033,SUB-008,33.579605,-111.986693,10.5,4.8,lithium-ion,2022-11-01,SolarEdge,active
BATT-001991,CUST-0066972,XFMR-010395,FDR-0033,SUB-008,33.579469,-111.986882,13.3,6.3,lithium-ion,2022-07-01,SunPower,active
BATT-001992,CUST-0067141,XFMR-010423,FDR-0033,SUB-008,33.588338,-111.98737,477.9,134.8,NMC,2022-07-01,SolarEdge,active
BATT-001993,CUST-0067149,XFMR-010424,FDR-0033,SUB-008,33.588466,-111.986875,12.3,5.3,LFP,2024-11-01,SolarEdge,active
BATT-001994,CUST-0067187,XFMR-010428,FDR-0033,SUB-008,33.58995,-111.987409,468.3,207.7,lithium-ion,2023-08-01,Generac,active
BATT-001995,CUST-0067243,XFMR-010438,FDR-0034,SUB-009,33.477391,-112.111888,344.2,134.4,LFP,2022-02-01,Tesla,active
BATT-001996,CUST-0067270,XFMR-010441,FDR-0034,SUB-009,33.47693,-112.112571,12.6,4.5,NMC,2021-05-01,BYD,active
BATT-001997,CUST-0067332,XFMR-010451,FDR-0034,SUB-009,33.477636,-112.114979,13.2,5.0,NMC,2020-08-01,Enphase,active
BATT-001998,CUST-0067341,XFMR-010452,FDR-0034,SUB-009,33.477777,-112.115451,14.5,6.1,NMC,2020-08-01,SolarEdge,active
BATT-001999,CUST-0067351,XFMR-010452,FDR-0034,SUB-009,33.477637,-112.115171,10.5,4.2,lithium-ion,2021-01-01,Enphase,active
BATT-002000,CUST-0067493,XFMR-010477,FDR-0034,SUB-009,33.477599,-112.122017,13.2,5.9,lithium-ion,2021-04-01,Generac,active
BATT-002001,CUST-0067546,XFMR-010483,FDR-0034,SUB-009,33.477063,-112.123229,19.5,6.5,NMC,2020-01-01,BYD,active
BATT-002002,CUST-0067578,XFMR-010489,FDR-0034,SUB-009,33.477607,-112.12514,10.5,3.6,NMC,2024-08-01,Generac,active
BATT-002003,CUST-0067581,XFMR-010489,FDR-0034,SUB-009,33.477165,-112.125336,21.2,8.6,NMC,2020-10-01,Generac,active
BATT-002004,CUST-0067625,XFMR-010497,FDR-0034,SUB-009,33.477041,-112.127894,254.9,104.0,NMC,2023-07-01,Tesla,active
BATT-002005,CUST-0067640,XFMR-010498,FDR-0034,SUB-009,33.477718,-112.128255,12.6,4.6,LFP,2021-12-01,BYD,active
BATT-002006,CUST-0067649,XFMR-010499,FDR-0034,SUB-009,33.477316,-112.127814,9.1,3.6,lithium-ion,2021-08-01,BYD,active
BATT-002007,CUST-0067658,XFMR-010500,FDR-0034,SUB-009,33.477597,-112.128516,9.5,3.6,LFP,2021-10-01,Generac,active
BATT-002008,CUST-0067704,XFMR-010508,FDR-0034,SUB-009,33.477752,-112.130052,12.5,5.6,NMC,2024-09-01,SolarEdge,active
BATT-002009,CUST-0067748,XFMR-010512,FDR-0034,SUB-009,33.477214,-112.131982,13.0,6.1,LFP,2023-03-01,BYD,active
BATT-002010,CUST-0067751,XFMR-010513,FDR-0034,SUB-009,33.477619,-112.132169,16.0,6.0,LFP,2020-12-01,Tesla,active
BATT-002011,CUST-0067763,XFMR-010515,FDR-0034,SUB-009,33.477481,-112.13269,14.1,4.7,NMC,2022-01-01,BYD,active
BATT-002012,CUST-0067783,XFMR-010520,FDR-0034,SUB-009,33.477037,-112.134165,12.5,4.6,lithium-ion,2022-10-01,Generac,active
BATT-002013,CUST-0067784,XFMR-010520,FDR-0034,SUB-009,33.477444,-112.133619,10.4,3.8,lithium-ion,2024-10-01,SolarEdge,active
BATT-002014,CUST-0067799,XFMR-010524,FDR-0034,SUB-009,33.477601,-112.135104,12.3,4.4,LFP,2024-12-01,Generac,active
BATT-002015,CUST-0067826,XFMR-010526,FDR-0034,SUB-009,33.477682,-112.13568,21.6,7.5,lithium-ion,2020-05-01,SolarEdge,active
BATT-002016,CUST-0067887,XFMR-010536,FDR-0034,SUB-009,33.477213,-112.137818,466.7,157.6,LFP,2020-08-01,Generac,active
BATT-002017,CUST-0067899,XFMR-010537,FDR-0034,SUB-009,33.477663,-112.138307,14.1,4.3,NMC,2024-08-01,Generac,active
BATT-002018,CUST-0067913,XFMR-010538,FDR-0034,SUB-009,33.477667,-112.138306,15.1,5.8,lithium-ion,2022-05-01,SunPower,active
BATT-002019,CUST-0067977,XFMR-010548,FDR-0034,SUB-009,33.47712,-112.141788,13.6,6.3,NMC,2020-05-01,BYD,active
BATT-002020,CUST-0067978,XFMR-010548,FDR-0034,SUB-009,33.477547,-112.141552,10.0,3.9,NMC,2022-10-01,Tesla,active
BATT-002021,CUST-0068010,XFMR-010555,FDR-0034,SUB-009,33.477638,-112.143616,28.6,13.9,LFP,2022-05-01,Enphase,active
BATT-002022,CUST-0068040,XFMR-010558,FDR-0034,SUB-009,33.477215,-112.144363,19.2,9.4,LFP,2020-04-01,Enphase,active
BATT-002023,CUST-0068042,XFMR-010558,FDR-0034,SUB-009,33.47717,-112.144058,17.3,5.7,NMC,2022-11-01,Enphase,active
BATT-002024,CUST-0068151,XFMR-010575,FDR-0034,SUB-009,33.477747,-112.148693,15.8,5.5,lithium-ion,2024-07-01,Tesla,active
BATT-002025,CUST-0068156,XFMR-010576,FDR-0034,SUB-009,33.477397,-112.149437,10.6,5.0,lithium-ion,2020-03-01,SunPower,active
BATT-002026,CUST-0068181,XFMR-010580,FDR-0034,SUB-009,33.477325,-112.149735,12.3,4.5,NMC,2021-01-01,BYD,active
BATT-002027,CUST-0068224,XFMR-010589,FDR-0034,SUB-009,33.476973,-112.152981,20.4,8.5,NMC,2023-12-01,BYD,active
BATT-002028,CUST-0068247,XFMR-010593,FDR-0034,SUB-009,33.477624,-112.153612,20.9,9.2,NMC,2022-08-01,SolarEdge,active
BATT-002029,CUST-0068289,XFMR-010599,FDR-0034,SUB-009,33.477145,-112.155469,13.3,6.4,LFP,2022-07-01,SunPower,active
BATT-002030,CUST-0068291,XFMR-010599,FDR-0034,SUB-009,33.477034,-112.15503,14.4,5.1,lithium-ion,2021-12-01,Enphase,active
BATT-002031,CUST-0068337,XFMR-010608,FDR-0034,SUB-009,33.477168,-112.158135,10.0,3.5,NMC,2020-03-01,SolarEdge,active
BATT-002032,CUST-0068412,XFMR-010617,FDR-0034,SUB-009,33.477747,-112.160113,13.3,4.8,NMC,2021-04-01,SunPower,active
BATT-002033,CUST-0068453,XFMR-010625,FDR-0034,SUB-009,33.47778,-112.161875,13.4,5.3,LFP,2024-02-01,Enphase,active
BATT-002034,CUST-0068454,XFMR-010625,FDR-0034,SUB-009,33.477369,-112.162231,15.0,5.4,LFP,2021-07-01,Generac,active
BATT-002035,CUST-0068552,XFMR-010639,FDR-0034,SUB-009,33.477114,-112.166219,10.8,4.6,lithium-ion,2021-06-01,SolarEdge,active
BATT-002036,CUST-0068560,XFMR-010640,FDR-0034,SUB-009,33.477602,-112.166712,14.9,6.5,LFP,2024-12-01,Tesla,active
BATT-002037,CUST-0068603,XFMR-010645,FDR-0034,SUB-009,33.477184,-112.167863,18.9,8.7,lithium-ion,2023-05-01,Tesla,active
BATT-002038,CUST-0068610,XFMR-010647,FDR-0034,SUB-009,33.477302,-112.167897,15.9,6.6,NMC,2020-12-01,BYD,active
BATT-002039,CUST-0068697,XFMR-010665,FDR-0034,SUB-009,33.477204,-112.173218,17.0,5.8,lithium-ion,2022-02-01,BYD,active
BATT-002040,CUST-0068760,XFMR-010677,FDR-0034,SUB-009,33.477074,-112.176417,20.2,9.1,LFP,2023-01-01,BYD,active
BATT-002041,CUST-0068779,XFMR-010680,FDR-0034,SUB-009,33.477648,-112.177774,19.0,7.8,lithium-ion,2024-09-01,Generac,active
BATT-002042,CUST-0068793,XFMR-010682,FDR-0034,SUB-009,33.477128,-112.1781,14.2,5.7,LFP,2023-04-01,SolarEdge,active
BATT-002043,CUST-0068798,XFMR-010682,FDR-0034,SUB-009,33.477128,-112.178198,16.2,6.0,lithium-ion,2020-12-01,Tesla,active
BATT-002044,CUST-0068841,XFMR-010688,FDR-0034,SUB-009,33.477703,-112.179567,21.2,8.9,lithium-ion,2022-03-01,Generac,active
BATT-002045,CUST-0068865,XFMR-010693,FDR-0034,SUB-009,33.477585,-112.180505,10.0,4.6,lithium-ion,2020-04-01,Generac,active
BATT-002046,CUST-0068867,XFMR-010693,FDR-0034,SUB-009,33.477573,-112.18097,13.3,6.3,lithium-ion,2021-03-01,Tesla,active
BATT-002047,CUST-0068908,XFMR-010699,FDR-0034,SUB-009,33.477129,-112.182433,18.4,9.1,LFP,2020-01-01,SunPower,active
BATT-002048,CUST-0068939,XFMR-010703,FDR-0034,SUB-009,33.477031,-112.183148,9.4,3.6,lithium-ion,2022-06-01,Enphase,active
BATT-002049,CUST-0068959,XFMR-010708,FDR-0034,SUB-009,33.477739,-112.185338,14.1,6.5,NMC,2021-05-01,SolarEdge,active
BATT-002050,CUST-0068982,XFMR-010711,FDR-0034,SUB-009,33.477181,-112.18591,33.6,13.2,NMC,2023-04-01,SolarEdge,active
BATT-002051,CUST-0068985,XFMR-010711,FDR-0034,SUB-009,33.477695,-112.185318,16.9,5.2,NMC,2020-11-01,Generac,active
BATT-002052,CUST-0068997,XFMR-010713,FDR-0034,SUB-009,33.477133,-112.186379,19.3,7.4,lithium-ion,2020-09-01,SunPower,active
BATT-002053,CUST-0069045,XFMR-010720,FDR-0034,SUB-009,33.477493,-112.188429,51.9,23.6,lithium-ion,2023-04-01,BYD,active
BATT-002054,CUST-0069148,XFMR-010734,FDR-0034,SUB-009,33.477374,-112.191646,10.9,4.2,LFP,2020-03-01,SolarEdge,active
BATT-002055,CUST-0069200,XFMR-010742,FDR-0034,SUB-009,33.476984,-112.19442,9.0,2.8,LFP,2024-01-01,BYD,active
BATT-002056,CUST-0069209,XFMR-010743,FDR-0034,SUB-009,33.477334,-112.194473,499.5,171.7,NMC,2024-08-01,Generac,active
BATT-002057,CUST-0069239,XFMR-010748,FDR-0034,SUB-009,33.476984,-112.195878,43.4,19.5,lithium-ion,2021-01-01,SunPower,active
BATT-002058,CUST-0069284,XFMR-010753,FDR-0034,SUB-009,33.477248,-112.196864,20.0,6.0,lithium-ion,2024-11-01,Tesla,active
BATT-002059,CUST-0069295,XFMR-010755,FDR-0034,SUB-009,33.477291,-112.197912,13.2,5.2,LFP,2021-08-01,Enphase,active
BATT-002060,CUST-0069393,XFMR-010772,FDR-0034,SUB-009,33.477186,-112.202381,16.6,6.9,NMC,2023-07-01,Enphase,inactive
BATT-002061,CUST-0069400,XFMR-010773,FDR-0034,SUB-009,33.477201,-112.20247,14.1,5.6,lithium-ion,2022-09-01,SolarEdge,active
BATT-002062,CUST-0069425,XFMR-010775,FDR-0034,SUB-009,33.477184,-112.202757,13.1,5.1,NMC,2021-08-01,SunPower,active
BATT-002063,CUST-0069539,XFMR-010791,FDR-0034,SUB-009,33.477649,-112.207503,15.0,6.5,lithium-ion,2020-07-01,BYD,active
BATT-002064,CUST-0069564,XFMR-010793,FDR-0034,SUB-009,33.477113,-112.207936,9.9,3.9,LFP,2021-02-01,BYD,active
BATT-002065,CUST-0069584,XFMR-010798,FDR-0034,SUB-009,33.477635,-112.209692,9.5,3.3,LFP,2024-09-01,SunPower,active
BATT-002066,CUST-0069636,XFMR-010805,FDR-0034,SUB-009,33.477468,-112.211119,9.2,3.9,NMC,2023-10-01,SunPower,active
BATT-002067,CUST-0069641,XFMR-010806,FDR-0034,SUB-009,33.477774,-112.211434,15.5,6.3,LFP,2023-08-01,BYD,active
BATT-002068,CUST-0069669,XFMR-010813,FDR-0034,SUB-009,33.477707,-112.213573,15.8,7.2,NMC,2022-07-01,Enphase,active
BATT-002069,CUST-0069682,XFMR-010815,FDR-0034,SUB-009,33.477242,-112.2142,12.9,4.2,LFP,2024-01-01,SolarEdge,active
BATT-002070,CUST-0069694,XFMR-010817,FDR-0034,SUB-009,33.477826,-112.214543,18.9,7.8,NMC,2023-07-01,BYD,active
BATT-002071,CUST-0069704,XFMR-010820,FDR-0034,SUB-009,33.477555,-112.215514,12.4,5.9,NMC,2024-11-01,BYD,active
BATT-002072,CUST-0069739,XFMR-010824,FDR-0034,SUB-009,33.477023,-112.216633,18.2,7.7,LFP,2021-03-01,SunPower,active
BATT-002073,CUST-0069742,XFMR-010825,FDR-0034,SUB-009,33.477427,-112.216944,17.4,6.2,lithium-ion,2023-08-01,SolarEdge,active
BATT-002074,CUST-0069831,XFMR-010839,FDR-0034,SUB-009,33.477551,-112.221024,12.2,4.4,LFP,2021-09-01,BYD,active
BATT-002075,CUST-0069888,XFMR-010848,FDR-0034,SUB-009,33.477524,-112.223214,16.5,7.4,lithium-ion,2023-02-01,Generac,active
BATT-002076,CUST-0070008,XFMR-010863,FDR-0034,SUB-009,33.477781,-112.226875,252.0,103.5,lithium-ion,2023-05-01,BYD,active
BATT-002077,CUST-0070063,XFMR-010870,FDR-0034,SUB-009,33.477341,-112.22947,9.7,4.1,LFP,2023-05-01,BYD,active
BATT-002078,CUST-0070098,XFMR-010875,FDR-0034,SUB-009,33.477292,-112.230992,487.4,182.6,lithium-ion,2024-06-01,Tesla,active
BATT-002079,CUST-0070114,XFMR-010878,FDR-0034,SUB-009,33.477012,-112.231589,12.9,4.2,LFP,2021-07-01,SolarEdge,active
BATT-002080,CUST-0070128,XFMR-010881,FDR-0034,SUB-009,33.476992,-112.232443,13.4,6.1,NMC,2024-11-01,SunPower,active
BATT-002081,CUST-0070177,XFMR-010887,FDR-0034,SUB-009,33.477112,-112.233736,14.4,5.7,LFP,2023-09-01,Enphase,active
BATT-002082,CUST-0070181,XFMR-010889,FDR-0034,SUB-009,33.477109,-112.234052,14.6,7.1,lithium-ion,2021-06-01,BYD,active
BATT-002083,CUST-0070185,XFMR-010889,FDR-0034,SUB-009,33.477455,-112.234219,17.4,7.6,lithium-ion,2024-01-01,Tesla,active
BATT-002084,CUST-0070212,XFMR-010893,FDR-0034,SUB-009,33.47777,-112.234955,9.8,3.3,NMC,2024-09-01,SolarEdge,active
BATT-002085,CUST-0070214,XFMR-010893,FDR-0034,SUB-009,33.477617,-112.235375,20.5,6.2,NMC,2021-10-01,Generac,active
BATT-002086,CUST-0070223,XFMR-010896,FDR-0034,SUB-009,33.477631,-112.236209,73.6,24.1,NMC,2024-01-01,Generac,active
BATT-002087,CUST-0070244,XFMR-010899,FDR-0034,SUB-009,33.477474,-112.237161,20.2,6.4,LFP,2020-10-01,SunPower,active
BATT-002088,CUST-0070250,XFMR-010900,FDR-0035,SUB-009,33.477564,-112.109155,69.1,23.3,LFP,2020-06-01,Tesla,active
BATT-002089,CUST-0070268,XFMR-010903,FDR-0035,SUB-009,33.478281,-112.108671,10.9,3.5,lithium-ion,2021-09-01,Enphase,active
BATT-002090,CUST-0070317,XFMR-010909,FDR-0035,SUB-009,33.479604,-112.108657,314.0,97.7,NMC,2022-11-01,Generac,active
BATT-002091,CUST-0070346,XFMR-010916,FDR-0035,SUB-009,33.48199,-112.108486,13.3,6.1,lithium-ion,2023-09-01,Generac,active
BATT-002092,CUST-0070434,XFMR-010929,FDR-0035,SUB-009,33.485098,-112.108479,20.1,8.4,LFP,2021-05-01,SunPower,active
BATT-002093,CUST-0070476,XFMR-010937,FDR-0035,SUB-009,33.487033,-112.108354,20.6,9.4,NMC,2023-05-01,SunPower,active
BATT-002094,CUST-0070493,XFMR-010940,FDR-0035,SUB-009,33.487889,-112.108621,22.0,10.7,lithium-ion,2020-02-01,BYD,active
BATT-002095,CUST-0070654,XFMR-010964,FDR-0035,SUB-009,33.493941,-112.109148,12.8,5.9,LFP,2022-12-01,SunPower,active
BATT-002096,CUST-0070666,XFMR-010966,FDR-0035,SUB-009,33.494286,-112.1085,13.9,4.3,LFP,2022-03-01,SunPower,active
BATT-002097,CUST-0070691,XFMR-010968,FDR-0035,SUB-009,33.494576,-112.108969,13.7,5.1,NMC,2020-07-01,Tesla,active
BATT-002098,CUST-0070694,XFMR-010969,FDR-0035,SUB-009,33.494409,-112.108281,20.7,7.7,NMC,2024-07-01,SolarEdge,active
BATT-002099,CUST-0070735,XFMR-010975,FDR-0035,SUB-009,33.496292,-112.108432,10.9,4.8,LFP,2021-01-01,Tesla,active
BATT-002100,CUST-0070796,XFMR-010984,FDR-0035,SUB-009,33.498856,-112.109031,14.2,4.8,LFP,2024-09-01,Tesla,active
BATT-002101,CUST-0070806,XFMR-010985,FDR-0035,SUB-009,33.498493,-112.108489,15.3,7.3,NMC,2024-10-01,Generac,active
BATT-002102,CUST-0070812,XFMR-010986,FDR-0035,SUB-009,33.498851,-112.109017,15.0,5.0,LFP,2021-02-01,SunPower,active
BATT-002103,CUST-0070839,XFMR-010992,FDR-0035,SUB-009,33.500418,-112.108593,366.1,157.4,LFP,2023-02-01,SunPower,active
BATT-002104,CUST-0070851,XFMR-010994,FDR-0035,SUB-009,33.501373,-112.108644,17.1,6.6,LFP,2024-05-01,Tesla,active
BATT-002105,CUST-0070925,XFMR-011005,FDR-0035,SUB-009,33.504137,-112.108871,22.0,10.4,LFP,2021-02-01,BYD,active
BATT-002106,CUST-0070954,XFMR-011009,FDR-0035,SUB-009,33.504573,-112.108565,12.9,6.0,lithium-ion,2021-08-01,SolarEdge,active
BATT-002107,CUST-0070962,XFMR-011010,FDR-0035,SUB-009,33.50491,-112.10865,13.2,5.8,LFP,2023-12-01,Tesla,active
BATT-002108,CUST-0071009,XFMR-011018,FDR-0035,SUB-009,33.507288,-112.108418,480.5,126.5,LFP,2021-07-01,Tesla,active
BATT-002109,CUST-0071040,XFMR-011021,FDR-0035,SUB-009,33.507911,-112.108933,15.5,7.6,NMC,2021-09-01,Enphase,active
BATT-002110,CUST-0071056,XFMR-011024,FDR-0035,SUB-009,33.508722,-112.108984,10.1,4.4,NMC,2024-05-01,SolarEdge,active
BATT-002111,CUST-0071074,XFMR-011025,FDR-0035,SUB-009,33.509054,-112.109085,75.2,26.2,LFP,2020-03-01,SolarEdge,active
BATT-002112,CUST-0071101,XFMR-011028,FDR-0035,SUB-009,33.509722,-112.108877,13.2,4.4,LFP,2022-06-01,BYD,active
BATT-002113,CUST-0071111,XFMR-011033,FDR-0035,SUB-009,33.511039,-112.108601,16.5,5.5,LFP,2023-02-01,SolarEdge,active
BATT-002114,CUST-0071121,XFMR-011033,FDR-0035,SUB-009,33.510764,-112.109117,14.9,6.2,lithium-ion,2020-01-01,BYD,active
BATT-002115,CUST-0071221,XFMR-011050,FDR-0035,SUB-009,33.515043,-112.108321,444.8,220.1,lithium-ion,2022-05-01,BYD,active
BATT-002116,CUST-0071225,XFMR-011050,FDR-0035,SUB-009,33.514831,-112.108815,10.7,3.5,NMC,2020-04-01,Enphase,active
BATT-002117,CUST-0071236,XFMR-011051,FDR-0035,SUB-009,33.515289,-112.10826,192.7,60.2,LFP,2020-10-01,Generac,inactive
BATT-002118,CUST-0071237,XFMR-011051,FDR-0035,SUB-009,33.515397,-112.108286,16.9,7.4,LFP,2024-07-01,Generac,active
BATT-002119,CUST-0071287,XFMR-011058,FDR-0035,SUB-009,33.516685,-112.10895,59.2,19.4,NMC,2020-02-01,Generac,active
BATT-002120,CUST-0071327,XFMR-011066,FDR-0035,SUB-009,33.51858,-112.108618,18.5,7.9,lithium-ion,2023-10-01,Tesla,active
BATT-002121,CUST-0071343,XFMR-011070,FDR-0035,SUB-009,33.519602,-112.109145,18.4,6.3,NMC,2023-06-01,Generac,active
BATT-002122,CUST-0071359,XFMR-011073,FDR-0035,SUB-009,33.520339,-112.108331,13.9,6.5,lithium-ion,2022-07-01,Generac,active
BATT-002123,CUST-0071365,XFMR-011073,FDR-0035,SUB-009,33.520487,-112.10826,14.7,4.6,LFP,2020-02-01,SolarEdge,active
BATT-002124,CUST-0071545,XFMR-011099,FDR-0035,SUB-009,33.527193,-112.108303,21.0,10.1,LFP,2022-06-01,Generac,active
BATT-002125,CUST-0071593,XFMR-011105,FDR-0035,SUB-009,33.528371,-112.109018,10.5,3.4,NMC,2023-11-01,Generac,active
BATT-002126,CUST-0071651,XFMR-011113,FDR-0035,SUB-009,33.530439,-112.108391,20.3,8.6,NMC,2023-08-01,SunPower,active
BATT-002127,CUST-0071679,XFMR-011118,FDR-0035,SUB-009,33.53211,-112.108811,10.0,4.0,lithium-ion,2023-07-01,Generac,active
BATT-002128,CUST-0071696,XFMR-011122,FDR-0035,SUB-009,33.532829,-112.108855,456.1,208.4,lithium-ion,2023-03-01,BYD,active
BATT-002129,CUST-0071698,XFMR-011123,FDR-0035,SUB-009,33.533314,-112.10893,9.1,4.5,LFP,2020-07-01,Generac,active
BATT-002130,CUST-0071742,XFMR-011128,FDR-0035,SUB-009,33.534539,-112.108472,13.1,5.4,LFP,2021-06-01,BYD,active
BATT-002131,CUST-0071763,XFMR-011130,FDR-0035,SUB-009,33.534718,-112.108343,9.1,3.6,LFP,2023-12-01,Enphase,active
BATT-002132,CUST-0071801,XFMR-011138,FDR-0035,SUB-009,33.536787,-112.10839,13.1,4.6,LFP,2020-01-01,BYD,active
BATT-002133,CUST-0071832,XFMR-011141,FDR-0035,SUB-009,33.537874,-112.109148,10.4,5.1,lithium-ion,2022-01-01,SolarEdge,active
BATT-002134,CUST-0071837,XFMR-011141,FDR-0035,SUB-009,33.537609,-112.108609,21.3,9.5,NMC,2021-03-01,Tesla,active
BATT-002135,CUST-0071876,XFMR-011148,FDR-0035,SUB-009,33.539571,-112.109062,17.3,6.1,NMC,2024-01-01,Enphase,active
BATT-002136,CUST-0071888,XFMR-011150,FDR-0035,SUB-009,33.539501,-112.109029,9.2,3.0,LFP,2022-02-01,SunPower,active
BATT-002137,CUST-0071911,XFMR-011154,FDR-0035,SUB-009,33.541005,-112.108575,13.8,5.3,lithium-ion,2024-02-01,Enphase,active
BATT-002138,CUST-0071929,XFMR-011156,FDR-0035,SUB-009,33.541306,-112.109231,14.6,6.2,NMC,2021-07-01,SunPower,active
BATT-002139,CUST-0071930,XFMR-011156,FDR-0035,SUB-009,33.540942,-112.109052,12.5,5.9,NMC,2020-10-01,BYD,active
BATT-002140,CUST-0071933,XFMR-011156,FDR-0035,SUB-009,33.54095,-112.108714,9.3,3.1,NMC,2023-05-01,SolarEdge,active
BATT-002141,CUST-0071996,XFMR-011166,FDR-0035,SUB-009,33.543899,-112.108614,10.8,4.8,NMC,2023-11-01,Tesla,active
BATT-002142,CUST-0072001,XFMR-011168,FDR-0035,SUB-009,33.544513,-112.108312,15.1,7.4,lithium-ion,2023-10-01,BYD,active
BATT-002143,CUST-0072038,XFMR-011173,FDR-0035,SUB-009,33.545604,-112.108882,14.5,5.4,NMC,2021-08-01,SolarEdge,active
BATT-002144,CUST-0072093,XFMR-011180,FDR-0035,SUB-009,33.547409,-112.108484,18.7,6.6,NMC,2021-08-01,Enphase,active
BATT-002145,CUST-0072168,XFMR-011193,FDR-0035,SUB-009,33.550933,-112.109025,18.5,7.5,lithium-ion,2020-03-01,SunPower,active
BATT-002146,CUST-0072252,XFMR-011207,FDR-0035,SUB-009,33.554154,-112.108767,86.5,39.4,lithium-ion,2020-09-01,Enphase,active
BATT-002147,CUST-0072263,XFMR-011210,FDR-0035,SUB-009,33.555207,-112.108385,14.6,4.9,LFP,2022-09-01,SunPower,active
BATT-002148,CUST-0072278,XFMR-011212,FDR-0035,SUB-009,33.555525,-112.108975,16.7,6.4,LFP,2023-12-01,SunPower,active
BATT-002149,CUST-0072305,XFMR-011218,FDR-0035,SUB-009,33.556486,-112.108336,19.1,5.8,LFP,2023-08-01,SolarEdge,active
BATT-002150,CUST-0072349,XFMR-011223,FDR-0035,SUB-009,33.557788,-112.108968,16.6,7.5,LFP,2024-06-01,Generac,active
BATT-002151,CUST-0072394,XFMR-011230,FDR-0035,SUB-009,33.559916,-112.108636,16.8,8.3,NMC,2021-07-01,Generac,active
BATT-002152,CUST-0072437,XFMR-011236,FDR-0035,SUB-009,33.560993,-112.109112,10.2,3.2,lithium-ion,2022-01-01,Enphase,active
BATT-002153,CUST-0072460,XFMR-011239,FDR-0035,SUB-009,33.562366,-112.109068,14.8,6.4,LFP,2024-03-01,BYD,active
BATT-002154,CUST-0072534,XFMR-011248,FDR-0035,SUB-009,33.564442,-112.109048,14.5,6.4,NMC,2022-12-01,BYD,active
BATT-002155,CUST-0072538,XFMR-011249,FDR-0035,SUB-009,33.564859,-112.108593,410.0,159.4,lithium-ion,2020-04-01,Enphase,active
BATT-002156,CUST-0072544,XFMR-011249,FDR-0035,SUB-009,33.56408,-112.108603,14.1,5.5,lithium-ion,2024-01-01,BYD,active
BATT-002157,CUST-0072582,XFMR-011255,FDR-0035,SUB-009,33.566271,-112.109221,14.2,4.7,NMC,2021-05-01,Generac,inactive
BATT-002158,CUST-0072583,XFMR-011255,FDR-0035,SUB-009,33.566127,-112.10919,10.4,3.2,LFP,2024-11-01,BYD,active
BATT-002159,CUST-0072585,XFMR-011255,FDR-0035,SUB-009,33.566202,-112.109046,13.5,4.2,lithium-ion,2024-11-01,Enphase,active
BATT-002160,CUST-0072599,XFMR-011258,FDR-0035,SUB-009,33.567205,-112.108439,17.4,7.8,lithium-ion,2020-10-01,SunPower,active
BATT-002161,CUST-0072602,XFMR-011258,FDR-0035,SUB-009,33.566678,-112.108938,17.6,6.2,LFP,2020-10-01,BYD,active
BATT-002162,CUST-0072636,XFMR-011264,FDR-0035,SUB-009,33.567955,-112.108986,148.5,42.8,LFP,2024-01-01,SunPower,active
BATT-002163,CUST-0072641,XFMR-011264,FDR-0035,SUB-009,33.568069,-112.108684,19.2,8.9,lithium-ion,2021-01-01,Generac,active
BATT-002164,CUST-0072786,XFMR-011284,FDR-0035,SUB-009,33.573006,-112.109006,13.2,6.5,lithium-ion,2020-01-01,Generac,active
BATT-002165,CUST-0072787,XFMR-011285,FDR-0035,SUB-009,33.573254,-112.109161,14.1,5.0,lithium-ion,2021-09-01,Enphase,active
BATT-002166,CUST-0072819,XFMR-011290,FDR-0036,SUB-009,33.477444,-112.108223,21.7,7.0,LFP,2024-04-01,Tesla,active
BATT-002167,CUST-0072844,XFMR-011293,FDR-0036,SUB-009,33.47639,-112.108477,20.4,7.2,LFP,2024-12-01,Generac,active
BATT-002168,CUST-0072882,XFMR-011300,FDR-0036,SUB-009,33.475461,-112.109211,106.2,52.3,LFP,2022-08-01,Generac,active
BATT-002169,CUST-0072973,XFMR-011315,FDR-0036,SUB-009,33.47253,-112.109006,13.0,4.2,LFP,2022-11-01,BYD,active
BATT-002170,CUST-0072983,XFMR-011318,FDR-0036,SUB-009,33.472642,-112.108977,21.0,10.2,LFP,2023-04-01,Enphase,active
BATT-002171,CUST-0073005,XFMR-011323,FDR-0036,SUB-009,33.471175,-112.108863,71.1,31.4,LFP,2021-10-01,SunPower,active
BATT-002172,CUST-0073029,XFMR-011327,FDR-0036,SUB-009,33.470715,-112.108273,13.3,6.6,LFP,2022-12-01,SunPower,active
BATT-002173,CUST-0073038,XFMR-011328,FDR-0036,SUB-009,33.470627,-112.108981,15.4,6.5,NMC,2023-02-01,Generac,active
BATT-002174,CUST-0073077,XFMR-011334,FDR-0036,SUB-009,33.469476,-112.108495,339.1,146.7,LFP,2022-04-01,Generac,active
BATT-002175,CUST-0073155,XFMR-011346,FDR-0036,SUB-009,33.467566,-112.108841,12.3,4.6,NMC,2020-09-01,Generac,active
BATT-002176,CUST-0073164,XFMR-011347,FDR-0036,SUB-009,33.467568,-112.108866,15.1,4.8,LFP,2021-05-01,Enphase,active
BATT-002177,CUST-0073172,XFMR-011349,FDR-0036,SUB-009,33.467102,-112.108533,20.7,9.6,NMC,2022-09-01,Enphase,active
BATT-002178,CUST-0073179,XFMR-011349,FDR-0036,SUB-009,33.466954,-112.108502,47.0,22.9,NMC,2021-07-01,BYD,active
BATT-002179,CUST-0073206,XFMR-011354,FDR-0036,SUB-009,33.466324,-112.109197,16.3,5.3,LFP,2020-06-01,SunPower,active
BATT-002180,CUST-0073260,XFMR-011366,FDR-0036,SUB-009,33.464109,-112.108229,10.5,4.3,lithium-ion,2023-12-01,BYD,active
BATT-002181,CUST-0073319,XFMR-011375,FDR-0036,SUB-009,33.462598,-112.108977,19.5,7.6,lithium-ion,2022-11-01,SolarEdge,active
BATT-002182,CUST-0073354,XFMR-011382,FDR-0036,SUB-009,33.46194,-112.10841,9.3,4.2,LFP,2020-12-01,Tesla,active
BATT-002183,CUST-0073389,XFMR-011387,FDR-0036,SUB-009,33.46114,-112.108957,13.5,6.6,lithium-ion,2024-05-01,SunPower,inactive
BATT-002184,CUST-0073468,XFMR-011398,FDR-0036,SUB-009,33.458864,-112.108563,15.2,6.3,lithium-ion,2022-12-01,BYD,active
BATT-002185,CUST-0073601,XFMR-011417,FDR-0036,SUB-009,33.455749,-112.108254,13.3,5.5,LFP,2022-02-01,SunPower,active
BATT-002186,CUST-0073616,XFMR-011419,FDR-0036,SUB-009,33.455554,-112.108869,14.4,4.3,lithium-ion,2020-12-01,SunPower,active
BATT-002187,CUST-0073617,XFMR-011419,FDR-0036,SUB-009,33.455302,-112.108843,179.9,84.7,lithium-ion,2021-07-01,SolarEdge,active
BATT-002188,CUST-0073644,XFMR-011424,FDR-0036,SUB-009,33.454307,-112.108529,12.9,4.2,lithium-ion,2024-01-01,SunPower,active
BATT-002189,CUST-0073721,XFMR-011435,FDR-0036,SUB-009,33.452521,-112.108388,15.1,7.1,LFP,2020-07-01,SolarEdge,active
BATT-002190,CUST-0073739,XFMR-011437,FDR-0036,SUB-009,33.452165,-112.108504,20.6,6.3,lithium-ion,2022-07-01,BYD,active
BATT-002191,CUST-0073779,XFMR-011442,FDR-0036,SUB-009,33.451528,-112.109011,10.3,3.1,NMC,2023-03-01,SolarEdge,active
BATT-002192,CUST-0073785,XFMR-011443,FDR-0036,SUB-009,33.451889,-112.108453,15.6,5.0,lithium-ion,2024-01-01,Enphase,active
BATT-002193,CUST-0073790,XFMR-011444,FDR-0036,SUB-009,33.451031,-112.109026,22.0,8.0,LFP,2020-05-01,SolarEdge,active
BATT-002194,CUST-0073810,XFMR-011446,FDR-0036,SUB-009,33.450986,-112.108431,75.6,34.9,NMC,2022-04-01,SunPower,active
BATT-002195,CUST-0073815,XFMR-011446,FDR-0036,SUB-009,33.451297,-112.109141,16.5,7.2,LFP,2023-11-01,SunPower,active
BATT-002196,CUST-0073830,XFMR-011448,FDR-0036,SUB-009,33.450951,-112.109178,17.6,8.5,NMC,2024-02-01,SolarEdge,active
BATT-002197,CUST-0073844,XFMR-011449,FDR-0036,SUB-009,33.450288,-112.108796,122.8,33.6,lithium-ion,2024-03-01,SunPower,active
BATT-002198,CUST-0073847,XFMR-011450,FDR-0036,SUB-009,33.450153,-112.108527,10.7,3.4,lithium-ion,2023-04-01,SolarEdge,active
BATT-002199,CUST-0073848,XFMR-011450,FDR-0036,SUB-009,33.450379,-112.109217,14.9,4.9,NMC,2020-05-01,SolarEdge,active
BATT-002200,CUST-0073861,XFMR-011451,FDR-0036,SUB-009,33.449776,-112.108975,21.2,7.7,NMC,2024-10-01,Tesla,active
BATT-002201,CUST-0073862,XFMR-011451,FDR-0036,SUB-009,33.450112,-112.108943,13.9,5.6,lithium-ion,2023-01-01,SunPower,inactive
BATT-002202,CUST-0073952,XFMR-011466,FDR-0036,SUB-009,33.447607,-112.108489,97.9,46.6,lithium-ion,2023-03-01,Generac,active
BATT-002203,CUST-0073954,XFMR-011466,FDR-0036,SUB-009,33.44757,-112.108556,9.2,3.3,lithium-ion,2020-03-01,SunPower,active
BATT-002204,CUST-0073955,XFMR-011466,FDR-0036,SUB-009,33.447494,-112.108707,14.7,5.2,LFP,2023-04-01,SunPower,active
BATT-002205,CUST-0074008,XFMR-011474,FDR-0036,SUB-009,33.446462,-112.109121,10.8,4.6,lithium-ion,2021-03-01,BYD,active
BATT-002206,CUST-0074041,XFMR-011479,FDR-0036,SUB-009,33.445629,-112.108698,20.9,7.9,NMC,2023-08-01,Enphase,active
BATT-002207,CUST-0074056,XFMR-011482,FDR-0036,SUB-009,33.444775,-112.108321,16.2,7.0,NMC,2022-02-01,SolarEdge,active
BATT-002208,CUST-0074068,XFMR-011483,FDR-0036,SUB-009,33.444946,-112.108688,16.4,6.3,lithium-ion,2021-03-01,SunPower,active
BATT-002209,CUST-0074070,XFMR-011483,FDR-0036,SUB-009,33.445207,-112.108521,9.4,3.4,lithium-ion,2020-01-01,BYD,active
BATT-002210,CUST-0074095,XFMR-011489,FDR-0036,SUB-009,33.444111,-112.108209,17.0,8.2,NMC,2021-08-01,Tesla,active
BATT-002211,CUST-0074145,XFMR-011494,FDR-0036,SUB-009,33.442642,-112.10853,210.6,87.6,NMC,2023-01-01,Generac,active
BATT-002212,CUST-0074210,XFMR-011507,FDR-0036,SUB-009,33.441034,-112.108546,16.7,6.0,LFP,2021-07-01,Enphase,active
BATT-002213,CUST-0074240,XFMR-011510,FDR-0036,SUB-009,33.440227,-112.108511,10.8,4.7,LFP,2024-01-01,SunPower,active
BATT-002214,CUST-0074288,XFMR-011516,FDR-0036,SUB-009,33.439698,-112.109013,15.9,5.7,NMC,2022-01-01,SolarEdge,active
BATT-002215,CUST-0074296,XFMR-011517,FDR-0036,SUB-009,33.438708,-112.108554,18.4,6.6,LFP,2022-09-01,Tesla,active
BATT-002216,CUST-0074317,XFMR-011519,FDR-0036,SUB-009,33.4388,-112.108493,21.4,6.8,lithium-ion,2022-12-01,Tesla,active
BATT-002217,CUST-0074358,XFMR-011525,FDR-0036,SUB-009,33.438188,-112.108472,231.5,90.6,lithium-ion,2023-02-01,Generac,active
BATT-002218,CUST-0074373,XFMR-011526,FDR-0036,SUB-009,33.437952,-112.108433,9.4,4.6,LFP,2021-01-01,Enphase,active
BATT-002219,CUST-0074390,XFMR-011528,FDR-0036,SUB-009,33.437366,-112.108677,10.7,4.6,LFP,2023-12-01,SunPower,active
BATT-002220,CUST-0074397,XFMR-011528,FDR-0036,SUB-009,33.437479,-112.10859,10.4,3.8,LFP,2022-03-01,SolarEdge,active
BATT-002221,CUST-0074416,XFMR-011531,FDR-0036,SUB-009,33.437247,-112.109099,259.0,71.8,lithium-ion,2020-02-01,BYD,active
BATT-002222,CUST-0074439,XFMR-011534,FDR-0036,SUB-009,33.436085,-112.109052,10.0,3.1,NMC,2022-10-01,SolarEdge,active
BATT-002223,CUST-0074510,XFMR-011548,FDR-0036,SUB-009,33.434113,-112.109009,9.1,4.5,NMC,2023-10-01,BYD,active
BATT-002224,CUST-0074557,XFMR-011558,FDR-0036,SUB-009,33.432119,-112.10852,9.7,4.4,LFP,2021-12-01,BYD,active
BATT-002225,CUST-0074584,XFMR-011562,FDR-0036,SUB-009,33.431224,-112.108329,12.5,5.5,LFP,2020-02-01,SunPower,active
BATT-002226,CUST-0074603,XFMR-011565,FDR-0036,SUB-009,33.431214,-112.108821,17.6,8.5,lithium-ion,2022-12-01,Tesla,active
BATT-002227,CUST-0074607,XFMR-011565,FDR-0036,SUB-009,33.430869,-112.108865,15.4,5.2,lithium-ion,2024-05-01,Enphase,active
BATT-002228,CUST-0074612,XFMR-011567,FDR-0036,SUB-009,33.430782,-112.1089,11.0,4.1,LFP,2020-12-01,BYD,active
BATT-002229,CUST-0074750,XFMR-011585,FDR-0036,SUB-009,33.428124,-112.109033,10.8,4.4,lithium-ion,2023-01-01,Enphase,active
BATT-002230,CUST-0074823,XFMR-011599,FDR-0036,SUB-009,33.425211,-112.108364,9.4,3.7,NMC,2023-08-01,SunPower,active
BATT-002231,CUST-0074891,XFMR-011615,FDR-0036,SUB-009,33.422927,-112.109034,10.6,3.3,LFP,2022-02-01,SunPower,active
BATT-002232,CUST-0074946,XFMR-011623,FDR-0036,SUB-009,33.421019,-112.10872,89.5,32.5,LFP,2023-10-01,SolarEdge,active
BATT-002233,CUST-0074949,XFMR-011623,FDR-0036,SUB-009,33.421742,-112.109151,157.9,74.4,lithium-ion,2020-05-01,SolarEdge,active
BATT-002234,CUST-0074962,XFMR-011624,FDR-0036,SUB-009,33.420999,-112.108539,10.4,4.2,LFP,2024-05-01,Tesla,active
BATT-002235,CUST-0074994,XFMR-011629,FDR-0036,SUB-009,33.420509,-112.109081,21.2,7.3,NMC,2023-11-01,BYD,inactive
BATT-002236,CUST-0075016,XFMR-011632,FDR-0036,SUB-009,33.420322,-112.108377,13.6,5.9,NMC,2020-01-01,Enphase,active
BATT-002237,CUST-0075090,XFMR-011642,FDR-0036,SUB-009,33.418681,-112.109209,17.4,6.7,lithium-ion,2024-08-01,SunPower,active
BATT-002238,CUST-0075104,XFMR-011644,FDR-0036,SUB-009,33.417978,-112.109076,9.6,2.9,LFP,2022-05-01,Generac,active
BATT-002239,CUST-0075199,XFMR-011658,FDR-0036,SUB-009,33.415254,-112.108797,14.5,5.6,lithium-ion,2023-10-01,Enphase,active
BATT-002240,CUST-0075272,XFMR-011671,FDR-0036,SUB-009,33.413394,-112.108425,12.5,4.1,NMC,2022-12-01,Generac,active
BATT-002241,CUST-0075376,XFMR-011692,FDR-0036,SUB-009,33.409657,-112.108667,9.5,3.1,lithium-ion,2024-07-01,Generac,active
BATT-002242,CUST-0075506,XFMR-011711,FDR-0036,SUB-009,33.406492,-112.108438,18.0,6.7,LFP,2023-11-01,Generac,active
BATT-002243,CUST-0075601,XFMR-011725,FDR-0036,SUB-009,33.404383,-112.108696,18.9,6.3,lithium-ion,2022-12-01,Generac,active
BATT-002244,CUST-0075618,XFMR-011728,FDR-0036,SUB-009,33.403702,-112.109076,17.5,8.6,NMC,2021-09-01,Enphase,active
BATT-002245,CUST-0075660,XFMR-011733,FDR-0036,SUB-009,33.403008,-112.108349,34.1,15.8,lithium-ion,2022-02-01,Tesla,active
BATT-002246,CUST-0075709,XFMR-011744,FDR-0036,SUB-009,33.401454,-112.109224,400.1,189.0,LFP,2021-01-01,Tesla,active
BATT-002247,CUST-0075724,XFMR-011745,FDR-0036,SUB-009,33.401435,-112.109016,103.7,50.8,LFP,2024-06-01,SunPower,active
BATT-002248,CUST-0075808,XFMR-011758,FDR-0036,SUB-009,33.399226,-112.108958,20.0,6.3,lithium-ion,2022-08-01,Enphase,active
BATT-002249,CUST-0075835,XFMR-011762,FDR-0036,SUB-009,33.397918,-112.108876,16.9,6.9,lithium-ion,2022-11-01,Tesla,active
BATT-002250,CUST-0075847,XFMR-011764,FDR-0036,SUB-009,33.398312,-112.108314,18.3,8.5,NMC,2024-06-01,SunPower,active
BATT-002251,CUST-0075861,XFMR-011766,FDR-0036,SUB-009,33.397733,-112.109068,13.4,6.2,LFP,2021-01-01,Generac,active
BATT-002252,CUST-0075906,XFMR-011772,FDR-0036,SUB-009,33.396368,-112.109116,20.3,9.1,NMC,2021-04-01,BYD,active
BATT-002253,CUST-0075953,XFMR-011778,FDR-0036,SUB-009,33.395794,-112.108848,16.8,7.0,lithium-ion,2023-11-01,Enphase,active
BATT-002254,CUST-0075958,XFMR-011779,FDR-0036,SUB-009,33.395294,-112.108411,10.4,4.2,lithium-ion,2023-05-01,Generac,active
BATT-002255,CUST-0076048,XFMR-011794,FDR-0036,SUB-009,33.392857,-112.109218,10.9,4.1,NMC,2021-01-01,Enphase,active
BATT-002256,CUST-0076182,XFMR-011813,FDR-0036,SUB-009,33.389599,-112.108299,424.6,192.6,LFP,2022-12-01,Tesla,active
BATT-002257,CUST-0076194,XFMR-011814,FDR-0036,SUB-009,33.389825,-112.108366,10.2,4.4,LFP,2022-06-01,SolarEdge,active
BATT-002258,CUST-0076208,XFMR-011817,FDR-0036,SUB-009,33.38938,-112.108506,10.3,3.2,LFP,2023-04-01,SunPower,active
BATT-002259,CUST-0076219,XFMR-011818,FDR-0036,SUB-009,33.388748,-112.108495,19.2,7.2,NMC,2022-07-01,BYD,active
BATT-002260,CUST-0076224,XFMR-011819,FDR-0036,SUB-009,33.388448,-112.108938,9.5,3.5,lithium-ion,2022-09-01,SolarEdge,active
BATT-002261,CUST-0076247,XFMR-011823,FDR-0036,SUB-009,33.388329,-112.10872,19.6,6.5,NMC,2022-08-01,SolarEdge,active
BATT-002262,CUST-0076310,XFMR-011832,FDR-0036,SUB-009,33.386407,-112.108832,14.6,5.7,LFP,2021-09-01,SunPower,active
BATT-002263,CUST-0076342,XFMR-011836,FDR-0036,SUB-009,33.385892,-112.108482,14.7,5.1,lithium-ion,2023-01-01,SolarEdge,active
BATT-002264,CUST-0076373,XFMR-011840,FDR-0036,SUB-009,33.385002,-112.108463,490.1,142.0,LFP,2024-09-01,BYD,active
BATT-002265,CUST-0076395,XFMR-011843,FDR-0036,SUB-009,33.384473,-112.10837,10.7,3.8,NMC,2023-11-01,SolarEdge,active
BATT-002266,CUST-0076406,XFMR-011844,FDR-0036,SUB-009,33.384832,-112.108652,15.3,5.9,NMC,2021-08-01,Tesla,active
BATT-002267,CUST-0076416,XFMR-011846,FDR-0036,SUB-009,33.383942,-112.108217,21.9,8.0,lithium-ion,2022-02-01,Tesla,active
BATT-002268,CUST-0076434,XFMR-011849,FDR-0036,SUB-009,33.383907,-112.108526,21.5,7.8,lithium-ion,2021-01-01,Enphase,active
BATT-002269,CUST-0076479,XFMR-011858,FDR-0036,SUB-009,33.382135,-112.108956,184.5,52.8,LFP,2020-01-01,Generac,active
BATT-002270,CUST-0076492,XFMR-011860,FDR-0036,SUB-009,33.382172,-112.108473,167.0,65.1,NMC,2020-12-01,SolarEdge,active
BATT-002271,CUST-0076494,XFMR-011861,FDR-0036,SUB-009,33.381984,-112.108388,18.2,8.2,NMC,2021-12-01,Enphase,active
BATT-002272,CUST-0076513,XFMR-011864,FDR-0036,SUB-009,33.381397,-112.108268,15.8,7.7,NMC,2024-12-01,Generac,active
BATT-002273,CUST-0076523,XFMR-011865,FDR-0036,SUB-009,33.380744,-112.108955,14.4,6.5,LFP,2024-12-01,BYD,active
BATT-002274,CUST-0076537,XFMR-011867,FDR-0036,SUB-009,33.380825,-112.108457,21.5,7.4,LFP,2021-05-01,SunPower,active
BATT-002275,CUST-0076541,XFMR-011867,FDR-0036,SUB-009,33.380451,-112.108503,9.5,4.5,lithium-ion,2024-11-01,SunPower,active
BATT-002276,CUST-0076546,XFMR-011867,FDR-0036,SUB-009,33.381023,-112.108698,13.3,5.3,NMC,2023-08-01,SolarEdge,active
BATT-002277,CUST-0076560,XFMR-011869,FDR-0036,SUB-009,33.380292,-112.109073,18.9,6.5,LFP,2024-01-01,Enphase,active
BATT-002278,CUST-0076567,XFMR-011870,FDR-0036,SUB-009,33.379935,-112.108379,14.5,6.7,NMC,2020-07-01,Generac,active
BATT-002279,CUST-0076576,XFMR-011871,FDR-0036,SUB-009,33.3797,-112.108856,10.7,3.5,NMC,2020-10-01,BYD,active
BATT-002280,CUST-0076578,XFMR-011871,FDR-0036,SUB-009,33.38019,-112.108824,9.4,3.7,lithium-ion,2023-04-01,SunPower,active
BATT-002281,CUST-0076646,XFMR-011881,FDR-0036,SUB-009,33.378599,-112.109028,21.8,9.0,lithium-ion,2020-02-01,BYD,active
BATT-002282,CUST-0076663,XFMR-011885,FDR-0036,SUB-009,33.377342,-112.108908,21.9,9.5,lithium-ion,2022-01-01,Enphase,active
BATT-002283,CUST-0076672,XFMR-011887,FDR-0036,SUB-009,33.377571,-112.109244,17.0,5.6,LFP,2024-10-01,Tesla,active
BATT-002284,CUST-0076673,XFMR-011887,FDR-0036,SUB-009,33.377271,-112.108726,20.5,6.3,lithium-ion,2020-06-01,BYD,active
BATT-002285,CUST-0076769,XFMR-011900,FDR-0036,SUB-009,33.374964,-112.108911,9.2,2.8,LFP,2024-09-01,Tesla,active
BATT-002286,CUST-0076830,XFMR-011910,FDR-0036,SUB-009,33.37355,-112.108538,16.6,5.3,lithium-ion,2020-03-01,Tesla,active
BATT-002287,CUST-0076870,XFMR-011917,FDR-0037,SUB-010,33.492045,-111.968472,326.7,88.0,LFP,2023-11-01,Generac,active
BATT-002288,CUST-0076898,XFMR-011922,FDR-0037,SUB-010,33.492026,-111.967402,61.1,21.7,LFP,2023-02-01,Enphase,active
BATT-002289,CUST-0076902,XFMR-011922,FDR-0037,SUB-010,33.491586,-111.967035,248.0,110.8,NMC,2024-01-01,Tesla,active
BATT-002290,CUST-0076904,XFMR-011923,FDR-0037,SUB-010,33.491439,-111.967011,9.2,2.9,LFP,2023-08-01,BYD,active
BATT-002291,CUST-0076923,XFMR-011925,FDR-0037,SUB-010,33.492124,-111.96698,15.5,5.1,lithium-ion,2021-07-01,Enphase,active
BATT-002292,CUST-0076929,XFMR-011926,FDR-0037,SUB-010,33.492113,-111.966333,20.9,8.0,LFP,2024-08-01,Generac,active
BATT-002293,CUST-0076944,XFMR-011927,FDR-0037,SUB-010,33.491689,-111.966037,327.9,104.5,lithium-ion,2021-03-01,SunPower,active
BATT-002294,CUST-0076956,XFMR-011929,FDR-0037,SUB-010,33.491845,-111.96588,61.7,18.0,LFP,2020-12-01,Generac,active
BATT-002295,CUST-0077004,XFMR-011935,FDR-0037,SUB-010,33.492083,-111.96379,72.8,26.9,LFP,2021-06-01,Enphase,active
BATT-002296,CUST-0077065,XFMR-011945,FDR-0037,SUB-010,33.491714,-111.961965,10.8,5.0,LFP,2022-03-01,SunPower,active
BATT-002297,CUST-0077136,XFMR-011954,FDR-0037,SUB-010,33.491938,-111.959147,15.9,6.3,lithium-ion,2021-08-01,SolarEdge,active
BATT-002298,CUST-0077165,XFMR-011958,FDR-0037,SUB-010,33.491726,-111.957999,10.2,5.0,NMC,2020-04-01,Generac,active
BATT-002299,CUST-0077210,XFMR-011968,FDR-0037,SUB-010,33.491521,-111.955939,14.6,6.4,lithium-ion,2024-10-01,SunPower,active
BATT-002300,CUST-0077243,XFMR-011975,FDR-0037,SUB-010,33.491716,-111.954682,15.5,5.1,LFP,2022-11-01,Generac,active
BATT-002301,CUST-0077253,XFMR-011976,FDR-0037,SUB-010,33.491581,-111.953882,14.4,6.7,LFP,2023-10-01,BYD,active
BATT-002302,CUST-0077308,XFMR-011984,FDR-0037,SUB-010,33.491548,-111.951621,351.7,89.3,NMC,2023-06-01,Tesla,active
BATT-002303,CUST-0077325,XFMR-011988,FDR-0037,SUB-010,33.491457,-111.950946,12.6,4.6,LFP,2023-07-01,BYD,active
BATT-002304,CUST-0077412,XFMR-012001,FDR-0037,SUB-010,33.492096,-111.948337,119.3,45.7,lithium-ion,2023-02-01,Tesla,active
BATT-002305,CUST-0077521,XFMR-012019,FDR-0037,SUB-010,33.49221,-111.943971,431.9,196.9,NMC,2023-08-01,Tesla,active
BATT-002306,CUST-0077546,XFMR-012023,FDR-0037,SUB-010,33.492065,-111.942496,16.9,8.2,LFP,2020-06-01,Tesla,active
BATT-002307,CUST-0077547,XFMR-012024,FDR-0037,SUB-010,33.491765,-111.94224,21.2,9.6,lithium-ion,2021-09-01,Tesla,active
BATT-002308,CUST-0077579,XFMR-012031,FDR-0037,SUB-010,33.491799,-111.940915,12.7,4.8,LFP,2024-07-01,SolarEdge,active
BATT-002309,CUST-0077610,XFMR-012040,FDR-0037,SUB-010,33.491998,-111.938511,78.2,38.9,lithium-ion,2023-12-01,BYD,active
BATT-002310,CUST-0077619,XFMR-012041,FDR-0037,SUB-010,33.491802,-111.937691,15.8,5.7,LFP,2020-09-01,Generac,active
BATT-002311,CUST-0077721,XFMR-012056,FDR-0037,SUB-010,33.491702,-111.934531,96.1,34.5,NMC,2024-03-01,Enphase,active
BATT-002312,CUST-0077761,XFMR-012062,FDR-0037,SUB-010,33.491956,-111.932895,16.1,5.2,lithium-ion,2024-05-01,SunPower,active
BATT-002313,CUST-0077765,XFMR-012062,FDR-0037,SUB-010,33.49151,-111.932826,15.1,5.8,NMC,2021-05-01,Generac,active
BATT-002314,CUST-0077810,XFMR-012069,FDR-0037,SUB-010,33.491932,-111.930821,10.5,4.3,LFP,2022-10-01,SunPower,active
BATT-002315,CUST-0077846,XFMR-012075,FDR-0037,SUB-010,33.491913,-111.92966,12.6,6.1,lithium-ion,2023-08-01,Enphase,active
BATT-002316,CUST-0077941,XFMR-012086,FDR-0037,SUB-010,33.491703,-111.926506,9.5,2.9,lithium-ion,2024-12-01,SunPower,active
BATT-002317,CUST-0077970,XFMR-012091,FDR-0037,SUB-010,33.492101,-111.925723,9.4,3.5,LFP,2020-12-01,SolarEdge,active
BATT-002318,CUST-0077994,XFMR-012094,FDR-0037,SUB-010,33.49174,-111.925212,20.8,6.8,LFP,2021-07-01,SolarEdge,active
BATT-002319,CUST-0078070,XFMR-012104,FDR-0037,SUB-010,33.492271,-111.922322,94.7,42.0,LFP,2021-03-01,SunPower,active
BATT-002320,CUST-0078124,XFMR-012112,FDR-0037,SUB-010,33.491671,-111.92024,14.5,4.5,NMC,2022-01-01,SolarEdge,active
BATT-002321,CUST-0078152,XFMR-012115,FDR-0037,SUB-010,33.492147,-111.919988,13.9,4.6,NMC,2020-08-01,Enphase,active
BATT-002322,CUST-0078158,XFMR-012115,FDR-0037,SUB-010,33.491768,-111.919657,14.6,4.4,NMC,2022-05-01,Tesla,active
BATT-002323,CUST-0078205,XFMR-012122,FDR-0037,SUB-010,33.492044,-111.918471,10.1,5.0,LFP,2022-10-01,Tesla,active
BATT-002324,CUST-0078273,XFMR-012133,FDR-0037,SUB-010,33.492125,-111.915874,14.9,5.6,lithium-ion,2024-05-01,SolarEdge,active
BATT-002325,CUST-0078296,XFMR-012138,FDR-0037,SUB-010,33.491443,-111.91455,15.6,7.6,LFP,2020-01-01,Tesla,active
BATT-002326,CUST-0078362,XFMR-012148,FDR-0037,SUB-010,33.49179,-111.911463,13.1,4.8,NMC,2024-05-01,SunPower,active
BATT-002327,CUST-0078407,XFMR-012155,FDR-0037,SUB-010,33.491805,-111.91008,10.2,3.4,lithium-ion,2023-02-01,BYD,active
BATT-002328,CUST-0078465,XFMR-012164,FDR-0037,SUB-010,33.492128,-111.907474,15.0,4.8,lithium-ion,2020-01-01,SolarEdge,active
BATT-002329,CUST-0078488,XFMR-012167,FDR-0037,SUB-010,33.491703,-111.906727,16.9,8.4,NMC,2020-08-01,SolarEdge,active
BATT-002330,CUST-0078506,XFMR-012170,FDR-0037,SUB-010,33.492016,-111.906091,53.0,13.5,lithium-ion,2022-10-01,Enphase,active
BATT-002331,CUST-0078544,XFMR-012174,FDR-0037,SUB-010,33.491882,-111.905496,17.5,8.1,lithium-ion,2023-05-01,Generac,active
BATT-002332,CUST-0078570,XFMR-012179,FDR-0037,SUB-010,33.491964,-111.904182,10.0,4.4,NMC,2024-09-01,SunPower,active
BATT-002333,CUST-0078579,XFMR-012181,FDR-0037,SUB-010,33.491619,-111.904029,18.5,6.7,lithium-ion,2024-11-01,SolarEdge,active
BATT-002334,CUST-0078683,XFMR-012198,FDR-0037,SUB-010,33.491452,-111.899202,9.4,4.3,lithium-ion,2023-02-01,Generac,active
BATT-002335,CUST-0078699,XFMR-012199,FDR-0037,SUB-010,33.492054,-111.899116,18.1,7.0,NMC,2021-12-01,Tesla,active
BATT-002336,CUST-0078702,XFMR-012200,FDR-0037,SUB-010,33.492292,-111.899014,19.7,7.4,NMC,2023-03-01,SunPower,active
BATT-002337,CUST-0078746,XFMR-012207,FDR-0037,SUB-010,33.492115,-111.897119,94.8,36.4,lithium-ion,2022-11-01,SunPower,active
BATT-002338,CUST-0078855,XFMR-012227,FDR-0037,SUB-010,33.491719,-111.892044,20.3,9.6,LFP,2020-03-01,SolarEdge,active
BATT-002339,CUST-0078927,XFMR-012238,FDR-0037,SUB-010,33.491625,-111.889085,285.2,90.8,lithium-ion,2020-11-01,SunPower,active
BATT-002340,CUST-0078948,XFMR-012241,FDR-0037,SUB-010,33.491999,-111.888497,14.8,5.1,NMC,2021-09-01,SolarEdge,active
BATT-002341,CUST-0079100,XFMR-012262,FDR-0037,SUB-010,33.491936,-111.884074,13.1,4.5,LFP,2021-08-01,SunPower,active
BATT-002342,CUST-0079129,XFMR-012266,FDR-0037,SUB-010,33.492132,-111.88244,9.8,4.5,NMC,2023-03-01,SunPower,active
BATT-002343,CUST-0079246,XFMR-012280,FDR-0037,SUB-010,33.492199,-111.878954,213.8,105.5,lithium-ion,2021-06-01,Enphase,active
BATT-002344,CUST-0079275,XFMR-012284,FDR-0037,SUB-010,33.491835,-111.878319,18.8,6.0,LFP,2024-03-01,SolarEdge,active
BATT-002345,CUST-0079289,XFMR-012285,FDR-0037,SUB-010,33.491538,-111.877588,9.4,3.6,LFP,2020-09-01,Enphase,active
BATT-002346,CUST-0079314,XFMR-012288,FDR-0037,SUB-010,33.491549,-111.877027,322.2,103.9,lithium-ion,2021-09-01,Enphase,active
BATT-002347,CUST-0079330,XFMR-012290,FDR-0037,SUB-010,33.492186,-111.876385,15.8,7.7,NMC,2021-12-01,BYD,active
BATT-002348,CUST-0079337,XFMR-012293,FDR-0037,SUB-010,33.491504,-111.876275,19.4,8.9,LFP,2024-05-01,SunPower,active
BATT-002349,CUST-0079408,XFMR-012304,FDR-0037,SUB-010,33.4915,-111.873043,19.0,7.2,NMC,2023-01-01,SunPower,active
BATT-002350,CUST-0079451,XFMR-012310,FDR-0037,SUB-010,33.491942,-111.871408,331.6,117.8,LFP,2020-10-01,Generac,active
BATT-002351,CUST-0079478,XFMR-012313,FDR-0037,SUB-010,33.491531,-111.870645,13.9,4.3,NMC,2024-11-01,Tesla,active
BATT-002352,CUST-0079487,XFMR-012314,FDR-0037,SUB-010,33.491507,-111.87129,13.9,6.3,NMC,2024-09-01,Enphase,active
BATT-002353,CUST-0079491,XFMR-012314,FDR-0037,SUB-010,33.491609,-111.871191,289.9,115.3,lithium-ion,2022-05-01,SolarEdge,active
BATT-002354,CUST-0079531,XFMR-012322,FDR-0037,SUB-010,33.491985,-111.869204,21.3,7.1,NMC,2022-10-01,Enphase,active
BATT-002355,CUST-0079559,XFMR-012325,FDR-0037,SUB-010,33.491604,-111.868021,21.3,6.4,NMC,2021-10-01,SunPower,active
BATT-002356,CUST-0079596,XFMR-012330,FDR-0037,SUB-010,33.491828,-111.86734,16.4,8.0,LFP,2021-05-01,BYD,active
BATT-002357,CUST-0079640,XFMR-012337,FDR-0037,SUB-010,33.492252,-111.865044,10.1,3.7,lithium-ion,2021-10-01,BYD,active
BATT-002358,CUST-0079684,XFMR-012343,FDR-0037,SUB-010,33.491881,-111.863913,10.3,4.4,LFP,2020-01-01,SolarEdge,active
BATT-002359,CUST-0079686,XFMR-012344,FDR-0037,SUB-010,33.49194,-111.863776,9.2,3.6,lithium-ion,2022-06-01,SunPower,active
BATT-002360,CUST-0079689,XFMR-012344,FDR-0037,SUB-010,33.491939,-111.863084,16.0,5.8,LFP,2020-03-01,Generac,active
BATT-002361,CUST-0079690,XFMR-012344,FDR-0037,SUB-010,33.492035,-111.864006,16.5,6.6,NMC,2021-02-01,BYD,active
BATT-002362,CUST-0079694,XFMR-012346,FDR-0037,SUB-010,33.491608,-111.863283,19.3,9.1,NMC,2021-02-01,BYD,active
BATT-002363,CUST-0079697,XFMR-012346,FDR-0037,SUB-010,33.491995,-111.862892,14.3,4.8,LFP,2022-05-01,Enphase,active
BATT-002364,CUST-0079722,XFMR-012349,FDR-0037,SUB-010,33.492119,-111.862152,14.4,6.6,LFP,2024-01-01,SunPower,active
BATT-002365,CUST-0079753,XFMR-012354,FDR-0037,SUB-010,33.492036,-111.861548,14.6,5.8,lithium-ion,2023-12-01,Tesla,active
BATT-002366,CUST-0079785,XFMR-012360,FDR-0037,SUB-010,33.491653,-111.859539,17.3,6.7,NMC,2022-05-01,Tesla,active
BATT-002367,CUST-0079798,XFMR-012361,FDR-0037,SUB-010,33.492241,-111.85971,9.3,4.0,lithium-ion,2024-11-01,BYD,active
BATT-002368,CUST-0079864,XFMR-012374,FDR-0037,SUB-010,33.491645,-111.85571,485.6,135.4,lithium-ion,2022-05-01,Generac,active
BATT-002369,CUST-0079876,XFMR-012378,FDR-0037,SUB-010,33.491694,-111.855532,21.5,10.4,NMC,2024-07-01,Generac,active
BATT-002370,CUST-0079906,XFMR-012383,FDR-0037,SUB-010,33.491501,-111.853894,16.5,5.8,LFP,2024-05-01,SunPower,active
BATT-002371,CUST-0079913,XFMR-012383,FDR-0037,SUB-010,33.492096,-111.853909,12.6,6.1,NMC,2022-04-01,Tesla,active
BATT-002372,CUST-0079940,XFMR-012387,FDR-0038,SUB-010,33.492794,-111.969559,12.3,5.5,LFP,2021-02-01,BYD,active
BATT-002373,CUST-0079951,XFMR-012388,FDR-0038,SUB-010,33.492237,-111.970063,21.7,10.8,LFP,2021-02-01,SolarEdge,active
BATT-002374,CUST-0080009,XFMR-012399,FDR-0038,SUB-010,33.494934,-111.969648,9.4,4.1,NMC,2021-05-01,Enphase,active
BATT-002375,CUST-0080018,XFMR-012401,FDR-0038,SUB-010,33.494849,-111.969424,12.3,5.6,lithium-ion,2021-01-01,Enphase,active
BATT-002376,CUST-0080051,XFMR-012408,FDR-0038,SUB-010,33.49612,-111.969416,9.1,3.7,NMC,2020-08-01,SunPower,active
BATT-002377,CUST-0080069,XFMR-012411,FDR-0038,SUB-010,33.497258,-111.970217,20.4,8.7,LFP,2020-03-01,SunPower,active
BATT-002378,CUST-0080113,XFMR-012416,FDR-0038,SUB-010,33.498269,-111.969947,14.2,4.8,NMC,2020-05-01,BYD,active
BATT-002379,CUST-0080116,XFMR-012416,FDR-0038,SUB-010,33.498274,-111.96935,12.6,6.2,lithium-ion,2021-10-01,BYD,active
BATT-002380,CUST-0080132,XFMR-012418,FDR-0038,SUB-010,33.498418,-111.969589,19.5,6.4,lithium-ion,2020-07-01,Generac,active
BATT-002381,CUST-0080209,XFMR-012431,FDR-0038,SUB-010,33.500597,-111.970039,10.1,4.0,lithium-ion,2022-06-01,Tesla,active
BATT-002382,CUST-0080250,XFMR-012438,FDR-0038,SUB-010,33.502236,-111.969598,9.2,3.6,lithium-ion,2023-11-01,SunPower,active
BATT-002383,CUST-0080285,XFMR-012443,FDR-0038,SUB-010,33.503465,-111.970021,17.0,5.2,LFP,2020-09-01,SolarEdge,active
BATT-002384,CUST-0080288,XFMR-012444,FDR-0038,SUB-010,33.503491,-111.970037,27.6,9.4,lithium-ion,2023-11-01,Enphase,active
BATT-002385,CUST-0080329,XFMR-012452,FDR-0038,SUB-010,33.504754,-111.969974,15.3,6.2,LFP,2024-02-01,SunPower,active
BATT-002386,CUST-0080347,XFMR-012454,FDR-0038,SUB-010,33.504949,-111.969668,68.7,20.6,lithium-ion,2023-10-01,Tesla,active
BATT-002387,CUST-0080389,XFMR-012461,FDR-0038,SUB-010,33.506457,-111.969368,10.1,4.1,NMC,2022-03-01,Tesla,active
BATT-002388,CUST-0080493,XFMR-012474,FDR-0038,SUB-010,33.50875,-111.969362,13.5,5.9,NMC,2023-08-01,SunPower,active
BATT-002389,CUST-0080660,XFMR-012503,FDR-0038,SUB-010,33.514698,-111.969701,17.5,7.1,NMC,2022-11-01,Enphase,active
BATT-002390,CUST-0080671,XFMR-012504,FDR-0038,SUB-010,33.514414,-111.969732,58.3,25.9,NMC,2024-03-01,Enphase,active
BATT-002391,CUST-0080820,XFMR-012522,FDR-0038,SUB-010,33.517827,-111.96948,26.6,11.5,lithium-ion,2023-11-01,BYD,active
BATT-002392,CUST-0080830,XFMR-012524,FDR-0038,SUB-010,33.518605,-111.969986,18.7,7.3,lithium-ion,2024-11-01,SolarEdge,active
BATT-002393,CUST-0080856,XFMR-012531,FDR-0038,SUB-010,33.520016,-111.969523,15.8,6.0,lithium-ion,2020-10-01,BYD,active
BATT-002394,CUST-0080865,XFMR-012533,FDR-0038,SUB-010,33.519974,-111.969569,9.3,3.9,NMC,2020-03-01,Enphase,active
BATT-002395,CUST-0080880,XFMR-012534,FDR-0038,SUB-010,33.520307,-111.969367,14.6,6.4,LFP,2024-08-01,Tesla,active
BATT-002396,CUST-0080907,XFMR-012539,FDR-0038,SUB-010,33.521225,-111.970048,15.4,4.8,lithium-ion,2021-02-01,Generac,active
BATT-002397,CUST-0080908,XFMR-012539,FDR-0038,SUB-010,33.521582,-111.969683,9.5,3.6,lithium-ion,2020-05-01,Tesla,active
BATT-002398,CUST-0081004,XFMR-012553,FDR-0038,SUB-010,33.523791,-111.969949,471.8,150.9,LFP,2021-12-01,Enphase,active
BATT-002399,CUST-0081006,XFMR-012554,FDR-0038,SUB-010,33.524396,-111.970064,20.1,9.2,NMC,2023-07-01,SunPower,active
BATT-002400,CUST-0081090,XFMR-012564,FDR-0038,SUB-010,33.526281,-111.970074,12.9,4.1,lithium-ion,2024-08-01,BYD,active
BATT-002401,CUST-0081113,XFMR-012568,FDR-0038,SUB-010,33.526891,-111.970119,16.4,6.4,lithium-ion,2023-03-01,Generac,active
BATT-002402,CUST-0081123,XFMR-012570,FDR-0038,SUB-010,33.52703,-111.969604,20.2,9.6,LFP,2023-04-01,Generac,active
BATT-002403,CUST-0081149,XFMR-012574,FDR-0038,SUB-010,33.527765,-111.970147,17.4,8.3,lithium-ion,2023-09-01,Generac,active
BATT-002404,CUST-0081166,XFMR-012576,FDR-0038,SUB-010,33.528104,-111.969708,12.3,4.3,NMC,2020-02-01,Enphase,active
BATT-002405,CUST-0081194,XFMR-012579,FDR-0038,SUB-010,33.528734,-111.969484,20.2,7.8,lithium-ion,2021-07-01,SunPower,active
BATT-002406,CUST-0081285,XFMR-012590,FDR-0038,SUB-010,33.531208,-111.969624,16.3,7.2,lithium-ion,2022-10-01,BYD,active
BATT-002407,CUST-0081302,XFMR-012592,FDR-0038,SUB-010,33.531223,-111.969912,14.6,5.1,lithium-ion,2021-01-01,Enphase,active
BATT-002408,CUST-0081318,XFMR-012595,FDR-0038,SUB-010,33.531572,-111.96996,16.1,6.2,NMC,2020-01-01,Enphase,active
BATT-002409,CUST-0081358,XFMR-012606,FDR-0038,SUB-010,33.533923,-111.969399,210.8,66.1,LFP,2024-02-01,Generac,active
BATT-002410,CUST-0081438,XFMR-012619,FDR-0038,SUB-010,33.536087,-111.969866,16.0,6.7,lithium-ion,2024-08-01,SunPower,active
BATT-002411,CUST-0081472,XFMR-012625,FDR-0038,SUB-010,33.537771,-111.97023,18.9,6.0,NMC,2023-09-01,SolarEdge,active
BATT-002412,CUST-0081517,XFMR-012631,FDR-0038,SUB-010,33.538596,-111.970081,16.9,5.7,LFP,2023-01-01,Tesla,active
BATT-002413,CUST-0081528,XFMR-012633,FDR-0038,SUB-010,33.539464,-111.96962,79.9,24.5,lithium-ion,2024-05-01,Tesla,active
BATT-002414,CUST-0081606,XFMR-012642,FDR-0039,SUB-010,33.491625,-111.973078,21.2,9.8,lithium-ion,2023-10-01,BYD,active
BATT-002415,CUST-0081650,XFMR-012647,FDR-0039,SUB-010,33.492094,-111.974809,13.2,5.9,LFP,2023-12-01,Generac,active
BATT-002416,CUST-0081723,XFMR-012657,FDR-0039,SUB-010,33.492113,-111.979321,20.0,7.9,lithium-ion,2023-05-01,Tesla,active
BATT-002417,CUST-0081793,XFMR-012667,FDR-0039,SUB-010,33.491727,-111.983015,12.2,5.9,NMC,2022-02-01,SolarEdge,active
BATT-002418,CUST-0081822,XFMR-012671,FDR-0039,SUB-010,33.491501,-111.984849,13.6,4.3,LFP,2020-07-01,SunPower,active
BATT-002419,CUST-0081838,XFMR-012672,FDR-0039,SUB-010,33.491658,-111.985462,13.1,5.6,lithium-ion,2024-01-01,SolarEdge,active
BATT-002420,CUST-0081865,XFMR-012675,FDR-0039,SUB-010,33.491527,-111.98628,14.1,6.0,lithium-ion,2022-10-01,SolarEdge,active
BATT-002421,CUST-0081869,XFMR-012676,FDR-0039,SUB-010,33.491696,-111.986796,19.6,8.1,LFP,2020-12-01,Tesla,active
BATT-002422,CUST-0081930,XFMR-012685,FDR-0039,SUB-010,33.491475,-111.990777,308.9,128.0,LFP,2022-01-01,Tesla,active
BATT-002423,CUST-0081938,XFMR-012686,FDR-0039,SUB-010,33.492162,-111.991166,21.8,9.6,lithium-ion,2022-10-01,SunPower,active
BATT-002424,CUST-0081963,XFMR-012690,FDR-0039,SUB-010,33.492213,-111.992814,12.4,3.7,LFP,2024-07-01,SunPower,active
BATT-002425,CUST-0082013,XFMR-012697,FDR-0039,SUB-010,33.491759,-111.995433,10.4,4.5,LFP,2020-12-01,SolarEdge,active
BATT-002426,CUST-0082100,XFMR-012710,FDR-0039,SUB-010,33.491582,-112.000969,337.3,104.4,NMC,2021-03-01,Generac,active
BATT-002427,CUST-0082251,XFMR-012739,FDR-0039,SUB-010,33.492038,-112.01217,21.6,6.9,NMC,2020-01-01,Enphase,active
BATT-002428,CUST-0082325,XFMR-012748,FDR-0039,SUB-010,33.492251,-112.015984,14.7,6.5,lithium-ion,2020-12-01,SunPower,active
BATT-002429,CUST-0082361,XFMR-012755,FDR-0039,SUB-010,33.491691,-112.01956,15.3,7.6,LFP,2023-03-01,BYD,active
BATT-002430,CUST-0082376,XFMR-012759,FDR-0039,SUB-010,33.491958,-112.021154,13.4,5.3,LFP,2023-10-01,Enphase,active
BATT-002431,CUST-0082380,XFMR-012760,FDR-0039,SUB-010,33.492305,-112.021208,18.0,5.8,NMC,2023-01-01,BYD,active
BATT-002432,CUST-0082420,XFMR-012766,FDR-0039,SUB-010,33.492227,-112.023407,20.7,10.0,NMC,2024-07-01,Tesla,active
BATT-002433,CUST-0082460,XFMR-012772,FDR-0039,SUB-010,33.49211,-112.025964,82.3,27.1,NMC,2023-11-01,Tesla,active
BATT-002434,CUST-0082472,XFMR-012775,FDR-0040,SUB-010,33.490987,-111.969686,10.1,4.6,LFP,2021-02-01,Enphase,active
BATT-002435,CUST-0082585,XFMR-012793,FDR-0040,SUB-010,33.486704,-111.969986,94.9,45.2,LFP,2021-06-01,BYD,active
BATT-002436,CUST-0082589,XFMR-012793,FDR-0040,SUB-010,33.486822,-111.969335,12.7,4.6,LFP,2024-12-01,SolarEdge,active
BATT-002437,CUST-0082602,XFMR-012794,FDR-0040,SUB-010,33.486356,-111.970148,477.9,210.8,LFP,2023-08-01,Tesla,active
BATT-002438,CUST-0082633,XFMR-012799,FDR-0040,SUB-010,33.485449,-111.969346,12.5,4.7,NMC,2020-10-01,SolarEdge,active
BATT-002439,CUST-0082637,XFMR-012799,FDR-0040,SUB-010,33.485387,-111.970012,15.0,4.7,NMC,2020-08-01,Enphase,active
BATT-002440,CUST-0082691,XFMR-012806,FDR-0040,SUB-010,33.483286,-111.969913,10.5,3.7,NMC,2024-04-01,Generac,active
BATT-002441,CUST-0082768,XFMR-012816,FDR-0040,SUB-010,33.481061,-111.969416,341.8,107.2,LFP,2021-02-01,Enphase,active
BATT-002442,CUST-0082804,XFMR-012822,FDR-0040,SUB-010,33.479647,-111.969678,14.8,5.0,NMC,2023-12-01,SolarEdge,active
BATT-002443,CUST-0082808,XFMR-012822,FDR-0040,SUB-010,33.479541,-111.969563,12.7,5.0,NMC,2024-01-01,Generac,active
BATT-002444,CUST-0082815,XFMR-012824,FDR-0040,SUB-010,33.479069,-111.969518,15.2,6.9,NMC,2020-03-01,BYD,active
BATT-002445,CUST-0082866,XFMR-012833,FDR-0040,SUB-010,33.476626,-111.969431,16.6,5.2,NMC,2020-06-01,SunPower,active
BATT-002446,CUST-0082876,XFMR-012835,FDR-0040,SUB-010,33.475749,-111.969438,19.3,6.8,LFP,2024-01-01,Generac,active
BATT-002447,CUST-0082910,XFMR-012839,FDR-0040,SUB-010,33.475178,-111.969281,10.3,3.2,lithium-ion,2023-09-01,SolarEdge,active
BATT-002448,CUST-0082944,XFMR-012844,FDR-0040,SUB-010,33.473896,-111.969696,19.3,6.0,lithium-ion,2020-07-01,BYD,active
BATT-002449,CUST-0082969,XFMR-012847,FDR-0040,SUB-010,33.47267,-111.970043,14.5,6.0,NMC,2023-04-01,SunPower,active
BATT-002450,CUST-0083005,XFMR-012852,FDR-0040,SUB-010,33.471435,-111.970213,66.0,28.3,lithium-ion,2022-06-01,BYD,active
BATT-002451,CUST-0083006,XFMR-012852,FDR-0040,SUB-010,33.471528,-111.969558,12.2,5.5,NMC,2020-10-01,Tesla,active
BATT-002452,CUST-0083008,XFMR-012852,FDR-0040,SUB-010,33.471528,-111.970182,276.0,113.3,NMC,2020-12-01,SolarEdge,active
BATT-002453,CUST-0083010,XFMR-012852,FDR-0040,SUB-010,33.471972,-111.969682,19.0,8.9,LFP,2023-02-01,Generac,active
BATT-002454,CUST-0083048,XFMR-012861,FDR-0040,SUB-010,33.469684,-111.970036,246.1,75.1,LFP,2023-01-01,Tesla,active
BATT-002455,CUST-0083111,XFMR-012869,FDR-0040,SUB-010,33.467831,-111.970168,18.4,7.1,LFP,2020-01-01,SolarEdge,active
BATT-002456,CUST-0083116,XFMR-012870,FDR-0040,SUB-010,33.466839,-111.970021,44.1,16.1,LFP,2021-08-01,Tesla,active
BATT-002457,CUST-0083157,XFMR-012875,FDR-0040,SUB-010,33.465736,-111.969378,12.4,4.9,LFP,2024-09-01,Generac,active
BATT-002458,CUST-0083283,XFMR-012892,FDR-0040,SUB-010,33.461354,-111.969701,12.3,3.8,NMC,2024-04-01,Generac,active
BATT-002459,CUST-0083321,XFMR-012900,FDR-0040,SUB-010,33.459721,-111.969548,9.6,3.5,LFP,2021-11-01,Generac,active
BATT-002460,CUST-0083439,XFMR-012917,FDR-0040,SUB-010,33.455372,-111.969447,440.6,165.6,lithium-ion,2021-06-01,Tesla,active
BATT-002461,CUST-0083471,XFMR-012920,FDR-0040,SUB-010,33.454251,-111.96992,14.7,6.1,NMC,2021-10-01,Tesla,inactive
BATT-002462,CUST-0083488,XFMR-012924,FDR-0040,SUB-010,33.453256,-111.969975,20.4,9.9,lithium-ion,2021-09-01,Generac,active
BATT-002463,CUST-0083537,XFMR-012930,FDR-0040,SUB-010,33.451947,-111.970191,21.0,6.6,lithium-ion,2024-10-01,SolarEdge,active
BATT-002464,CUST-0083538,XFMR-012930,FDR-0040,SUB-010,33.452261,-111.969718,489.1,162.7,LFP,2022-04-01,SunPower,active
BATT-002465,CUST-0083549,XFMR-012932,FDR-0040,SUB-010,33.451649,-111.970093,14.0,4.9,LFP,2023-08-01,Enphase,active
BATT-002466,CUST-0083586,XFMR-012938,FDR-0040,SUB-010,33.449954,-111.969699,16.8,8.2,lithium-ion,2022-01-01,BYD,active
BATT-002467,CUST-0083707,XFMR-012960,FDR-0040,SUB-010,33.444244,-111.97004,9.9,4.7,lithium-ion,2021-05-01,Generac,active
BATT-002468,CUST-0083754,XFMR-012966,FDR-0040,SUB-010,33.442981,-111.970067,42.2,18.0,lithium-ion,2020-02-01,Generac,active
BATT-002469,CUST-0083762,XFMR-012968,FDR-0040,SUB-010,33.442164,-111.97002,9.6,4.6,LFP,2023-02-01,Generac,active
BATT-002470,CUST-0083766,XFMR-012968,FDR-0040,SUB-010,33.442624,-111.969465,85.6,36.8,LFP,2022-07-01,Tesla,active
BATT-002471,CUST-0083773,XFMR-012970,FDR-0040,SUB-010,33.441919,-111.96939,14.7,6.0,lithium-ion,2024-04-01,Enphase,active
BATT-002472,CUST-0083781,XFMR-012971,FDR-0040,SUB-010,33.441212,-111.97017,16.4,5.2,lithium-ion,2022-04-01,Enphase,active
BATT-002473,CUST-0083792,XFMR-012972,FDR-0040,SUB-010,33.441528,-111.970054,20.9,7.0,lithium-ion,2020-07-01,SolarEdge,active
BATT-002474,CUST-0083820,XFMR-012976,FDR-0040,SUB-010,33.440294,-111.969397,9.3,3.5,lithium-ion,2024-01-01,SolarEdge,active
BATT-002475,CUST-0083823,XFMR-012978,FDR-0040,SUB-010,33.439388,-111.970179,14.8,4.8,lithium-ion,2021-09-01,SunPower,active
BATT-002476,CUST-0083840,XFMR-012980,FDR-0040,SUB-010,33.439263,-111.969699,16.6,7.8,lithium-ion,2021-05-01,Generac,active
BATT-002477,CUST-0083846,XFMR-012981,FDR-0040,SUB-010,33.438834,-111.96948,17.6,6.2,LFP,2021-04-01,Enphase,active
BATT-002478,CUST-0083888,XFMR-012987,FDR-0040,SUB-010,33.437458,-111.970028,10.2,3.6,lithium-ion,2023-12-01,Enphase,active
BATT-002479,CUST-0083909,XFMR-012991,FDR-0040,SUB-010,33.436264,-111.970051,14.7,6.3,NMC,2023-04-01,SunPower,active
BATT-002480,CUST-0083932,XFMR-012994,FDR-0040,SUB-010,33.435438,-111.970246,10.3,3.6,NMC,2024-04-01,SunPower,inactive
BATT-002481,CUST-0083952,XFMR-012996,FDR-0040,SUB-010,33.435461,-111.969729,10.7,4.9,lithium-ion,2022-01-01,Enphase,active
BATT-002482,CUST-0083979,XFMR-013000,FDR-0040,SUB-010,33.43452,-111.969428,14.8,5.5,NMC,2021-09-01,SunPower,active
BATT-002483,CUST-0083980,XFMR-013000,FDR-0040,SUB-010,33.433808,-111.969505,12.8,4.8,LFP,2024-09-01,Generac,active
BATT-002484,CUST-0084056,XFMR-013012,FDR-0040,SUB-010,33.431566,-111.970125,13.3,5.8,LFP,2021-08-01,BYD,active
BATT-002485,CUST-0084082,XFMR-013015,FDR-0040,SUB-010,33.430481,-111.969466,16.3,7.1,lithium-ion,2021-10-01,Generac,active
BATT-002486,CUST-0084089,XFMR-013015,FDR-0040,SUB-010,33.430256,-111.969885,14.5,5.6,NMC,2020-06-01,SunPower,active
BATT-002487,CUST-0084097,XFMR-013016,FDR-0040,SUB-010,33.430137,-111.969782,13.3,4.4,lithium-ion,2023-10-01,SunPower,active
BATT-002488,CUST-0084102,XFMR-013017,FDR-0040,SUB-010,33.43026,-111.969635,10.8,4.9,LFP,2020-08-01,Tesla,active
BATT-002489,CUST-0084144,XFMR-013021,FDR-0040,SUB-010,33.428605,-111.969539,17.1,6.4,lithium-ion,2020-03-01,BYD,active
BATT-002490,CUST-0084171,XFMR-013026,FDR-0040,SUB-010,33.427383,-111.970272,17.2,6.5,LFP,2024-01-01,SolarEdge,active
BATT-002491,CUST-0084177,XFMR-013026,FDR-0040,SUB-010,33.427449,-111.969666,21.0,7.2,LFP,2022-10-01,Enphase,active
BATT-002492,CUST-0084186,XFMR-013028,FDR-0040,SUB-010,33.427125,-111.96947,10.5,4.7,lithium-ion,2022-08-01,Generac,active
BATT-002493,CUST-0084249,XFMR-013038,FDR-0040,SUB-010,33.424798,-111.970035,9.7,3.3,LFP,2022-02-01,Enphase,active
BATT-002494,CUST-0084290,XFMR-013047,FDR-0040,SUB-010,33.422217,-111.969927,16.3,7.1,LFP,2023-05-01,BYD,active
BATT-002495,CUST-0084386,XFMR-013058,FDR-0040,SUB-010,33.419366,-111.969726,21.3,10.3,lithium-ion,2023-07-01,Enphase,active
BATT-002496,CUST-0084415,XFMR-013065,FDR-0040,SUB-010,33.417963,-111.969856,102.4,35.0,NMC,2022-07-01,SunPower,active
BATT-002497,CUST-0084437,XFMR-013070,FDR-0040,SUB-010,33.416645,-111.969403,20.6,7.8,LFP,2021-08-01,Generac,active
BATT-002498,CUST-0084468,XFMR-013074,FDR-0040,SUB-010,33.41524,-111.970291,14.8,5.8,NMC,2021-05-01,Generac,active
BATT-002499,CUST-0084484,XFMR-013077,FDR-0040,SUB-010,33.414278,-111.970188,14.2,4.6,lithium-ion,2023-12-01,Generac,active
BATT-002500,CUST-0084491,XFMR-013079,FDR-0040,SUB-010,33.414041,-111.969372,19.8,9.5,lithium-ion,2020-03-01,SolarEdge,active
BATT-002501,CUST-0084523,XFMR-013084,FDR-0040,SUB-010,33.41329,-111.969582,10.9,3.6,LFP,2024-09-01,Tesla,active
BATT-002502,CUST-0084648,XFMR-013102,FDR-0040,SUB-010,33.408579,-111.970274,273.5,128.8,lithium-ion,2022-02-01,SolarEdge,active
BATT-002503,CUST-0084655,XFMR-013103,FDR-0040,SUB-010,33.408263,-111.969591,15.5,7.0,LFP,2022-12-01,SolarEdge,active
BATT-002504,CUST-0084675,XFMR-013105,FDR-0040,SUB-010,33.40764,-111.970148,10.5,4.6,LFP,2020-03-01,SolarEdge,active
BATT-002505,CUST-0084747,XFMR-013115,FDR-0040,SUB-010,33.404952,-111.969608,13.8,6.2,NMC,2023-08-01,BYD,active
BATT-002506,CUST-0084794,XFMR-013122,FDR-0040,SUB-010,33.403154,-111.969925,10.8,4.9,NMC,2023-04-01,Generac,active
BATT-002507,CUST-0084796,XFMR-013122,FDR-0040,SUB-010,33.403587,-111.96929,9.7,3.8,lithium-ion,2023-12-01,Tesla,active
BATT-002508,CUST-0084806,XFMR-013124,FDR-0040,SUB-010,33.402335,-111.969805,18.3,6.7,LFP,2021-07-01,BYD,active
BATT-002509,CUST-0084814,XFMR-013125,FDR-0040,SUB-010,33.402389,-111.969637,60.7,29.6,NMC,2021-03-01,Tesla,active
BATT-002510,CUST-0084835,XFMR-013128,FDR-0040,SUB-010,33.402064,-111.969399,9.4,3.5,LFP,2021-04-01,Tesla,active
BATT-002511,CUST-0084838,XFMR-013129,FDR-0040,SUB-010,33.401838,-111.96994,17.5,8.4,NMC,2022-04-01,SunPower,active
BATT-002512,CUST-0084843,XFMR-013130,FDR-0040,SUB-010,33.401147,-111.969631,12.2,5.2,NMC,2023-02-01,Tesla,active
BATT-002513,CUST-0084848,XFMR-013130,FDR-0040,SUB-010,33.400971,-111.970203,16.5,6.7,lithium-ion,2021-08-01,BYD,active
BATT-002514,CUST-0084877,XFMR-013134,FDR-0040,SUB-010,33.400034,-111.970063,9.4,2.8,LFP,2021-04-01,SolarEdge,active
BATT-002515,CUST-0084880,XFMR-013135,FDR-0040,SUB-010,33.400127,-111.970137,16.8,5.4,LFP,2020-11-01,Generac,active
BATT-002516,CUST-0084909,XFMR-013140,FDR-0040,SUB-010,33.398836,-111.969927,20.4,6.3,lithium-ion,2024-10-01,Generac,active
BATT-002517,CUST-0084972,XFMR-013148,FDR-0040,SUB-010,33.396929,-111.969528,16.8,8.1,LFP,2024-12-01,Tesla,active
BATT-002518,CUST-0084977,XFMR-013150,FDR-0040,SUB-010,33.39583,-111.970072,10.8,3.3,NMC,2020-07-01,BYD,active
BATT-002519,CUST-0084982,XFMR-013151,FDR-0040,SUB-010,33.396214,-111.969398,20.4,7.6,lithium-ion,2024-07-01,BYD,active
BATT-002520,CUST-0085000,XFMR-013154,FDR-0040,SUB-010,33.39517,-111.969658,10.9,5.2,LFP,2021-07-01,SunPower,active
BATT-002521,CUST-0085004,XFMR-013154,FDR-0040,SUB-010,33.39538,-111.970143,21.6,9.0,lithium-ion,2020-04-01,SolarEdge,inactive
BATT-002522,CUST-0085034,XFMR-013159,FDR-0040,SUB-010,33.393831,-111.969476,14.4,5.7,LFP,2021-05-01,Generac,active
BATT-002523,CUST-0085074,XFMR-013164,FDR-0040,SUB-010,33.392685,-111.969615,10.5,5.1,lithium-ion,2021-08-01,Generac,inactive
BATT-002524,CUST-0085094,XFMR-013169,FDR-0040,SUB-010,33.391611,-111.969784,15.9,7.2,NMC,2022-06-01,Tesla,active
BATT-002525,CUST-0085101,XFMR-013170,FDR-0040,SUB-010,33.390776,-111.969867,58.7,27.7,lithium-ion,2021-02-01,Generac,active
BATT-002526,CUST-0085125,XFMR-013173,FDR-0040,SUB-010,33.390566,-111.969432,14.7,5.6,lithium-ion,2020-08-01,Enphase,active
BATT-002527,CUST-0085138,XFMR-013175,FDR-0040,SUB-010,33.389591,-111.969629,12.5,5.2,NMC,2024-07-01,Generac,active
BATT-002528,CUST-0085145,XFMR-013175,FDR-0040,SUB-010,33.390085,-111.969596,9.7,3.5,lithium-ion,2021-03-01,Tesla,active
BATT-002529,CUST-0085268,XFMR-013194,FDR-0040,SUB-010,33.385092,-111.969255,9.1,4.2,LFP,2020-10-01,Tesla,active
BATT-002530,CUST-0085295,XFMR-013199,FDR-0040,SUB-010,33.383564,-111.970052,19.5,8.9,lithium-ion,2021-10-01,SunPower,active
BATT-002531,CUST-0085361,XFMR-013211,FDR-0040,SUB-010,33.380576,-111.969492,20.2,8.4,LFP,2022-12-01,SolarEdge,active
BATT-002532,CUST-0085393,XFMR-013218,FDR-0041,SUB-010,33.491647,-111.969562,10.1,4.3,LFP,2020-01-01,Enphase,active
BATT-002533,CUST-0085498,XFMR-013235,FDR-0041,SUB-010,33.49152,-111.962688,18.1,7.1,LFP,2023-12-01,Tesla,active
BATT-002534,CUST-0085517,XFMR-013237,FDR-0041,SUB-010,33.491638,-111.961082,13.6,4.5,LFP,2023-06-01,SunPower,active
BATT-002535,CUST-0085552,XFMR-013241,FDR-0041,SUB-010,33.49157,-111.959547,10.2,3.2,LFP,2022-09-01,SolarEdge,active
BATT-002536,CUST-0085560,XFMR-013242,FDR-0041,SUB-010,33.492117,-111.959317,17.6,5.9,lithium-ion,2022-01-01,BYD,active
BATT-002537,CUST-0085562,XFMR-013243,FDR-0041,SUB-010,33.492034,-111.959322,14.7,6.2,LFP,2024-03-01,Generac,active
BATT-002538,CUST-0085583,XFMR-013245,FDR-0041,SUB-010,33.492001,-111.958449,15.5,5.2,NMC,2022-04-01,Enphase,active
BATT-002539,CUST-0085590,XFMR-013245,FDR-0041,SUB-010,33.491615,-111.95883,10.4,4.0,LFP,2022-08-01,BYD,active
BATT-002540,CUST-0085601,XFMR-013248,FDR-0041,SUB-010,33.491596,-111.956962,18.9,7.9,lithium-ion,2020-03-01,SolarEdge,active
BATT-002541,CUST-0085613,XFMR-013250,FDR-0041,SUB-010,33.491801,-111.956022,19.6,7.2,NMC,2020-10-01,Enphase,active
BATT-002542,CUST-0085671,XFMR-013260,FDR-0041,SUB-010,33.491761,-111.952148,15.8,7.6,lithium-ion,2022-07-01,Generac,active
BATT-002543,CUST-0085680,XFMR-013261,FDR-0041,SUB-010,33.49184,-111.951278,14.3,5.6,LFP,2022-07-01,Generac,active
BATT-002544,CUST-0085681,XFMR-013261,FDR-0041,SUB-010,33.492256,-111.951826,21.5,6.9,lithium-ion,2024-01-01,Enphase,active
BATT-002545,CUST-0085699,XFMR-013264,FDR-0041,SUB-010,33.492169,-111.950626,435.5,212.4,lithium-ion,2021-07-01,SolarEdge,active
BATT-002546,CUST-0085729,XFMR-013268,FDR-0041,SUB-010,33.4916,-111.949278,10.7,4.6,lithium-ion,2022-03-01,BYD,active
BATT-002547,CUST-0085737,XFMR-013269,FDR-0041,SUB-010,33.492174,-111.948095,10.8,3.8,lithium-ion,2024-09-01,SolarEdge,active
BATT-002548,CUST-0085808,XFMR-013279,FDR-0041,SUB-010,33.491643,-111.943997,16.9,5.8,NMC,2024-08-01,BYD,active
BATT-002549,CUST-0085852,XFMR-013288,FDR-0041,SUB-010,33.492049,-111.940962,19.5,8.8,LFP,2022-10-01,Tesla,active
BATT-002550,CUST-0085860,XFMR-013291,FDR-0041,SUB-010,33.491687,-111.939028,10.7,4.6,lithium-ion,2022-09-01,SolarEdge,active
BATT-002551,CUST-0085909,XFMR-013299,FDR-0041,SUB-010,33.491787,-111.936503,10.9,4.7,lithium-ion,2020-07-01,Enphase,active
BATT-002552,CUST-0085942,XFMR-013302,FDR-0041,SUB-010,33.491722,-111.934998,17.5,6.3,LFP,2023-10-01,Generac,active
BATT-002553,CUST-0085945,XFMR-013303,FDR-0041,SUB-010,33.492039,-111.934332,16.5,5.7,NMC,2020-12-01,BYD,active
BATT-002554,CUST-0085950,XFMR-013303,FDR-0041,SUB-010,33.491713,-111.934892,20.5,8.6,LFP,2022-07-01,BYD,active
BATT-002555,CUST-0085998,XFMR-013313,FDR-0041,SUB-010,33.491749,-111.930719,9.2,3.1,LFP,2022-02-01,SolarEdge,active
BATT-002556,CUST-0086061,XFMR-013323,FDR-0041,SUB-010,33.492246,-111.926585,10.2,4.4,lithium-ion,2020-05-01,SunPower,active
BATT-002557,CUST-0086068,XFMR-013323,FDR-0041,SUB-010,33.492247,-111.926328,21.0,9.2,NMC,2021-10-01,SunPower,active
BATT-002558,CUST-0086098,XFMR-013327,FDR-0041,SUB-010,33.491512,-111.925013,56.6,20.5,lithium-ion,2024-09-01,Enphase,active
BATT-002559,CUST-0086166,XFMR-013335,FDR-0041,SUB-010,33.492085,-111.921298,14.9,6.2,LFP,2023-05-01,SolarEdge,active
BATT-002560,CUST-0086187,XFMR-013340,FDR-0041,SUB-010,33.49214,-111.9194,15.2,5.4,NMC,2023-06-01,Generac,active
BATT-002561,CUST-0086231,XFMR-013347,FDR-0041,SUB-010,33.49177,-111.916216,12.9,4.5,LFP,2020-10-01,SunPower,active
BATT-002562,CUST-0086239,XFMR-013349,FDR-0041,SUB-010,33.492104,-111.915824,19.1,7.0,LFP,2020-05-01,Enphase,active
BATT-002563,CUST-0086244,XFMR-013349,FDR-0041,SUB-010,33.491535,-111.915546,9.7,4.2,LFP,2022-03-01,Tesla,active
BATT-002564,CUST-0086307,XFMR-013361,FDR-0041,SUB-010,33.491942,-111.910477,171.4,55.5,LFP,2021-05-01,BYD,active
BATT-002565,CUST-0086320,XFMR-013364,FDR-0041,SUB-010,33.491763,-111.90971,10.1,4.1,LFP,2021-04-01,SolarEdge,active
BATT-002566,CUST-0086394,XFMR-013375,FDR-0041,SUB-010,33.491779,-111.905074,20.3,7.6,lithium-ion,2024-05-01,Generac,active
BATT-002567,CUST-0086423,XFMR-013379,FDR-0041,SUB-010,33.492189,-111.903586,19.4,6.7,lithium-ion,2024-08-01,Enphase,inactive
BATT-002568,CUST-0086519,XFMR-013393,FDR-0041,SUB-010,33.491989,-111.898032,10.4,3.4,lithium-ion,2021-06-01,Generac,active
BATT-002569,CUST-0086524,XFMR-013394,FDR-0041,SUB-010,33.492074,-111.89741,145.3,71.9,NMC,2022-04-01,Generac,active
BATT-002570,CUST-0086540,XFMR-013396,FDR-0041,SUB-010,33.492085,-111.896006,14.1,6.6,NMC,2020-12-01,SunPower,inactive
BATT-002571,CUST-0086565,XFMR-013399,FDR-0041,SUB-010,33.492048,-111.895552,287.6,140.0,NMC,2023-02-01,SunPower,active
BATT-002572,CUST-0086679,XFMR-013417,FDR-0041,SUB-010,33.491432,-111.887464,114.3,32.7,NMC,2020-06-01,SunPower,active
BATT-002573,CUST-0086693,XFMR-013418,FDR-0041,SUB-010,33.491698,-111.887755,14.9,5.4,lithium-ion,2021-07-01,Tesla,active
BATT-002574,CUST-0086708,XFMR-013420,FDR-0041,SUB-010,33.492054,-111.886998,20.1,7.6,NMC,2020-08-01,BYD,active
BATT-002575,CUST-0086714,XFMR-013421,FDR-0041,SUB-010,33.491564,-111.886102,9.6,4.2,lithium-ion,2021-10-01,SolarEdge,active
BATT-002576,CUST-0086772,XFMR-013429,FDR-0041,SUB-010,33.491754,-111.88277,10.9,3.8,lithium-ion,2022-02-01,Tesla,active
BATT-002577,CUST-0086852,XFMR-013441,FDR-0041,SUB-010,33.491863,-111.877962,14.6,4.4,LFP,2024-12-01,SolarEdge,active
BATT-002578,CUST-0086855,XFMR-013441,FDR-0041,SUB-010,33.491733,-111.878247,315.2,145.4,lithium-ion,2024-03-01,BYD,active
BATT-002579,CUST-0086857,XFMR-013442,FDR-0041,SUB-010,33.491567,-111.877641,18.5,7.8,lithium-ion,2020-08-01,SunPower,active
BATT-002580,CUST-0086861,XFMR-013442,FDR-0041,SUB-010,33.492087,-111.877665,55.8,19.2,lithium-ion,2024-07-01,SunPower,active
BATT-002581,CUST-0086903,XFMR-013449,FDR-0041,SUB-010,33.492016,-111.875071,15.8,7.5,NMC,2022-02-01,SolarEdge,active
BATT-002582,CUST-0086923,XFMR-013452,FDR-0041,SUB-010,33.491648,-111.873576,10.8,4.9,LFP,2020-04-01,SunPower,active
BATT-002583,CUST-0086961,XFMR-013457,FDR-0041,SUB-010,33.491684,-111.871312,13.3,4.5,LFP,2020-12-01,SunPower,active
BATT-002584,CUST-0086983,XFMR-013460,FDR-0041,SUB-010,33.492028,-111.869924,14.9,7.1,NMC,2024-03-01,SunPower,active
BATT-002585,CUST-0087001,XFMR-013463,FDR-0041,SUB-010,33.492028,-111.868775,116.2,31.1,NMC,2024-05-01,Generac,active
BATT-002586,CUST-0087020,XFMR-013467,FDR-0041,SUB-010,33.492136,-111.866955,81.0,35.0,lithium-ion,2020-12-01,SunPower,active
BATT-002587,CUST-0087102,XFMR-013481,FDR-0041,SUB-010,33.492112,-111.861188,10.4,3.9,lithium-ion,2023-06-01,SolarEdge,active
BATT-002588,CUST-0087103,XFMR-013481,FDR-0041,SUB-010,33.492083,-111.861717,200.0,91.6,lithium-ion,2020-11-01,BYD,active
BATT-002589,CUST-0087122,XFMR-013484,FDR-0041,SUB-010,33.492014,-111.859843,20.5,8.6,NMC,2020-12-01,Tesla,active
BATT-002590,CUST-0087166,XFMR-013490,FDR-0041,SUB-010,33.491594,-111.857508,15.1,5.3,lithium-ion,2023-02-01,SunPower,active
BATT-002591,CUST-0087172,XFMR-013491,FDR-0041,SUB-010,33.491485,-111.857579,18.9,8.8,NMC,2021-04-01,BYD,active
BATT-002592,CUST-0087185,XFMR-013493,FDR-0041,SUB-010,33.492021,-111.856986,14.7,5.4,LFP,2023-08-01,SolarEdge,active
BATT-002593,CUST-0087211,XFMR-013501,FDR-0041,SUB-010,33.492162,-111.853133,12.4,4.4,lithium-ion,2023-01-01,Generac,active
BATT-002594,CUST-0087231,XFMR-013505,FDR-0041,SUB-010,33.491488,-111.851784,16.7,5.1,lithium-ion,2021-06-01,SunPower,active
BATT-002595,CUST-0087323,XFMR-013520,FDR-0041,SUB-010,33.49177,-111.845109,10.4,4.0,lithium-ion,2022-03-01,Enphase,active
BATT-002596,CUST-0087342,XFMR-013524,FDR-0041,SUB-010,33.49157,-111.843899,14.9,5.7,NMC,2024-05-01,Generac,inactive
BATT-002597,CUST-0087387,XFMR-013529,FDR-0041,SUB-010,33.492239,-111.842057,9.2,4.5,NMC,2024-03-01,SunPower,active
BATT-002598,CUST-0087434,XFMR-013540,FDR-0042,SUB-010,33.491591,-111.970065,17.3,7.9,NMC,2024-07-01,Generac,active
BATT-002599,CUST-0087438,XFMR-013540,FDR-0042,SUB-010,33.492128,-111.9697,9.4,2.9,LFP,2022-10-01,Tesla,active
BATT-002600,CUST-0087473,XFMR-013545,FDR-0042,SUB-010,33.492556,-111.970102,387.0,101.7,LFP,2022-07-01,Tesla,active
BATT-002601,CUST-0087481,XFMR-013546,FDR-0042,SUB-010,33.4928,-111.96969,66.6,20.9,LFP,2021-10-01,Generac,active
BATT-002602,CUST-0087487,XFMR-013547,FDR-0042,SUB-010,33.492601,-111.969954,18.9,6.5,LFP,2021-09-01,Generac,active
BATT-002603,CUST-0087549,XFMR-013555,FDR-0042,SUB-010,33.492946,-111.970084,13.5,4.7,NMC,2022-09-01,SunPower,active
BATT-002604,CUST-0087565,XFMR-013557,FDR-0042,SUB-010,33.492776,-111.969863,15.7,5.3,LFP,2022-12-01,Enphase,active
BATT-002605,CUST-0087598,XFMR-013562,FDR-0042,SUB-010,33.493269,-111.969942,10.1,4.8,LFP,2021-12-01,BYD,active
BATT-002606,CUST-0087599,XFMR-013562,FDR-0042,SUB-010,33.493495,-111.969344,18.3,7.5,NMC,2022-02-01,BYD,active
BATT-002607,CUST-0087643,XFMR-013568,FDR-0042,SUB-010,33.494127,-111.970138,291.8,80.2,lithium-ion,2020-04-01,SolarEdge,active
BATT-002608,CUST-0087786,XFMR-013592,FDR-0042,SUB-010,33.495077,-111.96992,13.4,6.5,LFP,2021-02-01,Tesla,active
BATT-002609,CUST-0087800,XFMR-013593,FDR-0042,SUB-010,33.495641,-111.969359,10.1,3.3,LFP,2024-03-01,SunPower,active
BATT-002610,CUST-0087801,XFMR-013593,FDR-0042,SUB-010,33.495415,-111.970096,20.0,8.7,LFP,2022-06-01,SunPower,active
BATT-002611,CUST-0087841,XFMR-013598,FDR-0042,SUB-010,33.49548,-111.970035,15.0,4.5,LFP,2023-10-01,Generac,active
BATT-002612,CUST-0087851,XFMR-013599,FDR-0042,SUB-010,33.495502,-111.970082,14.5,5.2,lithium-ion,2021-07-01,Tesla,active
BATT-002613,CUST-0087861,XFMR-013600,FDR-0042,SUB-010,33.495483,-111.969838,349.1,151.7,NMC,2022-09-01,BYD,active
BATT-002614,CUST-0087926,XFMR-013612,FDR-0042,SUB-010,33.496889,-111.969868,9.6,3.0,lithium-ion,2024-01-01,Generac,active
BATT-002615,CUST-0087940,XFMR-013613,FDR-0042,SUB-010,33.496519,-111.969709,9.5,3.3,LFP,2023-09-01,SunPower,active
BATT-002616,CUST-0087948,XFMR-013614,FDR-0042,SUB-010,33.496944,-111.969508,16.3,5.9,LFP,2022-12-01,Enphase,active
BATT-002617,CUST-0087969,XFMR-013616,FDR-0042,SUB-010,33.496854,-111.96992,9.7,4.3,LFP,2023-12-01,SolarEdge,active
BATT-002618,CUST-0088017,XFMR-013625,FDR-0042,SUB-010,33.497079,-111.969728,20.2,7.6,NMC,2020-07-01,SolarEdge,active
BATT-002619,CUST-0088042,XFMR-013631,FDR-0042,SUB-010,33.498028,-111.970224,80.1,32.2,lithium-ion,2020-11-01,SolarEdge,active
BATT-002620,CUST-0088056,XFMR-013633,FDR-0042,SUB-010,33.497731,-111.969311,18.4,6.8,NMC,2024-12-01,SolarEdge,active
BATT-002621,CUST-0088124,XFMR-013640,FDR-0042,SUB-010,33.498099,-111.970051,17.4,6.7,LFP,2024-06-01,BYD,active
BATT-002622,CUST-0088129,XFMR-013641,FDR-0042,SUB-010,33.498101,-111.969417,10.3,5.0,NMC,2024-02-01,Generac,active
BATT-002623,CUST-0088140,XFMR-013643,FDR-0042,SUB-010,33.498756,-111.969841,21.6,7.6,LFP,2020-07-01,Enphase,active
BATT-002624,CUST-0088142,XFMR-013644,FDR-0042,SUB-010,33.498507,-111.969645,9.2,3.4,NMC,2022-02-01,Tesla,active
BATT-002625,CUST-0088146,XFMR-013645,FDR-0042,SUB-010,33.498922,-111.969517,18.5,8.9,lithium-ion,2021-08-01,Enphase,active
BATT-002626,CUST-0088185,XFMR-013648,FDR-0042,SUB-010,33.498754,-111.970161,10.8,3.7,LFP,2024-06-01,Generac,active
BATT-002627,CUST-0088251,XFMR-013661,FDR-0042,SUB-010,33.499622,-111.969947,14.0,5.9,NMC,2022-01-01,Generac,active
BATT-002628,CUST-0088297,XFMR-013668,FDR-0042,SUB-010,33.50024,-111.969496,19.7,6.4,NMC,2020-08-01,BYD,active
BATT-002629,CUST-0088299,XFMR-013669,FDR-0042,SUB-010,33.500458,-111.969509,13.2,4.4,NMC,2020-08-01,BYD,active
BATT-002630,CUST-0088320,XFMR-013672,FDR-0042,SUB-010,33.50017,-111.970075,14.3,4.6,lithium-ion,2021-04-01,Tesla,active
BATT-002631,CUST-0088326,XFMR-013673,FDR-0042,SUB-010,33.500216,-111.970161,13.8,5.2,NMC,2023-06-01,SolarEdge,active
BATT-002632,CUST-0088492,XFMR-013698,FDR-0042,SUB-010,33.502207,-111.969563,19.8,9.4,LFP,2023-06-01,SunPower,active
BATT-002633,CUST-0088495,XFMR-013698,FDR-0042,SUB-010,33.502482,-111.970042,10.6,3.8,NMC,2022-11-01,BYD,active
BATT-002634,CUST-0088559,XFMR-013707,FDR-0042,SUB-010,33.502394,-111.969999,10.7,4.7,lithium-ion,2024-07-01,Enphase,active
BATT-002635,CUST-0088612,XFMR-013716,FDR-0042,SUB-010,33.503031,-111.969617,17.1,6.7,NMC,2021-04-01,BYD,active
BATT-002636,CUST-0088642,XFMR-013722,FDR-0042,SUB-010,33.504059,-111.969646,14.9,5.5,NMC,2023-08-01,BYD,active
BATT-002637,CUST-0088658,XFMR-013726,FDR-0042,SUB-010,33.504029,-111.969576,10.5,4.4,lithium-ion,2022-07-01,Generac,active
BATT-002638,CUST-0088666,XFMR-013728,FDR-0042,SUB-010,33.50377,-111.96942,15.4,5.8,LFP,2024-05-01,Enphase,active
BATT-002639,CUST-0088669,XFMR-013729,FDR-0042,SUB-010,33.504038,-111.970021,15.7,6.4,lithium-ion,2021-09-01,Generac,active
BATT-002640,CUST-0088676,XFMR-013729,FDR-0042,SUB-010,33.503947,-111.970023,20.5,6.8,lithium-ion,2020-10-01,BYD,active
BATT-002641,CUST-0088694,XFMR-013732,FDR-0042,SUB-010,33.504162,-111.970096,13.2,5.1,lithium-ion,2021-01-01,Enphase,active
BATT-002642,CUST-0088708,XFMR-013734,FDR-0042,SUB-010,33.504204,-111.970063,12.8,4.6,lithium-ion,2023-05-01,Generac,active
BATT-002643,CUST-0088797,XFMR-013746,FDR-0042,SUB-010,33.505065,-111.969708,16.8,5.8,lithium-ion,2022-01-01,Generac,active
BATT-002644,CUST-0088867,XFMR-013756,FDR-0042,SUB-010,33.505881,-111.969596,17.2,6.1,lithium-ion,2024-04-01,Tesla,active
BATT-002645,CUST-0088898,XFMR-013760,FDR-0042,SUB-010,33.505916,-111.970031,9.8,4.2,LFP,2024-12-01,Generac,active
BATT-002646,CUST-0088939,XFMR-013766,FDR-0042,SUB-010,33.506512,-111.97013,9.5,4.3,LFP,2020-02-01,Generac,active
BATT-002647,CUST-0088954,XFMR-013768,FDR-0042,SUB-010,33.506455,-111.969615,12.5,3.9,LFP,2022-11-01,BYD,active
BATT-002648,CUST-0089032,XFMR-013780,FDR-0042,SUB-010,33.507799,-111.969301,10.5,5.0,NMC,2022-02-01,SolarEdge,active
BATT-002649,CUST-0089040,XFMR-013781,FDR-0042,SUB-010,33.507384,-111.969954,18.8,5.7,lithium-ion,2022-01-01,SolarEdge,active
BATT-002650,CUST-0089067,XFMR-013785,FDR-0042,SUB-010,33.507938,-111.969669,18.7,7.7,lithium-ion,2023-01-01,SunPower,active
BATT-002651,CUST-0089100,XFMR-013789,FDR-0042,SUB-010,33.508282,-111.970134,35.1,12.5,lithium-ion,2024-06-01,SolarEdge,active
BATT-002652,CUST-0089116,XFMR-013791,FDR-0042,SUB-010,33.50779,-111.969301,13.2,5.6,lithium-ion,2024-11-01,Enphase,active
BATT-002653,CUST-0089120,XFMR-013791,FDR-0042,SUB-010,33.508231,-111.969548,15.3,6.0,lithium-ion,2024-05-01,Tesla,active
BATT-002654,CUST-0089135,XFMR-013792,FDR-0042,SUB-010,33.508158,-111.969392,9.2,3.4,NMC,2023-11-01,Enphase,active
BATT-002655,CUST-0089162,XFMR-013795,FDR-0042,SUB-010,33.508613,-111.969453,16.7,7.1,LFP,2020-05-01,Enphase,active
BATT-002656,CUST-0089194,XFMR-013802,FDR-0042,SUB-010,33.509202,-111.969715,406.8,136.4,lithium-ion,2024-09-01,SunPower,active
BATT-002657,CUST-0089196,XFMR-013802,FDR-0042,SUB-010,33.508984,-111.970032,20.0,6.6,LFP,2022-02-01,SolarEdge,active
BATT-002658,CUST-0089211,XFMR-013804,FDR-0042,SUB-010,33.509095,-111.969651,19.4,8.1,LFP,2024-05-01,Generac,active
BATT-002659,CUST-0089281,XFMR-013814,FDR-0042,SUB-010,33.509607,-111.969284,14.3,5.3,LFP,2024-01-01,SolarEdge,active
BATT-002660,CUST-0089311,XFMR-013818,FDR-0042,SUB-010,33.509605,-111.969507,12.7,6.2,lithium-ion,2020-12-01,Generac,active
BATT-002661,CUST-0089324,XFMR-013820,FDR-0042,SUB-010,33.509965,-111.970086,13.7,6.0,LFP,2024-02-01,SunPower,active
BATT-002662,CUST-0089326,XFMR-013820,FDR-0042,SUB-010,33.510181,-111.970229,20.7,8.9,NMC,2022-06-01,SolarEdge,active
BATT-002663,CUST-0089349,XFMR-013823,FDR-0042,SUB-010,33.510526,-111.96937,18.6,6.0,lithium-ion,2023-04-01,SolarEdge,active
BATT-002664,CUST-0089424,XFMR-013835,FDR-0042,SUB-010,33.510811,-111.96996,18.5,9.2,NMC,2020-10-01,Generac,active
BATT-002665,CUST-0089491,XFMR-013844,FDR-0042,SUB-010,33.511835,-111.969305,14.6,6.9,lithium-ion,2023-05-01,SunPower,active
BATT-002666,CUST-0089499,XFMR-013844,FDR-0042,SUB-010,33.511228,-111.969884,12.6,4.0,NMC,2024-12-01,Enphase,active
BATT-002667,CUST-0089564,XFMR-013856,FDR-0042,SUB-010,33.512088,-111.970114,15.0,4.5,LFP,2022-05-01,BYD,active
BATT-002668,CUST-0089594,XFMR-013862,FDR-0042,SUB-010,33.512686,-111.970059,13.5,4.6,LFP,2020-12-01,BYD,active
BATT-002669,CUST-0089631,XFMR-013868,FDR-0042,SUB-010,33.512994,-111.969458,13.3,6.6,NMC,2021-06-01,Generac,active
BATT-002670,CUST-0089688,XFMR-013879,FDR-0042,SUB-010,33.513733,-111.96996,19.6,6.1,NMC,2023-05-01,Enphase,active
BATT-002671,CUST-0089728,XFMR-013886,FDR-0042,SUB-010,33.514112,-111.969624,67.2,20.6,lithium-ion,2020-03-01,BYD,active
BATT-002672,CUST-0089775,XFMR-013895,FDR-0042,SUB-010,33.514543,-111.969309,12.7,4.7,lithium-ion,2020-09-01,Tesla,active
BATT-002673,CUST-0089859,XFMR-013908,FDR-0042,SUB-010,33.515393,-111.969978,13.3,6.4,LFP,2021-08-01,BYD,active
BATT-002674,CUST-0089881,XFMR-013910,FDR-0042,SUB-010,33.515717,-111.969817,12.9,5.0,LFP,2022-01-01,BYD,active
BATT-002675,CUST-0089920,XFMR-013915,FDR-0042,SUB-010,33.515828,-111.969891,14.8,5.9,lithium-ion,2021-12-01,Tesla,active
BATT-002676,CUST-0089932,XFMR-013916,FDR-0042,SUB-010,33.515816,-111.969724,20.8,9.5,lithium-ion,2022-12-01,SolarEdge,active
BATT-002677,CUST-0089951,XFMR-013918,FDR-0042,SUB-010,33.516462,-111.969878,16.1,5.6,lithium-ion,2022-05-01,Enphase,active
BATT-002678,CUST-0090032,XFMR-013928,FDR-0042,SUB-010,33.516608,-111.970159,9.8,4.0,LFP,2022-11-01,SunPower,active
BATT-002679,CUST-0090041,XFMR-013929,FDR-0042,SUB-010,33.516757,-111.970049,21.2,8.1,NMC,2024-08-01,Enphase,active
BATT-002680,CUST-0090046,XFMR-013930,FDR-0042,SUB-010,33.516709,-111.969339,10.7,4.3,lithium-ion,2020-05-01,BYD,active
BATT-002681,CUST-0090063,XFMR-013932,FDR-0042,SUB-010,33.517206,-111.969397,20.1,6.2,LFP,2022-04-01,SolarEdge,active
BATT-002682,CUST-0090065,XFMR-013932,FDR-0042,SUB-010,33.516984,-111.969927,14.6,6.4,LFP,2020-07-01,Enphase,active
BATT-002683,CUST-0090096,XFMR-013937,FDR-0042,SUB-010,33.517707,-111.969891,13.2,5.9,LFP,2023-10-01,Tesla,active
BATT-002684,CUST-0090128,XFMR-013942,FDR-0042,SUB-010,33.517897,-111.96997,9.8,3.0,lithium-ion,2023-02-01,Generac,active
BATT-002685,CUST-0090134,XFMR-013943,FDR-0042,SUB-010,33.518333,-111.970269,21.7,9.9,LFP,2024-12-01,Tesla,active
BATT-002686,CUST-0090141,XFMR-013944,FDR-0042,SUB-010,33.517773,-111.969587,15.2,6.3,LFP,2022-08-01,SolarEdge,active
BATT-002687,CUST-0090142,XFMR-013944,FDR-0042,SUB-010,33.517936,-111.970282,21.5,10.7,lithium-ion,2024-06-01,SunPower,active
BATT-002688,CUST-0090367,XFMR-013976,FDR-0042,SUB-010,33.519848,-111.970241,13.2,6.0,lithium-ion,2022-12-01,Tesla,active
BATT-002689,CUST-0090369,XFMR-013977,FDR-0042,SUB-010,33.519971,-111.969569,19.3,8.6,NMC,2020-06-01,Generac,active
BATT-002690,CUST-0090380,XFMR-013979,FDR-0042,SUB-010,33.520008,-111.969407,20.6,6.3,NMC,2021-02-01,Enphase,active
BATT-002691,CUST-0090396,XFMR-013980,FDR-0042,SUB-010,33.520758,-111.970103,15.4,6.7,LFP,2024-03-01,Generac,active
BATT-002692,CUST-0090416,XFMR-013984,FDR-0042,SUB-010,33.52078,-111.970128,62.6,22.0,NMC,2021-07-01,Tesla,active
BATT-002693,CUST-0090433,XFMR-013985,FDR-0042,SUB-010,33.520626,-111.970127,10.4,3.9,NMC,2022-03-01,Tesla,active
BATT-002694,CUST-0090489,XFMR-013993,FDR-0042,SUB-010,33.521488,-111.970231,10.5,4.0,NMC,2022-01-01,Generac,active
BATT-002695,CUST-0090521,XFMR-013998,FDR-0042,SUB-010,33.521591,-111.969393,165.2,58.9,LFP,2022-03-01,Tesla,active
BATT-002696,CUST-0090530,XFMR-013999,FDR-0042,SUB-010,33.52193,-111.969303,17.0,6.1,NMC,2021-01-01,SolarEdge,active
BATT-002697,CUST-0090573,XFMR-014005,FDR-0042,SUB-010,33.521662,-111.970095,14.0,6.1,LFP,2021-01-01,Generac,active
BATT-002698,CUST-0090610,XFMR-014013,FDR-0042,SUB-010,33.522739,-111.970114,37.0,18.5,NMC,2021-04-01,SunPower,active
BATT-002699,CUST-0090627,XFMR-014016,FDR-0042,SUB-010,33.522465,-111.97002,10.0,4.3,LFP,2023-12-01,Generac,active
BATT-002700,CUST-0090633,XFMR-014016,FDR-0042,SUB-010,33.523001,-111.969287,16.8,6.3,lithium-ion,2022-05-01,BYD,active
BATT-002701,CUST-0090640,XFMR-014017,FDR-0042,SUB-010,33.522428,-111.969509,16.7,6.5,lithium-ion,2022-09-01,Generac,active
BATT-002702,CUST-0090656,XFMR-014020,FDR-0042,SUB-010,33.522809,-111.9699,16.6,6.7,NMC,2022-11-01,SolarEdge,active
BATT-002703,CUST-0090659,XFMR-014020,FDR-0042,SUB-010,33.523237,-111.969289,13.8,4.3,NMC,2023-04-01,Generac,active
BATT-002704,CUST-0090683,XFMR-014025,FDR-0042,SUB-010,33.523349,-111.969911,14.0,6.7,NMC,2024-10-01,SolarEdge,inactive
BATT-002705,CUST-0090720,XFMR-014030,FDR-0042,SUB-010,33.523947,-111.970084,256.1,104.0,NMC,2020-03-01,BYD,active
BATT-002706,CUST-0090838,XFMR-014047,FDR-0043,SUB-011,33.361693,-112.069916,18.1,5.9,LFP,2023-04-01,BYD,active
BATT-002707,CUST-0090930,XFMR-014060,FDR-0043,SUB-011,33.3616,-112.065705,385.5,102.6,NMC,2024-06-01,Generac,active
BATT-002708,CUST-0090942,XFMR-014061,FDR-0043,SUB-011,33.361148,-112.065706,14.5,6.9,NMC,2022-07-01,Enphase,active
BATT-002709,CUST-0090963,XFMR-014064,FDR-0043,SUB-011,33.361128,-112.064733,16.5,5.5,NMC,2020-11-01,BYD,active
BATT-002710,CUST-0090993,XFMR-014069,FDR-0043,SUB-011,33.361189,-112.062721,441.9,201.2,NMC,2022-08-01,SolarEdge,active
BATT-002711,CUST-0091049,XFMR-014075,FDR-0043,SUB-011,33.361835,-112.06063,10.0,4.2,lithium-ion,2022-01-01,Enphase,active
BATT-002712,CUST-0091143,XFMR-014088,FDR-0043,SUB-011,33.361194,-112.057489,15.3,7.5,NMC,2024-06-01,SunPower,active
BATT-002713,CUST-0091172,XFMR-014092,FDR-0043,SUB-011,33.361585,-112.056258,20.5,7.0,NMC,2024-06-01,Enphase,active
BATT-002714,CUST-0091175,XFMR-014092,FDR-0043,SUB-011,33.361579,-112.056344,191.7,59.2,NMC,2022-08-01,SolarEdge,active
BATT-002715,CUST-0091217,XFMR-014098,FDR-0043,SUB-011,33.361688,-112.054024,17.4,6.0,lithium-ion,2020-09-01,SolarEdge,active
BATT-002716,CUST-0091226,XFMR-014099,FDR-0043,SUB-011,33.361209,-112.054186,15.0,5.0,lithium-ion,2024-03-01,SolarEdge,active
BATT-002717,CUST-0091259,XFMR-014102,FDR-0043,SUB-011,33.361336,-112.05257,10.6,4.1,lithium-ion,2024-05-01,BYD,active
BATT-002718,CUST-0091280,XFMR-014105,FDR-0043,SUB-011,33.361099,-112.052264,20.2,9.2,NMC,2023-05-01,Tesla,active
BATT-002719,CUST-0091311,XFMR-014110,FDR-0043,SUB-011,33.361215,-112.05042,13.7,5.7,NMC,2021-04-01,SunPower,active
BATT-002720,CUST-0091368,XFMR-014118,FDR-0043,SUB-011,33.361121,-112.047813,10.3,4.9,lithium-ion,2020-03-01,SolarEdge,active
BATT-002721,CUST-0091371,XFMR-014120,FDR-0043,SUB-011,33.361286,-112.047637,16.0,5.1,lithium-ion,2023-03-01,BYD,active
BATT-002722,CUST-0091423,XFMR-014134,FDR-0043,SUB-011,33.361035,-112.043193,100.3,46.4,lithium-ion,2020-01-01,SunPower,active
BATT-002723,CUST-0091469,XFMR-014140,FDR-0043,SUB-011,33.361152,-112.041048,10.3,4.4,LFP,2022-08-01,Enphase,active
BATT-002724,CUST-0091488,XFMR-014143,FDR-0043,SUB-011,33.36114,-112.041047,10.2,3.1,NMC,2021-08-01,Tesla,active
BATT-002725,CUST-0091508,XFMR-014145,FDR-0043,SUB-011,33.361713,-112.040396,9.6,3.8,NMC,2020-03-01,SunPower,active
BATT-002726,CUST-0091555,XFMR-014152,FDR-0043,SUB-011,33.361216,-112.037405,9.4,3.9,LFP,2022-11-01,SolarEdge,active
BATT-002727,CUST-0091616,XFMR-014160,FDR-0043,SUB-011,33.361098,-112.03515,17.0,8.1,NMC,2023-02-01,SolarEdge,active
BATT-002728,CUST-0091667,XFMR-014169,FDR-0043,SUB-011,33.361732,-112.032458,365.1,162.3,NMC,2024-01-01,SunPower,active
BATT-002729,CUST-0091765,XFMR-014185,FDR-0043,SUB-011,33.361444,-112.028241,14.3,6.2,LFP,2024-03-01,SunPower,active
BATT-002730,CUST-0091766,XFMR-014185,FDR-0043,SUB-011,33.361824,-112.027561,21.7,7.4,lithium-ion,2023-02-01,SolarEdge,active
BATT-002731,CUST-0091829,XFMR-014196,FDR-0043,SUB-011,33.361745,-112.024197,62.3,25.8,LFP,2024-08-01,SolarEdge,active
BATT-002732,CUST-0091837,XFMR-014197,FDR-0043,SUB-011,33.361685,-112.024238,15.0,7.5,LFP,2020-04-01,SolarEdge,active
BATT-002733,CUST-0091844,XFMR-014197,FDR-0043,SUB-011,33.361101,-112.023969,15.8,7.2,lithium-ion,2022-08-01,BYD,active
BATT-002734,CUST-0091943,XFMR-014213,FDR-0043,SUB-011,33.36134,-112.019835,21.5,9.1,NMC,2024-04-01,SolarEdge,active
BATT-002735,CUST-0092071,XFMR-014233,FDR-0043,SUB-011,33.361664,-112.013941,15.2,5.1,lithium-ion,2020-03-01,Enphase,active
BATT-002736,CUST-0092073,XFMR-014233,FDR-0043,SUB-011,33.361738,-112.013458,13.2,5.4,LFP,2022-02-01,Generac,active
BATT-002737,CUST-0092088,XFMR-014235,FDR-0044,SUB-011,33.361116,-112.074801,14.2,4.7,NMC,2020-06-01,Tesla,inactive
BATT-002738,CUST-0092089,XFMR-014235,FDR-0044,SUB-011,33.361615,-112.074619,13.6,4.9,LFP,2024-02-01,Tesla,active
BATT-002739,CUST-0092145,XFMR-014241,FDR-0044,SUB-011,33.361299,-112.07585,10.2,3.1,NMC,2023-02-01,Tesla,active
BATT-002740,CUST-0092195,XFMR-014248,FDR-0044,SUB-011,33.3616,-112.077151,13.6,5.4,LFP,2024-08-01,Enphase,active
BATT-002741,CUST-0092238,XFMR-014255,FDR-0044,SUB-011,33.361049,-112.078603,13.3,6.6,NMC,2021-03-01,Tesla,active
BATT-002742,CUST-0092240,XFMR-014255,FDR-0044,SUB-011,33.361573,-112.0784,171.6,71.4,lithium-ion,2020-03-01,Generac,active
BATT-002743,CUST-0092250,XFMR-014257,FDR-0044,SUB-011,33.361304,-112.079292,14.1,5.7,LFP,2020-04-01,SunPower,active
BATT-002744,CUST-0092252,XFMR-014257,FDR-0044,SUB-011,33.361706,-112.079811,14.6,6.6,NMC,2023-11-01,Enphase,active
BATT-002745,CUST-0092255,XFMR-014258,FDR-0044,SUB-011,33.361854,-112.079419,9.0,3.5,LFP,2020-09-01,BYD,active
BATT-002746,CUST-0092259,XFMR-014258,FDR-0044,SUB-011,33.361309,-112.079094,15.6,4.8,NMC,2024-08-01,Generac,active
BATT-002747,CUST-0092282,XFMR-014263,FDR-0044,SUB-011,33.361145,-112.08081,9.7,4.3,lithium-ion,2020-10-01,Enphase,active
BATT-002748,CUST-0092344,XFMR-014271,FDR-0044,SUB-011,33.361646,-112.082029,414.6,114.6,lithium-ion,2023-10-01,Enphase,active
BATT-002749,CUST-0092360,XFMR-014278,FDR-0044,SUB-011,33.361271,-112.083894,10.8,5.1,LFP,2022-12-01,SunPower,active
BATT-002750,CUST-0092362,XFMR-014279,FDR-0044,SUB-011,33.361158,-112.083701,10.7,4.8,lithium-ion,2020-04-01,SolarEdge,active
BATT-002751,CUST-0092363,XFMR-014279,FDR-0044,SUB-011,33.361694,-112.083689,10.7,3.9,LFP,2020-10-01,Generac,active
BATT-002752,CUST-0092390,XFMR-014283,FDR-0044,SUB-011,33.361437,-112.08494,483.6,238.2,LFP,2020-01-01,Tesla,active
BATT-002753,CUST-0092428,XFMR-014291,FDR-0044,SUB-011,33.361522,-112.086755,15.4,6.2,NMC,2020-08-01,SunPower,active
BATT-002754,CUST-0092467,XFMR-014296,FDR-0044,SUB-011,33.361684,-112.087735,469.2,168.3,NMC,2021-03-01,Enphase,active
BATT-002755,CUST-0092488,XFMR-014298,FDR-0044,SUB-011,33.361274,-112.088251,12.2,3.9,NMC,2023-02-01,Generac,active
BATT-002756,CUST-0092492,XFMR-014299,FDR-0044,SUB-011,33.361693,-112.089059,498.9,184.7,lithium-ion,2024-04-01,Tesla,active
BATT-002757,CUST-0092592,XFMR-014313,FDR-0044,SUB-011,33.361268,-112.091898,12.3,4.5,NMC,2023-05-01,Tesla,active
BATT-002758,CUST-0092678,XFMR-014327,FDR-0044,SUB-011,33.361353,-112.095093,16.7,7.8,NMC,2023-09-01,BYD,active
BATT-002759,CUST-0092686,XFMR-014329,FDR-0044,SUB-011,33.361564,-112.095291,10.5,3.2,NMC,2021-03-01,Generac,active
BATT-002760,CUST-0092719,XFMR-014335,FDR-0044,SUB-011,33.361758,-112.096344,13.9,6.2,NMC,2021-01-01,Generac,active
BATT-002761,CUST-0092753,XFMR-014339,FDR-0044,SUB-011,33.361443,-112.097648,9.8,4.0,NMC,2022-09-01,Tesla,active
BATT-002762,CUST-0092766,XFMR-014342,FDR-0044,SUB-011,33.361745,-112.097936,19.5,8.5,lithium-ion,2020-03-01,SolarEdge,active
BATT-002763,CUST-0092786,XFMR-014345,FDR-0044,SUB-011,33.361253,-112.099034,15.1,5.7,lithium-ion,2021-04-01,BYD,active
BATT-002764,CUST-0092791,XFMR-014347,FDR-0044,SUB-011,33.361825,-112.099286,10.9,3.5,lithium-ion,2024-10-01,Generac,active
BATT-002765,CUST-0092833,XFMR-014355,FDR-0044,SUB-011,33.361061,-112.101216,9.2,4.3,lithium-ion,2024-04-01,Tesla,active
BATT-002766,CUST-0092840,XFMR-014355,FDR-0044,SUB-011,33.361197,-112.100913,20.0,7.5,LFP,2020-02-01,Tesla,active
BATT-002767,CUST-0092847,XFMR-014357,FDR-0044,SUB-011,33.361797,-112.101724,358.3,104.5,lithium-ion,2021-06-01,Enphase,active
BATT-002768,CUST-0092857,XFMR-014358,FDR-0044,SUB-011,33.361676,-112.101494,17.1,7.6,lithium-ion,2020-10-01,Enphase,active
BATT-002769,CUST-0092863,XFMR-014359,FDR-0044,SUB-011,33.361752,-112.102157,21.6,10.4,lithium-ion,2022-07-01,SunPower,active
BATT-002770,CUST-0092888,XFMR-014362,FDR-0044,SUB-011,33.361264,-112.101968,9.3,4.1,LFP,2020-03-01,Generac,active
BATT-002771,CUST-0092967,XFMR-014374,FDR-0044,SUB-011,33.361407,-112.104954,14.9,5.9,NMC,2023-11-01,SolarEdge,active
BATT-002772,CUST-0092979,XFMR-014377,FDR-0044,SUB-011,33.361701,-112.105699,12.6,5.8,lithium-ion,2022-06-01,BYD,active
BATT-002773,CUST-0093034,XFMR-014384,FDR-0044,SUB-011,33.361567,-112.10749,14.5,7.2,lithium-ion,2022-07-01,SolarEdge,active
BATT-002774,CUST-0093094,XFMR-014393,FDR-0044,SUB-011,33.361262,-112.109401,9.7,3.3,NMC,2024-02-01,Tesla,active
BATT-002775,CUST-0093146,XFMR-014402,FDR-0044,SUB-011,33.361121,-112.110848,19.0,7.8,NMC,2023-08-01,Enphase,active
BATT-002776,CUST-0093167,XFMR-014406,FDR-0044,SUB-011,33.361235,-112.111865,21.2,6.6,NMC,2020-09-01,SunPower,active
BATT-002777,CUST-0093172,XFMR-014406,FDR-0044,SUB-011,33.361342,-112.112445,18.2,7.1,LFP,2021-07-01,BYD,active
BATT-002778,CUST-0093178,XFMR-014407,FDR-0044,SUB-011,33.361702,-112.112749,13.2,5.7,lithium-ion,2021-02-01,SunPower,active
BATT-002779,CUST-0093249,XFMR-014416,FDR-0044,SUB-011,33.361427,-112.114195,20.1,8.8,lithium-ion,2023-04-01,Enphase,active
BATT-002780,CUST-0093256,XFMR-014418,FDR-0044,SUB-011,33.361128,-112.114906,18.8,8.0,LFP,2023-11-01,Tesla,active
BATT-002781,CUST-0093278,XFMR-014421,FDR-0044,SUB-011,33.361682,-112.11545,15.2,4.7,NMC,2021-12-01,SunPower,active
BATT-002782,CUST-0093287,XFMR-014423,FDR-0044,SUB-011,33.361692,-112.115379,479.2,124.4,lithium-ion,2024-01-01,Generac,active
BATT-002783,CUST-0093317,XFMR-014429,FDR-0044,SUB-011,33.361015,-112.11721,16.3,5.6,NMC,2023-02-01,SolarEdge,active
BATT-002784,CUST-0093351,XFMR-014434,FDR-0044,SUB-011,33.361712,-112.11816,14.3,6.0,LFP,2022-01-01,Tesla,active
BATT-002785,CUST-0093437,XFMR-014449,FDR-0044,SUB-011,33.361328,-112.121766,10.9,5.1,lithium-ion,2022-04-01,SunPower,active
BATT-002786,CUST-0093443,XFMR-014449,FDR-0044,SUB-011,33.361653,-112.121618,20.9,9.7,NMC,2022-07-01,Tesla,active
BATT-002787,CUST-0093481,XFMR-014456,FDR-0044,SUB-011,33.361602,-112.123102,19.9,9.3,lithium-ion,2024-11-01,SunPower,active
BATT-002788,CUST-0093517,XFMR-014462,FDR-0044,SUB-011,33.361702,-112.124732,17.4,8.7,lithium-ion,2020-08-01,Tesla,active
BATT-002789,CUST-0093530,XFMR-014464,FDR-0044,SUB-011,33.36145,-112.125366,10.9,5.2,LFP,2024-09-01,Generac,inactive
BATT-002790,CUST-0093544,XFMR-014466,FDR-0044,SUB-011,33.361528,-112.124911,15.2,6.8,LFP,2020-06-01,Tesla,active
BATT-002791,CUST-0093604,XFMR-014473,FDR-0044,SUB-011,33.361277,-112.126643,13.2,6.0,LFP,2021-05-01,Tesla,active
BATT-002792,CUST-0093615,XFMR-014474,FDR-0044,SUB-011,33.361006,-112.126746,12.2,5.0,NMC,2020-09-01,SolarEdge,active
BATT-002793,CUST-0093628,XFMR-014477,FDR-0044,SUB-011,33.361367,-112.12752,15.2,5.9,LFP,2023-01-01,Generac,active
BATT-002794,CUST-0093630,XFMR-014478,FDR-0044,SUB-011,33.361187,-112.127998,14.4,6.4,NMC,2024-06-01,BYD,active
BATT-002795,CUST-0093653,XFMR-014481,FDR-0044,SUB-011,33.361581,-112.128355,12.4,3.8,NMC,2024-05-01,SunPower,active
BATT-002796,CUST-0093660,XFMR-014482,FDR-0044,SUB-011,33.361667,-112.128513,19.0,9.2,NMC,2024-07-01,SolarEdge,active
BATT-002797,CUST-0093680,XFMR-014485,FDR-0044,SUB-011,33.361661,-112.129637,10.2,5.1,NMC,2021-09-01,Tesla,active
BATT-002798,CUST-0093720,XFMR-014492,FDR-0044,SUB-011,33.36126,-112.131123,16.7,8.1,LFP,2022-03-01,Tesla,active
BATT-002799,CUST-0093731,XFMR-014494,FDR-0044,SUB-011,33.361202,-112.131142,10.2,4.1,LFP,2020-01-01,BYD,active
BATT-002800,CUST-0093755,XFMR-014497,FDR-0044,SUB-011,33.361226,-112.13203,20.3,9.6,NMC,2021-05-01,Tesla,active
BATT-002801,CUST-0093821,XFMR-014505,FDR-0044,SUB-011,33.361372,-112.133835,13.4,5.2,LFP,2022-12-01,BYD,active
BATT-002802,CUST-0093847,XFMR-014509,FDR-0044,SUB-011,33.361397,-112.135154,480.2,154.9,LFP,2023-06-01,Generac,active
BATT-002803,CUST-0093894,XFMR-014515,FDR-0044,SUB-011,33.361816,-112.135702,10.1,4.2,LFP,2020-01-01,SolarEdge,active
BATT-002804,CUST-0093902,XFMR-014518,FDR-0044,SUB-011,33.361696,-112.137047,9.8,3.2,NMC,2021-09-01,Enphase,active
BATT-002805,CUST-0094084,XFMR-014545,FDR-0044,SUB-011,33.361042,-112.142511,19.7,8.7,NMC,2023-04-01,Enphase,active
BATT-002806,CUST-0094093,XFMR-014547,FDR-0044,SUB-011,33.3612,-112.143675,9.8,4.8,LFP,2020-04-01,Generac,active
BATT-002807,CUST-0094114,XFMR-014549,FDR-0044,SUB-011,33.361307,-112.143999,15.4,7.1,NMC,2020-12-01,Generac,active
BATT-002808,CUST-0094119,XFMR-014551,FDR-0044,SUB-011,33.361567,-112.143939,447.9,206.2,LFP,2023-10-01,Generac,active
BATT-002809,CUST-0094134,XFMR-014553,FDR-0044,SUB-011,33.36172,-112.145048,19.4,9.1,lithium-ion,2024-10-01,SunPower,active
BATT-002810,CUST-0094171,XFMR-014559,FDR-0044,SUB-011,33.361595,-112.145582,13.6,4.3,LFP,2023-11-01,Tesla,active
BATT-002811,CUST-0094232,XFMR-014569,FDR-0045,SUB-011,33.360044,-112.07428,21.8,8.1,NMC,2022-08-01,Enphase,active
BATT-002812,CUST-0094236,XFMR-014569,FDR-0045,SUB-011,33.359909,-112.074112,14.7,4.9,LFP,2023-09-01,Enphase,active
BATT-002813,CUST-0094257,XFMR-014573,FDR-0045,SUB-011,33.359127,-112.07393,58.7,18.9,NMC,2022-11-01,Tesla,active
BATT-002814,CUST-0094272,XFMR-014576,FDR-0045,SUB-011,33.359003,-112.074303,10.9,5.1,LFP,2023-09-01,SolarEdge,active
BATT-002815,CUST-0094289,XFMR-014579,FDR-0045,SUB-011,33.357821,-112.073765,13.1,4.1,lithium-ion,2022-09-01,Enphase,active
BATT-002816,CUST-0094317,XFMR-014582,FDR-0045,SUB-011,33.357114,-112.074195,12.3,5.1,NMC,2021-04-01,SolarEdge,active
BATT-002817,CUST-0094378,XFMR-014590,FDR-0045,SUB-011,33.355695,-112.073733,9.6,3.6,lithium-ion,2020-09-01,BYD,active
BATT-002818,CUST-0094404,XFMR-014593,FDR-0045,SUB-011,33.355524,-112.074207,13.0,5.9,lithium-ion,2020-10-01,Enphase,active
BATT-002819,CUST-0094450,XFMR-014600,FDR-0045,SUB-011,33.353806,-112.073901,21.3,8.9,NMC,2022-10-01,SolarEdge,active
BATT-002820,CUST-0094474,XFMR-014604,FDR-0045,SUB-011,33.352782,-112.073983,434.5,186.4,lithium-ion,2022-10-01,Tesla,active
BATT-002821,CUST-0094482,XFMR-014605,FDR-0045,SUB-011,33.353079,-112.074245,9.6,3.1,NMC,2021-10-01,SunPower,active
BATT-002822,CUST-0094485,XFMR-014606,FDR-0045,SUB-011,33.352169,-112.074171,18.9,8.8,LFP,2024-11-01,Enphase,active
BATT-002823,CUST-0094549,XFMR-014615,FDR-0045,SUB-011,33.350449,-112.074283,14.0,6.0,lithium-ion,2024-01-01,Generac,active
BATT-002824,CUST-0094596,XFMR-014621,FDR-0045,SUB-011,33.349811,-112.074096,12.5,4.4,NMC,2020-05-01,SolarEdge,active
BATT-002825,CUST-0094600,XFMR-014621,FDR-0045,SUB-011,33.349629,-112.073768,115.4,48.8,NMC,2021-04-01,SolarEdge,active
BATT-002826,CUST-0094632,XFMR-014626,FDR-0045,SUB-011,33.348534,-112.073904,15.0,6.7,NMC,2024-03-01,Enphase,active
BATT-002827,CUST-0094652,XFMR-014629,FDR-0045,SUB-011,33.347821,-112.074218,9.8,4.2,lithium-ion,2024-12-01,Tesla,active
BATT-002828,CUST-0094663,XFMR-014630,FDR-0045,SUB-011,33.347356,-112.074034,15.9,7.7,lithium-ion,2021-05-01,SolarEdge,active
BATT-002829,CUST-0094751,XFMR-014642,FDR-0045,SUB-011,33.344769,-112.074453,17.4,6.1,LFP,2021-01-01,SolarEdge,active
BATT-002830,CUST-0094768,XFMR-014647,FDR-0045,SUB-011,33.343703,-112.074326,20.2,8.7,NMC,2024-08-01,Tesla,active
BATT-002831,CUST-0094793,XFMR-014650,FDR-0045,SUB-011,33.343664,-112.07381,9.3,4.4,LFP,2021-09-01,Enphase,active
BATT-002832,CUST-0094803,XFMR-014651,FDR-0045,SUB-011,33.343375,-112.074186,464.9,145.5,LFP,2023-09-01,BYD,active
BATT-002833,CUST-0094824,XFMR-014654,FDR-0045,SUB-011,33.342734,-112.073549,10.8,4.7,LFP,2023-10-01,Tesla,active
BATT-002834,CUST-0094846,XFMR-014658,FDR-0045,SUB-011,33.341797,-112.074397,19.3,7.8,lithium-ion,2024-04-01,BYD,active
BATT-002835,CUST-0094967,XFMR-014671,FDR-0045,SUB-011,33.338906,-112.074269,19.1,5.9,LFP,2024-10-01,Enphase,active
BATT-002836,CUST-0095108,XFMR-014691,FDR-0045,SUB-011,33.334602,-112.073747,376.8,114.7,NMC,2023-08-01,SolarEdge,active
BATT-002837,CUST-0095149,XFMR-014697,FDR-0045,SUB-011,33.334151,-112.073809,36.6,13.5,NMC,2024-12-01,SunPower,active
BATT-002838,CUST-0095186,XFMR-014703,FDR-0045,SUB-011,33.332898,-112.074413,14.3,4.6,lithium-ion,2024-04-01,SolarEdge,active
BATT-002839,CUST-0095188,XFMR-014703,FDR-0045,SUB-011,33.332228,-112.07425,14.6,5.2,lithium-ion,2023-07-01,SolarEdge,active
BATT-002840,CUST-0095198,XFMR-014705,FDR-0045,SUB-011,33.332052,-112.074432,14.5,6.9,lithium-ion,2023-07-01,Enphase,active
BATT-002841,CUST-0095233,XFMR-014711,FDR-0045,SUB-011,33.331134,-112.073931,10.6,5.0,lithium-ion,2021-08-01,BYD,active
BATT-002842,CUST-0095258,XFMR-014714,FDR-0045,SUB-011,33.329835,-112.073679,18.2,7.4,lithium-ion,2020-01-01,Enphase,active
BATT-002843,CUST-0095335,XFMR-014723,FDR-0045,SUB-011,33.32867,-112.074359,10.4,4.2,lithium-ion,2022-07-01,SunPower,active
BATT-002844,CUST-0095373,XFMR-014731,FDR-0045,SUB-011,33.32642,-112.074463,14.8,6.9,LFP,2023-10-01,BYD,active
BATT-002845,CUST-0095379,XFMR-014732,FDR-0045,SUB-011,33.326405,-112.074264,12.5,5.0,NMC,2021-06-01,SunPower,active
BATT-002846,CUST-0095427,XFMR-014740,FDR-0045,SUB-011,33.324942,-112.074137,14.3,4.6,lithium-ion,2024-03-01,Enphase,active
BATT-002847,CUST-0095457,XFMR-014744,FDR-0045,SUB-011,33.32362,-112.073708,246.9,69.3,NMC,2020-09-01,BYD,active
BATT-002848,CUST-0095464,XFMR-014746,FDR-0045,SUB-011,33.323839,-112.074501,14.8,5.6,lithium-ion,2023-08-01,Tesla,active
BATT-002849,CUST-0095487,XFMR-014750,FDR-0045,SUB-011,33.322522,-112.07392,10.2,3.1,NMC,2024-10-01,Tesla,active
BATT-002850,CUST-0095489,XFMR-014750,FDR-0045,SUB-011,33.322772,-112.07435,18.4,6.4,NMC,2021-04-01,Enphase,active
BATT-002851,CUST-0095501,XFMR-014753,FDR-0045,SUB-011,33.321929,-112.073699,14.0,6.7,NMC,2022-02-01,BYD,inactive
BATT-002852,CUST-0095596,XFMR-014767,FDR-0045,SUB-011,33.318944,-112.074268,12.2,4.5,lithium-ion,2020-05-01,Enphase,active
BATT-002853,CUST-0095659,XFMR-014779,FDR-0045,SUB-011,33.316997,-112.07361,14.7,6.3,NMC,2020-01-01,BYD,active
BATT-002854,CUST-0095747,XFMR-014794,FDR-0045,SUB-011,33.313577,-112.073746,16.7,5.7,LFP,2020-10-01,Tesla,active
BATT-002855,CUST-0095763,XFMR-014796,FDR-0045,SUB-011,33.312833,-112.07433,44.2,19.6,NMC,2020-09-01,BYD,active
BATT-002856,CUST-0095787,XFMR-014799,FDR-0045,SUB-011,33.312539,-112.074342,10.7,4.7,NMC,2021-04-01,SunPower,active
BATT-002857,CUST-0095808,XFMR-014800,FDR-0045,SUB-011,33.312085,-112.073758,10.6,4.0,LFP,2024-12-01,BYD,active
BATT-002858,CUST-0095809,XFMR-014801,FDR-0045,SUB-011,33.312619,-112.074087,16.6,8.1,LFP,2022-08-01,BYD,active
BATT-002859,CUST-0095814,XFMR-014802,FDR-0045,SUB-011,33.311885,-112.074451,14.0,4.2,LFP,2024-07-01,SolarEdge,active
BATT-002860,CUST-0095937,XFMR-014823,FDR-0045,SUB-011,33.307629,-112.073745,19.5,9.4,LFP,2020-01-01,Enphase,active
BATT-002861,CUST-0096015,XFMR-014834,FDR-0045,SUB-011,33.305599,-112.073729,19.8,8.9,NMC,2020-08-01,Generac,active
BATT-002862,CUST-0096032,XFMR-014837,FDR-0045,SUB-011,33.304958,-112.074394,15.3,7.1,NMC,2021-08-01,SunPower,active
BATT-002863,CUST-0096033,XFMR-014837,FDR-0045,SUB-011,33.304853,-112.073726,16.5,6.5,LFP,2022-08-01,SunPower,active
BATT-002864,CUST-0096038,XFMR-014837,FDR-0045,SUB-011,33.305021,-112.073815,17.1,6.7,NMC,2020-05-01,Generac,active
BATT-002865,CUST-0096075,XFMR-014844,FDR-0045,SUB-011,33.30307,-112.073778,21.5,6.7,NMC,2024-11-01,SunPower,active
BATT-002866,CUST-0096086,XFMR-014846,FDR-0045,SUB-011,33.302972,-112.07366,21.7,6.8,LFP,2020-05-01,Tesla,active
BATT-002867,CUST-0096095,XFMR-014848,FDR-0045,SUB-011,33.302567,-112.073738,10.8,4.4,LFP,2022-11-01,BYD,active
BATT-002868,CUST-0096096,XFMR-014848,FDR-0045,SUB-011,33.302396,-112.073517,10.6,3.3,lithium-ion,2021-03-01,BYD,active
BATT-002869,CUST-0096100,XFMR-014849,FDR-0045,SUB-011,33.302057,-112.074224,14.1,5.6,LFP,2020-01-01,Tesla,active
BATT-002870,CUST-0096163,XFMR-014859,FDR-0045,SUB-011,33.300424,-112.074311,18.8,6.0,LFP,2020-11-01,Tesla,active
BATT-002871,CUST-0096228,XFMR-014868,FDR-0045,SUB-011,33.29869,-112.073768,248.9,110.5,NMC,2022-10-01,SunPower,active
BATT-002872,CUST-0096230,XFMR-014868,FDR-0045,SUB-011,33.298349,-112.074328,21.8,10.0,LFP,2021-12-01,BYD,active
BATT-002873,CUST-0096238,XFMR-014870,FDR-0045,SUB-011,33.298262,-112.073704,220.9,74.4,LFP,2021-02-01,BYD,active
BATT-002874,CUST-0096305,XFMR-014880,FDR-0045,SUB-011,33.295605,-112.07414,479.9,214.6,NMC,2024-12-01,Generac,active
BATT-002875,CUST-0096335,XFMR-014886,FDR-0045,SUB-011,33.294933,-112.073738,14.4,5.7,NMC,2020-09-01,SolarEdge,active
BATT-002876,CUST-0096442,XFMR-014902,FDR-0045,SUB-011,33.290974,-112.073493,16.1,6.7,NMC,2022-04-01,BYD,active
BATT-002877,CUST-0096493,XFMR-014911,FDR-0045,SUB-011,33.289004,-112.07379,17.4,6.7,NMC,2021-02-01,Tesla,active
BATT-002878,CUST-0096585,XFMR-014922,FDR-0045,SUB-011,33.287172,-112.073781,80.6,25.6,lithium-ion,2024-09-01,Enphase,active
BATT-002879,CUST-0096602,XFMR-014924,FDR-0045,SUB-011,33.28652,-112.073822,12.5,5.7,lithium-ion,2021-10-01,BYD,active
BATT-002880,CUST-0096606,XFMR-014926,FDR-0045,SUB-011,33.285992,-112.074373,12.7,4.5,NMC,2020-03-01,Tesla,active
BATT-002881,CUST-0096608,XFMR-014926,FDR-0045,SUB-011,33.286636,-112.073781,16.6,7.6,NMC,2021-06-01,SolarEdge,active
BATT-002882,CUST-0096617,XFMR-014928,FDR-0045,SUB-011,33.285943,-112.07411,86.0,37.2,NMC,2024-09-01,Enphase,active
BATT-002883,CUST-0096654,XFMR-014933,FDR-0045,SUB-011,33.285089,-112.074447,340.4,137.0,LFP,2023-01-01,Tesla,active
BATT-002884,CUST-0096680,XFMR-014936,FDR-0045,SUB-011,33.284016,-112.073852,16.4,6.1,lithium-ion,2022-02-01,Tesla,active
BATT-002885,CUST-0096683,XFMR-014936,FDR-0045,SUB-011,33.28458,-112.074198,13.3,6.6,LFP,2020-01-01,SolarEdge,active
BATT-002886,CUST-0096689,XFMR-014937,FDR-0045,SUB-011,33.283714,-112.074447,9.8,3.6,NMC,2020-03-01,SolarEdge,active
BATT-002887,CUST-0096719,XFMR-014943,FDR-0045,SUB-011,33.282728,-112.074024,22.6,8.3,NMC,2023-02-01,Tesla,active
BATT-002888,CUST-0096741,XFMR-014945,FDR-0045,SUB-011,33.282661,-112.074469,14.5,7.2,NMC,2023-05-01,Generac,active
BATT-002889,CUST-0096822,XFMR-014959,FDR-0045,SUB-011,33.279552,-112.074437,15.5,5.8,NMC,2022-03-01,Generac,active
BATT-002890,CUST-0096881,XFMR-014967,FDR-0045,SUB-011,33.27787,-112.074326,11.0,3.4,lithium-ion,2021-02-01,Enphase,active
BATT-002891,CUST-0096911,XFMR-014973,FDR-0045,SUB-011,33.276283,-112.073786,127.6,56.3,lithium-ion,2023-05-01,Enphase,active
BATT-002892,CUST-0096951,XFMR-014978,FDR-0045,SUB-011,33.275221,-112.073906,14.9,7.1,LFP,2020-02-01,Generac,active
BATT-002893,CUST-0096967,XFMR-014981,FDR-0045,SUB-011,33.274559,-112.07373,99.2,47.5,NMC,2020-04-01,SunPower,active
BATT-002894,CUST-0097011,XFMR-014988,FDR-0046,SUB-011,33.363376,-112.07439,86.8,30.6,LFP,2021-02-01,Generac,active
BATT-002895,CUST-0097049,XFMR-014993,FDR-0046,SUB-011,33.365383,-112.074408,13.4,5.0,lithium-ion,2024-08-01,BYD,active
BATT-002896,CUST-0097160,XFMR-015005,FDR-0046,SUB-011,33.370054,-112.073579,18.7,8.3,NMC,2024-10-01,Enphase,active
BATT-002897,CUST-0097173,XFMR-015006,FDR-0046,SUB-011,33.369732,-112.07389,9.4,4.4,lithium-ion,2023-01-01,Enphase,active
BATT-002898,CUST-0097193,XFMR-015009,FDR-0046,SUB-011,33.370844,-112.073875,20.6,8.0,NMC,2020-09-01,SunPower,active
BATT-002899,CUST-0097267,XFMR-015021,FDR-0046,SUB-011,33.375359,-112.074512,20.9,9.6,LFP,2024-07-01,SunPower,active
BATT-002900,CUST-0097287,XFMR-015026,FDR-0046,SUB-011,33.376994,-112.073759,347.7,124.3,LFP,2024-03-01,Generac,active
BATT-002901,CUST-0097298,XFMR-015027,FDR-0046,SUB-011,33.378008,-112.074246,14.5,6.6,LFP,2021-08-01,Enphase,active
BATT-002902,CUST-0097305,XFMR-015027,FDR-0046,SUB-011,33.377508,-112.074229,13.0,5.7,lithium-ion,2020-02-01,Generac,active
BATT-002903,CUST-0097311,XFMR-015028,FDR-0046,SUB-011,33.377676,-112.074377,21.0,6.9,LFP,2023-10-01,SunPower,active
BATT-002904,CUST-0097377,XFMR-015038,FDR-0046,SUB-011,33.381565,-112.073711,15.9,5.1,NMC,2024-02-01,SunPower,active
BATT-002905,CUST-0097422,XFMR-015045,FDR-0046,SUB-011,33.383848,-112.073762,12.2,4.6,NMC,2020-04-01,SunPower,active
BATT-002906,CUST-0097461,XFMR-015052,FDR-0046,SUB-011,33.386599,-112.073687,14.3,5.6,LFP,2021-04-01,SolarEdge,active
BATT-002907,CUST-0097486,XFMR-015056,FDR-0046,SUB-011,33.388016,-112.074136,19.8,9.2,lithium-ion,2023-11-01,BYD,active
BATT-002908,CUST-0097490,XFMR-015056,FDR-0046,SUB-011,33.388132,-112.074304,15.5,6.0,lithium-ion,2023-04-01,BYD,active
BATT-002909,CUST-0097506,XFMR-015058,FDR-0046,SUB-011,33.388552,-112.074429,10.6,3.2,lithium-ion,2024-06-01,SunPower,active
BATT-002910,CUST-0097516,XFMR-015059,FDR-0046,SUB-011,33.389103,-112.074268,16.4,5.8,lithium-ion,2022-02-01,Enphase,active
BATT-002911,CUST-0097567,XFMR-015065,FDR-0046,SUB-011,33.391624,-112.074107,430.7,179.0,lithium-ion,2022-06-01,SolarEdge,active
BATT-002912,CUST-0097578,XFMR-015067,FDR-0046,SUB-011,33.392344,-112.073761,14.3,6.3,LFP,2022-09-01,Enphase,active
BATT-002913,CUST-0097586,XFMR-015068,FDR-0046,SUB-011,33.392401,-112.073815,19.7,8.8,NMC,2021-03-01,SunPower,active
BATT-002914,CUST-0097600,XFMR-015071,FDR-0046,SUB-011,33.393947,-112.074086,28.2,9.2,lithium-ion,2020-12-01,Enphase,active
BATT-002915,CUST-0097611,XFMR-015073,FDR-0046,SUB-011,33.393976,-112.074219,25.3,8.2,LFP,2023-03-01,BYD,inactive
BATT-002916,CUST-0097657,XFMR-015079,FDR-0046,SUB-011,33.396527,-112.07371,18.9,6.4,NMC,2023-04-01,Enphase,active
BATT-002917,CUST-0097669,XFMR-015081,FDR-0046,SUB-011,33.397051,-112.073679,14.5,6.7,LFP,2024-03-01,SunPower,active
BATT-002918,CUST-0097706,XFMR-015087,FDR-0046,SUB-011,33.39897,-112.073597,318.8,131.0,NMC,2023-02-01,SolarEdge,active
BATT-002919,CUST-0097738,XFMR-015092,FDR-0046,SUB-011,33.400755,-112.074306,259.8,123.5,NMC,2022-06-01,Enphase,active
BATT-002920,CUST-0097744,XFMR-015093,FDR-0046,SUB-011,33.401192,-112.074143,17.3,5.5,NMC,2023-08-01,Generac,active
BATT-002921,CUST-0097777,XFMR-015096,FDR-0046,SUB-011,33.402323,-112.073896,9.2,4.2,lithium-ion,2023-01-01,Generac,active
BATT-002922,CUST-0097798,XFMR-015099,FDR-0046,SUB-011,33.403697,-112.07374,16.2,6.0,NMC,2024-05-01,SunPower,active
BATT-002923,CUST-0097832,XFMR-015102,FDR-0046,SUB-011,33.404981,-112.074312,14.5,6.5,lithium-ion,2020-01-01,BYD,active
BATT-002924,CUST-0097902,XFMR-015114,FDR-0046,SUB-011,33.409483,-112.073763,18.5,5.8,LFP,2024-10-01,SunPower,active
BATT-002925,CUST-0097934,XFMR-015120,FDR-0046,SUB-011,33.411341,-112.074176,15.7,6.7,lithium-ion,2023-06-01,SolarEdge,active
BATT-002926,CUST-0097942,XFMR-015122,FDR-0046,SUB-011,33.41214,-112.073741,19.6,8.9,LFP,2024-12-01,SunPower,active
BATT-002927,CUST-0097972,XFMR-015125,FDR-0046,SUB-011,33.41334,-112.073948,410.1,194.6,NMC,2021-08-01,Enphase,active
BATT-002928,CUST-0098016,XFMR-015133,FDR-0046,SUB-011,33.415755,-112.073806,18.8,7.4,LFP,2024-01-01,BYD,active
BATT-002929,CUST-0098058,XFMR-015139,FDR-0046,SUB-011,33.418128,-112.074429,16.4,5.0,lithium-ion,2023-02-01,Enphase,active
BATT-002930,CUST-0098087,XFMR-015146,FDR-0046,SUB-011,33.420379,-112.07411,17.3,8.4,lithium-ion,2020-12-01,BYD,active
BATT-002931,CUST-0098107,XFMR-015149,FDR-0046,SUB-011,33.421763,-112.073699,277.6,73.8,NMC,2020-06-01,Generac,active
BATT-002932,CUST-0098121,XFMR-015151,FDR-0046,SUB-011,33.42281,-112.074093,15.5,5.6,lithium-ion,2024-11-01,SunPower,active
BATT-002933,CUST-0098124,XFMR-015151,FDR-0046,SUB-011,33.422279,-112.073595,19.6,6.9,NMC,2020-01-01,BYD,active
BATT-002934,CUST-0098165,XFMR-015157,FDR-0046,SUB-011,33.424869,-112.074387,13.3,6.5,LFP,2021-03-01,SolarEdge,active
BATT-002935,CUST-0098259,XFMR-015169,FDR-0046,SUB-011,33.429138,-112.073877,352.5,111.0,LFP,2024-01-01,Enphase,active
BATT-002936,CUST-0098328,XFMR-015179,FDR-0046,SUB-011,33.432539,-112.073939,18.0,5.6,LFP,2020-01-01,Generac,active
BATT-002937,CUST-0098353,XFMR-015187,FDR-0046,SUB-011,33.435037,-112.074269,14.0,6.1,lithium-ion,2022-04-01,Enphase,active
BATT-002938,CUST-0098417,XFMR-015198,FDR-0046,SUB-011,33.439492,-112.074241,17.4,7.9,LFP,2024-03-01,SolarEdge,active
BATT-002939,CUST-0098469,XFMR-015204,FDR-0046,SUB-011,33.441196,-112.074193,21.4,6.7,NMC,2024-06-01,Enphase,active
BATT-002940,CUST-0098486,XFMR-015206,FDR-0046,SUB-011,33.441939,-112.074272,17.5,7.6,lithium-ion,2020-04-01,Tesla,active
BATT-002941,CUST-0098643,XFMR-015230,FDR-0047,SUB-011,33.361187,-112.071627,15.4,7.6,NMC,2021-06-01,SunPower,active
BATT-002942,CUST-0098663,XFMR-015232,FDR-0047,SUB-011,33.361203,-112.070944,10.6,4.1,lithium-ion,2020-06-01,Enphase,active
BATT-002943,CUST-0098665,XFMR-015232,FDR-0047,SUB-011,33.361223,-112.07066,14.8,5.1,LFP,2024-05-01,SolarEdge,active
BATT-002944,CUST-0098681,XFMR-015236,FDR-0047,SUB-011,33.361849,-112.069341,14.8,7.1,LFP,2021-07-01,SunPower,active
BATT-002945,CUST-0098752,XFMR-015248,FDR-0047,SUB-011,33.361052,-112.066279,19.1,6.3,lithium-ion,2021-08-01,SolarEdge,active
BATT-002946,CUST-0098762,XFMR-015249,FDR-0047,SUB-011,33.361633,-112.065877,14.8,5.5,NMC,2020-06-01,BYD,active
BATT-002947,CUST-0098810,XFMR-015258,FDR-0047,SUB-011,33.36176,-112.063384,19.0,6.9,LFP,2023-01-01,SunPower,active
BATT-002948,CUST-0098837,XFMR-015263,FDR-0047,SUB-011,33.361536,-112.061197,19.3,7.9,LFP,2020-10-01,Enphase,active
BATT-002949,CUST-0098873,XFMR-015270,FDR-0047,SUB-011,33.361185,-112.059896,64.6,27.3,LFP,2024-01-01,SolarEdge,active
BATT-002950,CUST-0098894,XFMR-015272,FDR-0047,SUB-011,33.36117,-112.058933,15.6,6.6,LFP,2023-12-01,SolarEdge,active
BATT-002951,CUST-0098896,XFMR-015273,FDR-0047,SUB-011,33.361143,-112.05841,9.4,4.1,lithium-ion,2024-08-01,SolarEdge,active
BATT-002952,CUST-0098916,XFMR-015275,FDR-0047,SUB-011,33.361578,-112.057459,14.0,5.4,lithium-ion,2020-07-01,Enphase,active
BATT-002953,CUST-0098962,XFMR-015285,FDR-0047,SUB-011,33.361362,-112.054835,352.3,97.9,lithium-ion,2022-04-01,SunPower,active
BATT-002954,CUST-0098972,XFMR-015287,FDR-0047,SUB-011,33.361289,-112.05455,91.9,23.6,NMC,2023-06-01,Enphase,active
BATT-002955,CUST-0099074,XFMR-015306,FDR-0047,SUB-011,33.361742,-112.048661,162.0,69.7,NMC,2020-05-01,Enphase,active
BATT-002956,CUST-0099110,XFMR-015311,FDR-0047,SUB-011,33.361657,-112.047144,15.0,6.1,LFP,2020-12-01,BYD,active
BATT-002957,CUST-0099146,XFMR-015317,FDR-0047,SUB-011,33.361479,-112.045204,13.8,5.8,NMC,2020-12-01,BYD,active
BATT-002958,CUST-0099157,XFMR-015318,FDR-0047,SUB-011,33.361809,-112.045327,195.8,87.7,lithium-ion,2024-08-01,Enphase,active
BATT-002959,CUST-0099231,XFMR-015330,FDR-0047,SUB-011,33.361156,-112.040801,14.6,5.7,lithium-ion,2022-07-01,Tesla,active
BATT-002960,CUST-0099313,XFMR-015341,FDR-0047,SUB-011,33.361272,-112.03777,21.2,7.7,NMC,2020-03-01,SunPower,active
BATT-002961,CUST-0099364,XFMR-015350,FDR-0047,SUB-011,33.36155,-112.035423,13.2,5.6,LFP,2023-03-01,BYD,active
BATT-002962,CUST-0099386,XFMR-015353,FDR-0047,SUB-011,33.361526,-112.033989,19.4,9.5,NMC,2020-10-01,BYD,active
BATT-002963,CUST-0099387,XFMR-015353,FDR-0047,SUB-011,33.361209,-112.033779,20.4,9.8,NMC,2020-01-01,Tesla,active
BATT-002964,CUST-0099412,XFMR-015357,FDR-0047,SUB-011,33.361277,-112.032581,18.2,8.6,lithium-ion,2020-07-01,SolarEdge,inactive
BATT-002965,CUST-0099444,XFMR-015362,FDR-0047,SUB-011,33.361813,-112.031854,9.3,3.5,LFP,2020-07-01,Tesla,active
BATT-002966,CUST-0099505,XFMR-015370,FDR-0047,SUB-011,33.361632,-112.029296,15.9,5.9,NMC,2022-09-01,Generac,active
BATT-002967,CUST-0099509,XFMR-015370,FDR-0047,SUB-011,33.361084,-112.02933,321.6,92.0,lithium-ion,2023-12-01,Enphase,active
BATT-002968,CUST-0099571,XFMR-015378,FDR-0047,SUB-011,33.36138,-112.026677,13.4,5.4,NMC,2024-08-01,BYD,active
BATT-002969,CUST-0099575,XFMR-015379,FDR-0047,SUB-011,33.361294,-112.025958,18.7,6.7,LFP,2024-08-01,BYD,active
BATT-002970,CUST-0099588,XFMR-015380,FDR-0047,SUB-011,33.361313,-112.025955,13.1,4.0,LFP,2023-09-01,SolarEdge,active
BATT-002971,CUST-0099589,XFMR-015380,FDR-0047,SUB-011,33.361235,-112.026469,9.3,4.1,lithium-ion,2021-10-01,Enphase,active
BATT-002972,CUST-0099664,XFMR-015393,FDR-0047,SUB-011,33.361182,-112.02234,14.9,5.8,NMC,2021-05-01,Tesla,inactive
BATT-002973,CUST-0099735,XFMR-015405,FDR-0048,SUB-011,33.361322,-112.074151,88.6,31.9,NMC,2024-06-01,Generac,active
BATT-002974,CUST-0099778,XFMR-015412,FDR-0048,SUB-011,33.36138,-112.075789,20.5,6.9,LFP,2023-02-01,Generac,inactive
BATT-002975,CUST-0099821,XFMR-015421,FDR-0048,SUB-011,33.361375,-112.078318,19.0,7.6,lithium-ion,2021-08-01,BYD,active
BATT-002976,CUST-0099825,XFMR-015421,FDR-0048,SUB-011,33.361762,-112.07799,19.1,7.4,NMC,2020-06-01,Generac,active
BATT-002977,CUST-0099827,XFMR-015422,FDR-0048,SUB-011,33.361242,-112.077863,9.5,3.1,LFP,2022-02-01,Tesla,active
BATT-002978,CUST-0099854,XFMR-015424,FDR-0048,SUB-011,33.361251,-112.079276,19.8,7.9,lithium-ion,2024-01-01,SolarEdge,active
BATT-002979,CUST-0099900,XFMR-015431,FDR-0048,SUB-011,33.361659,-112.080233,16.0,6.7,NMC,2021-05-01,Generac,active
BATT-002980,CUST-0099933,XFMR-015435,FDR-0048,SUB-011,33.361549,-112.08153,9.9,3.7,LFP,2022-12-01,Tesla,active
BATT-002981,CUST-0099941,XFMR-015436,FDR-0048,SUB-011,33.361825,-112.082134,36.0,15.5,NMC,2023-01-01,Tesla,active
BATT-002982,CUST-0100000,XFMR-015445,FDR-0048,SUB-011,33.361758,-112.083916,19.8,9.4,NMC,2023-12-01,Enphase,active
BATT-002983,CUST-0100017,XFMR-015447,FDR-0048,SUB-011,33.361575,-112.084406,19.2,5.9,LFP,2021-07-01,SunPower,active
BATT-002984,CUST-0100040,XFMR-015451,FDR-0048,SUB-011,33.36119,-112.085396,232.7,66.9,lithium-ion,2020-10-01,SunPower,active
BATT-002985,CUST-0100050,XFMR-015453,FDR-0048,SUB-011,33.361692,-112.08598,14.0,4.9,lithium-ion,2022-03-01,BYD,active
BATT-002986,CUST-0100164,XFMR-015470,FDR-0048,SUB-011,33.361463,-112.089447,245.6,74.2,lithium-ion,2022-04-01,SunPower,active
BATT-002987,CUST-0100184,XFMR-015472,FDR-0048,SUB-011,33.361152,-112.090008,9.3,3.7,lithium-ion,2022-07-01,Generac,active
BATT-002988,CUST-0100201,XFMR-015475,FDR-0048,SUB-011,33.361405,-112.090744,16.7,5.6,lithium-ion,2020-08-01,Generac,active
BATT-002989,CUST-0100247,XFMR-015481,FDR-0048,SUB-011,33.361325,-112.092618,12.4,5.9,LFP,2021-05-01,BYD,active
BATT-002990,CUST-0100257,XFMR-015482,FDR-0048,SUB-011,33.361645,-112.092501,18.8,7.2,lithium-ion,2020-08-01,Enphase,active
BATT-002991,CUST-0100272,XFMR-015484,FDR-0048,SUB-011,33.36171,-112.092775,19.2,6.0,NMC,2024-10-01,Generac,active
BATT-002992,CUST-0100352,XFMR-015497,FDR-0048,SUB-011,33.361653,-112.095794,11.0,4.1,lithium-ion,2024-02-01,Generac,active
BATT-002993,CUST-0100382,XFMR-015502,FDR-0048,SUB-011,33.361537,-112.097819,9.5,3.8,LFP,2024-04-01,Enphase,active
BATT-002994,CUST-0100399,XFMR-015504,FDR-0048,SUB-011,33.361181,-112.097689,14.0,5.3,LFP,2022-01-01,Generac,active
BATT-002995,CUST-0100471,XFMR-015516,FDR-0048,SUB-011,33.361767,-112.101179,14.3,6.6,LFP,2021-09-01,SunPower,active
BATT-002996,CUST-0100498,XFMR-015519,FDR-0048,SUB-011,33.361773,-112.101363,10.0,4.4,LFP,2022-08-01,SolarEdge,active
BATT-002997,CUST-0100504,XFMR-015519,FDR-0048,SUB-011,33.361789,-112.101269,325.6,93.8,lithium-ion,2024-10-01,SolarEdge,active
BATT-002998,CUST-0100525,XFMR-015521,FDR-0048,SUB-011,33.361821,-112.102109,10.8,3.5,NMC,2023-11-01,BYD,active
BATT-002999,CUST-0100542,XFMR-015525,FDR-0048,SUB-011,33.36138,-112.10257,20.8,7.9,lithium-ion,2024-01-01,SolarEdge,active
BATT-003000,CUST-0100576,XFMR-015530,FDR-0048,SUB-011,33.361134,-112.104026,332.8,98.3,LFP,2020-12-01,Tesla,active
BATT-003001,CUST-0100616,XFMR-015535,FDR-0048,SUB-011,33.361688,-112.105503,106.4,47.5,NMC,2021-05-01,Generac,active
BATT-003002,CUST-0100681,XFMR-015544,FDR-0048,SUB-011,33.361053,-112.107634,16.6,6.4,LFP,2023-01-01,Enphase,active
BATT-003003,CUST-0100791,XFMR-015559,FDR-0048,SUB-011,33.361345,-112.11116,18.9,8.3,LFP,2024-09-01,Tesla,active
BATT-003004,CUST-0100826,XFMR-015564,FDR-0048,SUB-011,33.36168,-112.112123,10.7,4.2,LFP,2022-12-01,SunPower,active
BATT-003005,CUST-0100841,XFMR-015566,FDR-0048,SUB-011,33.361251,-112.113134,9.8,3.7,NMC,2023-11-01,SunPower,active
BATT-003006,CUST-0100849,XFMR-015568,FDR-0048,SUB-011,33.36186,-112.113317,9.0,3.9,LFP,2024-08-01,SolarEdge,active
BATT-003007,CUST-0100930,XFMR-015583,FDR-0048,SUB-011,33.361656,-112.117151,12.3,5.6,lithium-ion,2021-03-01,Tesla,active
BATT-003008,CUST-0100987,XFMR-015589,FDR-0048,SUB-011,33.361245,-112.118589,10.8,4.7,lithium-ion,2023-02-01,Generac,active
BATT-003009,CUST-0101004,XFMR-015593,FDR-0048,SUB-011,33.361345,-112.119367,16.6,6.3,LFP,2021-07-01,SunPower,active
BATT-003010,CUST-0101035,XFMR-015597,FDR-0048,SUB-011,33.361653,-112.119939,9.4,2.9,NMC,2021-09-01,Tesla,active
BATT-003011,CUST-0101111,XFMR-015611,FDR-0048,SUB-011,33.361311,-112.123251,12.3,5.1,NMC,2022-07-01,SolarEdge,active
BATT-003012,CUST-0101121,XFMR-015613,FDR-0048,SUB-011,33.361662,-112.123778,361.0,95.3,NMC,2020-08-01,Tesla,active
BATT-003013,CUST-0101189,XFMR-015626,FDR-0048,SUB-011,33.361057,-112.127671,14.7,7.1,NMC,2022-02-01,Generac,active
BATT-003014,CUST-0101206,XFMR-015628,FDR-0048,SUB-011,33.361695,-112.127593,14.0,5.9,NMC,2022-05-01,Tesla,inactive
BATT-003015,CUST-0101232,XFMR-015632,FDR-0048,SUB-011,33.361408,-112.129001,17.1,5.4,LFP,2021-02-01,SolarEdge,active
BATT-003016,CUST-0101254,XFMR-015636,FDR-0048,SUB-011,33.361052,-112.129809,15.8,6.8,LFP,2023-06-01,SunPower,active
BATT-003017,CUST-0101284,XFMR-015643,FDR-0048,SUB-011,33.361787,-112.130811,17.0,7.0,lithium-ion,2022-09-01,Generac,active
BATT-003018,CUST-0101302,XFMR-015646,FDR-0048,SUB-011,33.361103,-112.132192,21.0,10.2,LFP,2020-07-01,Enphase,active
BATT-003019,CUST-0101316,XFMR-015648,FDR-0048,SUB-011,33.361209,-112.132934,12.9,6.4,lithium-ion,2024-01-01,Enphase,active
BATT-003020,CUST-0101331,XFMR-015649,FDR-0048,SUB-011,33.361563,-112.133127,12.2,4.1,lithium-ion,2022-07-01,SolarEdge,active
BATT-003021,CUST-0101384,XFMR-015656,FDR-0048,SUB-011,33.361625,-112.134243,12.4,4.2,lithium-ion,2022-05-01,BYD,active
BATT-003022,CUST-0101402,XFMR-015659,FDR-0048,SUB-011,33.361121,-112.135462,12.6,5.1,LFP,2024-10-01,SunPower,active
BATT-003023,CUST-0101428,XFMR-015663,FDR-0048,SUB-011,33.361101,-112.135862,14.5,6.2,LFP,2024-02-01,SunPower,active
BATT-003024,CUST-0101430,XFMR-015664,FDR-0048,SUB-011,33.361849,-112.135914,20.2,8.3,LFP,2022-04-01,Enphase,active
BATT-003025,CUST-0101567,XFMR-015684,FDR-0048,SUB-011,33.36164,-112.141369,18.5,8.1,NMC,2021-03-01,BYD,active
BATT-003026,CUST-0101597,XFMR-015690,FDR-0048,SUB-011,33.361276,-112.142299,10.5,3.9,NMC,2024-09-01,SunPower,active
BATT-003027,CUST-0101605,XFMR-015691,FDR-0048,SUB-011,33.361223,-112.142605,387.3,100.6,NMC,2024-03-01,Generac,active
BATT-003028,CUST-0101670,XFMR-015701,FDR-0048,SUB-011,33.361187,-112.145246,16.3,5.0,NMC,2022-05-01,Tesla,active
BATT-003029,CUST-0101684,XFMR-015703,FDR-0048,SUB-011,33.36113,-112.145952,21.9,9.7,NMC,2020-12-01,SolarEdge,active
BATT-003030,CUST-0101720,XFMR-015707,FDR-0048,SUB-011,33.361135,-112.146916,10.0,4.7,LFP,2022-05-01,Generac,active
BATT-003031,CUST-0101733,XFMR-015708,FDR-0048,SUB-011,33.361777,-112.146904,9.8,4.9,NMC,2023-10-01,SunPower,active
BATT-003032,CUST-0101734,XFMR-015708,FDR-0048,SUB-011,33.361262,-112.14725,83.8,31.5,LFP,2021-01-01,Enphase,active
BATT-003033,CUST-0101774,XFMR-015713,FDR-0048,SUB-011,33.361544,-112.14818,355.6,172.3,LFP,2024-04-01,Generac,active
BATT-003034,CUST-0101781,XFMR-015714,FDR-0048,SUB-011,33.361604,-112.148682,12.4,5.9,NMC,2024-01-01,BYD,active
BATT-003035,CUST-0101811,XFMR-015718,FDR-0048,SUB-011,33.361236,-112.149671,21.2,9.0,NMC,2024-04-01,Tesla,active
BATT-003036,CUST-0101991,XFMR-015749,FDR-0048,SUB-011,33.361782,-112.156751,12.4,4.9,LFP,2021-03-01,Enphase,active
BATT-003037,CUST-0102009,XFMR-015751,FDR-0048,SUB-011,33.361723,-112.15679,14.7,5.5,lithium-ion,2020-05-01,Generac,active
BATT-003038,CUST-0102017,XFMR-015752,FDR-0048,SUB-011,33.361663,-112.157408,16.5,5.4,NMC,2020-11-01,BYD,active
BATT-003039,CUST-0102024,XFMR-015752,FDR-0048,SUB-011,33.361149,-112.157053,16.9,5.7,lithium-ion,2021-07-01,SunPower,active
BATT-003040,CUST-0102041,XFMR-015756,FDR-0048,SUB-011,33.36173,-112.158509,12.2,5.3,LFP,2021-07-01,BYD,active
BATT-003041,CUST-0102117,XFMR-015768,FDR-0048,SUB-011,33.361862,-112.161312,16.8,8.0,NMC,2022-04-01,Enphase,active
BATT-003042,CUST-0102192,XFMR-015782,FDR-0048,SUB-011,33.361227,-112.164367,43.6,13.7,lithium-ion,2021-10-01,Generac,active
BATT-003043,CUST-0102196,XFMR-015782,FDR-0048,SUB-011,33.36152,-112.164656,12.8,5.4,LFP,2021-03-01,SunPower,active
BATT-003044,CUST-0102211,XFMR-015783,FDR-0048,SUB-011,33.361685,-112.165311,13.4,6.4,LFP,2024-02-01,BYD,active
BATT-003045,CUST-0102267,XFMR-015795,FDR-0048,SUB-011,33.361524,-112.167322,10.0,3.2,lithium-ion,2021-06-01,SunPower,active
BATT-003046,CUST-0102289,XFMR-015799,FDR-0048,SUB-011,33.361717,-112.168978,20.3,6.8,NMC,2022-06-01,SunPower,active
BATT-003047,CUST-0102366,XFMR-015811,FDR-0048,SUB-011,33.36119,-112.171375,10.5,3.8,NMC,2020-12-01,Generac,active
BATT-003048,CUST-0102404,XFMR-015817,FDR-0049,SUB-012,33.404979,-112.056344,21.8,7.6,lithium-ion,2020-02-01,Tesla,active
BATT-003049,CUST-0102422,XFMR-015821,FDR-0049,SUB-012,33.405839,-112.056913,20.4,8.3,lithium-ion,2023-03-01,Generac,active
BATT-003050,CUST-0102432,XFMR-015822,FDR-0049,SUB-012,33.406121,-112.056437,13.1,4.2,LFP,2024-06-01,SunPower,active
BATT-003051,CUST-0102450,XFMR-015826,FDR-0049,SUB-012,33.407996,-112.056909,9.1,3.4,LFP,2024-03-01,Tesla,active
BATT-003052,CUST-0102471,XFMR-015829,FDR-0049,SUB-012,33.408493,-112.056314,9.7,4.8,lithium-ion,2020-12-01,Generac,active
BATT-003053,CUST-0102508,XFMR-015834,FDR-0049,SUB-012,33.409431,-112.05709,20.5,6.7,lithium-ion,2024-02-01,Generac,active
BATT-003054,CUST-0102509,XFMR-015834,FDR-0049,SUB-012,33.410031,-112.05687,13.9,5.9,LFP,2024-08-01,Generac,active
BATT-003055,CUST-0102616,XFMR-015852,FDR-0049,SUB-012,33.415148,-112.056864,14.4,4.8,lithium-ion,2024-03-01,Tesla,active
BATT-003056,CUST-0102663,XFMR-015858,FDR-0049,SUB-012,33.416063,-112.056446,14.5,5.3,lithium-ion,2020-12-01,BYD,active
BATT-003057,CUST-0102678,XFMR-015861,FDR-0049,SUB-012,33.416902,-112.056105,20.6,9.6,lithium-ion,2024-11-01,Enphase,active
BATT-003058,CUST-0102689,XFMR-015863,FDR-0049,SUB-012,33.417367,-112.056324,10.0,3.7,LFP,2023-09-01,SunPower,active
BATT-003059,CUST-0102745,XFMR-015871,FDR-0049,SUB-012,33.419577,-112.05702,9.7,3.3,lithium-ion,2024-05-01,BYD,active
BATT-003060,CUST-0102932,XFMR-015897,FDR-0049,SUB-012,33.426844,-112.056256,10.1,4.1,LFP,2020-12-01,Generac,active
BATT-003061,CUST-0102948,XFMR-015899,FDR-0049,SUB-012,33.427239,-112.05639,10.7,4.8,NMC,2020-05-01,Generac,active
BATT-003062,CUST-0103021,XFMR-015909,FDR-0049,SUB-012,33.430279,-112.056297,26.8,10.9,LFP,2023-10-01,Generac,active
BATT-003063,CUST-0103071,XFMR-015916,FDR-0049,SUB-012,33.431719,-112.056627,12.3,5.3,lithium-ion,2023-09-01,Tesla,active
BATT-003064,CUST-0103152,XFMR-015929,FDR-0049,SUB-012,33.435289,-112.057073,16.9,5.6,lithium-ion,2020-06-01,Tesla,active
BATT-003065,CUST-0103154,XFMR-015929,FDR-0049,SUB-012,33.435885,-112.056473,22.0,7.6,lithium-ion,2021-02-01,SolarEdge,active
BATT-003066,CUST-0103189,XFMR-015935,FDR-0049,SUB-012,33.437641,-112.056743,19.0,8.3,lithium-ion,2023-04-01,Generac,active
BATT-003067,CUST-0103239,XFMR-015942,FDR-0049,SUB-012,33.438824,-112.056216,13.3,4.4,NMC,2023-06-01,Enphase,active
BATT-003068,CUST-0103281,XFMR-015948,FDR-0049,SUB-012,33.440863,-112.056903,16.5,7.3,LFP,2021-06-01,Generac,active
BATT-003069,CUST-0103282,XFMR-015949,FDR-0049,SUB-012,33.44097,-112.056817,210.4,80.7,lithium-ion,2022-04-01,SunPower,active
BATT-003070,CUST-0103295,XFMR-015952,FDR-0049,SUB-012,33.441657,-112.056215,14.0,5.1,lithium-ion,2023-01-01,BYD,active
BATT-003071,CUST-0103333,XFMR-015956,FDR-0049,SUB-012,33.443356,-112.056343,20.2,6.7,lithium-ion,2021-03-01,SolarEdge,active
BATT-003072,CUST-0103338,XFMR-015957,FDR-0049,SUB-012,33.443356,-112.056613,9.7,3.7,NMC,2021-04-01,Enphase,active
BATT-003073,CUST-0103360,XFMR-015960,FDR-0049,SUB-012,33.444306,-112.057027,9.6,4.4,lithium-ion,2022-11-01,SolarEdge,active
BATT-003074,CUST-0103391,XFMR-015967,FDR-0049,SUB-012,33.445959,-112.056515,144.3,37.3,LFP,2024-07-01,SunPower,active
BATT-003075,CUST-0103403,XFMR-015968,FDR-0049,SUB-012,33.44649,-112.056492,10.9,3.8,lithium-ion,2021-04-01,SunPower,active
BATT-003076,CUST-0103430,XFMR-015971,FDR-0049,SUB-012,33.447384,-112.056366,21.3,8.8,lithium-ion,2020-10-01,Tesla,active
BATT-003077,CUST-0103471,XFMR-015979,FDR-0049,SUB-012,33.449291,-112.056797,19.8,7.3,lithium-ion,2024-12-01,Tesla,active
BATT-003078,CUST-0103485,XFMR-015982,FDR-0049,SUB-012,33.449801,-112.056183,290.4,132.2,NMC,2024-09-01,Enphase,active
BATT-003079,CUST-0103512,XFMR-015988,FDR-0049,SUB-012,33.451753,-112.05653,10.2,4.8,LFP,2021-03-01,SunPower,active
BATT-003080,CUST-0103563,XFMR-015994,FDR-0049,SUB-012,33.452999,-112.056546,14.1,4.4,LFP,2024-07-01,SolarEdge,active
BATT-003081,CUST-0103574,XFMR-015996,FDR-0049,SUB-012,33.453856,-112.056238,20.1,8.1,LFP,2021-07-01,Enphase,active
BATT-003082,CUST-0103620,XFMR-016004,FDR-0049,SUB-012,33.455983,-112.05682,14.0,5.7,NMC,2020-03-01,SunPower,active
BATT-003083,CUST-0103651,XFMR-016008,FDR-0049,SUB-012,33.456953,-112.057052,96.5,42.4,LFP,2021-04-01,BYD,active
BATT-003084,CUST-0103667,XFMR-016010,FDR-0049,SUB-012,33.457323,-112.056453,17.3,8.0,NMC,2021-09-01,Generac,active
BATT-003085,CUST-0103713,XFMR-016017,FDR-0049,SUB-012,33.459269,-112.05617,13.6,5.9,LFP,2024-06-01,BYD,active
BATT-003086,CUST-0103715,XFMR-016017,FDR-0049,SUB-012,33.459354,-112.056147,302.3,102.2,lithium-ion,2022-07-01,SunPower,active
BATT-003087,CUST-0103816,XFMR-016033,FDR-0049,SUB-012,33.463959,-112.056816,13.6,6.7,lithium-ion,2024-09-01,BYD,active
BATT-003088,CUST-0103852,XFMR-016038,FDR-0049,SUB-012,33.465593,-112.056305,9.8,3.3,lithium-ion,2024-11-01,Enphase,active
BATT-003089,CUST-0103870,XFMR-016040,FDR-0049,SUB-012,33.465972,-112.056471,12.5,6.0,NMC,2022-01-01,Tesla,active
BATT-003090,CUST-0103871,XFMR-016040,FDR-0049,SUB-012,33.465794,-112.056308,14.8,6.3,LFP,2024-03-01,Generac,active
BATT-003091,CUST-0103931,XFMR-016052,FDR-0049,SUB-012,33.468871,-112.057167,16.3,6.6,LFP,2021-06-01,SolarEdge,active
BATT-003092,CUST-0103980,XFMR-016059,FDR-0049,SUB-012,33.470657,-112.05686,13.2,6.3,LFP,2022-07-01,Enphase,active
BATT-003093,CUST-0104000,XFMR-016061,FDR-0049,SUB-012,33.471334,-112.056783,80.8,26.9,LFP,2021-02-01,SunPower,active
BATT-003094,CUST-0104003,XFMR-016062,FDR-0049,SUB-012,33.471837,-112.056357,389.5,112.3,lithium-ion,2022-11-01,Tesla,active
BATT-003095,CUST-0104044,XFMR-016069,FDR-0049,SUB-012,33.473719,-112.056346,9.2,3.2,lithium-ion,2022-06-01,Tesla,active
BATT-003096,CUST-0104101,XFMR-016077,FDR-0050,SUB-012,33.40504,-112.055148,13.5,4.2,NMC,2022-09-01,SolarEdge,active
BATT-003097,CUST-0104103,XFMR-016077,FDR-0050,SUB-012,33.404603,-112.05424,15.0,7.2,LFP,2020-02-01,BYD,active
BATT-003098,CUST-0104186,XFMR-016090,FDR-0050,SUB-012,33.404525,-112.050315,16.2,6.5,NMC,2020-02-01,BYD,active
BATT-003099,CUST-0104235,XFMR-016095,FDR-0050,SUB-012,33.405223,-112.048967,10.2,3.1,LFP,2024-11-01,Tesla,active
BATT-003100,CUST-0104238,XFMR-016096,FDR-0050,SUB-012,33.40454,-112.048221,21.3,9.3,lithium-ion,2022-10-01,Enphase,active
BATT-003101,CUST-0104260,XFMR-016099,FDR-0050,SUB-012,33.404757,-112.046887,10.5,5.1,NMC,2023-02-01,Enphase,active
BATT-003102,CUST-0104262,XFMR-016099,FDR-0050,SUB-012,33.404727,-112.047223,10.4,3.9,lithium-ion,2022-06-01,Enphase,active
BATT-003103,CUST-0104264,XFMR-016099,FDR-0050,SUB-012,33.404712,-112.047144,15.9,6.2,LFP,2021-05-01,BYD,active
BATT-003104,CUST-0104321,XFMR-016107,FDR-0050,SUB-012,33.405071,-112.045082,418.8,192.0,lithium-ion,2020-11-01,SunPower,active
BATT-003105,CUST-0104373,XFMR-016119,FDR-0050,SUB-012,33.404716,-112.040273,15.1,6.2,NMC,2022-08-01,Tesla,active
BATT-003106,CUST-0104378,XFMR-016119,FDR-0050,SUB-012,33.404658,-112.040497,10.5,3.7,LFP,2020-04-01,Generac,active
BATT-003107,CUST-0104391,XFMR-016123,FDR-0050,SUB-012,33.404577,-112.0397,9.5,3.4,lithium-ion,2021-06-01,Enphase,active
BATT-003108,CUST-0104419,XFMR-016125,FDR-0050,SUB-012,33.404958,-112.03839,14.9,6.5,LFP,2022-05-01,SolarEdge,active
BATT-003109,CUST-0104421,XFMR-016126,FDR-0050,SUB-012,33.404725,-112.038755,10.8,5.0,LFP,2024-04-01,Tesla,active
BATT-003110,CUST-0104423,XFMR-016127,FDR-0050,SUB-012,33.404717,-112.038207,17.0,7.7,lithium-ion,2021-08-01,BYD,active
BATT-003111,CUST-0104451,XFMR-016133,FDR-0050,SUB-012,33.404852,-112.035847,58.7,25.3,NMC,2022-06-01,Generac,active
BATT-003112,CUST-0104471,XFMR-016136,FDR-0050,SUB-012,33.405254,-112.035138,21.2,7.8,LFP,2020-02-01,BYD,active
BATT-003113,CUST-0104485,XFMR-016138,FDR-0050,SUB-012,33.405251,-112.034747,10.1,3.8,NMC,2020-04-01,Tesla,active
BATT-003114,CUST-0104519,XFMR-016142,FDR-0050,SUB-012,33.404803,-112.032891,328.7,99.8,LFP,2020-02-01,SolarEdge,active
BATT-003115,CUST-0104527,XFMR-016143,FDR-0050,SUB-012,33.404525,-112.032832,16.5,5.9,lithium-ion,2021-10-01,BYD,active
BATT-003116,CUST-0104530,XFMR-016144,FDR-0050,SUB-012,33.404766,-112.032488,150.6,55.8,lithium-ion,2024-06-01,Generac,active
BATT-003117,CUST-0104603,XFMR-016154,FDR-0050,SUB-012,33.405184,-112.029525,19.2,7.9,NMC,2024-02-01,SolarEdge,active
BATT-003118,CUST-0104624,XFMR-016160,FDR-0050,SUB-012,33.404506,-112.026913,19.9,8.1,lithium-ion,2021-06-01,Tesla,active
BATT-003119,CUST-0104662,XFMR-016167,FDR-0050,SUB-012,33.405098,-112.025192,21.3,9.3,lithium-ion,2023-05-01,SolarEdge,active
BATT-003120,CUST-0104670,XFMR-016168,FDR-0050,SUB-012,33.404673,-112.024869,18.7,5.9,NMC,2021-12-01,SolarEdge,active
BATT-003121,CUST-0104749,XFMR-016181,FDR-0050,SUB-012,33.404622,-112.020321,9.7,3.7,NMC,2021-08-01,BYD,active
BATT-003122,CUST-0104786,XFMR-016188,FDR-0050,SUB-012,33.404548,-112.018347,369.3,124.2,lithium-ion,2024-10-01,Enphase,active
BATT-003123,CUST-0104789,XFMR-016188,FDR-0050,SUB-012,33.405083,-112.018414,11.0,5.3,lithium-ion,2024-06-01,Tesla,active
BATT-003124,CUST-0104820,XFMR-016192,FDR-0050,SUB-012,33.404592,-112.016282,12.6,5.9,LFP,2021-09-01,Enphase,inactive
BATT-003125,CUST-0104837,XFMR-016195,FDR-0050,SUB-012,33.404904,-112.016063,62.2,23.8,lithium-ion,2020-09-01,SunPower,active
BATT-003126,CUST-0104852,XFMR-016199,FDR-0050,SUB-012,33.404758,-112.014107,17.3,6.2,lithium-ion,2024-03-01,Tesla,active
BATT-003127,CUST-0104864,XFMR-016201,FDR-0050,SUB-012,33.405087,-112.013824,9.3,4.2,LFP,2024-08-01,Tesla,active
BATT-003128,CUST-0104895,XFMR-016207,FDR-0050,SUB-012,33.404521,-112.011404,13.7,5.9,lithium-ion,2021-09-01,SolarEdge,active
BATT-003129,CUST-0104926,XFMR-016211,FDR-0050,SUB-012,33.404555,-112.009894,347.1,101.5,LFP,2022-11-01,SunPower,active
BATT-003130,CUST-0104931,XFMR-016212,FDR-0050,SUB-012,33.404707,-112.010174,16.9,8.1,lithium-ion,2022-01-01,SunPower,active
BATT-003131,CUST-0104962,XFMR-016215,FDR-0050,SUB-012,33.405139,-112.008555,16.3,5.8,lithium-ion,2020-11-01,SunPower,active
BATT-003132,CUST-0104974,XFMR-016216,FDR-0050,SUB-012,33.404547,-112.009016,10.0,4.8,LFP,2021-05-01,Generac,active
BATT-003133,CUST-0105020,XFMR-016226,FDR-0050,SUB-012,33.405068,-112.005587,10.8,4.2,lithium-ion,2024-06-01,SolarEdge,active
BATT-003134,CUST-0105073,XFMR-016234,FDR-0050,SUB-012,33.405233,-112.003133,20.3,8.3,NMC,2024-04-01,Tesla,active
BATT-003135,CUST-0105094,XFMR-016238,FDR-0050,SUB-012,33.405138,-112.001154,13.9,6.6,lithium-ion,2024-09-01,SunPower,active
BATT-003136,CUST-0105129,XFMR-016243,FDR-0050,SUB-012,33.4048,-111.999417,10.4,3.7,NMC,2023-06-01,Generac,active
BATT-003137,CUST-0105152,XFMR-016246,FDR-0050,SUB-012,33.404714,-111.998568,19.3,7.6,LFP,2024-07-01,BYD,active
BATT-003138,CUST-0105262,XFMR-016263,FDR-0050,SUB-012,33.405167,-111.993344,12.5,5.6,lithium-ion,2024-12-01,Tesla,active
BATT-003139,CUST-0105291,XFMR-016269,FDR-0050,SUB-012,33.405072,-111.990683,12.5,4.1,lithium-ion,2022-04-01,Tesla,active
BATT-003140,CUST-0105360,XFMR-016278,FDR-0050,SUB-012,33.405198,-111.988424,17.2,7.5,NMC,2020-08-01,BYD,active
BATT-003141,CUST-0105417,XFMR-016288,FDR-0050,SUB-012,33.404957,-111.984396,20.0,8.2,NMC,2021-06-01,Enphase,active
BATT-003142,CUST-0105449,XFMR-016295,FDR-0050,SUB-012,33.404548,-111.982329,16.2,5.4,LFP,2024-11-01,Enphase,active
BATT-003143,CUST-0105455,XFMR-016296,FDR-0050,SUB-012,33.404595,-111.982573,18.7,8.2,LFP,2023-04-01,Enphase,active
BATT-003144,CUST-0105586,XFMR-016315,FDR-0050,SUB-012,33.404904,-111.976115,9.9,3.5,NMC,2023-12-01,SolarEdge,active
BATT-003145,CUST-0105587,XFMR-016315,FDR-0050,SUB-012,33.404876,-111.97607,10.2,4.2,lithium-ion,2020-07-01,SunPower,active
BATT-003146,CUST-0105613,XFMR-016320,FDR-0050,SUB-012,33.405258,-111.974567,10.8,4.8,NMC,2024-02-01,SolarEdge,active
BATT-003147,CUST-0105670,XFMR-016328,FDR-0050,SUB-012,33.404526,-111.971204,9.3,3.6,lithium-ion,2020-03-01,Generac,active
BATT-003148,CUST-0105746,XFMR-016339,FDR-0050,SUB-012,33.404858,-111.96841,13.2,6.5,LFP,2024-02-01,SolarEdge,active
BATT-003149,CUST-0105747,XFMR-016339,FDR-0050,SUB-012,33.40513,-111.967782,10.2,5.0,LFP,2021-09-01,Generac,active
BATT-003150,CUST-0105765,XFMR-016344,FDR-0050,SUB-012,33.405053,-111.966714,22.0,8.4,lithium-ion,2023-05-01,SolarEdge,active
BATT-003151,CUST-0105842,XFMR-016358,FDR-0050,SUB-012,33.40484,-111.961928,14.4,5.2,lithium-ion,2020-11-01,SolarEdge,active
BATT-003152,CUST-0105861,XFMR-016360,FDR-0050,SUB-012,33.405156,-111.961172,10.1,3.6,lithium-ion,2023-10-01,SunPower,active
BATT-003153,CUST-0105913,XFMR-016367,FDR-0050,SUB-012,33.40457,-111.959033,12.5,5.3,lithium-ion,2022-12-01,Tesla,active
BATT-003154,CUST-0105917,XFMR-016368,FDR-0050,SUB-012,33.405257,-111.958015,30.3,11.3,lithium-ion,2024-08-01,SolarEdge,active
BATT-003155,CUST-0105977,XFMR-016376,FDR-0050,SUB-012,33.40453,-111.955369,103.8,44.2,LFP,2024-03-01,Tesla,active
BATT-003156,CUST-0105993,XFMR-016377,FDR-0050,SUB-012,33.404778,-111.955484,20.4,8.1,LFP,2021-07-01,SunPower,active
BATT-003157,CUST-0105999,XFMR-016377,FDR-0050,SUB-012,33.40474,-111.955864,107.7,36.7,NMC,2020-10-01,Generac,active
BATT-003158,CUST-0106093,XFMR-016396,FDR-0051,SUB-012,33.405164,-112.058666,9.1,3.7,LFP,2021-12-01,BYD,active
BATT-003159,CUST-0106160,XFMR-016405,FDR-0051,SUB-012,33.404672,-112.059814,21.7,10.6,NMC,2021-03-01,SolarEdge,active
BATT-003160,CUST-0106170,XFMR-016406,FDR-0051,SUB-012,33.405194,-112.060221,13.5,6.1,lithium-ion,2024-01-01,SolarEdge,active
BATT-003161,CUST-0106180,XFMR-016408,FDR-0051,SUB-012,33.405355,-112.060343,21.5,6.8,lithium-ion,2021-10-01,SunPower,active
BATT-003162,CUST-0106297,XFMR-016429,FDR-0051,SUB-012,33.404857,-112.063765,213.7,98.8,lithium-ion,2023-03-01,BYD,active
BATT-003163,CUST-0106341,XFMR-016438,FDR-0051,SUB-012,33.404719,-112.064936,14.3,4.9,NMC,2024-01-01,Tesla,active
BATT-003164,CUST-0106372,XFMR-016442,FDR-0051,SUB-012,33.405177,-112.065232,10.7,3.4,LFP,2023-09-01,BYD,active
BATT-003165,CUST-0106392,XFMR-016446,FDR-0051,SUB-012,33.405045,-112.066492,66.7,30.4,lithium-ion,2020-04-01,Generac,active
BATT-003166,CUST-0106418,XFMR-016448,FDR-0051,SUB-012,33.405172,-112.066272,9.1,4.3,LFP,2020-07-01,SolarEdge,active
BATT-003167,CUST-0106459,XFMR-016455,FDR-0051,SUB-012,33.404651,-112.067928,13.0,5.9,NMC,2021-04-01,Enphase,active
BATT-003168,CUST-0106485,XFMR-016460,FDR-0051,SUB-012,33.404766,-112.068212,54.6,17.2,LFP,2021-12-01,SolarEdge,active
BATT-003169,CUST-0106516,XFMR-016467,FDR-0051,SUB-012,33.404885,-112.068911,17.4,6.2,LFP,2020-03-01,BYD,active
BATT-003170,CUST-0106557,XFMR-016472,FDR-0051,SUB-012,33.404677,-112.07028,9.5,3.2,lithium-ion,2021-08-01,Enphase,active
BATT-003171,CUST-0106564,XFMR-016473,FDR-0051,SUB-012,33.40519,-112.070636,14.3,4.4,NMC,2024-09-01,BYD,active
BATT-003172,CUST-0106597,XFMR-016480,FDR-0051,SUB-012,33.40512,-112.071333,17.6,5.9,lithium-ion,2023-05-01,SunPower,active
BATT-003173,CUST-0106624,XFMR-016484,FDR-0051,SUB-012,33.404634,-112.072024,138.5,60.1,lithium-ion,2020-12-01,BYD,active
BATT-003174,CUST-0106691,XFMR-016495,FDR-0051,SUB-012,33.405319,-112.073639,17.0,6.8,NMC,2023-04-01,Generac,active
BATT-003175,CUST-0106712,XFMR-016498,FDR-0051,SUB-012,33.404687,-112.073993,21.0,9.9,NMC,2022-07-01,Generac,active
BATT-003176,CUST-0106717,XFMR-016498,FDR-0051,SUB-012,33.404619,-112.074433,15.7,6.3,NMC,2020-07-01,SolarEdge,active
BATT-003177,CUST-0106744,XFMR-016503,FDR-0051,SUB-012,33.404763,-112.07468,189.9,54.9,lithium-ion,2024-02-01,Generac,active
BATT-003178,CUST-0106760,XFMR-016508,FDR-0051,SUB-012,33.405141,-112.07596,203.7,81.0,lithium-ion,2020-02-01,Tesla,active
BATT-003179,CUST-0106774,XFMR-016512,FDR-0051,SUB-012,33.405249,-112.07626,20.0,7.3,lithium-ion,2020-10-01,BYD,inactive
BATT-003180,CUST-0106776,XFMR-016512,FDR-0051,SUB-012,33.405343,-112.075954,102.7,32.7,lithium-ion,2021-12-01,Tesla,active
BATT-003181,CUST-0106793,XFMR-016515,FDR-0051,SUB-012,33.405142,-112.076617,16.2,5.5,LFP,2022-12-01,Enphase,active
BATT-003182,CUST-0106798,XFMR-016517,FDR-0051,SUB-012,33.404949,-112.076925,9.5,2.9,lithium-ion,2021-02-01,SolarEdge,active
BATT-003183,CUST-0106819,XFMR-016521,FDR-0051,SUB-012,33.405067,-112.077918,10.2,3.7,NMC,2021-02-01,SolarEdge,active
BATT-003184,CUST-0106824,XFMR-016522,FDR-0051,SUB-012,33.404815,-112.077858,12.6,5.0,NMC,2024-01-01,Enphase,active
BATT-003185,CUST-0106839,XFMR-016524,FDR-0051,SUB-012,33.405082,-112.078677,92.7,42.5,lithium-ion,2022-12-01,Enphase,active
BATT-003186,CUST-0106850,XFMR-016525,FDR-0051,SUB-012,33.405195,-112.077941,16.3,8.0,lithium-ion,2021-08-01,BYD,active
BATT-003187,CUST-0106932,XFMR-016537,FDR-0051,SUB-012,33.404848,-112.080006,127.4,57.2,NMC,2024-12-01,Generac,inactive
BATT-003188,CUST-0106994,XFMR-016545,FDR-0051,SUB-012,33.404554,-112.081025,19.6,7.7,NMC,2024-04-01,SolarEdge,active
BATT-003189,CUST-0107035,XFMR-016550,FDR-0051,SUB-012,33.405037,-112.081781,9.7,3.2,LFP,2020-06-01,SolarEdge,active
BATT-003190,CUST-0107143,XFMR-016565,FDR-0051,SUB-012,33.404556,-112.085012,14.7,6.0,LFP,2023-12-01,Generac,active
BATT-003191,CUST-0107167,XFMR-016570,FDR-0051,SUB-012,33.40514,-112.085047,9.6,4.8,LFP,2024-03-01,BYD,active
BATT-003192,CUST-0107226,XFMR-016579,FDR-0051,SUB-012,33.405107,-112.086998,15.9,7.3,NMC,2021-11-01,SolarEdge,active
BATT-003193,CUST-0107235,XFMR-016580,FDR-0051,SUB-012,33.404641,-112.087098,13.4,4.7,lithium-ion,2024-04-01,Generac,active
BATT-003194,CUST-0107325,XFMR-016592,FDR-0051,SUB-012,33.404951,-112.089011,29.7,14.8,lithium-ion,2020-12-01,SolarEdge,active
BATT-003195,CUST-0107344,XFMR-016595,FDR-0051,SUB-012,33.404903,-112.089057,18.4,7.2,LFP,2024-05-01,Tesla,active
BATT-003196,CUST-0107353,XFMR-016596,FDR-0051,SUB-012,33.40455,-112.089622,21.3,8.8,NMC,2020-09-01,SolarEdge,active
BATT-003197,CUST-0107355,XFMR-016597,FDR-0051,SUB-012,33.404812,-112.089665,20.5,7.2,lithium-ion,2020-07-01,SunPower,active
BATT-003198,CUST-0107397,XFMR-016603,FDR-0051,SUB-012,33.404822,-112.090308,13.7,6.4,lithium-ion,2022-12-01,SunPower,active
BATT-003199,CUST-0107406,XFMR-016606,FDR-0051,SUB-012,33.405037,-112.091149,10.1,3.5,lithium-ion,2022-08-01,Generac,active
BATT-003200,CUST-0107410,XFMR-016607,FDR-0051,SUB-012,33.405206,-112.091467,21.6,10.6,lithium-ion,2021-10-01,Tesla,active
BATT-003201,CUST-0107414,XFMR-016608,FDR-0051,SUB-012,33.404788,-112.091236,10.9,4.6,NMC,2023-04-01,Generac,active
BATT-003202,CUST-0107424,XFMR-016609,FDR-0051,SUB-012,33.404772,-112.091089,13.5,4.4,LFP,2023-12-01,BYD,active
BATT-003203,CUST-0107469,XFMR-016615,FDR-0051,SUB-012,33.404512,-112.092187,10.0,3.9,NMC,2020-01-01,Tesla,active
BATT-003204,CUST-0107489,XFMR-016619,FDR-0051,SUB-012,33.40499,-112.093298,15.0,7.1,NMC,2022-08-01,Enphase,active
BATT-003205,CUST-0107515,XFMR-016623,FDR-0051,SUB-012,33.405096,-112.09329,9.9,3.9,LFP,2024-09-01,SunPower,active
BATT-003206,CUST-0107597,XFMR-016636,FDR-0051,SUB-012,33.404664,-112.095363,13.9,5.6,NMC,2020-10-01,Enphase,active
BATT-003207,CUST-0107674,XFMR-016648,FDR-0051,SUB-012,33.405191,-112.09761,67.3,23.8,lithium-ion,2021-03-01,SolarEdge,active
BATT-003208,CUST-0107686,XFMR-016651,FDR-0051,SUB-012,33.405117,-112.098327,10.3,3.3,NMC,2023-08-01,Enphase,active
BATT-003209,CUST-0107704,XFMR-016653,FDR-0051,SUB-012,33.404762,-112.09853,10.2,3.5,NMC,2021-11-01,SunPower,active
BATT-003210,CUST-0107720,XFMR-016657,FDR-0051,SUB-012,33.404787,-112.098689,10.3,3.6,NMC,2020-12-01,BYD,active
BATT-003211,CUST-0107779,XFMR-016667,FDR-0051,SUB-012,33.404617,-112.100185,9.4,4.0,LFP,2023-10-01,SolarEdge,active
BATT-003212,CUST-0107834,XFMR-016673,FDR-0051,SUB-012,33.404546,-112.101593,12.2,6.1,LFP,2020-10-01,Tesla,active
BATT-003213,CUST-0107837,XFMR-016674,FDR-0051,SUB-012,33.404693,-112.10109,124.1,53.1,lithium-ion,2021-05-01,BYD,active
BATT-003214,CUST-0107842,XFMR-016674,FDR-0051,SUB-012,33.404789,-112.101684,21.5,8.1,NMC,2022-06-01,Generac,active
BATT-003215,CUST-0107855,XFMR-016677,FDR-0052,SUB-012,33.40448,-112.056516,19.6,9.1,lithium-ion,2020-12-01,SolarEdge,active
BATT-003216,CUST-0107861,XFMR-016677,FDR-0052,SUB-012,33.404413,-112.056424,9.6,3.7,NMC,2022-06-01,SolarEdge,active
BATT-003217,CUST-0107930,XFMR-016688,FDR-0052,SUB-012,33.401148,-112.056147,387.7,152.7,NMC,2021-02-01,Generac,active
BATT-003218,CUST-0107956,XFMR-016691,FDR-0052,SUB-012,33.399967,-112.056857,13.7,4.4,lithium-ion,2023-09-01,BYD,active
BATT-003219,CUST-0108040,XFMR-016706,FDR-0052,SUB-012,33.396151,-112.056302,21.7,9.6,LFP,2022-07-01,Enphase,active
BATT-003220,CUST-0108061,XFMR-016709,FDR-0052,SUB-012,33.394981,-112.056211,13.9,6.7,lithium-ion,2024-09-01,SolarEdge,active
BATT-003221,CUST-0108091,XFMR-016712,FDR-0052,SUB-012,33.393683,-112.056887,14.6,4.6,NMC,2021-12-01,SolarEdge,active
BATT-003222,CUST-0108092,XFMR-016712,FDR-0052,SUB-012,33.393748,-112.056834,16.2,7.5,LFP,2024-11-01,BYD,active
BATT-003223,CUST-0108095,XFMR-016713,FDR-0052,SUB-012,33.39416,-112.0568,14.5,7.0,NMC,2024-12-01,Tesla,active
BATT-003224,CUST-0108100,XFMR-016713,FDR-0052,SUB-012,33.394207,-112.056129,298.7,78.1,LFP,2024-07-01,Generac,active
BATT-003225,CUST-0108160,XFMR-016721,FDR-0052,SUB-012,33.39184,-112.057035,10.8,3.5,lithium-ion,2020-12-01,Tesla,active
BATT-003226,CUST-0108165,XFMR-016721,FDR-0052,SUB-012,33.39148,-112.056865,13.5,6.1,NMC,2023-04-01,BYD,active
BATT-003227,CUST-0108169,XFMR-016722,FDR-0052,SUB-012,33.390884,-112.056347,13.1,5.0,lithium-ion,2024-04-01,BYD,active
BATT-003228,CUST-0108234,XFMR-016735,FDR-0052,SUB-012,33.387152,-112.056478,10.9,3.6,LFP,2022-02-01,Tesla,active
BATT-003229,CUST-0108250,XFMR-016738,FDR-0052,SUB-012,33.386486,-112.05629,14.6,5.6,NMC,2022-05-01,SolarEdge,active
BATT-003230,CUST-0108308,XFMR-016744,FDR-0052,SUB-012,33.384558,-112.056764,22.0,10.3,lithium-ion,2024-03-01,BYD,active
BATT-003231,CUST-0108309,XFMR-016745,FDR-0052,SUB-012,33.384176,-112.056636,79.1,31.0,LFP,2020-09-01,BYD,active
BATT-003232,CUST-0108315,XFMR-016746,FDR-0052,SUB-012,33.38412,-112.057066,17.0,5.6,NMC,2024-03-01,BYD,active
BATT-003233,CUST-0108318,XFMR-016746,FDR-0052,SUB-012,33.383721,-112.056393,17.3,5.3,NMC,2022-05-01,SunPower,active
BATT-003234,CUST-0108330,XFMR-016747,FDR-0052,SUB-012,33.383913,-112.057,12.6,5.5,LFP,2021-02-01,Generac,active
BATT-003235,CUST-0108393,XFMR-016757,FDR-0052,SUB-012,33.380938,-112.056515,19.2,5.9,NMC,2020-11-01,BYD,active
BATT-003236,CUST-0108432,XFMR-016761,FDR-0052,SUB-012,33.379912,-112.056514,18.0,8.4,lithium-ion,2023-08-01,SunPower,active
BATT-003237,CUST-0108482,XFMR-016771,FDR-0052,SUB-012,33.376912,-112.056871,42.4,13.7,LFP,2023-04-01,SunPower,active
BATT-003238,CUST-0108488,XFMR-016772,FDR-0052,SUB-012,33.376189,-112.056593,10.1,4.6,LFP,2024-06-01,Enphase,active
BATT-003239,CUST-0108491,XFMR-016773,FDR-0052,SUB-012,33.376226,-112.056428,10.1,4.2,NMC,2024-01-01,Enphase,active
BATT-003240,CUST-0108512,XFMR-016777,FDR-0052,SUB-012,33.374992,-112.056221,20.0,8.7,lithium-ion,2024-08-01,Tesla,active
BATT-003241,CUST-0108513,XFMR-016777,FDR-0052,SUB-012,33.375276,-112.056677,16.2,5.8,lithium-ion,2021-09-01,Enphase,active
BATT-003242,CUST-0108526,XFMR-016778,FDR-0052,SUB-012,33.37451,-112.056972,13.9,6.6,lithium-ion,2023-08-01,BYD,inactive
BATT-003243,CUST-0108558,XFMR-016784,FDR-0052,SUB-012,33.372591,-112.056616,16.6,6.1,LFP,2021-02-01,Enphase,active
BATT-003244,CUST-0108593,XFMR-016789,FDR-0052,SUB-012,33.37125,-112.057066,10.8,4.6,lithium-ion,2023-06-01,Tesla,active
BATT-003245,CUST-0108650,XFMR-016798,FDR-0052,SUB-012,33.36883,-112.056185,12.5,4.7,lithium-ion,2020-05-01,SolarEdge,active
BATT-003246,CUST-0108654,XFMR-016799,FDR-0052,SUB-012,33.368285,-112.056434,16.0,6.2,NMC,2023-07-01,SunPower,active
BATT-003247,CUST-0108686,XFMR-016804,FDR-0052,SUB-012,33.366818,-112.056177,14.7,5.2,lithium-ion,2020-03-01,Generac,active
BATT-003248,CUST-0108705,XFMR-016806,FDR-0052,SUB-012,33.366423,-112.056446,20.1,6.0,lithium-ion,2022-04-01,Tesla,active
BATT-003249,CUST-0108718,XFMR-016808,FDR-0052,SUB-012,33.36581,-112.056912,338.1,164.6,NMC,2023-04-01,Enphase,active
BATT-003250,CUST-0108796,XFMR-016818,FDR-0053,SUB-012,33.405003,-112.056792,9.6,4.0,LFP,2021-10-01,BYD,active
BATT-003251,CUST-0108870,XFMR-016828,FDR-0053,SUB-012,33.406958,-112.057048,9.3,3.9,LFP,2021-07-01,Tesla,active
BATT-003252,CUST-0108955,XFMR-016839,FDR-0053,SUB-012,33.409151,-112.056379,162.4,70.7,NMC,2024-11-01,BYD,active
BATT-003253,CUST-0108985,XFMR-016843,FDR-0053,SUB-012,33.409751,-112.056561,16.2,6.8,NMC,2022-07-01,BYD,active
BATT-003254,CUST-0108993,XFMR-016844,FDR-0053,SUB-012,33.410271,-112.056924,17.5,5.4,lithium-ion,2021-01-01,SunPower,active
BATT-003255,CUST-0108995,XFMR-016844,FDR-0053,SUB-012,33.410087,-112.056609,20.3,8.6,NMC,2023-01-01,SunPower,active
BATT-003256,CUST-0109019,XFMR-016847,FDR-0053,SUB-012,33.41031,-112.056346,19.9,6.4,lithium-ion,2023-08-01,SolarEdge,active
BATT-003257,CUST-0109112,XFMR-016862,FDR-0053,SUB-012,33.413925,-112.056305,21.2,10.0,NMC,2022-09-01,SunPower,active
BATT-003258,CUST-0109159,XFMR-016868,FDR-0053,SUB-012,33.414836,-112.057066,13.2,5.8,lithium-ion,2023-02-01,Generac,active
BATT-003259,CUST-0109202,XFMR-016874,FDR-0053,SUB-012,33.415767,-112.056312,13.6,5.7,NMC,2020-11-01,SolarEdge,active
BATT-003260,CUST-0109207,XFMR-016875,FDR-0053,SUB-012,33.41572,-112.056217,13.9,5.3,NMC,2022-03-01,SunPower,active
BATT-003261,CUST-0109292,XFMR-016890,FDR-0053,SUB-012,33.419272,-112.057112,16.7,7.6,lithium-ion,2024-02-01,Enphase,active
BATT-003262,CUST-0109334,XFMR-016899,FDR-0053,SUB-012,33.420844,-112.056734,16.8,6.3,NMC,2023-04-01,SunPower,active
BATT-003263,CUST-0109374,XFMR-016906,FDR-0053,SUB-012,33.421987,-112.056288,10.0,3.3,NMC,2020-08-01,BYD,active
BATT-003264,CUST-0109378,XFMR-016907,FDR-0053,SUB-012,33.422047,-112.056336,19.1,5.8,LFP,2022-12-01,Tesla,active
BATT-003265,CUST-0109387,XFMR-016908,FDR-0053,SUB-012,33.422235,-112.056505,21.8,8.1,LFP,2024-02-01,BYD,active
BATT-003266,CUST-0109421,XFMR-016912,FDR-0053,SUB-012,33.423578,-112.056415,12.9,5.9,lithium-ion,2024-04-01,BYD,active
BATT-003267,CUST-0109495,XFMR-016923,FDR-0053,SUB-012,33.425509,-112.056857,14.5,7.2,NMC,2021-06-01,Enphase,active
BATT-003268,CUST-0109516,XFMR-016927,FDR-0053,SUB-012,33.425653,-112.056843,21.4,7.7,LFP,2021-06-01,SunPower,active
BATT-003269,CUST-0109521,XFMR-016928,FDR-0053,SUB-012,33.426581,-112.056445,12.6,5.5,NMC,2022-07-01,BYD,active
BATT-003270,CUST-0109543,XFMR-016931,FDR-0053,SUB-012,33.426667,-112.056169,16.0,7.9,LFP,2024-03-01,Tesla,active
BATT-003271,CUST-0109559,XFMR-016933,FDR-0053,SUB-012,33.427262,-112.057078,12.3,4.8,NMC,2022-07-01,BYD,active
BATT-003272,CUST-0109589,XFMR-016937,FDR-0053,SUB-012,33.42809,-112.056903,353.9,153.6,NMC,2022-10-01,BYD,active
BATT-003273,CUST-0109591,XFMR-016937,FDR-0053,SUB-012,33.42783,-112.056909,12.5,5.3,lithium-ion,2023-12-01,SunPower,active
BATT-003274,CUST-0109609,XFMR-016939,FDR-0053,SUB-012,33.428053,-112.056189,361.3,177.6,NMC,2020-10-01,BYD,active
BATT-003275,CUST-0109611,XFMR-016940,FDR-0053,SUB-012,33.428159,-112.057032,16.8,7.2,NMC,2021-04-01,SolarEdge,active
BATT-003276,CUST-0109635,XFMR-016945,FDR-0053,SUB-012,33.429385,-112.056386,21.5,7.2,lithium-ion,2020-04-01,Generac,active
BATT-003277,CUST-0109665,XFMR-016948,FDR-0053,SUB-012,33.430113,-112.056368,16.1,5.3,lithium-ion,2020-06-01,Enphase,active
BATT-003278,CUST-0109685,XFMR-016951,FDR-0053,SUB-012,33.430279,-112.057064,16.5,6.2,LFP,2022-10-01,Generac,active
BATT-003279,CUST-0109717,XFMR-016956,FDR-0053,SUB-012,33.431731,-112.056574,110.1,38.2,LFP,2022-06-01,SunPower,active
BATT-003280,CUST-0109718,XFMR-016956,FDR-0053,SUB-012,33.431252,-112.056958,19.4,6.2,lithium-ion,2024-09-01,Tesla,active
BATT-003281,CUST-0109732,XFMR-016957,FDR-0053,SUB-012,33.431898,-112.056706,19.6,9.0,LFP,2024-01-01,SolarEdge,active
BATT-003282,CUST-0109820,XFMR-016967,FDR-0053,SUB-012,33.434056,-112.05694,18.2,5.7,lithium-ion,2021-05-01,Tesla,active
BATT-003283,CUST-0109829,XFMR-016968,FDR-0053,SUB-012,33.433455,-112.056555,21.6,7.0,NMC,2020-08-01,Enphase,active
BATT-003284,CUST-0109840,XFMR-016970,FDR-0053,SUB-012,33.434454,-112.057009,21.9,9.9,LFP,2024-07-01,SunPower,active
BATT-003285,CUST-0109886,XFMR-016976,FDR-0053,SUB-012,33.435172,-112.056354,15.8,5.4,NMC,2022-07-01,BYD,active
BATT-003286,CUST-0109923,XFMR-016981,FDR-0053,SUB-012,33.436431,-112.056765,13.6,5.2,lithium-ion,2020-11-01,Generac,active
BATT-003287,CUST-0109938,XFMR-016982,FDR-0053,SUB-012,33.436636,-112.05702,16.4,7.0,NMC,2024-11-01,Tesla,active
BATT-003288,CUST-0110007,XFMR-016992,FDR-0053,SUB-012,33.438936,-112.056762,21.2,8.6,lithium-ion,2023-08-01,Enphase,active
BATT-003289,CUST-0110028,XFMR-016995,FDR-0053,SUB-012,33.439418,-112.056215,13.5,5.0,NMC,2020-11-01,SunPower,active
BATT-003290,CUST-0110055,XFMR-017002,FDR-0053,SUB-012,33.440612,-112.056489,9.6,4.2,NMC,2022-04-01,Generac,active
BATT-003291,CUST-0110204,XFMR-017024,FDR-0053,SUB-012,33.444789,-112.05685,13.8,4.9,lithium-ion,2021-01-01,SunPower,active
BATT-003292,CUST-0110320,XFMR-017038,FDR-0053,SUB-012,33.447022,-112.057092,21.2,6.8,lithium-ion,2023-12-01,SolarEdge,active
BATT-003293,CUST-0110327,XFMR-017039,FDR-0053,SUB-012,33.447208,-112.057057,16.2,6.0,lithium-ion,2021-04-01,Enphase,active
BATT-003294,CUST-0110329,XFMR-017039,FDR-0053,SUB-012,33.447359,-112.056945,19.7,7.2,NMC,2021-05-01,BYD,active
BATT-003295,CUST-0110397,XFMR-017048,FDR-0053,SUB-012,33.449319,-112.056812,19.8,7.5,NMC,2023-04-01,Enphase,active
BATT-003296,CUST-0110436,XFMR-017054,FDR-0053,SUB-012,33.450746,-112.056555,13.9,4.2,LFP,2024-10-01,BYD,active
BATT-003297,CUST-0110450,XFMR-017056,FDR-0053,SUB-012,33.450403,-112.056856,480.6,193.8,NMC,2024-01-01,Generac,active
BATT-003298,CUST-0110481,XFMR-017059,FDR-0053,SUB-012,33.45122,-112.056643,9.3,3.9,LFP,2022-10-01,BYD,active
BATT-003299,CUST-0110484,XFMR-017060,FDR-0053,SUB-012,33.451554,-112.056497,19.5,8.7,LFP,2022-01-01,BYD,active
BATT-003300,CUST-0110489,XFMR-017060,FDR-0053,SUB-012,33.451871,-112.057113,20.1,9.5,LFP,2021-04-01,Generac,active
BATT-003301,CUST-0110509,XFMR-017065,FDR-0053,SUB-012,33.452457,-112.056955,456.9,215.7,LFP,2024-05-01,SunPower,active
BATT-003302,CUST-0110522,XFMR-017068,FDR-0053,SUB-012,33.452915,-112.056375,9.8,4.9,LFP,2020-12-01,Generac,active
BATT-003303,CUST-0110530,XFMR-017068,FDR-0053,SUB-012,33.452921,-112.056871,9.1,3.7,lithium-ion,2020-03-01,Enphase,active
BATT-003304,CUST-0110547,XFMR-017070,FDR-0053,SUB-012,33.453334,-112.056356,14.9,5.3,LFP,2021-04-01,Generac,active
BATT-003305,CUST-0110553,XFMR-017073,FDR-0053,SUB-012,33.453897,-112.056468,379.3,118.6,NMC,2021-10-01,SunPower,active
BATT-003306,CUST-0110610,XFMR-017086,FDR-0053,SUB-012,33.456461,-112.056965,18.2,5.8,lithium-ion,2023-03-01,SunPower,active
BATT-003307,CUST-0110641,XFMR-017094,FDR-0053,SUB-012,33.457761,-112.056737,127.9,46.5,LFP,2020-01-01,Generac,active
BATT-003308,CUST-0110642,XFMR-017094,FDR-0053,SUB-012,33.457946,-112.056291,363.9,105.4,NMC,2020-05-01,Generac,active
BATT-003309,CUST-0110696,XFMR-017100,FDR-0053,SUB-012,33.459246,-112.056273,10.1,3.4,LFP,2020-01-01,Tesla,active
BATT-003310,CUST-0110699,XFMR-017101,FDR-0053,SUB-012,33.459396,-112.056764,10.4,4.6,LFP,2021-07-01,BYD,active
BATT-003311,CUST-0110723,XFMR-017103,FDR-0053,SUB-012,33.460058,-112.057054,15.3,6.9,lithium-ion,2022-08-01,Enphase,active
BATT-003312,CUST-0110790,XFMR-017113,FDR-0053,SUB-012,33.461355,-112.05632,9.6,4.2,lithium-ion,2022-07-01,SunPower,active
BATT-003313,CUST-0110796,XFMR-017114,FDR-0053,SUB-012,33.46168,-112.056479,14.5,7.0,LFP,2024-06-01,Generac,active
BATT-003314,CUST-0110821,XFMR-017118,FDR-0053,SUB-012,33.462544,-112.05649,247.7,99.5,lithium-ion,2024-09-01,Tesla,active
BATT-003315,CUST-0110876,XFMR-017125,FDR-0053,SUB-012,33.463941,-112.056387,451.2,207.8,LFP,2024-11-01,Enphase,active
BATT-003316,CUST-0110889,XFMR-017127,FDR-0053,SUB-012,33.464669,-112.056892,19.3,9.4,LFP,2020-11-01,Enphase,active
BATT-003317,CUST-0110890,XFMR-017127,FDR-0053,SUB-012,33.46444,-112.056585,98.5,46.1,lithium-ion,2022-08-01,Tesla,active
BATT-003318,CUST-0111004,XFMR-017144,FDR-0053,SUB-012,33.467962,-112.05705,15.6,6.4,NMC,2024-06-01,Enphase,active
BATT-003319,CUST-0111060,XFMR-017152,FDR-0053,SUB-012,33.469107,-112.05696,197.2,94.9,NMC,2023-09-01,SunPower,active
BATT-003320,CUST-0111097,XFMR-017159,FDR-0053,SUB-012,33.470909,-112.056558,11.0,5.4,lithium-ion,2020-05-01,SunPower,active
BATT-003321,CUST-0111111,XFMR-017161,FDR-0053,SUB-012,33.470897,-112.056901,15.3,6.5,LFP,2021-08-01,Enphase,active
BATT-003322,CUST-0111151,XFMR-017168,FDR-0053,SUB-012,33.472482,-112.056732,18.9,9.1,lithium-ion,2023-11-01,BYD,active
BATT-003323,CUST-0111162,XFMR-017169,FDR-0053,SUB-012,33.472172,-112.056677,18.6,8.0,LFP,2023-08-01,Tesla,active
BATT-003324,CUST-0111231,XFMR-017179,FDR-0054,SUB-013,33.472374,-111.952145,12.6,5.3,NMC,2024-11-01,BYD,active
BATT-003325,CUST-0111282,XFMR-017189,FDR-0054,SUB-013,33.465507,-111.952592,197.4,78.3,NMC,2022-11-01,Generac,active
BATT-003326,CUST-0111283,XFMR-017189,FDR-0054,SUB-013,33.465457,-111.952433,10.4,5.1,LFP,2023-12-01,Generac,active
BATT-003327,CUST-0111292,XFMR-017192,FDR-0054,SUB-013,33.463304,-111.952588,9.3,4.1,LFP,2021-01-01,Generac,active
BATT-003328,CUST-0111422,XFMR-017216,FDR-0054,SUB-013,33.447346,-111.952652,19.1,8.4,lithium-ion,2024-12-01,Enphase,active
BATT-003329,CUST-0111475,XFMR-017223,FDR-0054,SUB-013,33.442829,-111.952028,20.4,9.8,lithium-ion,2023-07-01,Generac,active
BATT-003330,CUST-0111587,XFMR-017242,FDR-0054,SUB-013,33.430313,-111.952225,15.7,6.3,LFP,2022-03-01,Tesla,active
BATT-003331,CUST-0111621,XFMR-017248,FDR-0054,SUB-013,33.425837,-111.952139,13.4,6.5,LFP,2022-02-01,Generac,active
BATT-003332,CUST-0111637,XFMR-017250,FDR-0054,SUB-013,33.424419,-111.952292,15.0,5.8,lithium-ion,2024-08-01,Generac,active
BATT-003333,CUST-0111663,XFMR-017254,FDR-0054,SUB-013,33.422181,-111.952304,20.2,7.3,NMC,2024-03-01,Generac,active
BATT-003334,CUST-0111685,XFMR-017258,FDR-0054,SUB-013,33.418876,-111.952514,21.6,9.2,lithium-ion,2023-09-01,Tesla,active
BATT-003335,CUST-0111734,XFMR-017265,FDR-0054,SUB-013,33.414805,-111.952042,12.8,4.0,lithium-ion,2024-10-01,Enphase,active
BATT-003336,CUST-0111759,XFMR-017268,FDR-0054,SUB-013,33.41271,-111.952343,10.6,5.0,lithium-ion,2024-07-01,Generac,active
BATT-003337,CUST-0111766,XFMR-017270,FDR-0054,SUB-013,33.410857,-111.952024,17.6,6.3,LFP,2024-06-01,SunPower,active
BATT-003338,CUST-0111802,XFMR-017275,FDR-0054,SUB-013,33.407878,-111.952549,33.5,14.1,LFP,2020-05-01,Tesla,active
BATT-003339,CUST-0111862,XFMR-017284,FDR-0054,SUB-013,33.40167,-111.952269,18.6,6.9,lithium-ion,2024-09-01,BYD,active
BATT-003340,CUST-0111892,XFMR-017289,FDR-0054,SUB-013,33.398298,-111.951932,14.5,6.6,LFP,2022-07-01,BYD,active
BATT-003341,CUST-0111895,XFMR-017290,FDR-0054,SUB-013,33.398023,-111.952902,16.2,5.4,lithium-ion,2022-07-01,Tesla,active
BATT-003342,CUST-0111959,XFMR-017299,FDR-0055,SUB-013,33.477605,-111.95217,14.4,5.7,NMC,2022-06-01,SunPower,active
BATT-003343,CUST-0111964,XFMR-017300,FDR-0055,SUB-013,33.477164,-111.95165,63.3,21.7,lithium-ion,2021-07-01,BYD,active
BATT-003344,CUST-0112005,XFMR-017305,FDR-0055,SUB-013,33.477045,-111.950999,22.0,9.4,LFP,2021-12-01,Generac,active
BATT-003345,CUST-0112079,XFMR-017315,FDR-0055,SUB-013,33.477662,-111.949526,12.3,5.4,NMC,2024-06-01,Enphase,active
BATT-003346,CUST-0112101,XFMR-017318,FDR-0055,SUB-013,33.477604,-111.948379,9.5,3.8,lithium-ion,2022-03-01,SolarEdge,active
BATT-003347,CUST-0112157,XFMR-017327,FDR-0055,SUB-013,33.477214,-111.946439,149.7,72.8,lithium-ion,2020-12-01,SunPower,active
BATT-003348,CUST-0112195,XFMR-017333,FDR-0055,SUB-013,33.477443,-111.945444,13.0,4.4,lithium-ion,2024-09-01,Generac,active
BATT-003349,CUST-0112197,XFMR-017333,FDR-0055,SUB-013,33.477617,-111.945863,15.9,5.3,lithium-ion,2020-09-01,SolarEdge,active
BATT-003350,CUST-0112266,XFMR-017344,FDR-0055,SUB-013,33.477125,-111.94382,18.9,6.9,LFP,2022-07-01,SolarEdge,active
BATT-003351,CUST-0112267,XFMR-017344,FDR-0055,SUB-013,33.477144,-111.943944,129.2,38.9,NMC,2021-01-01,Enphase,active
BATT-003352,CUST-0112274,XFMR-017344,FDR-0055,SUB-013,33.477104,-111.943446,15.7,7.5,NMC,2021-11-01,Enphase,active
BATT-003353,CUST-0112325,XFMR-017353,FDR-0055,SUB-013,33.477596,-111.941802,10.1,4.4,lithium-ion,2020-03-01,BYD,active
BATT-003354,CUST-0112418,XFMR-017366,FDR-0055,SUB-013,33.477735,-111.93881,148.3,70.8,LFP,2022-06-01,Enphase,active
BATT-003355,CUST-0112434,XFMR-017368,FDR-0055,SUB-013,33.477311,-111.938654,15.4,5.8,LFP,2020-06-01,BYD,active
BATT-003356,CUST-0112441,XFMR-017368,FDR-0055,SUB-013,33.477367,-111.939173,14.8,5.1,LFP,2024-05-01,Tesla,active
BATT-003357,CUST-0112446,XFMR-017370,FDR-0055,SUB-013,33.477685,-111.938643,14.8,6.2,lithium-ion,2021-09-01,SolarEdge,active
BATT-003358,CUST-0112460,XFMR-017373,FDR-0055,SUB-013,33.47713,-111.937518,9.6,4.4,LFP,2024-09-01,Generac,active
BATT-003359,CUST-0112477,XFMR-017376,FDR-0055,SUB-013,33.477237,-111.936849,17.3,7.5,NMC,2023-09-01,SolarEdge,inactive
BATT-003360,CUST-0112512,XFMR-017382,FDR-0055,SUB-013,33.47702,-111.936294,14.3,5.9,NMC,2022-04-01,Enphase,active
BATT-003361,CUST-0112534,XFMR-017384,FDR-0055,SUB-013,33.477612,-111.936249,13.2,6.2,lithium-ion,2024-03-01,Tesla,active
BATT-003362,CUST-0112543,XFMR-017385,FDR-0055,SUB-013,33.477436,-111.935623,21.1,10.4,LFP,2021-10-01,Enphase,active
BATT-003363,CUST-0112561,XFMR-017387,FDR-0055,SUB-013,33.477835,-111.935472,10.2,5.0,lithium-ion,2021-10-01,Enphase,active
BATT-003364,CUST-0112579,XFMR-017389,FDR-0055,SUB-013,33.477266,-111.93507,17.1,8.1,LFP,2020-08-01,SolarEdge,active
BATT-003365,CUST-0112640,XFMR-017400,FDR-0055,SUB-013,33.477107,-111.932868,248.2,111.9,lithium-ion,2020-09-01,SunPower,active
BATT-003366,CUST-0112702,XFMR-017409,FDR-0055,SUB-013,33.477824,-111.930387,13.3,6.0,lithium-ion,2020-11-01,Enphase,active
BATT-003367,CUST-0112764,XFMR-017417,FDR-0055,SUB-013,33.477724,-111.929531,13.6,6.8,lithium-ion,2021-02-01,SunPower,active
BATT-003368,CUST-0112767,XFMR-017419,FDR-0055,SUB-013,33.477702,-111.928961,13.5,6.7,LFP,2022-08-01,SunPower,active
BATT-003369,CUST-0112785,XFMR-017421,FDR-0055,SUB-013,33.477734,-111.928175,14.8,5.3,lithium-ion,2021-12-01,BYD,active
BATT-003370,CUST-0112848,XFMR-017429,FDR-0055,SUB-013,33.477156,-111.927067,21.2,7.7,NMC,2021-09-01,Enphase,active
BATT-003371,CUST-0112850,XFMR-017429,FDR-0055,SUB-013,33.477564,-111.926898,20.4,10.1,LFP,2023-04-01,BYD,active
BATT-003372,CUST-0112853,XFMR-017430,FDR-0055,SUB-013,33.477499,-111.927123,16.9,5.6,lithium-ion,2021-09-01,Tesla,active
BATT-003373,CUST-0112982,XFMR-017446,FDR-0055,SUB-013,33.477781,-111.92383,10.8,5.3,LFP,2020-02-01,Tesla,active
BATT-003374,CUST-0113003,XFMR-017450,FDR-0055,SUB-013,33.477618,-111.922496,489.3,235.4,LFP,2024-04-01,Generac,active
BATT-003375,CUST-0113035,XFMR-017453,FDR-0055,SUB-013,33.477499,-111.922163,18.7,9.0,lithium-ion,2020-12-01,Tesla,active
BATT-003376,CUST-0113057,XFMR-017456,FDR-0055,SUB-013,33.477082,-111.922231,20.6,8.8,NMC,2024-05-01,Enphase,active
BATT-003377,CUST-0113082,XFMR-017459,FDR-0055,SUB-013,33.477469,-111.921379,14.5,7.0,lithium-ion,2021-04-01,Generac,active
BATT-003378,CUST-0113094,XFMR-017461,FDR-0055,SUB-013,33.477245,-111.920739,10.2,3.3,lithium-ion,2021-08-01,SunPower,active
BATT-003379,CUST-0113126,XFMR-017464,FDR-0055,SUB-013,33.477675,-111.920155,15.2,5.2,lithium-ion,2023-04-01,SolarEdge,active
BATT-003380,CUST-0113135,XFMR-017465,FDR-0055,SUB-013,33.477176,-111.920399,9.2,3.8,lithium-ion,2021-12-01,SolarEdge,active
BATT-003381,CUST-0113138,XFMR-017466,FDR-0055,SUB-013,33.477252,-111.920263,13.9,5.4,LFP,2023-11-01,Enphase,active
BATT-003382,CUST-0113177,XFMR-017473,FDR-0055,SUB-013,33.477365,-111.918334,9.7,3.3,lithium-ion,2021-08-01,SunPower,active
BATT-003383,CUST-0113209,XFMR-017480,FDR-0055,SUB-013,33.477462,-111.917512,12.4,4.5,NMC,2023-02-01,SunPower,active
BATT-003384,CUST-0113386,XFMR-017503,FDR-0055,SUB-013,33.477743,-111.912412,14.4,5.0,LFP,2024-07-01,Enphase,active
BATT-003385,CUST-0113401,XFMR-017505,FDR-0055,SUB-013,33.477649,-111.911908,13.0,5.1,LFP,2022-10-01,SunPower,active
BATT-003386,CUST-0113441,XFMR-017509,FDR-0055,SUB-013,33.477086,-111.912076,21.6,9.9,lithium-ion,2020-04-01,Tesla,active
BATT-003387,CUST-0113488,XFMR-017514,FDR-0055,SUB-013,33.477642,-111.910082,12.7,4.5,NMC,2024-05-01,SolarEdge,active
BATT-003388,CUST-0113494,XFMR-017516,FDR-0055,SUB-013,33.477609,-111.910038,176.0,86.5,lithium-ion,2022-07-01,Tesla,active
BATT-003389,CUST-0113511,XFMR-017520,FDR-0055,SUB-013,33.477086,-111.909279,12.7,4.4,NMC,2022-12-01,Enphase,active
BATT-003390,CUST-0113514,XFMR-017521,FDR-0055,SUB-013,33.477634,-111.909417,9.2,3.6,lithium-ion,2020-06-01,BYD,active
BATT-003391,CUST-0113531,XFMR-017522,FDR-0055,SUB-013,33.477165,-111.908968,15.5,6.9,NMC,2022-04-01,Tesla,active
BATT-003392,CUST-0113533,XFMR-017523,FDR-0055,SUB-013,33.477236,-111.908886,15.6,7.4,NMC,2020-08-01,SunPower,active
BATT-003393,CUST-0113570,XFMR-017529,FDR-0055,SUB-013,33.477344,-111.908147,10.6,4.4,lithium-ion,2023-02-01,Generac,active
BATT-003394,CUST-0113589,XFMR-017532,FDR-0055,SUB-013,33.477477,-111.90703,15.6,7.1,LFP,2022-12-01,SunPower,active
BATT-003395,CUST-0113593,XFMR-017532,FDR-0055,SUB-013,33.47697,-111.907233,97.1,37.9,lithium-ion,2023-05-01,Enphase,active
BATT-003396,CUST-0113613,XFMR-017536,FDR-0055,SUB-013,33.477716,-111.906642,14.8,5.4,lithium-ion,2020-04-01,BYD,active
BATT-003397,CUST-0113625,XFMR-017538,FDR-0055,SUB-013,33.477699,-111.906411,10.7,3.8,LFP,2022-10-01,Generac,active
BATT-003398,CUST-0113626,XFMR-017538,FDR-0055,SUB-013,33.477276,-111.905758,17.2,8.1,lithium-ion,2022-02-01,SolarEdge,active
BATT-003399,CUST-0113685,XFMR-017549,FDR-0055,SUB-013,33.477642,-111.903789,13.6,6.4,lithium-ion,2024-04-01,SolarEdge,active
BATT-003400,CUST-0113694,XFMR-017550,FDR-0055,SUB-013,33.477114,-111.904031,18.8,8.7,LFP,2023-04-01,Tesla,active
BATT-003401,CUST-0113750,XFMR-017557,FDR-0055,SUB-013,33.477543,-111.901953,17.1,6.6,NMC,2020-10-01,SunPower,active
BATT-003402,CUST-0113755,XFMR-017558,FDR-0055,SUB-013,33.477198,-111.902044,26.4,8.2,NMC,2022-04-01,BYD,active
BATT-003403,CUST-0113786,XFMR-017562,FDR-0055,SUB-013,33.477352,-111.901468,16.0,5.1,NMC,2021-06-01,Enphase,active
BATT-003404,CUST-0113813,XFMR-017566,FDR-0055,SUB-013,33.477357,-111.900649,16.3,6.7,lithium-ion,2021-04-01,Enphase,active
BATT-003405,CUST-0113845,XFMR-017569,FDR-0055,SUB-013,33.47717,-111.900093,44.6,21.6,lithium-ion,2023-07-01,Tesla,active
BATT-003406,CUST-0113863,XFMR-017570,FDR-0055,SUB-013,33.477153,-111.899799,14.7,5.5,NMC,2024-12-01,Tesla,active
BATT-003407,CUST-0113912,XFMR-017576,FDR-0055,SUB-013,33.477255,-111.898459,15.3,5.3,lithium-ion,2022-03-01,Enphase,active
BATT-003408,CUST-0114077,XFMR-017602,FDR-0055,SUB-013,33.476952,-111.893171,21.1,8.9,NMC,2021-01-01,BYD,active
BATT-003409,CUST-0114111,XFMR-017608,FDR-0055,SUB-013,33.477007,-111.892438,215.9,77.8,LFP,2023-01-01,Enphase,active
BATT-003410,CUST-0114139,XFMR-017613,FDR-0055,SUB-013,33.477303,-111.891249,13.1,4.1,NMC,2020-07-01,SolarEdge,active
BATT-003411,CUST-0114141,XFMR-017613,FDR-0055,SUB-013,33.477223,-111.891375,9.9,4.5,LFP,2022-02-01,Tesla,active
BATT-003412,CUST-0114166,XFMR-017616,FDR-0055,SUB-013,33.477093,-111.890747,17.1,6.7,NMC,2022-09-01,Generac,active
BATT-003413,CUST-0114196,XFMR-017622,FDR-0055,SUB-013,33.47758,-111.889162,16.2,5.4,NMC,2021-07-01,SolarEdge,active
BATT-003414,CUST-0114228,XFMR-017626,FDR-0055,SUB-013,33.476996,-111.889172,10.4,3.6,NMC,2022-10-01,SunPower,active
BATT-003415,CUST-0114230,XFMR-017627,FDR-0055,SUB-013,33.477484,-111.888394,17.6,7.0,LFP,2022-05-01,SolarEdge,active
BATT-003416,CUST-0114247,XFMR-017628,FDR-0055,SUB-013,33.477295,-111.888241,19.5,8.4,NMC,2024-12-01,BYD,active
BATT-003417,CUST-0114261,XFMR-017630,FDR-0055,SUB-013,33.477399,-111.887763,12.3,4.1,lithium-ion,2021-09-01,Generac,active
BATT-003418,CUST-0114276,XFMR-017632,FDR-0055,SUB-013,33.476969,-111.888159,163.6,65.9,lithium-ion,2024-09-01,SunPower,active
BATT-003419,CUST-0114280,XFMR-017632,FDR-0055,SUB-013,33.477019,-111.888001,10.6,3.3,lithium-ion,2024-02-01,Tesla,active
BATT-003420,CUST-0114294,XFMR-017634,FDR-0055,SUB-013,33.477644,-111.887064,21.1,6.9,lithium-ion,2022-07-01,SolarEdge,active
BATT-003421,CUST-0114301,XFMR-017634,FDR-0055,SUB-013,33.477607,-111.88778,15.5,7.2,NMC,2020-02-01,Tesla,active
BATT-003422,CUST-0114312,XFMR-017636,FDR-0055,SUB-013,33.477712,-111.88668,352.0,110.9,LFP,2021-03-01,Generac,active
BATT-003423,CUST-0114339,XFMR-017641,FDR-0055,SUB-013,33.477781,-111.88572,17.6,5.3,LFP,2020-12-01,Generac,active
BATT-003424,CUST-0114350,XFMR-017642,FDR-0055,SUB-013,33.4772,-111.88618,18.2,5.5,NMC,2024-04-01,Enphase,active
BATT-003425,CUST-0114359,XFMR-017643,FDR-0055,SUB-013,33.477677,-111.885432,20.5,8.6,lithium-ion,2023-08-01,Enphase,active
BATT-003426,CUST-0114418,XFMR-017653,FDR-0055,SUB-013,33.477167,-111.883614,242.1,79.5,lithium-ion,2020-11-01,Enphase,active
BATT-003427,CUST-0114437,XFMR-017655,FDR-0055,SUB-013,33.477687,-111.883118,9.6,4.4,lithium-ion,2024-07-01,SunPower,active
BATT-003428,CUST-0114440,XFMR-017655,FDR-0055,SUB-013,33.477336,-111.883243,257.2,104.4,NMC,2023-10-01,BYD,active
BATT-003429,CUST-0114492,XFMR-017665,FDR-0055,SUB-013,33.477248,-111.881568,10.4,4.9,NMC,2020-06-01,Generac,active
BATT-003430,CUST-0114506,XFMR-017667,FDR-0055,SUB-013,33.477669,-111.880607,17.0,5.7,NMC,2020-03-01,BYD,active
BATT-003431,CUST-0114566,XFMR-017678,FDR-0055,SUB-013,33.477248,-111.878393,16.1,5.2,LFP,2024-02-01,Enphase,active
BATT-003432,CUST-0114611,XFMR-017685,FDR-0055,SUB-013,33.477651,-111.877468,72.0,28.5,NMC,2022-11-01,Tesla,active
BATT-003433,CUST-0114614,XFMR-017685,FDR-0055,SUB-013,33.477808,-111.877119,10.1,4.4,LFP,2023-10-01,SolarEdge,active
BATT-003434,CUST-0114696,XFMR-017697,FDR-0055,SUB-013,33.476983,-111.874955,12.9,5.8,NMC,2020-06-01,SunPower,active
BATT-003435,CUST-0114700,XFMR-017698,FDR-0055,SUB-013,33.477259,-111.874525,20.3,6.6,LFP,2022-09-01,SunPower,active
BATT-003436,CUST-0114703,XFMR-017698,FDR-0055,SUB-013,33.477683,-111.874677,168.2,44.2,LFP,2024-01-01,SunPower,active
BATT-003437,CUST-0114801,XFMR-017717,FDR-0055,SUB-013,33.477325,-111.871048,14.6,5.6,lithium-ion,2021-01-01,SolarEdge,active
BATT-003438,CUST-0114841,XFMR-017725,FDR-0055,SUB-013,33.477575,-111.869807,16.9,6.1,NMC,2024-09-01,Enphase,active
BATT-003439,CUST-0114893,XFMR-017731,FDR-0055,SUB-013,33.477108,-111.868256,12.7,5.9,lithium-ion,2020-02-01,SolarEdge,active
BATT-003440,CUST-0114907,XFMR-017734,FDR-0055,SUB-013,33.477657,-111.868395,19.2,7.4,NMC,2022-06-01,Enphase,active
BATT-003441,CUST-0114936,XFMR-017739,FDR-0055,SUB-013,33.477574,-111.867215,18.6,8.1,NMC,2024-03-01,BYD,active
BATT-003442,CUST-0114948,XFMR-017740,FDR-0055,SUB-013,33.477223,-111.867278,490.5,176.4,LFP,2022-10-01,SunPower,active
BATT-003443,CUST-0115046,XFMR-017755,FDR-0055,SUB-013,33.477295,-111.864083,13.7,5.1,LFP,2020-03-01,Generac,active
BATT-003444,CUST-0115051,XFMR-017756,FDR-0055,SUB-013,33.477645,-111.863291,9.6,3.1,LFP,2021-11-01,Generac,active
BATT-003445,CUST-0115079,XFMR-017760,FDR-0055,SUB-013,33.477088,-111.863143,22.0,8.7,LFP,2022-02-01,SolarEdge,active
BATT-003446,CUST-0115081,XFMR-017760,FDR-0055,SUB-013,33.477018,-111.862793,363.7,126.8,lithium-ion,2020-05-01,SolarEdge,active
BATT-003447,CUST-0115109,XFMR-017765,FDR-0055,SUB-013,33.477704,-111.862125,12.4,5.8,LFP,2020-12-01,Enphase,active
BATT-003448,CUST-0115160,XFMR-017772,FDR-0055,SUB-013,33.477645,-111.860784,18.6,5.9,NMC,2021-12-01,Generac,active
BATT-003449,CUST-0115204,XFMR-017777,FDR-0055,SUB-013,33.477441,-111.859296,17.5,6.6,NMC,2021-09-01,SolarEdge,active
BATT-003450,CUST-0115235,XFMR-017783,FDR-0055,SUB-013,33.477597,-111.858478,16.0,7.1,LFP,2020-05-01,Tesla,active
BATT-003451,CUST-0115237,XFMR-017784,FDR-0055,SUB-013,33.477612,-111.858728,10.2,4.2,NMC,2020-02-01,Enphase,active
BATT-003452,CUST-0115255,XFMR-017786,FDR-0055,SUB-013,33.477677,-111.857758,10.9,4.8,lithium-ion,2021-11-01,Generac,active
BATT-003453,CUST-0115272,XFMR-017791,FDR-0055,SUB-013,33.477159,-111.856994,13.8,5.7,LFP,2020-04-01,SunPower,active
BATT-003454,CUST-0115318,XFMR-017798,FDR-0055,SUB-013,33.477038,-111.855738,128.9,57.8,NMC,2022-07-01,SolarEdge,active
BATT-003455,CUST-0115343,XFMR-017800,FDR-0055,SUB-013,33.477309,-111.855493,118.8,34.0,NMC,2022-02-01,SunPower,active
BATT-003456,CUST-0115398,XFMR-017810,FDR-0055,SUB-013,33.477655,-111.853154,260.1,66.4,NMC,2022-01-01,BYD,active
BATT-003457,CUST-0115502,XFMR-017831,FDR-0055,SUB-013,33.477135,-111.848747,14.2,6.7,NMC,2020-12-01,Enphase,active
BATT-003458,CUST-0115602,XFMR-017845,FDR-0055,SUB-013,33.477048,-111.846252,15.8,6.7,NMC,2024-10-01,SunPower,active
BATT-003459,CUST-0115648,XFMR-017851,FDR-0055,SUB-013,33.477445,-111.844954,19.4,6.2,lithium-ion,2024-09-01,Enphase,active
BATT-003460,CUST-0115652,XFMR-017852,FDR-0055,SUB-013,33.477612,-111.84562,186.9,80.4,NMC,2022-11-01,Tesla,active
BATT-003461,CUST-0115707,XFMR-017860,FDR-0055,SUB-013,33.47701,-111.843202,16.8,5.9,NMC,2023-03-01,Enphase,active
BATT-003462,CUST-0115735,XFMR-017865,FDR-0055,SUB-013,33.477438,-111.842467,19.5,6.6,NMC,2022-10-01,SolarEdge,active
BATT-003463,CUST-0115797,XFMR-017875,FDR-0055,SUB-013,33.477247,-111.840364,9.1,2.8,NMC,2024-12-01,BYD,active
BATT-003464,CUST-0115848,XFMR-017881,FDR-0055,SUB-013,33.477661,-111.839422,19.2,6.0,lithium-ion,2023-03-01,SolarEdge,active
BATT-003465,CUST-0115875,XFMR-017887,FDR-0055,SUB-013,33.477175,-111.838722,21.6,8.2,lithium-ion,2021-03-01,Enphase,active
BATT-003466,CUST-0115891,XFMR-017889,FDR-0055,SUB-013,33.477755,-111.837844,20.3,9.8,LFP,2020-11-01,Generac,active
BATT-003467,CUST-0115894,XFMR-017890,FDR-0055,SUB-013,33.477332,-111.837428,12.8,5.2,NMC,2024-10-01,Tesla,active
BATT-003468,CUST-0115912,XFMR-017895,FDR-0055,SUB-013,33.477232,-111.836806,14.8,7.3,LFP,2022-01-01,BYD,active
BATT-003469,CUST-0115938,XFMR-017899,FDR-0056,SUB-013,33.477683,-111.952608,332.2,142.7,LFP,2023-08-01,SunPower,active
BATT-003470,CUST-0115962,XFMR-017901,FDR-0056,SUB-013,33.478249,-111.951974,21.8,7.5,LFP,2020-10-01,Tesla,active
BATT-003471,CUST-0116023,XFMR-017913,FDR-0056,SUB-013,33.480203,-111.952851,15.7,5.1,lithium-ion,2021-02-01,Generac,active
BATT-003472,CUST-0116039,XFMR-017915,FDR-0056,SUB-013,33.480296,-111.952211,16.7,6.4,LFP,2021-03-01,Generac,active
BATT-003473,CUST-0116077,XFMR-017920,FDR-0056,SUB-013,33.480953,-111.95252,13.8,4.5,LFP,2024-07-01,Enphase,active
BATT-003474,CUST-0116092,XFMR-017921,FDR-0056,SUB-013,33.481788,-111.952723,9.3,4.1,lithium-ion,2021-08-01,Tesla,active
BATT-003475,CUST-0116101,XFMR-017922,FDR-0056,SUB-013,33.481524,-111.952065,10.6,3.8,NMC,2020-01-01,Tesla,active
BATT-003476,CUST-0116121,XFMR-017926,FDR-0056,SUB-013,33.48252,-111.95228,53.5,17.1,lithium-ion,2020-06-01,Generac,active
BATT-003477,CUST-0116148,XFMR-017931,FDR-0056,SUB-013,33.482893,-111.95266,17.2,8.6,lithium-ion,2023-09-01,Generac,active
BATT-003478,CUST-0116173,XFMR-017934,FDR-0056,SUB-013,33.484035,-111.952688,13.5,6.0,lithium-ion,2020-05-01,Enphase,active
BATT-003479,CUST-0116175,XFMR-017935,FDR-0056,SUB-013,33.484254,-111.952056,9.1,4.1,lithium-ion,2021-02-01,SunPower,active
BATT-003480,CUST-0116185,XFMR-017938,FDR-0056,SUB-013,33.484366,-111.952359,12.7,5.2,NMC,2020-03-01,Enphase,active
BATT-003481,CUST-0116188,XFMR-017938,FDR-0056,SUB-013,33.484347,-111.952297,10.9,4.5,NMC,2021-09-01,BYD,active
BATT-003482,CUST-0116214,XFMR-017945,FDR-0056,SUB-013,33.485761,-111.952269,16.9,5.6,NMC,2020-09-01,Enphase,active
BATT-003483,CUST-0116233,XFMR-017951,FDR-0056,SUB-013,33.487051,-111.952107,15.3,5.0,NMC,2024-01-01,SolarEdge,active
BATT-003484,CUST-0116294,XFMR-017959,FDR-0056,SUB-013,33.487984,-111.95254,9.3,3.3,lithium-ion,2023-12-01,Tesla,active
BATT-003485,CUST-0116357,XFMR-017973,FDR-0056,SUB-013,33.491092,-111.95251,296.9,102.5,NMC,2024-02-01,Enphase,active
BATT-003486,CUST-0116359,XFMR-017973,FDR-0056,SUB-013,33.49041,-111.952105,19.1,6.1,LFP,2020-09-01,Tesla,active
BATT-003487,CUST-0116411,XFMR-017980,FDR-0056,SUB-013,33.491954,-111.951918,382.3,185.2,LFP,2023-06-01,Tesla,active
BATT-003488,CUST-0116426,XFMR-017981,FDR-0056,SUB-013,33.49221,-111.952281,13.9,4.7,lithium-ion,2024-09-01,BYD,active
BATT-003489,CUST-0116459,XFMR-017986,FDR-0056,SUB-013,33.493008,-111.952703,20.9,9.9,LFP,2024-10-01,BYD,active
BATT-003490,CUST-0116487,XFMR-017989,FDR-0056,SUB-013,33.493916,-111.95255,18.3,6.7,lithium-ion,2020-08-01,SolarEdge,active
BATT-003491,CUST-0116498,XFMR-017991,FDR-0056,SUB-013,33.493892,-111.952712,14.0,5.8,NMC,2022-05-01,SolarEdge,active
BATT-003492,CUST-0116510,XFMR-017993,FDR-0056,SUB-013,33.494504,-111.952579,13.5,4.3,lithium-ion,2021-12-01,Enphase,active
BATT-003493,CUST-0116555,XFMR-017999,FDR-0056,SUB-013,33.494933,-111.952774,19.9,9.7,lithium-ion,2022-10-01,SunPower,active
BATT-003494,CUST-0116575,XFMR-018002,FDR-0056,SUB-013,33.496273,-111.951911,15.1,7.3,lithium-ion,2021-08-01,Generac,active
BATT-003495,CUST-0116583,XFMR-018002,FDR-0056,SUB-013,33.495576,-111.952055,10.6,4.7,NMC,2020-10-01,BYD,active
BATT-003496,CUST-0116596,XFMR-018005,FDR-0056,SUB-013,33.496483,-111.952252,12.7,6.3,NMC,2024-11-01,Tesla,active
BATT-003497,CUST-0116632,XFMR-018011,FDR-0056,SUB-013,33.497285,-111.952115,10.8,4.1,lithium-ion,2021-03-01,Tesla,active
BATT-003498,CUST-0116649,XFMR-018012,FDR-0056,SUB-013,33.498012,-111.952819,451.9,195.6,NMC,2021-08-01,Generac,active
BATT-003499,CUST-0116727,XFMR-018023,FDR-0056,SUB-013,33.499974,-111.95291,19.1,6.3,NMC,2023-10-01,Enphase,active
BATT-003500,CUST-0116766,XFMR-018028,FDR-0056,SUB-013,33.500671,-111.952878,19.7,8.9,lithium-ion,2020-07-01,Generac,active
BATT-003501,CUST-0116800,XFMR-018034,FDR-0056,SUB-013,33.501603,-111.952894,21.3,7.3,NMC,2022-04-01,Tesla,active
BATT-003502,CUST-0116803,XFMR-018036,FDR-0056,SUB-013,33.502178,-111.952618,10.2,3.1,LFP,2024-08-01,Enphase,active
BATT-003503,CUST-0116813,XFMR-018038,FDR-0056,SUB-013,33.502719,-111.952176,16.6,6.5,NMC,2024-05-01,BYD,active
BATT-003504,CUST-0116823,XFMR-018038,FDR-0056,SUB-013,33.502311,-111.952155,189.6,86.8,LFP,2021-05-01,Generac,active
BATT-003505,CUST-0116871,XFMR-018047,FDR-0056,SUB-013,33.50378,-111.952336,12.9,4.3,NMC,2020-07-01,SolarEdge,active
BATT-003506,CUST-0116912,XFMR-018052,FDR-0056,SUB-013,33.504746,-111.952715,15.5,6.8,NMC,2023-08-01,BYD,active
BATT-003507,CUST-0116920,XFMR-018054,FDR-0056,SUB-013,33.5048,-111.952328,14.0,6.4,NMC,2020-12-01,BYD,active
BATT-003508,CUST-0116929,XFMR-018054,FDR-0056,SUB-013,33.505023,-111.952315,16.4,7.5,lithium-ion,2020-08-01,Generac,active
BATT-003509,CUST-0117031,XFMR-018066,FDR-0056,SUB-013,33.507458,-111.952129,13.7,4.7,NMC,2024-01-01,Enphase,active
BATT-003510,CUST-0117036,XFMR-018067,FDR-0056,SUB-013,33.507742,-111.952059,10.7,4.1,LFP,2024-05-01,BYD,active
BATT-003511,CUST-0117041,XFMR-018067,FDR-0056,SUB-013,33.507675,-111.952625,20.7,9.1,NMC,2020-01-01,Tesla,active
BATT-003512,CUST-0117086,XFMR-018074,FDR-0056,SUB-013,33.509003,-111.952194,13.3,4.2,NMC,2023-04-01,SunPower,active
BATT-003513,CUST-0117103,XFMR-018076,FDR-0056,SUB-013,33.509232,-111.952771,393.4,171.4,LFP,2021-04-01,BYD,active
BATT-003514,CUST-0117137,XFMR-018080,FDR-0056,SUB-013,33.509987,-111.952649,14.2,5.0,NMC,2023-03-01,SunPower,active
BATT-003515,CUST-0117167,XFMR-018083,FDR-0056,SUB-013,33.510416,-111.952672,10.4,4.6,NMC,2022-07-01,Enphase,active
BATT-003516,CUST-0117168,XFMR-018083,FDR-0056,SUB-013,33.51077,-111.952619,9.8,4.7,NMC,2023-06-01,Generac,active
BATT-003517,CUST-0117183,XFMR-018087,FDR-0057,SUB-013,33.477342,-111.953428,20.9,8.3,LFP,2022-12-01,Tesla,active
BATT-003518,CUST-0117303,XFMR-018109,FDR-0057,SUB-013,33.477398,-111.960737,21.8,7.8,lithium-ion,2024-01-01,SolarEdge,active
BATT-003519,CUST-0117351,XFMR-018114,FDR-0057,SUB-013,33.477479,-111.961435,18.5,8.2,LFP,2024-09-01,Generac,active
BATT-003520,CUST-0117357,XFMR-018115,FDR-0057,SUB-013,33.477058,-111.962266,21.5,10.7,lithium-ion,2021-01-01,BYD,active
BATT-003521,CUST-0117363,XFMR-018116,FDR-0057,SUB-013,33.477369,-111.962222,16.2,5.7,LFP,2023-05-01,Tesla,active
BATT-003522,CUST-0117387,XFMR-018119,FDR-0057,SUB-013,33.477701,-111.96306,16.1,5.2,LFP,2022-02-01,Enphase,active
BATT-003523,CUST-0117401,XFMR-018122,FDR-0057,SUB-013,33.477201,-111.964601,23.4,11.4,NMC,2024-07-01,BYD,active
BATT-003524,CUST-0117458,XFMR-018129,FDR-0057,SUB-013,33.4773,-111.966345,82.9,29.3,lithium-ion,2021-02-01,Enphase,active
BATT-003525,CUST-0117471,XFMR-018130,FDR-0057,SUB-013,33.47751,-111.966772,11.0,4.9,NMC,2023-01-01,Tesla,active
BATT-003526,CUST-0117499,XFMR-018135,FDR-0057,SUB-013,33.477183,-111.968007,15.8,7.3,LFP,2021-11-01,SunPower,active
BATT-003527,CUST-0117565,XFMR-018149,FDR-0057,SUB-013,33.47764,-111.97287,14.3,6.1,NMC,2024-11-01,BYD,active
BATT-003528,CUST-0117566,XFMR-018150,FDR-0057,SUB-013,33.477792,-111.972765,16.3,6.5,lithium-ion,2020-10-01,SunPower,active
BATT-003529,CUST-0117604,XFMR-018155,FDR-0057,SUB-013,33.477601,-111.97489,11.0,3.8,LFP,2024-07-01,Enphase,active
BATT-003530,CUST-0117672,XFMR-018167,FDR-0057,SUB-013,33.477706,-111.978852,12.2,4.0,LFP,2021-06-01,Enphase,active
BATT-003531,CUST-0117712,XFMR-018174,FDR-0057,SUB-013,33.477436,-111.980419,135.2,35.0,LFP,2022-06-01,SunPower,active
BATT-003532,CUST-0117721,XFMR-018176,FDR-0057,SUB-013,33.477322,-111.981518,132.7,62.9,LFP,2024-08-01,Enphase,active
BATT-003533,CUST-0117731,XFMR-018177,FDR-0057,SUB-013,33.477373,-111.98119,12.8,5.8,lithium-ion,2020-04-01,BYD,active
BATT-003534,CUST-0117772,XFMR-018188,FDR-0057,SUB-013,33.477666,-111.984886,99.4,36.8,lithium-ion,2022-04-01,BYD,active
BATT-003535,CUST-0117801,XFMR-018193,FDR-0057,SUB-013,33.477033,-111.986538,10.3,4.3,lithium-ion,2024-05-01,Generac,active
BATT-003536,CUST-0117834,XFMR-018197,FDR-0057,SUB-013,33.477065,-111.988193,103.2,32.0,NMC,2023-02-01,SolarEdge,active
BATT-003537,CUST-0117921,XFMR-018212,FDR-0057,SUB-013,33.477509,-111.992531,18.1,6.2,lithium-ion,2022-12-01,Enphase,active
BATT-003538,CUST-0117934,XFMR-018213,FDR-0057,SUB-013,33.477618,-111.993505,10.9,4.2,NMC,2020-12-01,BYD,active
BATT-003539,CUST-0117975,XFMR-018220,FDR-0057,SUB-013,33.477662,-111.995434,12.2,5.6,LFP,2023-03-01,Enphase,active
BATT-003540,CUST-0117986,XFMR-018222,FDR-0057,SUB-013,33.477672,-111.995787,15.8,4.9,NMC,2021-10-01,SunPower,active
BATT-003541,CUST-0118009,XFMR-018224,FDR-0057,SUB-013,33.477422,-111.996992,9.3,4.3,LFP,2023-06-01,SunPower,active
BATT-003542,CUST-0118055,XFMR-018231,FDR-0057,SUB-013,33.477034,-111.999153,212.3,56.2,LFP,2023-01-01,SolarEdge,active
BATT-003543,CUST-0118059,XFMR-018232,FDR-0057,SUB-013,33.477607,-111.998751,19.8,9.4,LFP,2020-01-01,Tesla,active
BATT-003544,CUST-0118067,XFMR-018233,FDR-0057,SUB-013,33.477607,-111.999831,15.6,5.8,lithium-ion,2023-12-01,SunPower,active
BATT-003545,CUST-0118195,XFMR-018249,FDR-0057,SUB-013,33.47718,-112.004392,99.3,34.6,NMC,2020-08-01,Enphase,active
BATT-003546,CUST-0118198,XFMR-018249,FDR-0057,SUB-013,33.47755,-112.004903,10.4,3.8,NMC,2021-01-01,Enphase,active
BATT-003547,CUST-0118251,XFMR-018256,FDR-0057,SUB-013,33.477151,-112.00642,12.7,5.2,LFP,2022-01-01,Enphase,active
BATT-003548,CUST-0118292,XFMR-018264,FDR-0057,SUB-013,33.47764,-112.008919,12.6,3.8,lithium-ion,2020-05-01,SunPower,active
BATT-003549,CUST-0118315,XFMR-018267,FDR-0057,SUB-013,33.477264,-112.010139,10.7,3.5,LFP,2020-01-01,Generac,active
BATT-003550,CUST-0118323,XFMR-018269,FDR-0057,SUB-013,33.477176,-112.01026,14.6,6.0,NMC,2022-12-01,Enphase,active
BATT-003551,CUST-0118327,XFMR-018269,FDR-0057,SUB-013,33.477247,-112.010971,96.9,35.7,NMC,2022-06-01,Enphase,active
BATT-003552,CUST-0118398,XFMR-018278,FDR-0057,SUB-013,33.477636,-112.013487,15.1,6.0,NMC,2023-06-01,SunPower,active
BATT-003553,CUST-0118417,XFMR-018281,FDR-0057,SUB-013,33.476938,-112.014344,20.1,9.7,lithium-ion,2024-03-01,SunPower,active
BATT-003554,CUST-0118574,XFMR-018301,FDR-0057,SUB-013,33.477367,-112.020288,9.8,4.6,LFP,2024-06-01,Generac,active
BATT-003555,CUST-0118584,XFMR-018302,FDR-0057,SUB-013,33.477602,-112.021401,18.9,7.3,NMC,2024-08-01,SunPower,active
BATT-003556,CUST-0118650,XFMR-018311,FDR-0057,SUB-013,33.47771,-112.024031,240.3,88.4,LFP,2024-04-01,Enphase,active
BATT-003557,CUST-0118669,XFMR-018313,FDR-0057,SUB-013,33.477078,-112.024402,313.2,106.1,lithium-ion,2020-12-01,SunPower,active
BATT-003558,CUST-0118672,XFMR-018313,FDR-0057,SUB-013,33.477545,-112.024959,10.3,5.1,NMC,2022-12-01,Tesla,inactive
BATT-003559,CUST-0118688,XFMR-018316,FDR-0057,SUB-013,33.476997,-112.025015,9.9,3.7,lithium-ion,2021-10-01,Generac,active
BATT-003560,CUST-0118742,XFMR-018323,FDR-0057,SUB-013,33.477189,-112.027859,159.7,64.3,LFP,2022-08-01,Tesla,active
BATT-003561,CUST-0118790,XFMR-018330,FDR-0057,SUB-013,33.477193,-112.030149,55.6,19.3,lithium-ion,2022-12-01,SolarEdge,active
BATT-003562,CUST-0118804,XFMR-018332,FDR-0057,SUB-013,33.477307,-112.030533,50.3,18.4,NMC,2024-10-01,Tesla,active
BATT-003563,CUST-0118819,XFMR-018334,FDR-0057,SUB-013,33.477815,-112.031106,12.2,3.8,lithium-ion,2022-05-01,Generac,active
BATT-003564,CUST-0118985,XFMR-018359,FDR-0057,SUB-013,33.477501,-112.038789,15.9,6.1,lithium-ion,2024-01-01,Enphase,active
BATT-003565,CUST-0119042,XFMR-018368,FDR-0057,SUB-013,33.477613,-112.041912,13.2,6.5,NMC,2021-05-01,SolarEdge,active
BATT-003566,CUST-0119056,XFMR-018369,FDR-0057,SUB-013,33.477178,-112.042134,9.8,3.3,NMC,2021-10-01,Generac,active
BATT-003567,CUST-0119095,XFMR-018376,FDR-0057,SUB-013,33.477563,-112.044816,17.2,7.9,lithium-ion,2021-09-01,Enphase,active
BATT-003568,CUST-0119108,XFMR-018377,FDR-0057,SUB-013,33.477335,-112.045126,12.2,5.4,lithium-ion,2024-04-01,SunPower,active
BATT-003569,CUST-0119189,XFMR-018389,FDR-0057,SUB-013,33.477201,-112.048549,13.9,6.6,NMC,2022-04-01,SunPower,active
BATT-003570,CUST-0119240,XFMR-018396,FDR-0057,SUB-013,33.477588,-112.050478,10.9,4.4,NMC,2020-07-01,Tesla,active
BATT-003571,CUST-0119252,XFMR-018399,FDR-0057,SUB-013,33.477609,-112.052029,14.0,4.2,lithium-ion,2022-12-01,Enphase,active
BATT-003572,CUST-0119267,XFMR-018402,FDR-0057,SUB-013,33.477157,-112.053003,14.4,6.3,LFP,2022-04-01,SunPower,active
BATT-003573,CUST-0119312,XFMR-018408,FDR-0057,SUB-013,33.477514,-112.054676,10.6,3.3,NMC,2021-12-01,BYD,active
BATT-003574,CUST-0119314,XFMR-018408,FDR-0057,SUB-013,33.477023,-112.054456,10.4,3.6,NMC,2024-07-01,Tesla,inactive
BATT-003575,CUST-0119359,XFMR-018414,FDR-0057,SUB-013,33.477731,-112.056883,13.4,5.1,LFP,2022-09-01,Tesla,active
BATT-003576,CUST-0119476,XFMR-018432,FDR-0057,SUB-013,33.477634,-112.061756,14.6,4.7,NMC,2023-06-01,SolarEdge,active
BATT-003577,CUST-0119490,XFMR-018434,FDR-0057,SUB-013,33.477666,-112.062483,89.5,41.2,LFP,2022-07-01,SolarEdge,active
BATT-003578,CUST-0119609,XFMR-018456,FDR-0057,SUB-013,33.47696,-112.069244,159.2,61.3,NMC,2020-06-01,BYD,active
BATT-003579,CUST-0119612,XFMR-018458,FDR-0057,SUB-013,33.477812,-112.069737,12.9,5.9,NMC,2024-12-01,Generac,active
BATT-003580,CUST-0119620,XFMR-018459,FDR-0058,SUB-013,33.476891,-111.952137,19.0,6.3,lithium-ion,2023-01-01,BYD,active
BATT-003581,CUST-0119627,XFMR-018460,FDR-0058,SUB-013,33.476724,-111.95262,143.8,70.3,lithium-ion,2022-12-01,SunPower,active
BATT-003582,CUST-0119639,XFMR-018463,FDR-0058,SUB-013,33.476139,-111.952604,17.1,6.6,lithium-ion,2024-02-01,Tesla,active
BATT-003583,CUST-0119675,XFMR-018468,FDR-0058,SUB-013,33.475491,-111.952231,14.3,6.2,LFP,2022-09-01,SolarEdge,active
BATT-003584,CUST-0119686,XFMR-018469,FDR-0058,SUB-013,33.475217,-111.952165,10.6,4.5,NMC,2024-02-01,BYD,active
BATT-003585,CUST-0119693,XFMR-018470,FDR-0058,SUB-013,33.474937,-111.952881,21.6,7.7,LFP,2024-08-01,Tesla,active
BATT-003586,CUST-0119702,XFMR-018471,FDR-0058,SUB-013,33.474806,-111.95287,15.3,5.3,lithium-ion,2021-10-01,Generac,active
BATT-003587,CUST-0119757,XFMR-018480,FDR-0058,SUB-013,33.472853,-111.952578,10.3,3.6,lithium-ion,2020-04-01,SunPower,active
BATT-003588,CUST-0119759,XFMR-018480,FDR-0058,SUB-013,33.473287,-111.952524,21.8,8.9,LFP,2023-08-01,BYD,active
BATT-003589,CUST-0119858,XFMR-018496,FDR-0058,SUB-013,33.470158,-111.951995,14.1,6.1,lithium-ion,2022-07-01,SolarEdge,active
BATT-003590,CUST-0119866,XFMR-018496,FDR-0058,SUB-013,33.469964,-111.951996,15.5,4.8,lithium-ion,2024-10-01,Generac,active
BATT-003591,CUST-0119882,XFMR-018498,FDR-0058,SUB-013,33.469472,-111.952665,60.0,27.3,NMC,2024-03-01,Tesla,active
BATT-003592,CUST-0120038,XFMR-018520,FDR-0058,SUB-013,33.465031,-111.952148,16.3,5.1,NMC,2022-05-01,Generac,active
BATT-003593,CUST-0120050,XFMR-018522,FDR-0058,SUB-013,33.464565,-111.951963,20.8,8.5,lithium-ion,2022-12-01,Tesla,active
BATT-003594,CUST-0120054,XFMR-018522,FDR-0058,SUB-013,33.46462,-111.951965,369.6,104.8,LFP,2022-05-01,Enphase,active
BATT-003595,CUST-0120090,XFMR-018526,FDR-0058,SUB-013,33.464043,-111.952168,9.0,3.8,LFP,2020-12-01,BYD,active
BATT-003596,CUST-0120101,XFMR-018527,FDR-0058,SUB-013,33.463994,-111.952758,14.7,7.2,LFP,2022-01-01,Tesla,active
BATT-003597,CUST-0120110,XFMR-018528,FDR-0058,SUB-013,33.463515,-111.952535,10.5,3.9,lithium-ion,2020-02-01,Tesla,active
BATT-003598,CUST-0120139,XFMR-018533,FDR-0058,SUB-013,33.462499,-111.952638,21.4,9.3,NMC,2020-10-01,SunPower,active
BATT-003599,CUST-0120170,XFMR-018539,FDR-0058,SUB-013,33.460874,-111.952268,16.1,6.6,lithium-ion,2021-05-01,Generac,active
BATT-003600,CUST-0120197,XFMR-018543,FDR-0058,SUB-013,33.460221,-111.952689,10.9,5.1,NMC,2021-05-01,SolarEdge,active
BATT-003601,CUST-0120211,XFMR-018545,FDR-0058,SUB-013,33.459628,-111.952237,18.8,6.3,lithium-ion,2021-11-01,Enphase,active
BATT-003602,CUST-0120248,XFMR-018550,FDR-0058,SUB-013,33.458944,-111.952232,13.0,6.3,NMC,2021-04-01,SunPower,active
BATT-003603,CUST-0120256,XFMR-018550,FDR-0058,SUB-013,33.459298,-111.95239,16.3,5.3,LFP,2020-03-01,SunPower,active
BATT-003604,CUST-0120283,XFMR-018553,FDR-0058,SUB-013,33.45795,-111.952577,9.2,4.4,NMC,2022-09-01,SolarEdge,active
BATT-003605,CUST-0120285,XFMR-018553,FDR-0058,SUB-013,33.458352,-111.952496,15.9,5.9,NMC,2023-06-01,Generac,active
BATT-003606,CUST-0120292,XFMR-018555,FDR-0058,SUB-013,33.45793,-111.952123,14.7,4.7,NMC,2021-06-01,SolarEdge,active
BATT-003607,CUST-0120361,XFMR-018566,FDR-0058,SUB-013,33.455737,-111.952353,15.6,6.4,LFP,2022-11-01,Tesla,active
BATT-003608,CUST-0120391,XFMR-018570,FDR-0058,SUB-013,33.454892,-111.952596,15.0,5.4,lithium-ion,2024-01-01,SolarEdge,active
BATT-003609,CUST-0120450,XFMR-018580,FDR-0058,SUB-013,33.452584,-111.952288,9.7,4.3,LFP,2024-09-01,Generac,active
BATT-003610,CUST-0120459,XFMR-018582,FDR-0058,SUB-013,33.452721,-111.95233,12.7,3.9,lithium-ion,2021-10-01,SunPower,active
BATT-003611,CUST-0120489,XFMR-018589,FDR-0058,SUB-013,33.45133,-111.952635,10.7,4.5,lithium-ion,2022-10-01,SolarEdge,active
BATT-003612,CUST-0120498,XFMR-018590,FDR-0058,SUB-013,33.450644,-111.95202,18.5,5.6,NMC,2021-10-01,SolarEdge,active
BATT-003613,CUST-0120523,XFMR-018594,FDR-0058,SUB-013,33.450531,-111.95195,19.9,7.6,LFP,2023-11-01,SunPower,active
BATT-003614,CUST-0120559,XFMR-018602,FDR-0058,SUB-013,33.448342,-111.952575,34.8,13.2,NMC,2021-04-01,Generac,active
BATT-003615,CUST-0120567,XFMR-018604,FDR-0058,SUB-013,33.447944,-111.952737,483.3,162.3,NMC,2022-02-01,SolarEdge,active
BATT-003616,CUST-0120612,XFMR-018610,FDR-0058,SUB-013,33.446621,-111.952245,18.2,8.2,NMC,2022-11-01,SolarEdge,active
BATT-003617,CUST-0120617,XFMR-018611,FDR-0058,SUB-013,33.446674,-111.952533,378.5,109.9,lithium-ion,2024-03-01,Enphase,active
BATT-003618,CUST-0120652,XFMR-018616,FDR-0058,SUB-013,33.445319,-111.952696,21.6,6.7,LFP,2021-07-01,SunPower,active
BATT-003619,CUST-0120653,XFMR-018616,FDR-0058,SUB-013,33.445757,-111.952384,265.8,82.9,lithium-ion,2022-02-01,Tesla,active
BATT-003620,CUST-0120706,XFMR-018623,FDR-0058,SUB-013,33.44442,-111.952298,9.4,3.4,lithium-ion,2020-11-01,SolarEdge,active
BATT-003621,CUST-0120760,XFMR-018630,FDR-0058,SUB-013,33.442984,-111.952006,19.9,9.8,NMC,2023-05-01,Tesla,active
BATT-003622,CUST-0120765,XFMR-018631,FDR-0058,SUB-013,33.442966,-111.952409,21.7,10.5,LFP,2021-10-01,SunPower,active
BATT-003623,CUST-0120767,XFMR-018631,FDR-0058,SUB-013,33.442891,-111.952608,167.7,59.0,lithium-ion,2023-07-01,Generac,active
BATT-003624,CUST-0120854,XFMR-018644,FDR-0058,SUB-013,33.440015,-111.952766,9.0,3.0,LFP,2023-03-01,SolarEdge,active
BATT-003625,CUST-0120875,XFMR-018647,FDR-0058,SUB-013,33.439211,-111.952102,12.6,6.1,lithium-ion,2024-03-01,Generac,active
BATT-003626,CUST-0120909,XFMR-018654,FDR-0058,SUB-013,33.437675,-111.952726,10.5,4.5,LFP,2022-03-01,BYD,active
BATT-003627,CUST-0120919,XFMR-018655,FDR-0058,SUB-013,33.43803,-111.952135,15.4,4.9,lithium-ion,2020-06-01,SolarEdge,active
BATT-003628,CUST-0120936,XFMR-018657,FDR-0058,SUB-013,33.437462,-111.952676,15.2,7.5,lithium-ion,2020-02-01,SolarEdge,active
BATT-003629,CUST-0120941,XFMR-018657,FDR-0058,SUB-013,33.437636,-111.951964,21.8,9.3,lithium-ion,2020-05-01,SunPower,active
BATT-003630,CUST-0120945,XFMR-018657,FDR-0058,SUB-013,33.437112,-111.95216,14.5,4.4,LFP,2020-11-01,Enphase,active
BATT-003631,CUST-0120974,XFMR-018664,FDR-0058,SUB-013,33.436024,-111.952779,13.1,4.5,NMC,2024-12-01,Generac,active
BATT-003632,CUST-0121011,XFMR-018671,FDR-0058,SUB-013,33.434576,-111.952802,16.8,6.5,lithium-ion,2023-02-01,Tesla,active
BATT-003633,CUST-0121013,XFMR-018671,FDR-0058,SUB-013,33.434629,-111.952932,14.7,6.6,lithium-ion,2023-06-01,SunPower,active
BATT-003634,CUST-0121048,XFMR-018676,FDR-0058,SUB-013,33.433959,-111.952734,9.1,3.6,NMC,2020-10-01,Tesla,active
BATT-003635,CUST-0121081,XFMR-018682,FDR-0058,SUB-013,33.4323,-111.952124,12.6,4.9,LFP,2020-06-01,Enphase,active
BATT-003636,CUST-0121109,XFMR-018686,FDR-0058,SUB-013,33.431967,-111.952559,14.2,6.2,NMC,2023-04-01,Tesla,active
BATT-003637,CUST-0121110,XFMR-018686,FDR-0058,SUB-013,33.431708,-111.952525,10.3,4.1,LFP,2020-09-01,Enphase,active
BATT-003638,CUST-0121114,XFMR-018687,FDR-0058,SUB-013,33.431781,-111.952617,14.9,6.1,LFP,2024-08-01,Tesla,active
BATT-003639,CUST-0121153,XFMR-018695,FDR-0058,SUB-013,33.429641,-111.952832,12.7,4.6,NMC,2024-08-01,SolarEdge,active
BATT-003640,CUST-0121173,XFMR-018699,FDR-0058,SUB-013,33.429134,-111.951994,14.4,6.7,NMC,2021-08-01,Generac,active
BATT-003641,CUST-0121188,XFMR-018702,FDR-0058,SUB-013,33.428211,-111.951908,9.1,3.0,lithium-ion,2020-10-01,Tesla,active
BATT-003642,CUST-0121214,XFMR-018705,FDR-0058,SUB-013,33.427581,-111.952289,9.8,4.0,LFP,2022-10-01,BYD,active
BATT-003643,CUST-0121247,XFMR-018710,FDR-0058,SUB-013,33.427065,-111.95232,10.4,5.1,lithium-ion,2022-05-01,Generac,active
BATT-003644,CUST-0121270,XFMR-018715,FDR-0058,SUB-013,33.425898,-111.951974,19.8,6.4,lithium-ion,2024-02-01,SolarEdge,active
BATT-003645,CUST-0121292,XFMR-018719,FDR-0058,SUB-013,33.424775,-111.95215,13.3,4.6,lithium-ion,2022-11-01,SolarEdge,active
BATT-003646,CUST-0121401,XFMR-018736,FDR-0058,SUB-013,33.421406,-111.952192,15.9,5.7,NMC,2021-09-01,BYD,active
BATT-003647,CUST-0121493,XFMR-018753,FDR-0058,SUB-013,33.418641,-111.951985,9.2,2.9,NMC,2021-02-01,Enphase,active
BATT-003648,CUST-0121509,XFMR-018754,FDR-0058,SUB-013,33.418001,-111.952638,9.6,3.2,lithium-ion,2024-09-01,SunPower,active
BATT-003649,CUST-0121594,XFMR-018767,FDR-0058,SUB-013,33.415247,-111.952155,9.1,3.6,NMC,2021-04-01,BYD,active
BATT-003650,CUST-0121618,XFMR-018770,FDR-0058,SUB-013,33.41462,-111.952029,17.1,6.5,lithium-ion,2023-11-01,SunPower,active
BATT-003651,CUST-0121642,XFMR-018774,FDR-0058,SUB-013,33.413846,-111.952455,17.0,8.5,lithium-ion,2021-07-01,Enphase,active
BATT-003652,CUST-0121651,XFMR-018775,FDR-0058,SUB-013,33.413564,-111.951935,13.2,5.1,LFP,2023-01-01,BYD,active
BATT-003653,CUST-0121656,XFMR-018776,FDR-0058,SUB-013,33.414057,-111.952209,14.8,6.4,lithium-ion,2024-05-01,SolarEdge,active
BATT-003654,CUST-0121771,XFMR-018791,FDR-0058,SUB-013,33.410585,-111.952267,15.6,5.1,LFP,2024-09-01,BYD,active
BATT-003655,CUST-0121796,XFMR-018794,FDR-0058,SUB-013,33.409809,-111.952587,19.3,6.8,NMC,2022-10-01,Tesla,active
BATT-003656,CUST-0121814,XFMR-018795,FDR-0058,SUB-013,33.410113,-111.952553,13.9,5.1,lithium-ion,2020-07-01,Generac,active
BATT-003657,CUST-0121845,XFMR-018801,FDR-0058,SUB-013,33.40855,-111.952004,9.6,3.5,LFP,2022-08-01,BYD,active
BATT-003658,CUST-0121855,XFMR-018802,FDR-0058,SUB-013,33.408839,-111.952001,19.4,9.4,NMC,2024-06-01,Tesla,active
BATT-003659,CUST-0121867,XFMR-018804,FDR-0058,SUB-013,33.40797,-111.952812,16.0,7.3,LFP,2020-01-01,BYD,active
BATT-003660,CUST-0121954,XFMR-018815,FDR-0058,SUB-013,33.406044,-111.952296,20.9,7.7,NMC,2021-04-01,SunPower,active
BATT-003661,CUST-0121956,XFMR-018815,FDR-0058,SUB-013,33.406046,-111.952856,19.0,7.0,LFP,2023-07-01,Tesla,active
BATT-003662,CUST-0122049,XFMR-018831,FDR-0058,SUB-013,33.402588,-111.952043,16.0,5.8,lithium-ion,2021-08-01,Generac,active
BATT-003663,CUST-0122078,XFMR-018834,FDR-0058,SUB-013,33.401694,-111.952147,19.3,7.3,LFP,2021-11-01,Generac,active
BATT-003664,CUST-0122124,XFMR-018841,FDR-0058,SUB-013,33.400383,-111.952164,376.9,114.2,lithium-ion,2020-08-01,SolarEdge,active
BATT-003665,CUST-0122125,XFMR-018841,FDR-0058,SUB-013,33.400825,-111.952836,10.4,4.2,NMC,2021-11-01,Tesla,active
BATT-003666,CUST-0122135,XFMR-018843,FDR-0058,SUB-013,33.400366,-111.952519,15.6,6.6,NMC,2024-10-01,Tesla,active
BATT-003667,CUST-0122231,XFMR-018858,FDR-0058,SUB-013,33.397643,-111.9525,10.2,4.3,lithium-ion,2024-02-01,Enphase,active
BATT-003668,CUST-0122256,XFMR-018863,FDR-0058,SUB-013,33.396301,-111.952539,13.2,5.5,NMC,2023-03-01,Generac,active
BATT-003669,CUST-0122324,XFMR-018872,FDR-0058,SUB-013,33.394522,-111.952697,14.6,6.7,lithium-ion,2024-07-01,Tesla,active
BATT-003670,CUST-0122348,XFMR-018877,FDR-0058,SUB-013,33.393052,-111.95269,67.7,25.2,LFP,2020-10-01,Tesla,active
BATT-003671,CUST-0122390,XFMR-018885,FDR-0058,SUB-013,33.391798,-111.952144,14.0,4.9,LFP,2023-08-01,SunPower,active
BATT-003672,CUST-0122400,XFMR-018886,FDR-0058,SUB-013,33.391746,-111.952182,15.8,6.0,lithium-ion,2023-01-01,Generac,active
BATT-003673,CUST-0122480,XFMR-018903,FDR-0058,SUB-013,33.388361,-111.952825,10.4,5.1,lithium-ion,2022-07-01,Enphase,active
BATT-003674,CUST-0122526,XFMR-018910,FDR-0058,SUB-013,33.38654,-111.951952,456.4,155.9,lithium-ion,2024-08-01,SolarEdge,active
BATT-003675,CUST-0122556,XFMR-018913,FDR-0058,SUB-013,33.386274,-111.952754,13.0,6.0,lithium-ion,2020-01-01,Generac,active
BATT-003676,CUST-0122558,XFMR-018915,FDR-0058,SUB-013,33.386225,-111.952686,199.3,82.2,NMC,2023-01-01,BYD,active
BATT-003677,CUST-0122592,XFMR-018918,FDR-0058,SUB-013,33.385059,-111.952695,14.4,4.4,NMC,2024-06-01,SolarEdge,active
BATT-003678,CUST-0122596,XFMR-018919,FDR-0058,SUB-013,33.385131,-111.952315,21.3,9.0,NMC,2020-09-01,Tesla,active
BATT-003679,CUST-0122606,XFMR-018920,FDR-0058,SUB-013,33.384515,-111.952501,12.4,5.0,lithium-ion,2022-09-01,Enphase,active
BATT-003680,CUST-0122633,XFMR-018924,FDR-0058,SUB-013,33.383945,-111.95288,10.4,4.5,NMC,2023-04-01,Generac,active
BATT-003681,CUST-0122635,XFMR-018924,FDR-0058,SUB-013,33.383656,-111.952663,16.7,7.8,LFP,2023-03-01,Enphase,active
BATT-003682,CUST-0122709,XFMR-018937,FDR-0058,SUB-013,33.381069,-111.951932,9.9,3.7,NMC,2020-07-01,SunPower,active
BATT-003683,CUST-0122711,XFMR-018938,FDR-0058,SUB-013,33.381397,-111.952903,12.4,5.9,lithium-ion,2022-03-01,BYD,active
BATT-003684,CUST-0122732,XFMR-018940,FDR-0058,SUB-013,33.380589,-111.951977,20.9,8.9,NMC,2020-08-01,Tesla,inactive
BATT-003685,CUST-0122752,XFMR-018942,FDR-0058,SUB-013,33.380677,-111.952644,19.8,8.5,NMC,2023-01-01,SolarEdge,active
BATT-003686,CUST-0122855,XFMR-018955,FDR-0058,SUB-013,33.377945,-111.952883,9.4,4.5,LFP,2023-07-01,Tesla,active
BATT-003687,CUST-0122877,XFMR-018959,FDR-0058,SUB-013,33.376661,-111.952172,9.7,4.8,NMC,2023-12-01,Tesla,active
BATT-003688,CUST-0122932,XFMR-018966,FDR-0058,SUB-013,33.375571,-111.952688,16.1,6.4,LFP,2023-10-01,Generac,active
BATT-003689,CUST-0122933,XFMR-018966,FDR-0058,SUB-013,33.375414,-111.952041,10.5,5.1,NMC,2023-01-01,Tesla,active
BATT-003690,CUST-0122935,XFMR-018966,FDR-0058,SUB-013,33.37568,-111.951989,10.8,4.3,lithium-ion,2021-06-01,SunPower,inactive
BATT-003691,CUST-0122965,XFMR-018972,FDR-0058,SUB-013,33.374593,-111.952563,17.0,5.5,lithium-ion,2022-01-01,Tesla,active
BATT-003692,CUST-0122984,XFMR-018975,FDR-0058,SUB-013,33.373677,-111.952158,21.3,10.1,LFP,2021-01-01,Tesla,active
BATT-003693,CUST-0122988,XFMR-018975,FDR-0058,SUB-013,33.373973,-111.952231,47.1,19.2,NMC,2024-08-01,Enphase,active
BATT-003694,CUST-0123040,XFMR-018981,FDR-0058,SUB-013,33.372425,-111.952181,19.7,6.2,NMC,2024-06-01,BYD,active
BATT-003695,CUST-0123097,XFMR-018990,FDR-0058,SUB-013,33.370943,-111.952573,13.8,6.3,lithium-ion,2022-02-01,SunPower,active
BATT-003696,CUST-0123098,XFMR-018990,FDR-0058,SUB-013,33.370628,-111.951947,13.7,6.3,NMC,2020-12-01,BYD,active
BATT-003697,CUST-0123103,XFMR-018992,FDR-0058,SUB-013,33.370683,-111.952018,16.5,7.1,lithium-ion,2021-07-01,BYD,active
BATT-003698,CUST-0123106,XFMR-018993,FDR-0058,SUB-013,33.370617,-111.952465,10.4,4.3,NMC,2020-03-01,SunPower,active
BATT-003699,CUST-0123115,XFMR-018994,FDR-0058,SUB-013,33.369882,-111.951988,447.1,196.1,NMC,2022-10-01,BYD,active
BATT-003700,CUST-0123119,XFMR-018995,FDR-0058,SUB-013,33.370047,-111.95214,14.6,7.0,LFP,2023-10-01,SolarEdge,active
BATT-003701,CUST-0123216,XFMR-019008,FDR-0058,SUB-013,33.367594,-111.95274,374.7,148.4,LFP,2023-06-01,Enphase,active
BATT-003702,CUST-0123296,XFMR-019024,FDR-0059,SUB-013,33.477578,-111.950659,16.8,6.7,lithium-ion,2021-05-01,BYD,active
BATT-003703,CUST-0123299,XFMR-019024,FDR-0059,SUB-013,33.477147,-111.951129,16.5,6.9,lithium-ion,2024-04-01,BYD,active
BATT-003704,CUST-0123323,XFMR-019026,FDR-0059,SUB-013,33.477269,-111.950667,9.3,3.3,lithium-ion,2020-03-01,BYD,active
BATT-003705,CUST-0123362,XFMR-019035,FDR-0059,SUB-013,33.477161,-111.949443,9.5,3.4,LFP,2024-07-01,Enphase,active
BATT-003706,CUST-0123416,XFMR-019044,FDR-0059,SUB-013,33.477167,-111.947896,110.0,52.7,lithium-ion,2020-01-01,Generac,active
BATT-003707,CUST-0123427,XFMR-019045,FDR-0059,SUB-013,33.477038,-111.948129,194.3,87.7,lithium-ion,2024-12-01,SolarEdge,active
BATT-003708,CUST-0123478,XFMR-019054,FDR-0059,SUB-013,33.477657,-111.947127,14.4,7.1,LFP,2024-09-01,SolarEdge,active
BATT-003709,CUST-0123536,XFMR-019062,FDR-0059,SUB-013,33.477718,-111.94516,18.5,7.2,NMC,2021-01-01,Tesla,active
BATT-003710,CUST-0123543,XFMR-019063,FDR-0059,SUB-013,33.477625,-111.945705,14.6,4.9,lithium-ion,2022-05-01,Enphase,active
BATT-003711,CUST-0123583,XFMR-019069,FDR-0059,SUB-013,33.477038,-111.944798,13.8,5.3,NMC,2023-01-01,Tesla,active
BATT-003712,CUST-0123629,XFMR-019076,FDR-0059,SUB-013,33.477595,-111.943294,307.2,86.0,lithium-ion,2022-10-01,SunPower,active
BATT-003713,CUST-0123641,XFMR-019078,FDR-0059,SUB-013,33.47716,-111.94326,12.7,5.1,lithium-ion,2024-06-01,BYD,active
BATT-003714,CUST-0123713,XFMR-019088,FDR-0059,SUB-013,33.477064,-111.942217,10.1,4.0,lithium-ion,2020-09-01,Tesla,active
BATT-003715,CUST-0123725,XFMR-019090,FDR-0059,SUB-013,33.477613,-111.941873,10.4,3.3,LFP,2020-03-01,SolarEdge,active
BATT-003716,CUST-0123833,XFMR-019105,FDR-0059,SUB-013,33.477191,-111.93966,231.3,102.6,NMC,2020-08-01,SolarEdge,active
BATT-003717,CUST-0123841,XFMR-019106,FDR-0059,SUB-013,33.476974,-111.939797,12.9,4.2,LFP,2020-11-01,SolarEdge,active
BATT-003718,CUST-0123967,XFMR-019125,FDR-0059,SUB-013,33.477583,-111.936663,18.3,6.8,NMC,2020-08-01,Generac,active
BATT-003719,CUST-0124091,XFMR-019144,FDR-0059,SUB-013,33.477631,-111.934213,32.3,9.9,LFP,2021-08-01,Generac,active
BATT-003720,CUST-0124184,XFMR-019161,FDR-0059,SUB-013,33.477014,-111.931548,16.4,7.5,LFP,2022-11-01,Tesla,active
BATT-003721,CUST-0124194,XFMR-019163,FDR-0059,SUB-013,33.477158,-111.931614,210.3,66.1,lithium-ion,2020-11-01,Generac,active
BATT-003722,CUST-0124225,XFMR-019166,FDR-0059,SUB-013,33.477202,-111.93089,13.6,6.1,LFP,2022-09-01,SolarEdge,active
BATT-003723,CUST-0124226,XFMR-019166,FDR-0059,SUB-013,33.477805,-111.931007,14.6,6.8,NMC,2022-07-01,SunPower,active
BATT-003724,CUST-0124227,XFMR-019167,FDR-0059,SUB-013,33.477162,-111.930802,16.6,8.0,NMC,2021-12-01,Tesla,active
BATT-003725,CUST-0124236,XFMR-019168,FDR-0059,SUB-013,33.477041,-111.930235,19.8,8.6,NMC,2022-06-01,SolarEdge,active
BATT-003726,CUST-0124244,XFMR-019170,FDR-0059,SUB-013,33.477062,-111.930077,18.8,9.0,NMC,2022-09-01,SunPower,active
BATT-003727,CUST-0124246,XFMR-019170,FDR-0059,SUB-013,33.477569,-111.930275,10.9,5.3,LFP,2024-07-01,SunPower,active
BATT-003728,CUST-0124263,XFMR-019173,FDR-0059,SUB-013,33.477638,-111.930121,406.1,158.9,NMC,2020-02-01,SunPower,active
BATT-003729,CUST-0124424,XFMR-019200,FDR-0059,SUB-013,33.477171,-111.925922,21.6,9.6,NMC,2020-12-01,SunPower,active
BATT-003730,CUST-0124742,XFMR-019261,FDR-0059,SUB-013,33.477631,-111.917908,259.3,93.7,LFP,2020-01-01,SolarEdge,inactive
BATT-003731,CUST-0124753,XFMR-019264,FDR-0059,SUB-013,33.477496,-111.916839,19.7,8.9,lithium-ion,2020-03-01,BYD,active
BATT-003732,CUST-0124761,XFMR-019265,FDR-0059,SUB-013,33.477595,-111.916614,19.0,8.1,NMC,2020-10-01,Tesla,active
BATT-003733,CUST-0124822,XFMR-019272,FDR-0059,SUB-013,33.47714,-111.916314,15.4,6.4,NMC,2021-07-01,SunPower,active
BATT-003734,CUST-0124854,XFMR-019279,FDR-0059,SUB-013,33.477754,-111.914459,246.8,103.2,NMC,2024-06-01,Generac,active
BATT-003735,CUST-0124861,XFMR-019279,FDR-0059,SUB-013,33.477216,-111.914864,288.9,96.8,NMC,2023-03-01,Tesla,active
BATT-003736,CUST-0124881,XFMR-019282,FDR-0059,SUB-013,33.477056,-111.914932,14.5,4.6,NMC,2022-05-01,Generac,active
BATT-003737,CUST-0124943,XFMR-019290,FDR-0059,SUB-013,33.477264,-111.913772,20.3,9.6,lithium-ion,2022-06-01,Generac,active
BATT-003738,CUST-0124955,XFMR-019292,FDR-0059,SUB-013,33.477674,-111.913352,193.3,69.5,LFP,2024-11-01,Tesla,active
BATT-003739,CUST-0124965,XFMR-019293,FDR-0059,SUB-013,33.477404,-111.912483,14.8,7.2,NMC,2023-03-01,SolarEdge,active
BATT-003740,CUST-0124982,XFMR-019295,FDR-0059,SUB-013,33.477432,-111.912393,10.9,5.0,NMC,2022-10-01,SunPower,active
BATT-003741,CUST-0125006,XFMR-019299,FDR-0059,SUB-013,33.477057,-111.911905,10.1,4.9,lithium-ion,2023-11-01,SolarEdge,active
BATT-003742,CUST-0125039,XFMR-019303,FDR-0059,SUB-013,33.477558,-111.91096,19.6,8.8,NMC,2023-01-01,Generac,active
BATT-003743,CUST-0125041,XFMR-019303,FDR-0059,SUB-013,33.477526,-111.911261,10.5,5.1,LFP,2023-04-01,Tesla,active
BATT-003744,CUST-0125046,XFMR-019305,FDR-0059,SUB-013,33.4777,-111.911204,16.5,5.6,lithium-ion,2022-05-01,SunPower,active
BATT-003745,CUST-0125087,XFMR-019311,FDR-0059,SUB-013,33.477074,-111.910802,14.8,5.0,NMC,2022-08-01,Generac,active
BATT-003746,CUST-0125110,XFMR-019314,FDR-0059,SUB-013,33.476936,-111.910055,10.8,3.5,LFP,2022-05-01,Tesla,active
BATT-003747,CUST-0125120,XFMR-019315,FDR-0059,SUB-013,33.477567,-111.910197,10.6,5.2,NMC,2022-09-01,BYD,active
BATT-003748,CUST-0125209,XFMR-019327,FDR-0059,SUB-013,33.477075,-111.907979,10.5,3.7,NMC,2022-01-01,SolarEdge,active
BATT-003749,CUST-0125279,XFMR-019338,FDR-0059,SUB-013,33.477606,-111.906069,9.3,3.3,LFP,2021-11-01,Tesla,active
BATT-003750,CUST-0125294,XFMR-019340,FDR-0059,SUB-013,33.47777,-111.906165,347.2,100.0,NMC,2020-02-01,Tesla,active
BATT-003751,CUST-0125318,XFMR-019343,FDR-0059,SUB-013,33.477007,-111.906197,445.3,128.6,LFP,2020-02-01,SolarEdge,active
BATT-003752,CUST-0125352,XFMR-019349,FDR-0059,SUB-013,33.477771,-111.905201,13.0,4.5,lithium-ion,2023-09-01,BYD,active
BATT-003753,CUST-0125389,XFMR-019354,FDR-0059,SUB-013,33.47719,-111.90425,457.1,203.6,LFP,2023-12-01,Generac,active
BATT-003754,CUST-0125403,XFMR-019356,FDR-0059,SUB-013,33.477353,-111.904298,9.8,4.6,LFP,2022-02-01,BYD,active
BATT-003755,CUST-0125405,XFMR-019356,FDR-0059,SUB-013,33.47765,-111.903765,15.2,6.7,LFP,2022-02-01,Enphase,active
BATT-003756,CUST-0125477,XFMR-019369,FDR-0059,SUB-013,33.477125,-111.902172,10.4,3.7,LFP,2021-03-01,BYD,active
BATT-003757,CUST-0125549,XFMR-019378,FDR-0059,SUB-013,33.477785,-111.900582,9.7,3.7,LFP,2023-11-01,SunPower,active
BATT-003758,CUST-0125562,XFMR-019379,FDR-0059,SUB-013,33.47762,-111.900912,9.7,3.5,lithium-ion,2020-07-01,SunPower,active
BATT-003759,CUST-0125588,XFMR-019385,FDR-0059,SUB-013,33.47719,-111.900313,331.8,140.2,lithium-ion,2020-05-01,BYD,active
BATT-003760,CUST-0125628,XFMR-019389,FDR-0059,SUB-013,33.477542,-111.89876,16.8,5.6,lithium-ion,2020-06-01,Generac,active
BATT-003761,CUST-0125647,XFMR-019392,FDR-0059,SUB-013,33.477088,-111.899001,22.0,10.1,LFP,2024-01-01,SunPower,active
BATT-003762,CUST-0125683,XFMR-019396,FDR-0059,SUB-013,33.477546,-111.898367,18.2,5.5,LFP,2023-02-01,SunPower,active
BATT-003763,CUST-0125741,XFMR-019404,FDR-0059,SUB-013,33.477557,-111.897056,375.7,185.1,LFP,2024-03-01,SolarEdge,active
BATT-003764,CUST-0125756,XFMR-019406,FDR-0059,SUB-013,33.477018,-111.896873,9.1,3.4,NMC,2023-12-01,SolarEdge,active
BATT-003765,CUST-0125812,XFMR-019413,FDR-0059,SUB-013,33.477199,-111.895905,21.7,8.0,NMC,2023-11-01,SolarEdge,active
BATT-003766,CUST-0125835,XFMR-019417,FDR-0059,SUB-013,33.477574,-111.895387,10.2,3.5,NMC,2023-06-01,BYD,active
BATT-003767,CUST-0125842,XFMR-019417,FDR-0059,SUB-013,33.477422,-111.895054,17.3,6.5,LFP,2020-11-01,SolarEdge,active
BATT-003768,CUST-0125859,XFMR-019419,FDR-0059,SUB-013,33.477193,-111.894705,20.7,8.5,lithium-ion,2021-06-01,SolarEdge,active
BATT-003769,CUST-0125863,XFMR-019419,FDR-0059,SUB-013,33.477502,-111.895428,10.7,3.4,lithium-ion,2022-11-01,SunPower,active
BATT-003770,CUST-0125870,XFMR-019420,FDR-0059,SUB-013,33.477208,-111.894797,12.3,6.1,lithium-ion,2021-05-01,Tesla,active
BATT-003771,CUST-0125922,XFMR-019429,FDR-0059,SUB-013,33.477626,-111.893348,18.6,9.0,NMC,2020-01-01,Generac,active
BATT-003772,CUST-0125946,XFMR-019434,FDR-0059,SUB-013,33.4772,-111.892381,13.2,4.1,LFP,2023-09-01,SunPower,active
BATT-003773,CUST-0125953,XFMR-019435,FDR-0059,SUB-013,33.477816,-111.892602,12.9,4.4,NMC,2021-04-01,Generac,active
BATT-003774,CUST-0125989,XFMR-019442,FDR-0059,SUB-013,33.477449,-111.891501,18.6,6.4,lithium-ion,2020-02-01,Tesla,inactive
BATT-003775,CUST-0126023,XFMR-019446,FDR-0059,SUB-013,33.477413,-111.891467,10.4,4.5,NMC,2020-01-01,SunPower,active
BATT-003776,CUST-0126030,XFMR-019446,FDR-0059,SUB-013,33.477518,-111.891222,478.6,230.0,LFP,2022-03-01,Tesla,active
BATT-003777,CUST-0126055,XFMR-019451,FDR-0059,SUB-013,33.477201,-111.890381,21.1,8.0,lithium-ion,2021-06-01,Tesla,active
BATT-003778,CUST-0126064,XFMR-019452,FDR-0059,SUB-013,33.476983,-111.890234,16.7,5.0,LFP,2022-07-01,Enphase,active
BATT-003779,CUST-0126088,XFMR-019455,FDR-0059,SUB-013,33.477557,-111.890195,16.5,6.1,LFP,2022-10-01,SolarEdge,active
BATT-003780,CUST-0126105,XFMR-019457,FDR-0059,SUB-013,33.477744,-111.889918,101.3,33.0,NMC,2023-09-01,SunPower,active
BATT-003781,CUST-0126126,XFMR-019460,FDR-0059,SUB-013,33.477177,-111.889301,17.0,5.7,lithium-ion,2023-12-01,Tesla,active
BATT-003782,CUST-0126148,XFMR-019463,FDR-0059,SUB-013,33.477234,-111.88891,14.0,5.2,NMC,2022-06-01,Enphase,active
BATT-003783,CUST-0126168,XFMR-019467,FDR-0059,SUB-013,33.477271,-111.888734,9.1,3.7,NMC,2024-03-01,BYD,active
BATT-003784,CUST-0126232,XFMR-019479,FDR-0059,SUB-013,33.47777,-111.886898,115.9,45.0,LFP,2020-10-01,SolarEdge,active
BATT-003785,CUST-0126256,XFMR-019482,FDR-0059,SUB-013,33.477117,-111.885576,10.0,4.8,LFP,2020-02-01,Generac,active
BATT-003786,CUST-0126294,XFMR-019487,FDR-0059,SUB-013,33.47715,-111.885049,10.1,4.4,LFP,2023-09-01,SunPower,active
BATT-003787,CUST-0126300,XFMR-019487,FDR-0059,SUB-013,33.477461,-111.885271,12.7,4.8,LFP,2020-01-01,BYD,active
BATT-003788,CUST-0126320,XFMR-019490,FDR-0059,SUB-013,33.477639,-111.884474,9.1,4.1,lithium-ion,2022-07-01,SolarEdge,active
BATT-003789,CUST-0126333,XFMR-019492,FDR-0059,SUB-013,33.477537,-111.884933,10.5,4.9,LFP,2024-03-01,Tesla,active
BATT-003790,CUST-0126391,XFMR-019500,FDR-0059,SUB-013,33.477727,-111.883972,12.5,4.3,NMC,2024-06-01,BYD,active
BATT-003791,CUST-0126493,XFMR-019516,FDR-0059,SUB-013,33.477722,-111.880968,13.1,5.9,LFP,2024-06-01,Tesla,active
BATT-003792,CUST-0126500,XFMR-019516,FDR-0059,SUB-013,33.477584,-111.881124,17.6,7.1,lithium-ion,2024-03-01,BYD,active
BATT-003793,CUST-0126508,XFMR-019518,FDR-0059,SUB-013,33.477698,-111.881021,9.6,3.4,NMC,2024-08-01,SunPower,active
BATT-003794,CUST-0126538,XFMR-019522,FDR-0059,SUB-013,33.47701,-111.880632,283.5,103.1,NMC,2020-09-01,SolarEdge,active
BATT-003795,CUST-0126577,XFMR-019527,FDR-0059,SUB-013,33.477604,-111.880004,12.3,5.6,LFP,2020-08-01,SunPower,active
BATT-003796,CUST-0126654,XFMR-019540,FDR-0059,SUB-013,33.477206,-111.877765,59.4,21.6,NMC,2024-07-01,Tesla,active
BATT-003797,CUST-0126666,XFMR-019541,FDR-0059,SUB-013,33.477173,-111.878109,20.3,7.0,NMC,2022-06-01,BYD,active
BATT-003798,CUST-0126698,XFMR-019545,FDR-0059,SUB-013,33.477303,-111.877622,9.7,4.0,NMC,2024-04-01,BYD,active
BATT-003799,CUST-0126701,XFMR-019546,FDR-0059,SUB-013,33.47766,-111.876812,370.4,159.9,LFP,2020-02-01,SolarEdge,active
BATT-003800,CUST-0126757,XFMR-019554,FDR-0059,SUB-013,33.476933,-111.875876,14.3,5.2,lithium-ion,2021-05-01,Generac,active
BATT-003801,CUST-0126787,XFMR-019560,FDR-0059,SUB-013,33.477624,-111.874542,14.5,4.4,LFP,2020-06-01,SunPower,active
BATT-003802,CUST-0126796,XFMR-019562,FDR-0059,SUB-013,33.477662,-111.87504,15.4,5.5,LFP,2022-12-01,SunPower,active
BATT-003803,CUST-0126875,XFMR-019576,FDR-0059,SUB-013,33.477525,-111.872595,10.3,3.2,NMC,2020-01-01,SunPower,active
BATT-003804,CUST-0126908,XFMR-019582,FDR-0059,SUB-013,33.477007,-111.871988,239.7,103.4,NMC,2020-03-01,Enphase,active
BATT-003805,CUST-0126939,XFMR-019587,FDR-0059,SUB-013,33.477653,-111.871358,190.8,87.0,lithium-ion,2020-01-01,Tesla,inactive
BATT-003806,CUST-0126977,XFMR-019597,FDR-0059,SUB-013,33.477182,-111.86985,21.3,10.3,LFP,2023-08-01,BYD,active
BATT-003807,CUST-0126985,XFMR-019599,FDR-0059,SUB-013,33.477284,-111.86928,14.9,5.1,NMC,2023-07-01,SolarEdge,active
BATT-003808,CUST-0127052,XFMR-019610,FDR-0059,SUB-013,33.477785,-111.868381,12.8,4.9,lithium-ion,2020-07-01,Tesla,active
BATT-003809,CUST-0127061,XFMR-019611,FDR-0059,SUB-013,33.477537,-111.867538,16.1,6.3,lithium-ion,2022-12-01,SunPower,active
BATT-003810,CUST-0127071,XFMR-019613,FDR-0059,SUB-013,33.477273,-111.8671,18.4,5.7,LFP,2023-09-01,Generac,active
BATT-003811,CUST-0127151,XFMR-019626,FDR-0059,SUB-013,33.477197,-111.865813,21.5,9.8,LFP,2021-11-01,BYD,active
BATT-003812,CUST-0127188,XFMR-019631,FDR-0059,SUB-013,33.477589,-111.864783,21.0,10.0,NMC,2021-10-01,SolarEdge,active
BATT-003813,CUST-0127221,XFMR-019637,FDR-0059,SUB-013,33.477726,-111.863637,14.7,4.4,lithium-ion,2020-02-01,Generac,active
BATT-003814,CUST-0127269,XFMR-019644,FDR-0059,SUB-013,33.477532,-111.863493,20.5,9.4,NMC,2023-04-01,Tesla,active
BATT-003815,CUST-0127293,XFMR-019647,FDR-0059,SUB-013,33.477266,-111.86308,9.1,4.2,LFP,2020-05-01,Generac,inactive
BATT-003816,CUST-0127327,XFMR-019652,FDR-0059,SUB-013,33.477601,-111.86194,12.4,3.9,LFP,2021-08-01,SunPower,active
BATT-003817,CUST-0127401,XFMR-019662,FDR-0059,SUB-013,33.47699,-111.860839,20.0,7.9,lithium-ion,2021-02-01,BYD,inactive
BATT-003818,CUST-0127413,XFMR-019663,FDR-0059,SUB-013,33.477662,-111.859976,18.0,8.4,NMC,2023-06-01,Tesla,active
BATT-003819,CUST-0127465,XFMR-019671,FDR-0059,SUB-013,33.477583,-111.859514,14.8,7.3,LFP,2022-12-01,BYD,active
BATT-003820,CUST-0127473,XFMR-019673,FDR-0059,SUB-013,33.47748,-111.858954,21.6,9.8,LFP,2023-05-01,Enphase,inactive
BATT-003821,CUST-0127485,XFMR-019674,FDR-0059,SUB-013,33.477619,-111.85849,10.6,5.3,lithium-ion,2023-01-01,Tesla,active
BATT-003822,CUST-0127500,XFMR-019678,FDR-0059,SUB-013,33.477128,-111.858662,19.5,9.6,NMC,2020-09-01,Enphase,active
BATT-003823,CUST-0127511,XFMR-019679,FDR-0059,SUB-013,33.477617,-111.858409,16.2,5.0,lithium-ion,2023-06-01,Generac,active
BATT-003824,CUST-0127560,XFMR-019685,FDR-0059,SUB-013,33.477634,-111.857197,21.0,10.5,lithium-ion,2020-11-01,Generac,active
BATT-003825,CUST-0127566,XFMR-019686,FDR-0059,SUB-013,33.477472,-111.856875,19.7,9.5,LFP,2022-06-01,Enphase,active
BATT-003826,CUST-0127582,XFMR-019688,FDR-0059,SUB-013,33.477752,-111.856426,16.2,6.6,lithium-ion,2022-03-01,SunPower,active
BATT-003827,CUST-0127705,XFMR-019704,FDR-0059,SUB-013,33.47761,-111.854229,10.4,3.6,NMC,2021-02-01,SolarEdge,active
BATT-003828,CUST-0127731,XFMR-019710,FDR-0059,SUB-013,33.477112,-111.853919,21.4,7.6,NMC,2023-11-01,SolarEdge,active
BATT-003829,CUST-0127801,XFMR-019719,FDR-0059,SUB-013,33.477027,-111.852091,12.4,4.9,NMC,2022-02-01,BYD,active
BATT-003830,CUST-0127813,XFMR-019720,FDR-0059,SUB-013,33.477031,-111.852304,14.5,4.8,NMC,2021-05-01,Enphase,active
BATT-003831,CUST-0127835,XFMR-019724,FDR-0059,SUB-013,33.477315,-111.85175,13.2,6.4,NMC,2021-03-01,Generac,active
BATT-003832,CUST-0127926,XFMR-019741,FDR-0059,SUB-013,33.477184,-111.849421,14.5,5.3,NMC,2021-06-01,Tesla,active
BATT-003833,CUST-0127927,XFMR-019741,FDR-0059,SUB-013,33.47754,-111.849236,18.7,7.4,LFP,2022-04-01,Enphase,active
BATT-003834,CUST-0127935,XFMR-019742,FDR-0059,SUB-013,33.477625,-111.849259,18.4,7.0,lithium-ion,2023-01-01,BYD,active
BATT-003835,CUST-0127992,XFMR-019754,FDR-0059,SUB-013,33.477755,-111.847665,94.6,45.7,lithium-ion,2021-06-01,Enphase,active
BATT-003836,CUST-0128040,XFMR-019760,FDR-0059,SUB-013,33.477747,-111.846427,55.4,23.2,LFP,2024-01-01,Generac,active
BATT-003837,CUST-0128065,XFMR-019763,FDR-0059,SUB-013,33.47714,-111.845883,286.7,90.2,LFP,2020-04-01,SolarEdge,active
BATT-003838,CUST-0128188,XFMR-019786,FDR-0059,SUB-013,33.477595,-111.843363,10.1,3.2,NMC,2023-10-01,Tesla,active
BATT-003839,CUST-0128206,XFMR-019789,FDR-0059,SUB-013,33.477665,-111.842074,18.8,5.7,lithium-ion,2020-08-01,BYD,active
BATT-003840,CUST-0128270,XFMR-019799,FDR-0059,SUB-013,33.47705,-111.840804,12.9,6.2,NMC,2023-08-01,BYD,active
BATT-003841,CUST-0128307,XFMR-019805,FDR-0059,SUB-013,33.477573,-111.840078,13.5,4.1,lithium-ion,2023-10-01,Generac,active
BATT-003842,CUST-0128473,XFMR-019829,FDR-0059,SUB-013,33.47724,-111.836441,267.6,116.7,LFP,2023-04-01,Generac,active
BATT-003843,CUST-0128508,XFMR-019835,FDR-0059,SUB-013,33.477557,-111.836398,22.0,7.3,NMC,2021-07-01,Enphase,active
BATT-003844,CUST-0128509,XFMR-019835,FDR-0059,SUB-013,33.477237,-111.836196,12.9,4.1,NMC,2022-08-01,SolarEdge,active
BATT-003845,CUST-0128522,XFMR-019838,FDR-0059,SUB-013,33.477193,-111.835604,20.5,7.3,NMC,2021-12-01,Tesla,active
BATT-003846,CUST-0128539,XFMR-019840,FDR-0059,SUB-013,33.47713,-111.835602,19.3,7.1,LFP,2024-06-01,Enphase,active
BATT-003847,CUST-0128571,XFMR-019845,FDR-0059,SUB-013,33.477789,-111.834949,16.3,5.2,lithium-ion,2021-06-01,BYD,active
BATT-003848,CUST-0128592,XFMR-019848,FDR-0059,SUB-013,33.477156,-111.834329,21.1,9.1,lithium-ion,2022-09-01,BYD,active
BATT-003849,CUST-0128625,XFMR-019853,FDR-0059,SUB-013,33.477235,-111.833544,488.4,239.0,LFP,2021-07-01,SolarEdge,active
BATT-003850,CUST-0128629,XFMR-019854,FDR-0059,SUB-013,33.477544,-111.833502,16.5,5.2,lithium-ion,2022-07-01,SunPower,active
BATT-003851,CUST-0128663,XFMR-019858,FDR-0059,SUB-013,33.477229,-111.832625,9.2,4.1,NMC,2023-03-01,Generac,active
BATT-003852,CUST-0128679,XFMR-019861,FDR-0059,SUB-013,33.477183,-111.832675,19.8,6.6,LFP,2021-06-01,SunPower,active
BATT-003853,CUST-0128706,XFMR-019868,FDR-0059,SUB-013,33.477226,-111.831548,344.2,87.8,lithium-ion,2021-08-01,Tesla,active
BATT-003854,CUST-0128712,XFMR-019869,FDR-0059,SUB-013,33.477169,-111.831,10.0,3.7,lithium-ion,2020-10-01,SolarEdge,active
BATT-003855,CUST-0128719,XFMR-019870,FDR-0059,SUB-013,33.477292,-111.831033,10.4,4.7,LFP,2021-01-01,BYD,active
BATT-003856,CUST-0128738,XFMR-019874,FDR-0060,SUB-014,33.361352,-112.022324,15.7,7.3,NMC,2022-05-01,SunPower,active
BATT-003857,CUST-0128775,XFMR-019880,FDR-0060,SUB-014,33.3617,-112.023634,18.6,6.5,lithium-ion,2022-07-01,SunPower,active
BATT-003858,CUST-0128780,XFMR-019881,FDR-0060,SUB-014,33.361784,-112.02374,297.9,90.1,LFP,2022-08-01,Enphase,active
BATT-003859,CUST-0128809,XFMR-019886,FDR-0060,SUB-014,33.361789,-112.024105,18.4,7.0,NMC,2023-05-01,Enphase,active
BATT-003860,CUST-0128852,XFMR-019892,FDR-0060,SUB-014,33.361283,-112.025248,14.5,6.5,LFP,2024-11-01,Enphase,active
BATT-003861,CUST-0128857,XFMR-019893,FDR-0060,SUB-014,33.361538,-112.025315,16.2,5.3,lithium-ion,2024-05-01,BYD,active
BATT-003862,CUST-0128882,XFMR-019899,FDR-0060,SUB-014,33.361074,-112.025512,9.5,3.9,LFP,2022-12-01,SolarEdge,active
BATT-003863,CUST-0128938,XFMR-019908,FDR-0060,SUB-014,33.361071,-112.027645,20.9,10.3,NMC,2021-05-01,Generac,active
BATT-003864,CUST-0129037,XFMR-019922,FDR-0060,SUB-014,33.361193,-112.028696,76.7,32.9,LFP,2021-07-01,Generac,active
BATT-003865,CUST-0129149,XFMR-019939,FDR-0060,SUB-014,33.361807,-112.031203,18.8,8.6,LFP,2024-08-01,Generac,active
BATT-003866,CUST-0129184,XFMR-019947,FDR-0060,SUB-014,33.361316,-112.032292,19.4,9.4,lithium-ion,2023-08-01,BYD,active
BATT-003867,CUST-0129191,XFMR-019948,FDR-0060,SUB-014,33.36175,-112.03293,21.2,9.3,NMC,2020-01-01,Tesla,active
BATT-003868,CUST-0129275,XFMR-019963,FDR-0060,SUB-014,33.36175,-112.034592,9.5,4.5,LFP,2022-08-01,Tesla,active
BATT-003869,CUST-0129304,XFMR-019967,FDR-0060,SUB-014,33.361547,-112.035156,10.9,5.4,NMC,2024-10-01,SolarEdge,active
BATT-003870,CUST-0129341,XFMR-019972,FDR-0060,SUB-014,33.361715,-112.035927,9.0,3.0,LFP,2020-10-01,Tesla,active
BATT-003871,CUST-0129376,XFMR-019979,FDR-0060,SUB-014,33.361327,-112.037147,10.7,3.7,NMC,2022-03-01,SunPower,active
BATT-003872,CUST-0129385,XFMR-019980,FDR-0060,SUB-014,33.361866,-112.037147,348.5,125.5,NMC,2020-10-01,SunPower,active
BATT-003873,CUST-0129421,XFMR-019985,FDR-0060,SUB-014,33.361102,-112.038032,10.7,4.5,lithium-ion,2022-11-01,SolarEdge,active
BATT-003874,CUST-0129452,XFMR-019989,FDR-0060,SUB-014,33.36128,-112.039269,21.1,9.4,LFP,2024-08-01,Tesla,active
BATT-003875,CUST-0129559,XFMR-020010,FDR-0060,SUB-014,33.36105,-112.041569,64.4,31.1,LFP,2021-05-01,SolarEdge,active
BATT-003876,CUST-0129591,XFMR-020017,FDR-0060,SUB-014,33.361857,-112.042527,21.7,9.8,NMC,2023-07-01,SolarEdge,active
BATT-003877,CUST-0129646,XFMR-020026,FDR-0060,SUB-014,33.361534,-112.044405,112.1,53.5,lithium-ion,2022-12-01,Tesla,active
BATT-003878,CUST-0129652,XFMR-020027,FDR-0060,SUB-014,33.361337,-112.044264,14.5,4.8,lithium-ion,2024-11-01,Tesla,active
BATT-003879,CUST-0129669,XFMR-020029,FDR-0060,SUB-014,33.361364,-112.044696,14.7,4.8,NMC,2021-12-01,SunPower,active
BATT-003880,CUST-0129681,XFMR-020032,FDR-0060,SUB-014,33.361713,-112.044584,417.5,164.5,LFP,2023-01-01,BYD,active
BATT-003881,CUST-0129771,XFMR-020043,FDR-0060,SUB-014,33.36106,-112.046209,19.6,8.3,lithium-ion,2024-09-01,SolarEdge,active
BATT-003882,CUST-0129772,XFMR-020043,FDR-0060,SUB-014,33.361621,-112.046474,191.8,72.8,NMC,2020-02-01,Enphase,active
BATT-003883,CUST-0129809,XFMR-020052,FDR-0060,SUB-014,33.361512,-112.047508,13.9,4.8,LFP,2020-01-01,SolarEdge,active
BATT-003884,CUST-0129834,XFMR-020056,FDR-0060,SUB-014,33.36142,-112.048627,173.2,66.4,NMC,2022-05-01,Enphase,active
BATT-003885,CUST-0129900,XFMR-020065,FDR-0060,SUB-014,33.361099,-112.049999,19.3,6.6,lithium-ion,2022-09-01,Generac,active
BATT-003886,CUST-0129902,XFMR-020065,FDR-0060,SUB-014,33.361144,-112.049915,10.3,5.0,lithium-ion,2020-04-01,Tesla,active
BATT-003887,CUST-0129944,XFMR-020071,FDR-0060,SUB-014,33.361525,-112.05058,9.6,4.4,lithium-ion,2023-03-01,Generac,active
BATT-003888,CUST-0130009,XFMR-020080,FDR-0060,SUB-014,33.361318,-112.052215,144.4,50.5,NMC,2021-06-01,BYD,active
BATT-003889,CUST-0130011,XFMR-020080,FDR-0060,SUB-014,33.36146,-112.051461,9.0,4.3,lithium-ion,2024-04-01,Generac,active
BATT-003890,CUST-0130097,XFMR-020096,FDR-0060,SUB-014,33.361653,-112.05439,19.1,8.1,NMC,2020-12-01,Generac,active
BATT-003891,CUST-0130102,XFMR-020097,FDR-0060,SUB-014,33.361813,-112.053725,15.4,7.1,NMC,2021-06-01,BYD,active
BATT-003892,CUST-0130185,XFMR-020112,FDR-0060,SUB-014,33.361716,-112.056219,13.1,5.7,NMC,2020-03-01,SolarEdge,active
BATT-003893,CUST-0130248,XFMR-020120,FDR-0060,SUB-014,33.361136,-112.057793,9.7,3.4,lithium-ion,2023-01-01,SolarEdge,active
BATT-003894,CUST-0130276,XFMR-020124,FDR-0060,SUB-014,33.361421,-112.057629,10.2,4.0,lithium-ion,2022-03-01,Enphase,active
BATT-003895,CUST-0130281,XFMR-020125,FDR-0060,SUB-014,33.361751,-112.057941,19.2,8.3,LFP,2024-01-01,BYD,active
BATT-003896,CUST-0130302,XFMR-020128,FDR-0060,SUB-014,33.361099,-112.05863,17.5,7.8,LFP,2024-02-01,BYD,active
BATT-003897,CUST-0130310,XFMR-020129,FDR-0060,SUB-014,33.361699,-112.058411,17.1,6.6,LFP,2024-08-01,SunPower,active
BATT-003898,CUST-0130334,XFMR-020134,FDR-0060,SUB-014,33.361346,-112.059878,111.9,47.6,NMC,2023-12-01,SunPower,active
BATT-003899,CUST-0130341,XFMR-020135,FDR-0060,SUB-014,33.361698,-112.059783,19.6,6.2,NMC,2023-11-01,SunPower,active
BATT-003900,CUST-0130348,XFMR-020137,FDR-0060,SUB-014,33.361152,-112.060381,16.6,5.8,lithium-ion,2021-10-01,SunPower,active
BATT-003901,CUST-0130446,XFMR-020152,FDR-0060,SUB-014,33.361547,-112.061965,14.8,6.2,NMC,2023-07-01,Enphase,active
BATT-003902,CUST-0130479,XFMR-020156,FDR-0060,SUB-014,33.361807,-112.062439,21.9,6.8,lithium-ion,2020-10-01,SunPower,active
BATT-003903,CUST-0130511,XFMR-020162,FDR-0060,SUB-014,33.361365,-112.06314,16.3,5.9,NMC,2023-08-01,Tesla,active
BATT-003904,CUST-0130520,XFMR-020163,FDR-0060,SUB-014,33.361814,-112.063279,10.2,3.8,lithium-ion,2024-04-01,SolarEdge,active
BATT-003905,CUST-0130537,XFMR-020165,FDR-0060,SUB-014,33.361273,-112.063465,15.2,4.9,lithium-ion,2022-07-01,Enphase,active
BATT-003906,CUST-0130590,XFMR-020176,FDR-0060,SUB-014,33.361162,-112.065947,19.2,7.2,LFP,2021-01-01,SolarEdge,active
BATT-003907,CUST-0130649,XFMR-020187,FDR-0060,SUB-014,33.361261,-112.067437,10.8,4.8,LFP,2024-01-01,SolarEdge,active
BATT-003908,CUST-0130663,XFMR-020188,FDR-0060,SUB-014,33.361748,-112.067341,21.9,6.6,NMC,2021-06-01,Enphase,active
BATT-003909,CUST-0130677,XFMR-020189,FDR-0060,SUB-014,33.361284,-112.067148,10.8,4.2,LFP,2022-06-01,SunPower,active
BATT-003910,CUST-0130730,XFMR-020196,FDR-0060,SUB-014,33.361789,-112.068231,229.5,59.0,NMC,2023-06-01,Generac,active
BATT-003911,CUST-0130756,XFMR-020200,FDR-0060,SUB-014,33.361204,-112.068466,15.6,5.3,lithium-ion,2021-10-01,Enphase,active
BATT-003912,CUST-0130821,XFMR-020212,FDR-0060,SUB-014,33.361118,-112.070567,21.0,9.0,NMC,2020-07-01,BYD,active
BATT-003913,CUST-0130839,XFMR-020216,FDR-0060,SUB-014,33.361577,-112.070902,12.2,3.7,NMC,2023-06-01,BYD,active
BATT-003914,CUST-0130931,XFMR-020230,FDR-0060,SUB-014,33.361172,-112.072833,16.7,6.1,lithium-ion,2023-02-01,Tesla,active
BATT-003915,CUST-0130986,XFMR-020244,FDR-0060,SUB-014,33.361132,-112.075572,15.8,6.8,NMC,2022-05-01,BYD,active
BATT-003916,CUST-0131001,XFMR-020246,FDR-0060,SUB-014,33.361752,-112.07535,16.2,5.4,LFP,2022-02-01,SolarEdge,active
BATT-003917,CUST-0131022,XFMR-020248,FDR-0060,SUB-014,33.361807,-112.075577,12.4,5.2,lithium-ion,2020-06-01,SunPower,active
BATT-003918,CUST-0131031,XFMR-020249,FDR-0060,SUB-014,33.361697,-112.075671,18.6,8.2,LFP,2020-11-01,Generac,active
BATT-003919,CUST-0131100,XFMR-020257,FDR-0060,SUB-014,33.361673,-112.077078,10.7,5.2,lithium-ion,2020-04-01,SunPower,active
BATT-003920,CUST-0131101,XFMR-020257,FDR-0060,SUB-014,33.361313,-112.07745,20.6,8.2,NMC,2024-08-01,SunPower,active
BATT-003921,CUST-0131141,XFMR-020265,FDR-0060,SUB-014,33.361057,-112.078349,9.9,3.1,LFP,2023-04-01,SunPower,active
BATT-003922,CUST-0131158,XFMR-020267,FDR-0060,SUB-014,33.361036,-112.078834,19.8,8.3,LFP,2024-11-01,Enphase,active
BATT-003923,CUST-0131163,XFMR-020269,FDR-0060,SUB-014,33.361275,-112.078504,18.0,7.9,lithium-ion,2022-11-01,Tesla,active
BATT-003924,CUST-0131201,XFMR-020273,FDR-0060,SUB-014,33.361392,-112.079128,260.2,95.1,lithium-ion,2021-01-01,Enphase,active
BATT-003925,CUST-0131311,XFMR-020291,FDR-0060,SUB-014,33.36131,-112.082179,16.1,6.0,lithium-ion,2020-10-01,Generac,active
BATT-003926,CUST-0131350,XFMR-020297,FDR-0060,SUB-014,33.361235,-112.082533,14.0,6.7,LFP,2020-12-01,Enphase,active
BATT-003927,CUST-0131446,XFMR-020316,FDR-0060,SUB-014,33.361632,-112.085677,20.7,8.0,NMC,2021-05-01,Generac,active
BATT-003928,CUST-0131494,XFMR-020326,FDR-0060,SUB-014,33.361775,-112.086862,16.3,6.2,lithium-ion,2020-06-01,BYD,active
BATT-003929,CUST-0131556,XFMR-020336,FDR-0060,SUB-014,33.361301,-112.08834,12.9,4.4,NMC,2021-06-01,SunPower,active
BATT-003930,CUST-0131581,XFMR-020340,FDR-0060,SUB-014,33.361094,-112.088649,169.6,57.7,NMC,2021-07-01,Enphase,active
BATT-003931,CUST-0131659,XFMR-020352,FDR-0060,SUB-014,33.361557,-112.090933,15.4,6.4,NMC,2021-08-01,SolarEdge,active
BATT-003932,CUST-0131665,XFMR-020352,FDR-0060,SUB-014,33.361606,-112.090303,137.4,63.0,LFP,2023-07-01,Generac,active
BATT-003933,CUST-0131736,XFMR-020364,FDR-0060,SUB-014,33.361694,-112.092418,13.3,5.0,NMC,2022-10-01,BYD,active
BATT-003934,CUST-0131762,XFMR-020368,FDR-0060,SUB-014,33.361594,-112.093394,420.7,126.9,NMC,2020-04-01,Enphase,active
BATT-003935,CUST-0131791,XFMR-020372,FDR-0060,SUB-014,33.361542,-112.093232,14.6,6.7,lithium-ion,2021-06-01,BYD,active
BATT-003936,CUST-0131864,XFMR-020381,FDR-0060,SUB-014,33.361481,-112.094791,19.0,8.4,lithium-ion,2023-02-01,Generac,active
BATT-003937,CUST-0131933,XFMR-020389,FDR-0060,SUB-014,33.361678,-112.095695,14.5,6.4,lithium-ion,2023-08-01,SunPower,active
BATT-003938,CUST-0131938,XFMR-020390,FDR-0060,SUB-014,33.361234,-112.095726,465.2,117.1,LFP,2020-02-01,SolarEdge,active
BATT-003939,CUST-0132033,XFMR-020406,FDR-0060,SUB-014,33.361279,-112.09823,91.4,32.4,NMC,2023-02-01,Tesla,active
BATT-003940,CUST-0132036,XFMR-020407,FDR-0060,SUB-014,33.361304,-112.098288,182.3,73.7,LFP,2022-05-01,Enphase,active
BATT-003941,CUST-0132037,XFMR-020407,FDR-0060,SUB-014,33.361756,-112.098702,21.0,6.5,lithium-ion,2024-03-01,Enphase,active
BATT-003942,CUST-0132128,XFMR-020424,FDR-0060,SUB-014,33.361344,-112.100633,19.9,8.3,lithium-ion,2020-12-01,Tesla,active
BATT-003943,CUST-0132180,XFMR-020432,FDR-0060,SUB-014,33.361519,-112.102456,288.2,137.4,NMC,2022-01-01,Generac,active
BATT-003944,CUST-0132224,XFMR-020438,FDR-0060,SUB-014,33.361816,-112.103503,9.1,2.8,NMC,2020-09-01,BYD,active
BATT-003945,CUST-0132250,XFMR-020442,FDR-0060,SUB-014,33.361213,-112.103116,9.5,2.9,LFP,2021-02-01,Enphase,active
BATT-003946,CUST-0132252,XFMR-020443,FDR-0060,SUB-014,33.361093,-112.10356,488.0,215.7,lithium-ion,2024-03-01,SunPower,active
BATT-003947,CUST-0132256,XFMR-020443,FDR-0060,SUB-014,33.361622,-112.103388,10.4,4.6,NMC,2021-04-01,Tesla,active
BATT-003948,CUST-0132268,XFMR-020445,FDR-0060,SUB-014,33.361706,-112.104243,13.5,4.1,LFP,2022-01-01,Generac,active
BATT-003949,CUST-0132294,XFMR-020449,FDR-0060,SUB-014,33.361839,-112.104911,18.4,6.8,NMC,2023-01-01,Tesla,active
BATT-003950,CUST-0132297,XFMR-020449,FDR-0060,SUB-014,33.361852,-112.104699,14.8,6.1,NMC,2023-03-01,BYD,active
BATT-003951,CUST-0132300,XFMR-020449,FDR-0060,SUB-014,33.361873,-112.104241,19.2,7.2,LFP,2024-07-01,Generac,active
BATT-003952,CUST-0132342,XFMR-020457,FDR-0060,SUB-014,33.361558,-112.105378,14.7,5.4,lithium-ion,2020-10-01,Generac,active
BATT-003953,CUST-0132360,XFMR-020459,FDR-0060,SUB-014,33.361054,-112.105635,17.5,7.0,LFP,2024-03-01,Enphase,active
BATT-003954,CUST-0132369,XFMR-020460,FDR-0060,SUB-014,33.361248,-112.105955,45.2,20.2,NMC,2022-08-01,Generac,active
BATT-003955,CUST-0132414,XFMR-020468,FDR-0060,SUB-014,33.361728,-112.107297,13.3,6.0,LFP,2020-03-01,BYD,active
BATT-003956,CUST-0132460,XFMR-020473,FDR-0060,SUB-014,33.361533,-112.107751,40.5,18.1,lithium-ion,2022-12-01,Tesla,active
BATT-003957,CUST-0132499,XFMR-020479,FDR-0060,SUB-014,33.361104,-112.109057,20.4,9.3,lithium-ion,2024-01-01,Enphase,active
BATT-003958,CUST-0132536,XFMR-020484,FDR-0060,SUB-014,33.361283,-112.10982,16.4,7.5,lithium-ion,2023-05-01,Tesla,active
BATT-003959,CUST-0132538,XFMR-020485,FDR-0060,SUB-014,33.361171,-112.109936,15.3,5.4,lithium-ion,2020-11-01,SolarEdge,active
BATT-003960,CUST-0132553,XFMR-020487,FDR-0060,SUB-014,33.361083,-112.110119,9.3,3.5,LFP,2021-05-01,SolarEdge,active
BATT-003961,CUST-0132582,XFMR-020491,FDR-0060,SUB-014,33.361337,-112.111059,13.2,6.2,lithium-ion,2020-08-01,Enphase,active
BATT-003962,CUST-0132648,XFMR-020500,FDR-0060,SUB-014,33.361658,-112.112033,14.7,5.3,lithium-ion,2024-10-01,Generac,active
BATT-003963,CUST-0132668,XFMR-020504,FDR-0060,SUB-014,33.361774,-112.112492,20.0,8.4,NMC,2022-02-01,Generac,active
BATT-003964,CUST-0132781,XFMR-020520,FDR-0060,SUB-014,33.361164,-112.115001,17.2,7.5,NMC,2021-06-01,BYD,active
BATT-003965,CUST-0132798,XFMR-020522,FDR-0060,SUB-014,33.361633,-112.114874,9.7,3.2,LFP,2022-12-01,SunPower,active
BATT-003966,CUST-0132805,XFMR-020523,FDR-0060,SUB-014,33.361912,-112.114957,14.4,7.0,LFP,2020-11-01,SolarEdge,active
BATT-003967,CUST-0132829,XFMR-020526,FDR-0060,SUB-014,33.361054,-112.115664,21.3,7.2,LFP,2024-10-01,SunPower,inactive
BATT-003968,CUST-0132868,XFMR-020534,FDR-0060,SUB-014,33.361148,-112.117143,17.4,5.5,NMC,2021-05-01,BYD,active
BATT-003969,CUST-0132869,XFMR-020535,FDR-0060,SUB-014,33.361685,-112.116585,19.1,9.4,LFP,2022-01-01,SunPower,active
BATT-003970,CUST-0132948,XFMR-020545,FDR-0060,SUB-014,33.361545,-112.118786,20.8,7.1,NMC,2021-10-01,Tesla,active
BATT-003971,CUST-0132957,XFMR-020546,FDR-0060,SUB-014,33.361437,-112.118215,13.4,4.8,LFP,2023-12-01,Enphase,active
BATT-003972,CUST-0133000,XFMR-020553,FDR-0060,SUB-014,33.361336,-112.118971,15.5,6.1,LFP,2022-05-01,SolarEdge,active
BATT-003973,CUST-0133029,XFMR-020557,FDR-0060,SUB-014,33.361138,-112.120266,9.3,3.0,NMC,2021-01-01,SunPower,active
BATT-003974,CUST-0133037,XFMR-020557,FDR-0060,SUB-014,33.361647,-112.120005,283.3,101.0,NMC,2024-02-01,Enphase,active
BATT-003975,CUST-0133094,XFMR-020565,FDR-0060,SUB-014,33.361282,-112.120897,9.7,3.1,lithium-ion,2023-08-01,Tesla,active
BATT-003976,CUST-0133098,XFMR-020566,FDR-0060,SUB-014,33.361075,-112.121204,15.8,5.1,LFP,2020-05-01,SolarEdge,active
BATT-003977,CUST-0133173,XFMR-020576,FDR-0060,SUB-014,33.36166,-112.122573,9.9,3.0,NMC,2022-02-01,Tesla,active
BATT-003978,CUST-0133209,XFMR-020582,FDR-0060,SUB-014,33.361237,-112.124119,10.7,5.1,lithium-ion,2021-11-01,BYD,active
BATT-003979,CUST-0133270,XFMR-020590,FDR-0060,SUB-014,33.361776,-112.12453,21.2,7.7,lithium-ion,2021-11-01,Generac,active
BATT-003980,CUST-0133420,XFMR-020610,FDR-0060,SUB-014,33.361259,-112.127832,20.9,9.4,LFP,2024-04-01,Enphase,active
BATT-003981,CUST-0133438,XFMR-020615,FDR-0060,SUB-014,33.361126,-112.127959,12.3,5.2,lithium-ion,2023-10-01,SolarEdge,active
BATT-003982,CUST-0133485,XFMR-020624,FDR-0060,SUB-014,33.361555,-112.129372,20.6,7.6,NMC,2023-05-01,Enphase,active
BATT-003983,CUST-0133508,XFMR-020628,FDR-0060,SUB-014,33.361262,-112.130672,13.9,5.9,lithium-ion,2021-11-01,BYD,active
BATT-003984,CUST-0133515,XFMR-020630,FDR-0060,SUB-014,33.36124,-112.130594,441.3,176.5,LFP,2023-10-01,Enphase,active
BATT-003985,CUST-0133536,XFMR-020631,FDR-0060,SUB-014,33.361707,-112.13109,9.5,3.4,LFP,2022-03-01,Tesla,active
BATT-003986,CUST-0133552,XFMR-020634,FDR-0060,SUB-014,33.361364,-112.131253,16.3,5.8,NMC,2024-04-01,SunPower,active
BATT-003987,CUST-0133564,XFMR-020635,FDR-0060,SUB-014,33.361765,-112.131392,9.7,3.4,NMC,2023-11-01,SolarEdge,active
BATT-003988,CUST-0133616,XFMR-020647,FDR-0060,SUB-014,33.361642,-112.132496,20.7,8.2,NMC,2022-07-01,Enphase,active
BATT-003989,CUST-0133726,XFMR-020661,FDR-0060,SUB-014,33.361235,-112.134517,454.5,196.5,lithium-ion,2022-11-01,Tesla,active
BATT-003990,CUST-0133763,XFMR-020668,FDR-0060,SUB-014,33.361344,-112.135851,14.0,6.4,NMC,2023-11-01,SunPower,active
BATT-003991,CUST-0133770,XFMR-020669,FDR-0060,SUB-014,33.361376,-112.136089,14.4,6.4,LFP,2022-08-01,SunPower,active
BATT-003992,CUST-0133831,XFMR-020678,FDR-0061,SUB-014,33.359077,-112.021649,78.4,33.9,NMC,2023-10-01,BYD,active
BATT-003993,CUST-0133840,XFMR-020678,FDR-0061,SUB-014,33.358959,-112.0223,13.7,6.5,lithium-ion,2021-05-01,BYD,active
BATT-003994,CUST-0133849,XFMR-020680,FDR-0061,SUB-014,33.358799,-112.022151,10.7,3.8,lithium-ion,2022-04-01,Generac,active
BATT-003995,CUST-0133921,XFMR-020689,FDR-0061,SUB-014,33.355638,-112.021536,10.2,4.0,lithium-ion,2024-09-01,Tesla,active
BATT-003996,CUST-0133931,XFMR-020690,FDR-0061,SUB-014,33.354668,-112.022083,21.5,8.3,LFP,2023-02-01,SolarEdge,active
BATT-003997,CUST-0133933,XFMR-020691,FDR-0061,SUB-014,33.354955,-112.021821,12.9,5.0,NMC,2023-07-01,SolarEdge,active
BATT-003998,CUST-0134025,XFMR-020706,FDR-0061,SUB-014,33.349682,-112.022353,16.5,6.8,NMC,2022-12-01,Tesla,active
BATT-003999,CUST-0134052,XFMR-020712,FDR-0061,SUB-014,33.347726,-112.022248,19.1,6.0,NMC,2024-01-01,Tesla,active
BATT-004000,CUST-0134056,XFMR-020712,FDR-0061,SUB-014,33.34754,-112.022231,51.5,23.5,NMC,2024-03-01,SunPower,active
BATT-004001,CUST-0134084,XFMR-020716,FDR-0061,SUB-014,33.346197,-112.022355,20.8,10.3,lithium-ion,2023-04-01,Generac,active
BATT-004002,CUST-0134166,XFMR-020734,FDR-0061,SUB-014,33.340091,-112.022001,15.0,6.9,lithium-ion,2021-07-01,Generac,active
BATT-004003,CUST-0134170,XFMR-020734,FDR-0061,SUB-014,33.340043,-112.021587,16.9,6.6,NMC,2023-05-01,SolarEdge,active
BATT-004004,CUST-0134175,XFMR-020735,FDR-0061,SUB-014,33.340155,-112.021937,10.3,3.2,NMC,2021-02-01,Enphase,active
BATT-004005,CUST-0134199,XFMR-020739,FDR-0061,SUB-014,33.33822,-112.021839,17.3,7.8,lithium-ion,2022-09-01,Enphase,active
BATT-004006,CUST-0134232,XFMR-020743,FDR-0061,SUB-014,33.336755,-112.022182,14.4,4.7,lithium-ion,2023-10-01,SolarEdge,inactive
BATT-004007,CUST-0134236,XFMR-020743,FDR-0061,SUB-014,33.336972,-112.021711,9.5,3.4,LFP,2023-01-01,Tesla,active
BATT-004008,CUST-0134275,XFMR-020748,FDR-0061,SUB-014,33.335176,-112.021549,10.1,4.2,LFP,2022-05-01,BYD,active
BATT-004009,CUST-0134279,XFMR-020750,FDR-0061,SUB-014,33.334632,-112.021661,490.8,124.3,lithium-ion,2021-11-01,SolarEdge,active
BATT-004010,CUST-0134295,XFMR-020753,FDR-0061,SUB-014,33.333896,-112.021516,14.5,5.9,lithium-ion,2020-03-01,Enphase,active
BATT-004011,CUST-0134300,XFMR-020753,FDR-0061,SUB-014,33.333323,-112.022168,18.8,8.1,lithium-ion,2023-04-01,BYD,active
BATT-004012,CUST-0134310,XFMR-020755,FDR-0061,SUB-014,33.332812,-112.021591,14.5,6.3,NMC,2020-03-01,BYD,active
BATT-004013,CUST-0134335,XFMR-020758,FDR-0061,SUB-014,33.332333,-112.021427,12.9,6.0,lithium-ion,2020-02-01,Generac,active
BATT-004014,CUST-0134378,XFMR-020765,FDR-0061,SUB-014,33.3293,-112.021666,17.3,8.5,LFP,2023-01-01,Enphase,active
BATT-004015,CUST-0134405,XFMR-020768,FDR-0061,SUB-014,33.328312,-112.022362,46.9,15.5,LFP,2021-12-01,Tesla,active
BATT-004016,CUST-0134433,XFMR-020772,FDR-0061,SUB-014,33.327618,-112.021581,10.1,3.4,LFP,2023-08-01,Enphase,active
BATT-004017,CUST-0134439,XFMR-020773,FDR-0061,SUB-014,33.327079,-112.022001,10.7,4.6,NMC,2021-02-01,Generac,active
BATT-004018,CUST-0134468,XFMR-020777,FDR-0061,SUB-014,33.325594,-112.022291,15.9,7.8,lithium-ion,2022-08-01,Enphase,active
BATT-004019,CUST-0134492,XFMR-020780,FDR-0062,SUB-014,33.362207,-112.021615,12.3,4.7,NMC,2021-12-01,SunPower,active
BATT-004020,CUST-0134544,XFMR-020786,FDR-0062,SUB-014,33.362435,-112.021951,13.6,6.4,lithium-ion,2022-07-01,Tesla,active
BATT-004021,CUST-0134710,XFMR-020813,FDR-0062,SUB-014,33.365326,-112.021606,18.8,7.1,LFP,2024-11-01,BYD,active
BATT-004022,CUST-0134746,XFMR-020818,FDR-0062,SUB-014,33.366045,-112.021661,455.9,204.7,lithium-ion,2024-01-01,Enphase,active
BATT-004023,CUST-0134760,XFMR-020820,FDR-0062,SUB-014,33.366712,-112.022149,20.2,8.6,LFP,2024-09-01,Generac,active
BATT-004024,CUST-0134796,XFMR-020828,FDR-0062,SUB-014,33.367377,-112.021601,14.6,7.2,LFP,2024-04-01,SolarEdge,active
BATT-004025,CUST-0134824,XFMR-020832,FDR-0062,SUB-014,33.367505,-112.022285,20.9,8.3,LFP,2024-12-01,SunPower,active
BATT-004026,CUST-0134859,XFMR-020839,FDR-0062,SUB-014,33.368888,-112.022218,14.4,6.2,NMC,2024-07-01,BYD,active
BATT-004027,CUST-0135010,XFMR-020861,FDR-0062,SUB-014,33.371182,-112.022286,44.8,20.0,lithium-ion,2020-07-01,SolarEdge,active
BATT-004028,CUST-0135012,XFMR-020861,FDR-0062,SUB-014,33.370703,-112.021703,21.4,7.1,NMC,2024-12-01,BYD,active
BATT-004029,CUST-0135026,XFMR-020863,FDR-0062,SUB-014,33.370881,-112.022336,16.9,6.5,LFP,2022-12-01,SunPower,active
BATT-004030,CUST-0135041,XFMR-020865,FDR-0062,SUB-014,33.3711,-112.022384,14.8,4.6,lithium-ion,2024-09-01,Tesla,active
BATT-004031,CUST-0135044,XFMR-020865,FDR-0062,SUB-014,33.371016,-112.022402,12.5,4.9,lithium-ion,2020-11-01,Tesla,active
BATT-004032,CUST-0135111,XFMR-020879,FDR-0062,SUB-014,33.372946,-112.021713,20.1,6.0,NMC,2021-01-01,Generac,active
BATT-004033,CUST-0135119,XFMR-020880,FDR-0062,SUB-014,33.37271,-112.022037,10.2,4.7,NMC,2021-06-01,BYD,active
BATT-004034,CUST-0135178,XFMR-020886,FDR-0062,SUB-014,33.374165,-112.0217,17.6,7.1,lithium-ion,2021-08-01,Tesla,active
BATT-004035,CUST-0135183,XFMR-020888,FDR-0062,SUB-014,33.373904,-112.022043,14.6,6.8,lithium-ion,2022-11-01,Tesla,active
BATT-004036,CUST-0135223,XFMR-020893,FDR-0062,SUB-014,33.374342,-112.022297,18.4,7.5,lithium-ion,2020-09-01,Generac,active
BATT-004037,CUST-0135227,XFMR-020895,FDR-0062,SUB-014,33.374686,-112.022132,21.5,7.4,LFP,2024-12-01,SolarEdge,active
BATT-004038,CUST-0135277,XFMR-020903,FDR-0062,SUB-014,33.375627,-112.021988,13.8,4.9,lithium-ion,2022-11-01,Generac,active
BATT-004039,CUST-0135320,XFMR-020914,FDR-0062,SUB-014,33.376761,-112.022059,18.4,7.4,LFP,2023-11-01,BYD,active
BATT-004040,CUST-0135368,XFMR-020921,FDR-0062,SUB-014,33.378032,-112.022414,10.9,4.1,NMC,2020-10-01,Generac,active
BATT-004041,CUST-0135396,XFMR-020927,FDR-0062,SUB-014,33.378016,-112.022337,394.0,99.6,LFP,2022-10-01,SolarEdge,active
BATT-004042,CUST-0135514,XFMR-020949,FDR-0062,SUB-014,33.380827,-112.022076,20.0,6.2,NMC,2021-04-01,SunPower,active
BATT-004043,CUST-0135568,XFMR-020958,FDR-0062,SUB-014,33.382064,-112.02172,10.6,3.3,LFP,2021-09-01,Generac,active
BATT-004044,CUST-0135580,XFMR-020960,FDR-0062,SUB-014,33.382109,-112.021676,70.9,20.7,lithium-ion,2024-11-01,Enphase,active
BATT-004045,CUST-0135622,XFMR-020965,FDR-0062,SUB-014,33.382965,-112.02164,182.0,72.8,LFP,2023-03-01,SunPower,active
BATT-004046,CUST-0135626,XFMR-020965,FDR-0062,SUB-014,33.382711,-112.022353,13.2,4.1,NMC,2022-07-01,Tesla,active
BATT-004047,CUST-0135669,XFMR-020970,FDR-0062,SUB-014,33.382848,-112.021787,9.4,3.4,LFP,2022-11-01,Enphase,active
BATT-004048,CUST-0135689,XFMR-020975,FDR-0062,SUB-014,33.38341,-112.021605,425.4,181.3,NMC,2021-06-01,BYD,active
BATT-004049,CUST-0135706,XFMR-020977,FDR-0062,SUB-014,33.384405,-112.022129,9.7,3.3,LFP,2023-12-01,Enphase,active
BATT-004050,CUST-0135730,XFMR-020979,FDR-0062,SUB-014,33.384197,-112.022096,10.1,3.5,LFP,2022-08-01,SunPower,active
BATT-004051,CUST-0135734,XFMR-020980,FDR-0062,SUB-014,33.384727,-112.021578,267.8,113.3,LFP,2024-06-01,Tesla,active
BATT-004052,CUST-0135748,XFMR-020984,FDR-0062,SUB-014,33.384634,-112.021684,13.1,4.2,LFP,2024-02-01,Tesla,active
BATT-004053,CUST-0135749,XFMR-020984,FDR-0062,SUB-014,33.385078,-112.022084,13.3,4.6,NMC,2021-03-01,Generac,active
BATT-004054,CUST-0135763,XFMR-020986,FDR-0062,SUB-014,33.384868,-112.022282,21.5,9.3,NMC,2024-03-01,Tesla,active
BATT-004055,CUST-0135806,XFMR-020993,FDR-0062,SUB-014,33.385491,-112.02241,16.7,5.4,LFP,2021-11-01,BYD,active
BATT-004056,CUST-0135855,XFMR-021002,FDR-0062,SUB-014,33.38663,-112.022304,10.0,4.1,NMC,2023-08-01,SolarEdge,active
BATT-004057,CUST-0135869,XFMR-021003,FDR-0062,SUB-014,33.386748,-112.021681,414.9,142.6,LFP,2021-09-01,BYD,active
BATT-004058,CUST-0135879,XFMR-021004,FDR-0062,SUB-014,33.386755,-112.021909,21.8,8.5,LFP,2024-11-01,Tesla,active
BATT-004059,CUST-0135982,XFMR-021020,FDR-0062,SUB-014,33.389355,-112.021735,415.1,202.3,lithium-ion,2020-03-01,BYD,active
BATT-004060,CUST-0135989,XFMR-021021,FDR-0062,SUB-014,33.389013,-112.022187,95.4,31.9,NMC,2020-04-01,Generac,active
BATT-004061,CUST-0136004,XFMR-021023,FDR-0062,SUB-014,33.388935,-112.02232,17.0,6.1,LFP,2021-06-01,Tesla,active
BATT-004062,CUST-0136007,XFMR-021024,FDR-0062,SUB-014,33.38941,-112.021406,17.1,6.2,NMC,2024-09-01,Generac,active
BATT-004063,CUST-0136100,XFMR-021036,FDR-0062,SUB-014,33.390551,-112.022104,15.2,5.6,NMC,2021-11-01,SunPower,active
BATT-004064,CUST-0136198,XFMR-021048,FDR-0062,SUB-014,33.392171,-112.021436,12.7,4.1,LFP,2022-02-01,SolarEdge,active
BATT-004065,CUST-0136199,XFMR-021048,FDR-0062,SUB-014,33.39205,-112.022026,10.9,4.2,lithium-ion,2023-04-01,Enphase,active
BATT-004066,CUST-0136261,XFMR-021056,FDR-0062,SUB-014,33.392701,-112.022324,13.0,5.1,lithium-ion,2022-06-01,Tesla,active
BATT-004067,CUST-0136331,XFMR-021065,FDR-0062,SUB-014,33.394248,-112.021759,245.5,72.4,LFP,2021-02-01,SunPower,inactive
BATT-004068,CUST-0136397,XFMR-021073,FDR-0062,SUB-014,33.394958,-112.021672,10.7,4.8,lithium-ion,2022-11-01,BYD,active
BATT-004069,CUST-0136422,XFMR-021076,FDR-0062,SUB-014,33.394863,-112.021855,16.8,5.1,lithium-ion,2020-01-01,Tesla,active
BATT-004070,CUST-0136431,XFMR-021077,FDR-0062,SUB-014,33.395035,-112.021596,18.5,8.4,NMC,2020-10-01,BYD,active
BATT-004071,CUST-0136453,XFMR-021081,FDR-0062,SUB-014,33.396058,-112.022244,53.7,15.9,lithium-ion,2021-12-01,SunPower,inactive
BATT-004072,CUST-0136616,XFMR-021107,FDR-0062,SUB-014,33.398594,-112.021504,19.8,6.5,NMC,2024-07-01,Generac,active
BATT-004073,CUST-0136619,XFMR-021108,FDR-0062,SUB-014,33.398578,-112.021639,11.0,5.0,NMC,2022-03-01,SunPower,active
BATT-004074,CUST-0136645,XFMR-021112,FDR-0062,SUB-014,33.39926,-112.021699,12.5,5.8,lithium-ion,2023-12-01,BYD,active
BATT-004075,CUST-0136696,XFMR-021119,FDR-0062,SUB-014,33.399767,-112.022199,21.0,9.9,lithium-ion,2023-08-01,Generac,active
BATT-004076,CUST-0136699,XFMR-021120,FDR-0062,SUB-014,33.399919,-112.021715,20.7,8.3,LFP,2022-08-01,BYD,active
BATT-004077,CUST-0136734,XFMR-021128,FDR-0062,SUB-014,33.400772,-112.022146,10.1,4.3,LFP,2021-12-01,SunPower,active
BATT-004078,CUST-0136781,XFMR-021138,FDR-0063,SUB-014,33.361635,-112.020671,17.1,7.5,lithium-ion,2023-06-01,SolarEdge,active
BATT-004079,CUST-0136815,XFMR-021142,FDR-0063,SUB-014,33.361763,-112.01972,9.8,3.7,NMC,2021-03-01,SunPower,active
BATT-004080,CUST-0136849,XFMR-021147,FDR-0063,SUB-014,33.361678,-112.018334,20.5,6.7,NMC,2023-04-01,BYD,active
BATT-004081,CUST-0136880,XFMR-021152,FDR-0063,SUB-014,33.361521,-112.016603,13.8,5.0,NMC,2020-02-01,Enphase,active
BATT-004082,CUST-0136972,XFMR-021167,FDR-0063,SUB-014,33.361432,-112.012144,12.9,5.2,LFP,2023-04-01,Tesla,active
BATT-004083,CUST-0137149,XFMR-021196,FDR-0063,SUB-014,33.361102,-112.002844,19.0,7.0,LFP,2022-05-01,SunPower,active
BATT-004084,CUST-0137198,XFMR-021202,FDR-0063,SUB-014,33.36155,-112.000477,9.2,3.7,LFP,2020-07-01,BYD,active
BATT-004085,CUST-0137226,XFMR-021206,FDR-0063,SUB-014,33.361665,-111.999266,14.5,5.8,lithium-ion,2023-09-01,BYD,active
BATT-004086,CUST-0137246,XFMR-021211,FDR-0063,SUB-014,33.361861,-111.997538,11.0,5.5,LFP,2023-09-01,Enphase,active
BATT-004087,CUST-0137249,XFMR-021211,FDR-0063,SUB-014,33.361225,-111.997985,13.8,4.6,lithium-ion,2021-04-01,Generac,active
BATT-004088,CUST-0137256,XFMR-021212,FDR-0063,SUB-014,33.361785,-111.997158,15.9,6.1,NMC,2021-05-01,SolarEdge,active
BATT-004089,CUST-0137260,XFMR-021212,FDR-0063,SUB-014,33.361321,-111.997257,378.5,119.3,LFP,2024-11-01,BYD,active
BATT-004090,CUST-0137277,XFMR-021214,FDR-0063,SUB-014,33.36104,-111.997235,19.6,6.9,LFP,2023-09-01,SolarEdge,active
BATT-004091,CUST-0137281,XFMR-021214,FDR-0063,SUB-014,33.36157,-111.996339,445.0,180.4,lithium-ion,2023-04-01,Enphase,active
BATT-004092,CUST-0137320,XFMR-021219,FDR-0063,SUB-014,33.361309,-111.995473,10.6,5.2,lithium-ion,2024-12-01,Tesla,active
BATT-004093,CUST-0137411,XFMR-021237,FDR-0063,SUB-014,33.361497,-111.989531,15.2,5.1,lithium-ion,2021-01-01,SunPower,active
BATT-004094,CUST-0137438,XFMR-021240,FDR-0063,SUB-014,33.361411,-111.98886,13.4,5.4,lithium-ion,2021-09-01,Tesla,active
BATT-004095,CUST-0137443,XFMR-021241,FDR-0063,SUB-014,33.361348,-111.988194,16.2,5.2,lithium-ion,2020-06-01,Tesla,active
BATT-004096,CUST-0137484,XFMR-021247,FDR-0063,SUB-014,33.361116,-111.985996,395.5,161.0,LFP,2022-09-01,Tesla,active
BATT-004097,CUST-0137580,XFMR-021260,FDR-0063,SUB-014,33.361703,-111.981587,12.5,4.0,lithium-ion,2021-04-01,SunPower,active
BATT-004098,CUST-0137714,XFMR-021281,FDR-0064,SUB-014,33.36183,-112.03318,75.1,25.6,NMC,2022-06-01,SunPower,active
BATT-004099,CUST-0137720,XFMR-021282,FDR-0064,SUB-014,33.361714,-112.033732,10.0,4.8,lithium-ion,2023-01-01,Tesla,active
BATT-004100,CUST-0137741,XFMR-021285,FDR-0064,SUB-014,33.361506,-112.035948,14.1,5.3,lithium-ion,2021-03-01,Tesla,active
BATT-004101,CUST-0137765,XFMR-021288,FDR-0064,SUB-014,33.361189,-112.037943,13.6,4.9,LFP,2022-07-01,SunPower,active
BATT-004102,CUST-0137821,XFMR-021298,FDR-0064,SUB-014,33.361469,-112.044257,12.8,5.9,lithium-ion,2022-04-01,Tesla,active
BATT-004103,CUST-0137941,XFMR-021319,FDR-0064,SUB-014,33.361294,-112.05936,10.5,3.4,lithium-ion,2021-05-01,Generac,active
BATT-004104,CUST-0137949,XFMR-021322,FDR-0064,SUB-014,33.361494,-112.060934,19.8,7.9,NMC,2023-05-01,SolarEdge,active
BATT-004105,CUST-0138015,XFMR-021333,FDR-0064,SUB-014,33.361667,-112.068963,9.5,4.2,lithium-ion,2020-12-01,SunPower,active
BATT-004106,CUST-0138022,XFMR-021335,FDR-0064,SUB-014,33.361342,-112.069811,10.3,5.0,LFP,2024-04-01,Tesla,active
BATT-004107,CUST-0138027,XFMR-021335,FDR-0064,SUB-014,33.36185,-112.069782,13.2,5.2,LFP,2022-08-01,Tesla,active
BATT-004108,CUST-0138048,XFMR-021337,FDR-0064,SUB-014,33.361639,-112.07103,18.8,8.3,lithium-ion,2020-02-01,Enphase,active
BATT-004109,CUST-0138056,XFMR-021339,FDR-0064,SUB-014,33.361565,-112.072215,9.1,3.5,NMC,2022-06-01,SolarEdge,active
BATT-004110,CUST-0138061,XFMR-021339,FDR-0064,SUB-014,33.361106,-112.073035,13.5,4.3,LFP,2024-11-01,Tesla,active
BATT-004111,CUST-0138109,XFMR-021345,FDR-0064,SUB-014,33.361646,-112.077125,16.0,7.0,NMC,2021-03-01,Enphase,active
BATT-004112,CUST-0138160,XFMR-021352,FDR-0065,SUB-014,33.359824,-112.021893,18.6,8.0,LFP,2023-03-01,Generac,active
BATT-004113,CUST-0138162,XFMR-021352,FDR-0065,SUB-014,33.360263,-112.022403,13.2,4.6,lithium-ion,2020-02-01,Enphase,active
BATT-004114,CUST-0138194,XFMR-021356,FDR-0065,SUB-014,33.359374,-112.022245,20.7,8.4,NMC,2020-11-01,Tesla,active
BATT-004115,CUST-0138228,XFMR-021363,FDR-0065,SUB-014,33.35829,-112.02168,21.3,6.6,NMC,2023-06-01,Tesla,active
BATT-004116,CUST-0138229,XFMR-021364,FDR-0065,SUB-014,33.357961,-112.022022,16.9,8.4,NMC,2022-01-01,Enphase,active
BATT-004117,CUST-0138257,XFMR-021368,FDR-0065,SUB-014,33.356791,-112.022218,252.1,116.1,LFP,2020-04-01,BYD,active
BATT-004118,CUST-0138262,XFMR-021370,FDR-0065,SUB-014,33.356924,-112.022183,86.9,42.4,NMC,2023-03-01,BYD,active
BATT-004119,CUST-0138292,XFMR-021374,FDR-0065,SUB-014,33.355986,-112.022347,13.0,5.7,NMC,2021-07-01,Enphase,active
BATT-004120,CUST-0138354,XFMR-021382,FDR-0065,SUB-014,33.354786,-112.022111,15.8,6.8,lithium-ion,2021-06-01,Enphase,inactive
BATT-004121,CUST-0138384,XFMR-021385,FDR-0065,SUB-014,33.35381,-112.021487,13.6,5.1,lithium-ion,2020-03-01,BYD,active
BATT-004122,CUST-0138392,XFMR-021386,FDR-0065,SUB-014,33.353458,-112.021961,9.2,4.5,lithium-ion,2024-11-01,Tesla,active
BATT-004123,CUST-0138400,XFMR-021387,FDR-0065,SUB-014,33.353652,-112.022322,21.4,9.4,LFP,2020-01-01,Enphase,active
BATT-004124,CUST-0138404,XFMR-021387,FDR-0065,SUB-014,33.353575,-112.021596,9.5,4.0,lithium-ion,2021-10-01,Enphase,active
BATT-004125,CUST-0138503,XFMR-021406,FDR-0065,SUB-014,33.350317,-112.022114,10.2,4.3,lithium-ion,2022-04-01,BYD,inactive
BATT-004126,CUST-0138517,XFMR-021407,FDR-0065,SUB-014,33.350106,-112.021561,493.3,209.2,lithium-ion,2020-08-01,Enphase,active
BATT-004127,CUST-0138525,XFMR-021409,FDR-0065,SUB-014,33.349233,-112.021411,493.8,198.1,LFP,2022-02-01,SolarEdge,active
BATT-004128,CUST-0138549,XFMR-021412,FDR-0065,SUB-014,33.348668,-112.022003,226.1,87.8,lithium-ion,2021-11-01,Tesla,active
BATT-004129,CUST-0138565,XFMR-021415,FDR-0065,SUB-014,33.348012,-112.022308,21.5,7.6,NMC,2022-11-01,Enphase,active
BATT-004130,CUST-0138581,XFMR-021416,FDR-0065,SUB-014,33.348361,-112.022252,10.2,4.5,NMC,2023-08-01,Enphase,active
BATT-004131,CUST-0138589,XFMR-021417,FDR-0065,SUB-014,33.347759,-112.02227,20.6,8.6,LFP,2023-07-01,Tesla,active
BATT-004132,CUST-0138595,XFMR-021418,FDR-0065,SUB-014,33.347638,-112.02156,18.1,8.0,NMC,2020-01-01,SunPower,active
BATT-004133,CUST-0138604,XFMR-021419,FDR-0065,SUB-014,33.347557,-112.021963,13.8,6.2,NMC,2022-05-01,Tesla,inactive
BATT-004134,CUST-0138652,XFMR-021426,FDR-0065,SUB-014,33.346036,-112.021792,15.1,5.9,lithium-ion,2021-08-01,Generac,active
BATT-004135,CUST-0138682,XFMR-021432,FDR-0065,SUB-014,33.345218,-112.02229,9.1,3.2,LFP,2024-06-01,Tesla,active
BATT-004136,CUST-0138699,XFMR-021434,FDR-0065,SUB-014,33.344983,-112.021978,21.0,8.1,lithium-ion,2023-05-01,Tesla,active
BATT-004137,CUST-0138725,XFMR-021439,FDR-0065,SUB-014,33.344107,-112.02206,10.3,4.0,LFP,2023-05-01,SunPower,active
BATT-004138,CUST-0138766,XFMR-021444,FDR-0065,SUB-014,33.343215,-112.022089,12.3,5.7,lithium-ion,2021-08-01,BYD,active
BATT-004139,CUST-0138861,XFMR-021456,FDR-0065,SUB-014,33.340494,-112.022111,16.1,6.8,NMC,2023-12-01,Enphase,active
BATT-004140,CUST-0138888,XFMR-021462,FDR-0065,SUB-014,33.339411,-112.021746,13.6,5.9,NMC,2024-05-01,Tesla,active
BATT-004141,CUST-0138898,XFMR-021463,FDR-0065,SUB-014,33.339036,-112.022227,319.7,107.7,LFP,2020-01-01,Tesla,active
BATT-004142,CUST-0139076,XFMR-021490,FDR-0065,SUB-014,33.334153,-112.022102,10.0,3.9,LFP,2024-10-01,SunPower,active
BATT-004143,CUST-0139085,XFMR-021493,FDR-0065,SUB-014,33.333801,-112.021564,14.0,6.7,NMC,2024-09-01,Tesla,active
BATT-004144,CUST-0139125,XFMR-021498,FDR-0065,SUB-014,33.332939,-112.021858,19.6,9.2,NMC,2024-05-01,SolarEdge,active
BATT-004145,CUST-0139194,XFMR-021513,FDR-0065,SUB-014,33.329966,-112.021682,9.8,3.4,LFP,2023-12-01,SolarEdge,active
BATT-004146,CUST-0139300,XFMR-021528,FDR-0065,SUB-014,33.326675,-112.021879,14.4,4.7,LFP,2024-01-01,Enphase,active
BATT-004147,CUST-0139378,XFMR-021538,FDR-0065,SUB-014,33.325488,-112.022092,21.8,7.9,LFP,2024-05-01,SolarEdge,active
BATT-004148,CUST-0139490,XFMR-021557,FDR-0065,SUB-014,33.321928,-112.022251,9.3,3.3,lithium-ion,2023-02-01,Generac,active
BATT-004149,CUST-0139629,XFMR-021582,FDR-0065,SUB-014,33.316923,-112.021509,14.4,5.0,lithium-ion,2022-09-01,Tesla,active
BATT-004150,CUST-0139636,XFMR-021582,FDR-0065,SUB-014,33.317192,-112.022152,368.4,126.1,LFP,2021-05-01,BYD,active
BATT-004151,CUST-0139642,XFMR-021583,FDR-0065,SUB-014,33.316447,-112.021611,15.7,5.4,lithium-ion,2023-06-01,SolarEdge,active
BATT-004152,CUST-0139646,XFMR-021583,FDR-0065,SUB-014,33.316911,-112.022079,16.1,6.1,LFP,2023-11-01,Generac,active
BATT-004153,CUST-0139657,XFMR-021584,FDR-0065,SUB-014,33.316626,-112.022173,9.1,3.0,NMC,2021-04-01,SunPower,active
BATT-004154,CUST-0139682,XFMR-021587,FDR-0065,SUB-014,33.315869,-112.021735,20.2,9.1,lithium-ion,2021-12-01,BYD,active
BATT-004155,CUST-0139747,XFMR-021600,FDR-0065,SUB-014,33.313323,-112.021676,410.6,141.2,NMC,2023-11-01,SunPower,active
BATT-004156,CUST-0139758,XFMR-021601,FDR-0065,SUB-014,33.31347,-112.021525,13.8,4.8,NMC,2024-03-01,SunPower,active
BATT-004157,CUST-0139825,XFMR-021611,FDR-0065,SUB-014,33.311197,-112.021787,10.1,4.2,lithium-ion,2020-12-01,Tesla,active
BATT-004158,CUST-0139883,XFMR-021621,FDR-0065,SUB-014,33.309821,-112.022285,13.2,6.1,LFP,2024-10-01,SolarEdge,active
BATT-004159,CUST-0139888,XFMR-021621,FDR-0065,SUB-014,33.309794,-112.021839,10.4,3.9,LFP,2020-07-01,Tesla,active
BATT-004160,CUST-0139890,XFMR-021622,FDR-0065,SUB-014,33.309081,-112.022108,16.0,6.4,lithium-ion,2020-01-01,SunPower,active
BATT-004161,CUST-0140003,XFMR-021638,FDR-0065,SUB-014,33.306162,-112.021498,20.5,7.3,LFP,2021-12-01,Generac,inactive
BATT-004162,CUST-0140018,XFMR-021641,FDR-0065,SUB-014,33.305958,-112.0221,37.3,11.5,NMC,2024-11-01,Enphase,active
BATT-004163,CUST-0140050,XFMR-021645,FDR-0065,SUB-014,33.305314,-112.022272,9.3,3.0,lithium-ion,2020-11-01,Generac,active
BATT-004164,CUST-0140094,XFMR-021651,FDR-0065,SUB-014,33.304176,-112.021569,10.9,4.8,NMC,2021-10-01,SolarEdge,active
BATT-004165,CUST-0140152,XFMR-021662,FDR-0065,SUB-014,33.301625,-112.021667,10.7,3.2,LFP,2023-03-01,SolarEdge,active
BATT-004166,CUST-0140191,XFMR-021672,FDR-0065,SUB-014,33.300292,-112.022135,17.2,6.5,LFP,2021-11-01,BYD,active
BATT-004167,CUST-0140198,XFMR-021673,FDR-0065,SUB-014,33.299844,-112.022182,278.4,137.9,LFP,2022-11-01,BYD,active
BATT-004168,CUST-0140206,XFMR-021673,FDR-0065,SUB-014,33.299501,-112.021844,17.5,5.3,lithium-ion,2022-07-01,SunPower,active
BATT-004169,CUST-0140314,XFMR-021687,FDR-0065,SUB-014,33.296923,-112.022315,10.1,3.5,LFP,2021-03-01,SunPower,active
BATT-004170,CUST-0140373,XFMR-021695,FDR-0065,SUB-014,33.295749,-112.022056,10.5,4.7,LFP,2023-07-01,Tesla,inactive
BATT-004171,CUST-0140476,XFMR-021710,FDR-0065,SUB-014,33.292759,-112.021476,99.3,40.7,LFP,2021-06-01,SolarEdge,active
BATT-004172,CUST-0140494,XFMR-021715,FDR-0065,SUB-014,33.291518,-112.021404,371.9,179.2,lithium-ion,2022-09-01,Tesla,active
BATT-004173,CUST-0140496,XFMR-021716,FDR-0065,SUB-014,33.291476,-112.022099,18.6,8.6,NMC,2021-06-01,BYD,active
BATT-004174,CUST-0140513,XFMR-021720,FDR-0065,SUB-014,33.290637,-112.021561,13.6,4.7,lithium-ion,2021-07-01,Generac,active
BATT-004175,CUST-0140519,XFMR-021720,FDR-0065,SUB-014,33.290849,-112.021994,66.0,24.4,lithium-ion,2023-05-01,SolarEdge,active
BATT-004176,CUST-0140543,XFMR-021723,FDR-0065,SUB-014,33.29021,-112.021406,16.7,7.8,LFP,2020-07-01,Tesla,active
BATT-004177,CUST-0140561,XFMR-021726,FDR-0065,SUB-014,33.289592,-112.022101,10.4,5.1,LFP,2023-05-01,BYD,active
BATT-004178,CUST-0140587,XFMR-021729,FDR-0065,SUB-014,33.289302,-112.022055,16.1,7.6,LFP,2021-03-01,SunPower,active
BATT-004179,CUST-0140609,XFMR-021732,FDR-0065,SUB-014,33.289082,-112.022256,391.5,117.1,NMC,2023-11-01,SolarEdge,active
BATT-004180,CUST-0140660,XFMR-021740,FDR-0065,SUB-014,33.28671,-112.021806,46.3,23.1,LFP,2020-02-01,Tesla,active
BATT-004181,CUST-0140686,XFMR-021743,FDR-0065,SUB-014,33.286964,-112.021574,21.0,7.3,NMC,2024-10-01,Enphase,active
BATT-004182,CUST-0140688,XFMR-021743,FDR-0065,SUB-014,33.28682,-112.022103,213.0,62.6,LFP,2021-12-01,SunPower,active
BATT-004183,CUST-0140692,XFMR-021745,FDR-0065,SUB-014,33.286058,-112.021449,167.3,72.5,LFP,2020-06-01,Generac,active
BATT-004184,CUST-0140704,XFMR-021747,FDR-0065,SUB-014,33.286164,-112.021714,102.5,27.0,LFP,2023-10-01,SolarEdge,active
BATT-004185,CUST-0140710,XFMR-021749,FDR-0065,SUB-014,33.285205,-112.021942,21.4,8.3,NMC,2024-08-01,BYD,active
BATT-004186,CUST-0140739,XFMR-021753,FDR-0065,SUB-014,33.284924,-112.021816,229.7,105.5,lithium-ion,2021-08-01,Generac,active
BATT-004187,CUST-0140833,XFMR-021768,FDR-0065,SUB-014,33.282205,-112.02212,17.4,6.0,NMC,2023-08-01,SolarEdge,active
BATT-004188,CUST-0140884,XFMR-021775,FDR-0065,SUB-014,33.280217,-112.02228,13.7,6.5,lithium-ion,2022-09-01,SolarEdge,active
BATT-004189,CUST-0140904,XFMR-021777,FDR-0065,SUB-014,33.280188,-112.022078,10.3,4.2,NMC,2023-11-01,SolarEdge,active
BATT-004190,CUST-0140917,XFMR-021779,FDR-0065,SUB-014,33.279922,-112.022241,18.1,8.0,NMC,2024-02-01,Tesla,active
BATT-004191,CUST-0140927,XFMR-021781,FDR-0065,SUB-014,33.279165,-112.021394,18.2,8.5,lithium-ion,2023-06-01,SolarEdge,active
BATT-004192,CUST-0140985,XFMR-021789,FDR-0065,SUB-014,33.277566,-112.022152,72.9,25.1,LFP,2020-06-01,Enphase,active
BATT-004193,CUST-0141010,XFMR-021793,FDR-0065,SUB-014,33.276884,-112.021465,266.2,72.3,NMC,2020-06-01,Tesla,active
BATT-004194,CUST-0141024,XFMR-021795,FDR-0065,SUB-014,33.276989,-112.022224,12.8,4.3,NMC,2020-01-01,BYD,active
BATT-004195,CUST-0141034,XFMR-021796,FDR-0065,SUB-014,33.276953,-112.022149,14.3,4.8,NMC,2021-12-01,BYD,active
BATT-004196,CUST-0141047,XFMR-021797,FDR-0065,SUB-014,33.276768,-112.02201,15.8,4.8,LFP,2024-10-01,Generac,active
BATT-004197,CUST-0141107,XFMR-021809,FDR-0065,SUB-014,33.273942,-112.021579,13.4,4.3,lithium-ion,2021-07-01,Tesla,active
BATT-004198,CUST-0141111,XFMR-021811,FDR-0065,SUB-014,33.274059,-112.021538,10.3,3.5,NMC,2022-10-01,BYD,active
BATT-004199,CUST-0141119,XFMR-021813,FDR-0065,SUB-014,33.273079,-112.021983,76.4,24.1,lithium-ion,2021-05-01,Generac,active
BATT-004200,CUST-0141144,XFMR-021818,FDR-0065,SUB-014,33.272793,-112.021807,67.2,25.5,LFP,2021-03-01,Generac,active
BATT-004201,CUST-0141152,XFMR-021820,FDR-0065,SUB-014,33.271754,-112.021476,79.3,37.9,NMC,2022-04-01,Enphase,active
BATT-004202,CUST-0141290,XFMR-021846,FDR-0065,SUB-014,33.267652,-112.022044,272.8,113.1,LFP,2022-05-01,Enphase,active
BATT-004203,CUST-0141380,XFMR-021860,FDR-0065,SUB-014,33.264552,-112.021997,16.7,7.9,NMC,2024-04-01,Enphase,active
BATT-004204,CUST-0141396,XFMR-021862,FDR-0065,SUB-014,33.26397,-112.022123,9.6,3.9,LFP,2024-07-01,Enphase,active
BATT-004205,CUST-0141399,XFMR-021863,FDR-0065,SUB-014,33.263923,-112.021565,14.4,6.7,NMC,2020-01-01,BYD,active
BATT-004206,CUST-0141449,XFMR-021868,FDR-0065,SUB-014,33.262932,-112.02166,19.8,8.4,LFP,2020-02-01,BYD,active
BATT-004207,CUST-0141470,XFMR-021872,FDR-0065,SUB-014,33.262055,-112.021752,12.3,5.2,LFP,2021-11-01,SunPower,active
BATT-004208,CUST-0141606,XFMR-021899,FDR-0066,SUB-015,33.586407,-112.142308,10.0,3.6,NMC,2021-07-01,SolarEdge,active
BATT-004209,CUST-0141649,XFMR-021904,FDR-0066,SUB-015,33.585897,-112.141207,12.8,5.4,NMC,2020-11-01,SunPower,active
BATT-004210,CUST-0141658,XFMR-021906,FDR-0066,SUB-015,33.585894,-112.141095,19.7,6.6,LFP,2024-10-01,SolarEdge,active
BATT-004211,CUST-0141665,XFMR-021907,FDR-0066,SUB-015,33.585836,-112.141275,10.1,3.8,NMC,2024-09-01,SunPower,active
BATT-004212,CUST-0141674,XFMR-021908,FDR-0066,SUB-015,33.586099,-112.140389,9.7,3.7,lithium-ion,2020-08-01,SunPower,active
BATT-004213,CUST-0141695,XFMR-021911,FDR-0066,SUB-015,33.585682,-112.140177,14.8,4.9,lithium-ion,2020-06-01,SunPower,active
BATT-004214,CUST-0141696,XFMR-021911,FDR-0066,SUB-015,33.585773,-112.140627,19.7,8.5,NMC,2023-10-01,SunPower,active
BATT-004215,CUST-0141705,XFMR-021912,FDR-0066,SUB-015,33.586071,-112.140053,9.8,4.4,NMC,2024-10-01,Generac,active
BATT-004216,CUST-0141707,XFMR-021912,FDR-0066,SUB-015,33.58599,-112.140274,10.1,4.0,LFP,2024-01-01,Tesla,active
BATT-004217,CUST-0141711,XFMR-021912,FDR-0066,SUB-015,33.586493,-112.14002,79.8,34.7,NMC,2023-01-01,Enphase,active
BATT-004218,CUST-0141715,XFMR-021913,FDR-0066,SUB-015,33.586438,-112.139746,13.9,5.1,LFP,2023-12-01,Tesla,active
BATT-004219,CUST-0141743,XFMR-021919,FDR-0066,SUB-015,33.586134,-112.138635,170.8,82.6,LFP,2023-01-01,SolarEdge,active
BATT-004220,CUST-0141745,XFMR-021919,FDR-0066,SUB-015,33.585767,-112.139033,10.8,3.6,NMC,2021-03-01,SunPower,active
BATT-004221,CUST-0141760,XFMR-021921,FDR-0066,SUB-015,33.586345,-112.139023,15.9,6.5,LFP,2021-09-01,SolarEdge,active
BATT-004222,CUST-0141766,XFMR-021922,FDR-0066,SUB-015,33.585729,-112.13794,21.1,8.6,LFP,2020-08-01,SunPower,active
BATT-004223,CUST-0141790,XFMR-021927,FDR-0066,SUB-015,33.586305,-112.137607,495.1,151.7,LFP,2020-01-01,Generac,active
BATT-004224,CUST-0141895,XFMR-021944,FDR-0066,SUB-015,33.585991,-112.135019,10.4,4.6,LFP,2022-04-01,SolarEdge,active
BATT-004225,CUST-0141910,XFMR-021946,FDR-0066,SUB-015,33.586198,-112.13413,13.8,5.2,LFP,2020-10-01,SolarEdge,active
BATT-004226,CUST-0141941,XFMR-021950,FDR-0066,SUB-015,33.585883,-112.133824,15.9,6.6,LFP,2020-03-01,Enphase,active
BATT-004227,CUST-0141971,XFMR-021956,FDR-0066,SUB-015,33.585713,-112.132818,9.9,4.1,NMC,2020-03-01,Tesla,active
BATT-004228,CUST-0142029,XFMR-021964,FDR-0066,SUB-015,33.58642,-112.131251,395.8,143.1,lithium-ion,2023-09-01,Generac,active
BATT-004229,CUST-0142030,XFMR-021964,FDR-0066,SUB-015,33.585926,-112.131963,13.1,5.8,LFP,2021-05-01,Enphase,active
BATT-004230,CUST-0142041,XFMR-021966,FDR-0066,SUB-015,33.586212,-112.131767,12.4,5.3,NMC,2024-04-01,Generac,active
BATT-004231,CUST-0142044,XFMR-021967,FDR-0066,SUB-015,33.585704,-112.13144,82.5,32.1,LFP,2022-11-01,BYD,active
BATT-004232,CUST-0142048,XFMR-021969,FDR-0066,SUB-015,33.586235,-112.130675,9.8,4.1,LFP,2023-03-01,Enphase,active
BATT-004233,CUST-0142052,XFMR-021969,FDR-0066,SUB-015,33.58629,-112.130836,17.3,8.3,LFP,2020-10-01,Enphase,active
BATT-004234,CUST-0142130,XFMR-021981,FDR-0066,SUB-015,33.586019,-112.129318,19.8,6.5,NMC,2021-01-01,Tesla,active
BATT-004235,CUST-0142132,XFMR-021981,FDR-0066,SUB-015,33.585839,-112.128599,14.9,6.6,LFP,2022-08-01,Enphase,active
BATT-004236,CUST-0142145,XFMR-021985,FDR-0066,SUB-015,33.585843,-112.128656,9.6,4.7,lithium-ion,2024-05-01,Tesla,active
BATT-004237,CUST-0142170,XFMR-021988,FDR-0066,SUB-015,33.585649,-112.127783,20.4,6.4,LFP,2020-12-01,Enphase,active
BATT-004238,CUST-0142207,XFMR-021995,FDR-0066,SUB-015,33.585827,-112.126705,18.8,7.2,lithium-ion,2024-06-01,Tesla,active
BATT-004239,CUST-0142271,XFMR-022005,FDR-0066,SUB-015,33.585913,-112.12488,12.4,5.8,LFP,2024-04-01,SunPower,active
BATT-004240,CUST-0142290,XFMR-022007,FDR-0066,SUB-015,33.585823,-112.124324,19.0,7.3,LFP,2024-05-01,SolarEdge,active
BATT-004241,CUST-0142403,XFMR-022024,FDR-0066,SUB-015,33.585681,-112.122389,13.7,4.3,NMC,2022-05-01,BYD,active
BATT-004242,CUST-0142407,XFMR-022024,FDR-0066,SUB-015,33.586268,-112.121805,17.5,8.3,LFP,2022-12-01,SolarEdge,active
BATT-004243,CUST-0142431,XFMR-022029,FDR-0066,SUB-015,33.586458,-112.120727,12.3,5.8,NMC,2021-06-01,SunPower,active
BATT-004244,CUST-0142472,XFMR-022034,FDR-0066,SUB-015,33.586297,-112.120377,162.3,58.4,LFP,2024-11-01,Enphase,active
BATT-004245,CUST-0142476,XFMR-022035,FDR-0066,SUB-015,33.585897,-112.120392,13.1,5.2,NMC,2021-07-01,Enphase,active
BATT-004246,CUST-0142499,XFMR-022037,FDR-0066,SUB-015,33.586208,-112.119352,13.5,5.6,lithium-ion,2023-09-01,SunPower,active
BATT-004247,CUST-0142542,XFMR-022046,FDR-0066,SUB-015,33.585622,-112.118637,18.3,7.3,LFP,2020-09-01,SunPower,active
BATT-004248,CUST-0142579,XFMR-022052,FDR-0066,SUB-015,33.586,-112.117116,10.7,4.2,lithium-ion,2020-07-01,Tesla,active
BATT-004249,CUST-0142691,XFMR-022071,FDR-0066,SUB-015,33.586165,-112.114559,15.8,5.9,LFP,2020-02-01,SunPower,active
BATT-004250,CUST-0142728,XFMR-022076,FDR-0066,SUB-015,33.586434,-112.113443,120.9,54.5,LFP,2023-01-01,SunPower,active
BATT-004251,CUST-0142796,XFMR-022085,FDR-0066,SUB-015,33.586112,-112.111614,21.2,7.2,NMC,2023-12-01,SunPower,active
BATT-004252,CUST-0142811,XFMR-022087,FDR-0066,SUB-015,33.586021,-112.111556,21.9,8.5,NMC,2022-02-01,Tesla,active
BATT-004253,CUST-0142877,XFMR-022098,FDR-0066,SUB-015,33.586318,-112.110291,14.2,6.9,LFP,2020-02-01,BYD,active
BATT-004254,CUST-0142893,XFMR-022100,FDR-0066,SUB-015,33.586422,-112.109661,14.7,4.9,NMC,2022-09-01,SunPower,active
BATT-004255,CUST-0142925,XFMR-022105,FDR-0066,SUB-015,33.585968,-112.10852,270.1,125.3,lithium-ion,2023-01-01,Tesla,active
BATT-004256,CUST-0143049,XFMR-022123,FDR-0066,SUB-015,33.58584,-112.105723,10.5,4.7,LFP,2023-04-01,SolarEdge,active
BATT-004257,CUST-0143107,XFMR-022132,FDR-0066,SUB-015,33.586422,-112.104408,15.5,5.0,lithium-ion,2020-03-01,Tesla,active
BATT-004258,CUST-0143215,XFMR-022150,FDR-0066,SUB-015,33.585837,-112.102065,20.2,6.1,NMC,2023-05-01,Tesla,active
BATT-004259,CUST-0143218,XFMR-022151,FDR-0066,SUB-015,33.586352,-112.10153,9.1,2.7,LFP,2022-10-01,Enphase,active
BATT-004260,CUST-0143245,XFMR-022158,FDR-0066,SUB-015,33.585942,-112.100115,305.0,142.6,lithium-ion,2023-01-01,BYD,active
BATT-004261,CUST-0143247,XFMR-022159,FDR-0066,SUB-015,33.586116,-112.099816,9.5,4.0,LFP,2023-10-01,Generac,active
BATT-004262,CUST-0143267,XFMR-022160,FDR-0066,SUB-015,33.585933,-112.100228,17.0,6.9,NMC,2024-01-01,BYD,active
BATT-004263,CUST-0143308,XFMR-022166,FDR-0066,SUB-015,33.586371,-112.09933,164.6,77.5,NMC,2021-02-01,Enphase,active
BATT-004264,CUST-0143342,XFMR-022171,FDR-0066,SUB-015,33.586277,-112.098135,12.9,4.8,lithium-ion,2023-05-01,Enphase,active
BATT-004265,CUST-0143401,XFMR-022181,FDR-0066,SUB-015,33.586377,-112.096283,21.8,8.9,LFP,2023-12-01,SolarEdge,active
BATT-004266,CUST-0143505,XFMR-022196,FDR-0066,SUB-015,33.586397,-112.094514,15.5,6.1,NMC,2021-03-01,SolarEdge,active
BATT-004267,CUST-0143521,XFMR-022198,FDR-0066,SUB-015,33.585727,-112.094278,16.2,5.0,NMC,2020-05-01,Enphase,active
BATT-004268,CUST-0143556,XFMR-022206,FDR-0066,SUB-015,33.586187,-112.092545,18.3,7.0,lithium-ion,2022-08-01,SolarEdge,active
BATT-004269,CUST-0143624,XFMR-022216,FDR-0066,SUB-015,33.586322,-112.090581,497.0,151.9,LFP,2023-09-01,Tesla,active
BATT-004270,CUST-0143648,XFMR-022219,FDR-0066,SUB-015,33.586161,-112.090193,21.9,8.5,NMC,2022-10-01,Enphase,active
BATT-004271,CUST-0143689,XFMR-022223,FDR-0066,SUB-015,33.585907,-112.089642,17.4,7.5,lithium-ion,2020-07-01,Generac,active
BATT-004272,CUST-0143820,XFMR-022247,FDR-0066,SUB-015,33.58588,-112.086211,16.1,7.2,lithium-ion,2021-04-01,SolarEdge,active
BATT-004273,CUST-0143852,XFMR-022253,FDR-0066,SUB-015,33.585979,-112.084824,15.8,7.4,LFP,2021-06-01,SunPower,active
BATT-004274,CUST-0143858,XFMR-022253,FDR-0066,SUB-015,33.586381,-112.08473,10.8,5.0,NMC,2023-09-01,BYD,active
BATT-004275,CUST-0143873,XFMR-022256,FDR-0066,SUB-015,33.586296,-112.084708,11.0,3.7,LFP,2024-08-01,SolarEdge,active
BATT-004276,CUST-0143885,XFMR-022257,FDR-0066,SUB-015,33.586214,-112.084549,15.6,7.8,NMC,2023-03-01,Generac,active
BATT-004277,CUST-0143928,XFMR-022262,FDR-0066,SUB-015,33.585767,-112.083508,313.9,106.1,LFP,2022-11-01,Tesla,active
BATT-004278,CUST-0143968,XFMR-022266,FDR-0066,SUB-015,33.586312,-112.082626,348.4,97.6,NMC,2022-10-01,Tesla,active
BATT-004279,CUST-0143977,XFMR-022268,FDR-0066,SUB-015,33.586158,-112.08282,21.3,7.2,lithium-ion,2024-09-01,Tesla,active
BATT-004280,CUST-0143984,XFMR-022269,FDR-0066,SUB-015,33.585813,-112.082301,21.0,10.0,NMC,2021-07-01,SolarEdge,inactive
BATT-004281,CUST-0143991,XFMR-022272,FDR-0066,SUB-015,33.586252,-112.08141,16.0,5.8,NMC,2022-04-01,Tesla,active
BATT-004282,CUST-0144067,XFMR-022283,FDR-0066,SUB-015,33.586255,-112.080101,10.1,3.1,LFP,2023-03-01,Tesla,active
BATT-004283,CUST-0144168,XFMR-022298,FDR-0066,SUB-015,33.586318,-112.077356,15.0,6.0,lithium-ion,2021-10-01,Generac,active
BATT-004284,CUST-0144174,XFMR-022299,FDR-0066,SUB-015,33.585709,-112.077339,21.6,9.9,NMC,2020-06-01,SunPower,active
BATT-004285,CUST-0144176,XFMR-022299,FDR-0066,SUB-015,33.586181,-112.077308,17.2,7.0,LFP,2024-08-01,Generac,active
BATT-004286,CUST-0144243,XFMR-022309,FDR-0066,SUB-015,33.586081,-112.075725,14.7,7.3,NMC,2024-07-01,Tesla,active
BATT-004287,CUST-0144262,XFMR-022312,FDR-0066,SUB-015,33.586146,-112.075721,14.3,5.7,LFP,2021-05-01,Tesla,active
BATT-004288,CUST-0144265,XFMR-022313,FDR-0066,SUB-015,33.585924,-112.075123,16.1,6.8,LFP,2024-06-01,SunPower,active
BATT-004289,CUST-0144282,XFMR-022314,FDR-0066,SUB-015,33.586114,-112.075439,10.3,3.9,LFP,2020-05-01,Tesla,active
BATT-004290,CUST-0144283,XFMR-022314,FDR-0066,SUB-015,33.58623,-112.075199,10.9,4.2,NMC,2020-06-01,SunPower,active
BATT-004291,CUST-0144397,XFMR-022332,FDR-0066,SUB-015,33.58626,-112.072032,20.1,7.9,NMC,2024-07-01,Generac,active
BATT-004292,CUST-0144443,XFMR-022339,FDR-0066,SUB-015,33.585833,-112.071342,160.1,79.3,NMC,2023-02-01,Tesla,active
BATT-004293,CUST-0144452,XFMR-022340,FDR-0066,SUB-015,33.585928,-112.070959,16.8,5.5,LFP,2021-03-01,Generac,active
BATT-004294,CUST-0144534,XFMR-022352,FDR-0066,SUB-015,33.586291,-112.069279,19.3,9.2,LFP,2023-06-01,SunPower,active
BATT-004295,CUST-0144557,XFMR-022355,FDR-0066,SUB-015,33.586307,-112.0686,18.8,6.7,NMC,2021-08-01,SunPower,active
BATT-004296,CUST-0144577,XFMR-022357,FDR-0066,SUB-015,33.586318,-112.068145,165.4,69.3,lithium-ion,2021-04-01,SunPower,active
BATT-004297,CUST-0144592,XFMR-022359,FDR-0066,SUB-015,33.586019,-112.068087,16.1,5.0,lithium-ion,2022-03-01,SolarEdge,active
BATT-004298,CUST-0144608,XFMR-022360,FDR-0066,SUB-015,33.585914,-112.067204,10.3,5.0,lithium-ion,2021-06-01,Enphase,active
BATT-004299,CUST-0144611,XFMR-022360,FDR-0066,SUB-015,33.586317,-112.067741,10.4,4.7,NMC,2023-05-01,SolarEdge,active
BATT-004300,CUST-0144688,XFMR-022369,FDR-0066,SUB-015,33.585779,-112.066187,13.9,4.9,LFP,2020-09-01,BYD,active
BATT-004301,CUST-0144710,XFMR-022372,FDR-0066,SUB-015,33.585833,-112.065679,14.1,4.4,lithium-ion,2022-08-01,BYD,active
BATT-004302,CUST-0144727,XFMR-022377,FDR-0066,SUB-015,33.586424,-112.065223,18.8,7.2,LFP,2023-01-01,Tesla,active
BATT-004303,CUST-0144728,XFMR-022377,FDR-0066,SUB-015,33.586313,-112.064742,17.0,5.3,NMC,2023-12-01,Enphase,active
BATT-004304,CUST-0144815,XFMR-022389,FDR-0066,SUB-015,33.586177,-112.063369,275.6,95.6,lithium-ion,2021-10-01,SolarEdge,inactive
BATT-004305,CUST-0144856,XFMR-022396,FDR-0066,SUB-015,33.585809,-112.061674,9.5,4.7,lithium-ion,2024-09-01,Enphase,active
BATT-004306,CUST-0144922,XFMR-022403,FDR-0066,SUB-015,33.58624,-112.060902,19.1,8.5,LFP,2021-03-01,SolarEdge,active
BATT-004307,CUST-0144957,XFMR-022409,FDR-0066,SUB-015,33.586002,-112.05965,181.6,52.0,NMC,2022-04-01,SolarEdge,active
BATT-004308,CUST-0144999,XFMR-022417,FDR-0067,SUB-015,33.586741,-112.14376,18.7,8.7,lithium-ion,2024-11-01,Tesla,active
BATT-004309,CUST-0145006,XFMR-022418,FDR-0067,SUB-015,33.586821,-112.143036,10.5,4.0,lithium-ion,2023-02-01,SunPower,active
BATT-004310,CUST-0145035,XFMR-022422,FDR-0067,SUB-015,33.589289,-112.143959,16.2,6.2,lithium-ion,2023-06-01,BYD,active
BATT-004311,CUST-0145092,XFMR-022428,FDR-0067,SUB-015,33.592803,-112.143278,9.5,3.2,NMC,2021-06-01,Tesla,active
BATT-004312,CUST-0145165,XFMR-022440,FDR-0067,SUB-015,33.599014,-112.143743,14.0,6.6,lithium-ion,2020-04-01,SunPower,active
BATT-004313,CUST-0145166,XFMR-022441,FDR-0067,SUB-015,33.599715,-112.143718,12.3,5.3,LFP,2020-07-01,Tesla,active
BATT-004314,CUST-0145267,XFMR-022460,FDR-0067,SUB-015,33.609442,-112.143589,20.8,8.9,LFP,2022-12-01,Enphase,inactive
BATT-004315,CUST-0145320,XFMR-022470,FDR-0067,SUB-015,33.615019,-112.143176,9.4,3.1,LFP,2024-03-01,SolarEdge,active
BATT-004316,CUST-0145379,XFMR-022481,FDR-0067,SUB-015,33.621324,-112.143124,13.9,6.4,lithium-ion,2024-01-01,Generac,active
BATT-004317,CUST-0145386,XFMR-022482,FDR-0067,SUB-015,33.621882,-112.143393,14.1,4.3,NMC,2022-06-01,BYD,active
BATT-004318,CUST-0145517,XFMR-022503,FDR-0067,SUB-015,33.633008,-112.14318,14.1,4.3,lithium-ion,2021-03-01,Tesla,inactive
BATT-004319,CUST-0145551,XFMR-022508,FDR-0067,SUB-015,33.636116,-112.143817,10.6,4.1,NMC,2021-03-01,BYD,active
BATT-004320,CUST-0145566,XFMR-022509,FDR-0067,SUB-015,33.636607,-112.143053,20.0,9.7,NMC,2022-02-01,SolarEdge,active
BATT-004321,CUST-0145646,XFMR-022521,FDR-0067,SUB-015,33.642952,-112.143082,10.1,3.3,NMC,2023-08-01,Generac,active
BATT-004322,CUST-0145651,XFMR-022522,FDR-0067,SUB-015,33.64292,-112.143189,18.2,8.4,NMC,2024-05-01,BYD,active
BATT-004323,CUST-0145764,XFMR-022541,FDR-0067,SUB-015,33.653147,-112.143728,16.9,6.3,lithium-ion,2024-12-01,Enphase,active
BATT-004324,CUST-0145769,XFMR-022541,FDR-0067,SUB-015,33.653629,-112.143536,12.3,5.7,lithium-ion,2023-03-01,Generac,active
BATT-004325,CUST-0145773,XFMR-022542,FDR-0067,SUB-015,33.654355,-112.14362,10.7,3.8,lithium-ion,2023-12-01,SunPower,active
BATT-004326,CUST-0145787,XFMR-022544,FDR-0067,SUB-015,33.655203,-112.143113,21.0,10.0,LFP,2023-01-01,Generac,active
BATT-004327,CUST-0145823,XFMR-022551,FDR-0067,SUB-015,33.658932,-112.14359,9.6,4.3,NMC,2022-06-01,Tesla,active
BATT-004328,CUST-0145845,XFMR-022553,FDR-0067,SUB-015,33.659615,-112.14323,14.4,7.2,NMC,2020-01-01,SunPower,active
BATT-004329,CUST-0145856,XFMR-022555,FDR-0067,SUB-015,33.661477,-112.14367,15.3,5.7,NMC,2020-08-01,BYD,active
BATT-004330,CUST-0145964,XFMR-022570,FDR-0067,SUB-015,33.669377,-112.143908,13.2,4.9,NMC,2022-11-01,BYD,active
BATT-004331,CUST-0146017,XFMR-022579,FDR-0068,SUB-015,33.582486,-112.143583,16.9,5.6,NMC,2024-11-01,Generac,active
BATT-004332,CUST-0146024,XFMR-022580,FDR-0068,SUB-015,33.580494,-112.14394,102.5,45.3,lithium-ion,2024-09-01,SolarEdge,active
BATT-004333,CUST-0146058,XFMR-022583,FDR-0068,SUB-015,33.577089,-112.143051,14.2,5.1,LFP,2022-05-01,SolarEdge,active
BATT-004334,CUST-0146103,XFMR-022588,FDR-0068,SUB-015,33.570924,-112.142983,45.3,19.4,LFP,2022-10-01,BYD,active
BATT-004335,CUST-0146105,XFMR-022588,FDR-0068,SUB-015,33.570458,-112.14353,21.6,10.4,NMC,2020-09-01,Tesla,active
BATT-004336,CUST-0146129,XFMR-022592,FDR-0068,SUB-015,33.565599,-112.143718,12.2,5.4,NMC,2023-07-01,SunPower,active
BATT-004337,CUST-0146131,XFMR-022592,FDR-0068,SUB-015,33.565467,-112.143641,19.4,6.2,LFP,2024-05-01,SunPower,active
BATT-004338,CUST-0146136,XFMR-022593,FDR-0068,SUB-015,33.564056,-112.143827,17.6,6.3,NMC,2023-12-01,Generac,active
BATT-004339,CUST-0146165,XFMR-022597,FDR-0068,SUB-015,33.559346,-112.14399,17.4,6.0,LFP,2021-01-01,Enphase,active
BATT-004340,CUST-0146194,XFMR-022600,FDR-0068,SUB-015,33.555217,-112.143771,9.2,4.3,NMC,2024-11-01,SunPower,active
BATT-004341,CUST-0146197,XFMR-022600,FDR-0068,SUB-015,33.554986,-112.143772,16.2,6.4,NMC,2020-12-01,Enphase,active
BATT-004342,CUST-0146265,XFMR-022609,FDR-0068,SUB-015,33.543829,-112.143101,9.7,4.6,lithium-ion,2024-11-01,BYD,active
BATT-004343,CUST-0146295,XFMR-022613,FDR-0068,SUB-015,33.538419,-112.143327,15.1,7.4,NMC,2024-01-01,SolarEdge,active
BATT-004344,CUST-0146403,XFMR-022628,FDR-0068,SUB-015,33.518945,-112.143042,27.3,11.7,LFP,2022-02-01,SolarEdge,active
BATT-004345,CUST-0146449,XFMR-022635,FDR-0068,SUB-015,33.510323,-112.143413,175.7,56.9,LFP,2021-05-01,Tesla,active
BATT-004346,CUST-0146493,XFMR-022642,FDR-0068,SUB-015,33.501376,-112.143704,19.5,8.4,LFP,2022-11-01,BYD,active
BATT-004347,CUST-0146517,XFMR-022646,FDR-0068,SUB-015,33.496214,-112.143233,18.9,6.6,lithium-ion,2022-08-01,Enphase,active
BATT-004348,CUST-0146532,XFMR-022647,FDR-0068,SUB-015,33.495159,-112.143861,13.0,5.1,lithium-ion,2023-04-01,SolarEdge,active
BATT-004349,CUST-0146580,XFMR-022655,FDR-0068,SUB-015,33.484055,-112.143389,21.8,7.0,NMC,2024-07-01,Tesla,active
BATT-004350,CUST-0146589,XFMR-022656,FDR-0068,SUB-015,33.482896,-112.14361,14.7,6.5,LFP,2023-10-01,SolarEdge,active
BATT-004351,CUST-0146601,XFMR-022657,FDR-0068,SUB-015,33.481938,-112.143263,292.6,89.1,LFP,2024-10-01,Enphase,active
BATT-004352,CUST-0146645,XFMR-022664,FDR-0068,SUB-015,33.473035,-112.143303,18.7,5.7,LFP,2022-12-01,Generac,active
BATT-004353,CUST-0146650,XFMR-022664,FDR-0068,SUB-015,33.473327,-112.143379,54.2,15.3,LFP,2023-08-01,BYD,active
BATT-004354,CUST-0146667,XFMR-022667,FDR-0069,SUB-015,33.58636,-112.144276,10.2,4.5,NMC,2024-11-01,Enphase,active
BATT-004355,CUST-0146689,XFMR-022669,FDR-0069,SUB-015,33.58561,-112.14575,14.3,5.1,lithium-ion,2023-03-01,Tesla,active
BATT-004356,CUST-0146704,XFMR-022672,FDR-0069,SUB-015,33.586319,-112.146407,17.6,8.4,lithium-ion,2022-06-01,Tesla,active
BATT-004357,CUST-0146709,XFMR-022673,FDR-0069,SUB-015,33.586258,-112.147564,9.5,3.5,LFP,2022-06-01,BYD,active
BATT-004358,CUST-0146735,XFMR-022678,FDR-0069,SUB-015,33.585826,-112.149114,10.1,4.0,NMC,2021-12-01,Generac,active
BATT-004359,CUST-0146737,XFMR-022679,FDR-0069,SUB-015,33.585845,-112.149593,13.4,5.3,LFP,2020-12-01,BYD,active
BATT-004360,CUST-0146764,XFMR-022683,FDR-0069,SUB-015,33.586006,-112.151733,9.0,3.4,lithium-ion,2023-11-01,SunPower,active
BATT-004361,CUST-0146773,XFMR-022685,FDR-0069,SUB-015,33.586202,-112.152363,21.6,8.8,LFP,2021-06-01,Generac,active
BATT-004362,CUST-0146815,XFMR-022691,FDR-0069,SUB-015,33.586427,-112.15461,14.5,5.9,lithium-ion,2022-05-01,SunPower,active
BATT-004363,CUST-0146818,XFMR-022691,FDR-0069,SUB-015,33.585884,-112.155144,19.7,6.3,NMC,2023-06-01,BYD,active
BATT-004364,CUST-0146849,XFMR-022698,FDR-0069,SUB-015,33.586119,-112.15833,15.2,5.5,lithium-ion,2022-10-01,BYD,active
BATT-004365,CUST-0146901,XFMR-022705,FDR-0069,SUB-015,33.58591,-112.160948,18.7,9.1,NMC,2023-01-01,BYD,active
BATT-004366,CUST-0146961,XFMR-022717,FDR-0069,SUB-015,33.586217,-112.166341,19.4,8.3,LFP,2024-06-01,SunPower,active
BATT-004367,CUST-0147016,XFMR-022724,FDR-0069,SUB-015,33.586243,-112.168897,171.4,71.3,NMC,2020-11-01,SunPower,inactive
BATT-004368,CUST-0147026,XFMR-022728,FDR-0069,SUB-015,33.586411,-112.171049,14.8,7.3,NMC,2023-12-01,Tesla,active
BATT-004369,CUST-0147087,XFMR-022738,FDR-0069,SUB-015,33.586248,-112.175358,17.5,6.8,LFP,2022-06-01,SunPower,active
BATT-004370,CUST-0147167,XFMR-022752,FDR-0069,SUB-015,33.585821,-112.180669,17.0,6.8,lithium-ion,2020-03-01,SunPower,active
BATT-004371,CUST-0147179,XFMR-022754,FDR-0069,SUB-015,33.586402,-112.18146,17.3,6.5,NMC,2022-07-01,Tesla,active
BATT-004372,CUST-0147206,XFMR-022759,FDR-0069,SUB-015,33.586151,-112.183564,19.7,8.2,NMC,2021-11-01,Enphase,active
BATT-004373,CUST-0147212,XFMR-022760,FDR-0069,SUB-015,33.586236,-112.183883,9.8,4.0,lithium-ion,2024-06-01,Enphase,active
BATT-004374,CUST-0147237,XFMR-022765,FDR-0069,SUB-015,33.586373,-112.186193,14.6,4.7,lithium-ion,2020-03-01,Tesla,active
BATT-004375,CUST-0147245,XFMR-022766,FDR-0070,SUB-015,33.58594,-112.143768,137.6,59.0,LFP,2022-10-01,SolarEdge,active
BATT-004376,CUST-0147329,XFMR-022781,FDR-0070,SUB-015,33.586009,-112.142023,9.7,3.9,lithium-ion,2024-02-01,Tesla,inactive
BATT-004377,CUST-0147357,XFMR-022787,FDR-0070,SUB-015,33.586254,-112.141245,14.2,5.8,LFP,2022-09-01,SunPower,active
BATT-004378,CUST-0147359,XFMR-022787,FDR-0070,SUB-015,33.585739,-112.141368,20.4,10.1,NMC,2024-10-01,SunPower,active
BATT-004379,CUST-0147371,XFMR-022789,FDR-0070,SUB-015,33.585766,-112.140413,21.8,6.6,lithium-ion,2020-11-01,BYD,active
BATT-004380,CUST-0147384,XFMR-022790,FDR-0070,SUB-015,33.585809,-112.1407,31.4,15.6,LFP,2022-08-01,SunPower,active
BATT-004381,CUST-0147388,XFMR-022791,FDR-0070,SUB-015,33.585872,-112.140349,9.7,3.4,NMC,2024-03-01,Tesla,active
BATT-004382,CUST-0147399,XFMR-022792,FDR-0070,SUB-015,33.585739,-112.140632,9.9,3.9,LFP,2023-10-01,SunPower,active
BATT-004383,CUST-0147404,XFMR-022793,FDR-0070,SUB-015,33.585827,-112.13997,439.0,148.5,NMC,2023-07-01,SolarEdge,active
BATT-004384,CUST-0147416,XFMR-022794,FDR-0070,SUB-015,33.585883,-112.139903,9.4,3.3,lithium-ion,2023-02-01,BYD,active
BATT-004385,CUST-0147487,XFMR-022803,FDR-0070,SUB-015,33.586288,-112.139267,18.2,6.2,NMC,2023-03-01,Tesla,active
BATT-004386,CUST-0147556,XFMR-022813,FDR-0070,SUB-015,33.586061,-112.138377,17.0,8.4,LFP,2022-08-01,Tesla,active
BATT-004387,CUST-0147614,XFMR-022819,FDR-0070,SUB-015,33.585777,-112.137375,21.6,9.9,LFP,2023-04-01,BYD,active
BATT-004388,CUST-0147618,XFMR-022820,FDR-0070,SUB-015,33.58643,-112.137585,12.4,4.0,lithium-ion,2024-05-01,Generac,active
BATT-004389,CUST-0147637,XFMR-022822,FDR-0070,SUB-015,33.58626,-112.137624,14.7,6.2,lithium-ion,2020-04-01,SunPower,active
BATT-004390,CUST-0147717,XFMR-022839,FDR-0070,SUB-015,33.585999,-112.135279,20.5,6.7,NMC,2020-03-01,SunPower,active
BATT-004391,CUST-0147759,XFMR-022844,FDR-0070,SUB-015,33.586269,-112.135121,13.6,5.4,LFP,2021-01-01,Enphase,active
BATT-004392,CUST-0147765,XFMR-022848,FDR-0070,SUB-015,33.586414,-112.134744,14.8,4.9,LFP,2023-08-01,SolarEdge,active
BATT-004393,CUST-0147772,XFMR-022848,FDR-0070,SUB-015,33.586308,-112.134798,18.1,6.0,lithium-ion,2024-05-01,SolarEdge,active
BATT-004394,CUST-0147797,XFMR-022851,FDR-0070,SUB-015,33.586206,-112.134467,10.4,3.8,LFP,2023-11-01,SolarEdge,active
BATT-004395,CUST-0147801,XFMR-022851,FDR-0070,SUB-015,33.586292,-112.134406,20.6,8.5,NMC,2023-11-01,Enphase,active
BATT-004396,CUST-0147824,XFMR-022855,FDR-0070,SUB-015,33.585804,-112.133826,9.5,4.2,NMC,2024-08-01,BYD,active
BATT-004397,CUST-0147874,XFMR-022860,FDR-0070,SUB-015,33.585756,-112.133196,9.3,3.7,LFP,2022-12-01,Generac,active
BATT-004398,CUST-0147875,XFMR-022860,FDR-0070,SUB-015,33.585681,-112.132945,16.7,5.1,NMC,2020-02-01,Generac,active
BATT-004399,CUST-0147877,XFMR-022861,FDR-0070,SUB-015,33.585801,-112.132857,14.4,4.7,LFP,2020-06-01,BYD,active
BATT-004400,CUST-0147917,XFMR-022867,FDR-0070,SUB-015,33.585806,-112.132591,13.7,4.2,NMC,2024-05-01,Generac,active
BATT-004401,CUST-0147927,XFMR-022869,FDR-0070,SUB-015,33.586122,-112.132329,9.1,3.0,NMC,2020-01-01,Generac,active
BATT-004402,CUST-0147945,XFMR-022871,FDR-0070,SUB-015,33.58567,-112.132359,12.6,5.1,NMC,2022-06-01,Tesla,active
BATT-004403,CUST-0147969,XFMR-022874,FDR-0070,SUB-015,33.586243,-112.131487,16.8,7.2,NMC,2024-09-01,Generac,active
BATT-004404,CUST-0148031,XFMR-022884,FDR-0070,SUB-015,33.586278,-112.130895,16.0,7.5,lithium-ion,2020-01-01,Generac,active
BATT-004405,CUST-0148061,XFMR-022889,FDR-0070,SUB-015,33.58597,-112.129765,9.4,3.6,LFP,2023-02-01,SunPower,active
BATT-004406,CUST-0148100,XFMR-022897,FDR-0070,SUB-015,33.586244,-112.129707,21.6,10.5,LFP,2020-04-01,SunPower,active
BATT-004407,CUST-0148124,XFMR-022900,FDR-0070,SUB-015,33.585926,-112.129268,9.7,4.0,lithium-ion,2022-12-01,SunPower,active
BATT-004408,CUST-0148139,XFMR-022904,FDR-0070,SUB-015,33.585873,-112.128438,9.9,4.5,lithium-ion,2022-11-01,SunPower,active
BATT-004409,CUST-0148193,XFMR-022913,FDR-0070,SUB-015,33.586379,-112.127307,21.2,8.4,NMC,2020-05-01,Tesla,active
BATT-004410,CUST-0148316,XFMR-022930,FDR-0070,SUB-015,33.586435,-112.125689,14.3,7.0,LFP,2021-05-01,BYD,active
BATT-004411,CUST-0148320,XFMR-022930,FDR-0070,SUB-015,33.585819,-112.12554,17.2,5.7,lithium-ion,2024-11-01,Tesla,active
BATT-004412,CUST-0148369,XFMR-022937,FDR-0070,SUB-015,33.585793,-112.124876,378.5,133.8,LFP,2020-08-01,SolarEdge,active
BATT-004413,CUST-0148451,XFMR-022951,FDR-0070,SUB-015,33.586287,-112.123949,66.9,28.2,LFP,2024-07-01,BYD,active
BATT-004414,CUST-0148452,XFMR-022951,FDR-0070,SUB-015,33.586416,-112.123867,18.2,8.1,NMC,2020-10-01,Tesla,active
BATT-004415,CUST-0148456,XFMR-022953,FDR-0070,SUB-015,33.58586,-112.123097,13.6,4.4,lithium-ion,2024-08-01,BYD,inactive
BATT-004416,CUST-0148477,XFMR-022958,FDR-0070,SUB-015,33.586339,-112.122416,12.8,4.2,lithium-ion,2024-04-01,Tesla,active
BATT-004417,CUST-0148482,XFMR-022958,FDR-0070,SUB-015,33.586293,-112.122888,9.4,4.3,LFP,2023-03-01,SolarEdge,active
BATT-004418,CUST-0148498,XFMR-022960,FDR-0070,SUB-015,33.586371,-112.12261,498.8,236.3,NMC,2023-05-01,BYD,active
BATT-004419,CUST-0148511,XFMR-022963,FDR-0070,SUB-015,33.585778,-112.122072,16.4,7.1,LFP,2023-05-01,BYD,active
BATT-004420,CUST-0148578,XFMR-022975,FDR-0070,SUB-015,33.586243,-112.121297,21.3,8.4,lithium-ion,2023-06-01,Tesla,active
BATT-004421,CUST-0148605,XFMR-022980,FDR-0070,SUB-015,33.586278,-112.120051,83.9,34.4,LFP,2021-08-01,SolarEdge,active
BATT-004422,CUST-0148682,XFMR-022991,FDR-0070,SUB-015,33.585928,-112.119693,86.2,32.4,lithium-ion,2022-09-01,Tesla,active
BATT-004423,CUST-0148688,XFMR-022992,FDR-0070,SUB-015,33.586164,-112.119334,20.2,6.5,LFP,2020-01-01,BYD,active
BATT-004424,CUST-0148690,XFMR-022992,FDR-0070,SUB-015,33.585822,-112.118875,21.6,8.8,LFP,2024-01-01,Tesla,active
BATT-004425,CUST-0148695,XFMR-022992,FDR-0070,SUB-015,33.586292,-112.119297,231.6,64.1,lithium-ion,2023-02-01,Tesla,active
BATT-004426,CUST-0148712,XFMR-022994,FDR-0070,SUB-015,33.585894,-112.11902,13.3,4.4,lithium-ion,2023-04-01,SunPower,active
BATT-004427,CUST-0148792,XFMR-023006,FDR-0070,SUB-015,33.585864,-112.11808,18.5,9.1,LFP,2020-05-01,SunPower,active
BATT-004428,CUST-0148795,XFMR-023007,FDR-0070,SUB-015,33.585759,-112.118046,20.3,9.7,LFP,2022-02-01,Generac,active
BATT-004429,CUST-0148799,XFMR-023007,FDR-0070,SUB-015,33.586261,-112.118057,9.9,4.8,NMC,2023-03-01,BYD,active
BATT-004430,CUST-0148856,XFMR-023015,FDR-0070,SUB-015,33.586258,-112.117129,9.6,3.2,lithium-ion,2024-01-01,Tesla,active
BATT-004431,CUST-0148901,XFMR-023022,FDR-0070,SUB-015,33.585617,-112.1162,15.9,6.5,NMC,2023-11-01,SunPower,active
BATT-004432,CUST-0148913,XFMR-023024,FDR-0070,SUB-015,33.585834,-112.115792,12.8,4.3,LFP,2021-01-01,Generac,active
BATT-004433,CUST-0148967,XFMR-023033,FDR-0070,SUB-015,33.586303,-112.114619,16.0,6.0,NMC,2022-12-01,Enphase,active
BATT-004434,CUST-0148979,XFMR-023034,FDR-0070,SUB-015,33.585907,-112.114525,14.4,5.8,lithium-ion,2024-01-01,Generac,active
BATT-004435,CUST-0149006,XFMR-023038,FDR-0070,SUB-015,33.586262,-112.114451,22.1,8.4,lithium-ion,2023-02-01,SunPower,active
BATT-004436,CUST-0149042,XFMR-023045,FDR-0070,SUB-015,33.586158,-112.113324,21.6,10.5,lithium-ion,2022-03-01,Enphase,active
BATT-004437,CUST-0149064,XFMR-023047,FDR-0070,SUB-015,33.586455,-112.112892,9.7,3.2,lithium-ion,2022-02-01,Tesla,active
BATT-004438,CUST-0149097,XFMR-023051,FDR-0070,SUB-015,33.586242,-112.112787,61.5,22.0,LFP,2022-11-01,Generac,active
BATT-004439,CUST-0149149,XFMR-023058,FDR-0070,SUB-015,33.586287,-112.112274,9.7,4.8,lithium-ion,2021-12-01,Enphase,active
BATT-004440,CUST-0149156,XFMR-023059,FDR-0070,SUB-015,33.585911,-112.112381,18.6,8.2,NMC,2020-03-01,Generac,active
BATT-004441,CUST-0149157,XFMR-023059,FDR-0070,SUB-015,33.586287,-112.111832,10.6,4.5,lithium-ion,2023-04-01,SolarEdge,active
BATT-004442,CUST-0149183,XFMR-023062,FDR-0070,SUB-015,33.586086,-112.111867,15.0,4.9,lithium-ion,2020-10-01,SunPower,active
BATT-004443,CUST-0149205,XFMR-023065,FDR-0070,SUB-015,33.585929,-112.111894,13.1,4.4,lithium-ion,2023-04-01,BYD,active
BATT-004444,CUST-0149218,XFMR-023066,FDR-0070,SUB-015,33.586135,-112.111298,151.8,63.6,NMC,2022-05-01,Enphase,active
BATT-004445,CUST-0149333,XFMR-023084,FDR-0070,SUB-015,33.586285,-112.109328,16.1,7.3,NMC,2020-03-01,Generac,active
BATT-004446,CUST-0149369,XFMR-023089,FDR-0070,SUB-015,33.586325,-112.108542,395.8,106.6,NMC,2022-06-01,Tesla,active
BATT-004447,CUST-0149394,XFMR-023092,FDR-0070,SUB-015,33.585847,-112.108497,13.1,4.6,LFP,2022-02-01,Generac,active
BATT-004448,CUST-0149432,XFMR-023098,FDR-0070,SUB-015,33.586307,-112.107777,10.1,3.4,LFP,2023-07-01,Generac,active
BATT-004449,CUST-0149519,XFMR-023107,FDR-0070,SUB-015,33.585832,-112.106997,38.7,13.6,NMC,2022-07-01,BYD,active
BATT-004450,CUST-0149546,XFMR-023112,FDR-0070,SUB-015,33.585741,-112.106554,15.1,6.1,LFP,2024-06-01,Generac,active
BATT-004451,CUST-0149625,XFMR-023124,FDR-0070,SUB-015,33.586139,-112.105336,17.1,6.0,LFP,2024-09-01,BYD,active
BATT-004452,CUST-0149719,XFMR-023138,FDR-0070,SUB-015,33.585881,-112.103929,10.4,4.5,lithium-ion,2024-08-01,Enphase,active
BATT-004453,CUST-0149772,XFMR-023149,FDR-0070,SUB-015,33.586399,-112.102883,21.5,10.6,lithium-ion,2021-03-01,SunPower,active
BATT-004454,CUST-0149816,XFMR-023157,FDR-0070,SUB-015,33.585935,-112.101602,13.5,4.4,lithium-ion,2023-12-01,SolarEdge,active
BATT-004455,CUST-0149848,XFMR-023161,FDR-0070,SUB-015,33.586309,-112.101082,13.0,5.4,lithium-ion,2020-08-01,Generac,active
BATT-004456,CUST-0149858,XFMR-023162,FDR-0070,SUB-015,33.586284,-112.101498,13.6,4.4,NMC,2021-11-01,SunPower,active
BATT-004457,CUST-0150114,XFMR-023195,FDR-0070,SUB-015,33.585956,-112.097225,21.7,7.1,lithium-ion,2021-01-01,SunPower,active
BATT-004458,CUST-0150187,XFMR-023205,FDR-0070,SUB-015,33.586299,-112.096558,163.4,60.3,LFP,2020-12-01,BYD,active
BATT-004459,CUST-0150197,XFMR-023207,FDR-0070,SUB-015,33.585944,-112.096208,9.4,3.3,NMC,2023-10-01,SunPower,active
BATT-004460,CUST-0150235,XFMR-023213,FDR-0070,SUB-015,33.586194,-112.095525,14.3,5.6,NMC,2022-04-01,BYD,active
BATT-004461,CUST-0150267,XFMR-023217,FDR-0070,SUB-015,33.585652,-112.095073,143.5,36.0,LFP,2023-06-01,BYD,active
BATT-004462,CUST-0150285,XFMR-023221,FDR-0070,SUB-015,33.586224,-112.094531,18.4,8.2,LFP,2020-12-01,Enphase,active
BATT-004463,CUST-0150317,XFMR-023225,FDR-0070,SUB-015,33.585831,-112.093972,39.9,13.6,lithium-ion,2024-04-01,BYD,active
BATT-004464,CUST-0150329,XFMR-023227,FDR-0070,SUB-015,33.585892,-112.094195,19.7,8.8,NMC,2022-11-01,Tesla,active
BATT-004465,CUST-0150336,XFMR-023230,FDR-0070,SUB-015,33.585927,-112.09381,15.2,6.3,NMC,2022-05-01,Tesla,active
BATT-004466,CUST-0150338,XFMR-023230,FDR-0070,SUB-015,33.58636,-112.093612,10.9,3.7,lithium-ion,2020-12-01,Enphase,active
BATT-004467,CUST-0150420,XFMR-023245,FDR-0070,SUB-015,33.585803,-112.091903,14.9,5.2,NMC,2022-02-01,SolarEdge,active
BATT-004468,CUST-0150529,XFMR-023262,FDR-0070,SUB-015,33.5859,-112.0908,9.8,4.2,LFP,2020-11-01,Enphase,active
BATT-004469,CUST-0150545,XFMR-023264,FDR-0070,SUB-015,33.58627,-112.090428,16.0,5.9,lithium-ion,2024-08-01,Generac,active
BATT-004470,CUST-0150546,XFMR-023264,FDR-0070,SUB-015,33.585703,-112.090293,10.3,5.1,NMC,2023-11-01,Generac,active
BATT-004471,CUST-0150551,XFMR-023265,FDR-0070,SUB-015,33.586291,-112.089636,21.6,10.7,NMC,2023-12-01,Generac,active
BATT-004472,CUST-0150625,XFMR-023278,FDR-0070,SUB-015,33.5857,-112.088997,13.7,4.3,NMC,2020-02-01,Generac,active
BATT-004473,CUST-0150635,XFMR-023280,FDR-0070,SUB-015,33.586286,-112.08796,9.5,2.9,LFP,2024-02-01,BYD,active
BATT-004474,CUST-0150672,XFMR-023286,FDR-0070,SUB-015,33.586384,-112.087526,13.7,5.8,NMC,2022-03-01,Tesla,inactive
BATT-004475,CUST-0150677,XFMR-023287,FDR-0070,SUB-015,33.586332,-112.087408,18.2,9.1,LFP,2021-02-01,Generac,active
BATT-004476,CUST-0150688,XFMR-023289,FDR-0070,SUB-015,33.5858,-112.087611,191.8,62.7,LFP,2022-09-01,Tesla,active
BATT-004477,CUST-0150721,XFMR-023296,FDR-0070,SUB-015,33.586206,-112.086523,13.5,5.7,LFP,2021-02-01,Generac,active
BATT-004478,CUST-0150733,XFMR-023298,FDR-0070,SUB-015,33.586285,-112.086191,40.1,12.1,LFP,2020-08-01,SolarEdge,active
BATT-004479,CUST-0150755,XFMR-023301,FDR-0070,SUB-015,33.586323,-112.085935,14.5,6.3,LFP,2022-12-01,Tesla,active
BATT-004480,CUST-0150769,XFMR-023303,FDR-0070,SUB-015,33.585843,-112.08548,459.9,200.9,NMC,2023-03-01,Enphase,active
BATT-004481,CUST-0150790,XFMR-023305,FDR-0070,SUB-015,33.586032,-112.085783,21.2,7.1,NMC,2024-03-01,Generac,active
BATT-004482,CUST-0150791,XFMR-023305,FDR-0070,SUB-015,33.58645,-112.085583,13.0,5.5,LFP,2021-07-01,Generac,active
BATT-004483,CUST-0150864,XFMR-023316,FDR-0070,SUB-015,33.586182,-112.085007,20.5,7.2,LFP,2024-05-01,Generac,active
BATT-004484,CUST-0150871,XFMR-023318,FDR-0070,SUB-015,33.586236,-112.084857,16.6,6.1,lithium-ion,2024-03-01,Enphase,active
BATT-004485,CUST-0150901,XFMR-023323,FDR-0070,SUB-015,33.586302,-112.083523,14.9,6.6,lithium-ion,2021-07-01,SolarEdge,active
BATT-004486,CUST-0150986,XFMR-023336,FDR-0070,SUB-015,33.586341,-112.082584,10.0,3.7,lithium-ion,2023-01-01,Generac,active
BATT-004487,CUST-0151120,XFMR-023358,FDR-0071,SUB-016,33.38299,-112.17663,19.8,7.3,NMC,2022-08-01,SunPower,active
BATT-004488,CUST-0151198,XFMR-023371,FDR-0071,SUB-016,33.38276,-112.174623,9.7,4.0,LFP,2021-10-01,BYD,active
BATT-004489,CUST-0151276,XFMR-023382,FDR-0071,SUB-016,33.382981,-112.172954,20.8,8.6,LFP,2020-06-01,SolarEdge,active
BATT-004490,CUST-0151293,XFMR-023384,FDR-0071,SUB-016,33.383545,-112.173138,15.7,6.3,LFP,2023-05-01,Generac,active
BATT-004491,CUST-0151299,XFMR-023385,FDR-0071,SUB-016,33.383261,-112.172456,19.2,7.7,lithium-ion,2021-12-01,SunPower,active
BATT-004492,CUST-0151329,XFMR-023389,FDR-0071,SUB-016,33.382957,-112.17214,39.8,14.6,LFP,2021-06-01,Tesla,active
BATT-004493,CUST-0151395,XFMR-023398,FDR-0071,SUB-016,33.383314,-112.171041,19.0,9.0,lithium-ion,2020-11-01,SolarEdge,active
BATT-004494,CUST-0151440,XFMR-023403,FDR-0071,SUB-016,33.383358,-112.1697,14.6,5.8,NMC,2022-03-01,BYD,active
BATT-004495,CUST-0151523,XFMR-023415,FDR-0071,SUB-016,33.38316,-112.168377,17.0,7.9,NMC,2022-02-01,Generac,active
BATT-004496,CUST-0151543,XFMR-023418,FDR-0071,SUB-016,33.382853,-112.167462,13.7,5.8,NMC,2022-02-01,SolarEdge,active
BATT-004497,CUST-0151547,XFMR-023418,FDR-0071,SUB-016,33.383296,-112.167463,15.6,7.7,lithium-ion,2022-11-01,SunPower,active
BATT-004498,CUST-0151590,XFMR-023427,FDR-0071,SUB-016,33.383579,-112.166088,9.3,3.9,lithium-ion,2024-08-01,Generac,active
BATT-004499,CUST-0151596,XFMR-023428,FDR-0071,SUB-016,33.382886,-112.166087,10.0,4.7,lithium-ion,2020-03-01,Tesla,active
BATT-004500,CUST-0151643,XFMR-023433,FDR-0071,SUB-016,33.382821,-112.164919,12.8,4.5,lithium-ion,2021-02-01,SolarEdge,active
BATT-004501,CUST-0151664,XFMR-023437,FDR-0071,SUB-016,33.38342,-112.165164,120.1,40.8,LFP,2022-08-01,SunPower,active
BATT-004502,CUST-0151691,XFMR-023441,FDR-0071,SUB-016,33.383364,-112.164335,10.5,3.2,NMC,2024-05-01,Generac,active
BATT-004503,CUST-0151730,XFMR-023446,FDR-0071,SUB-016,33.383455,-112.163784,13.9,4.5,NMC,2022-03-01,Generac,active
BATT-004504,CUST-0151784,XFMR-023452,FDR-0071,SUB-016,33.383268,-112.162636,17.2,6.1,NMC,2021-04-01,Enphase,active
BATT-004505,CUST-0151852,XFMR-023463,FDR-0071,SUB-016,33.383452,-112.160654,10.6,4.0,lithium-ion,2021-10-01,BYD,active
BATT-004506,CUST-0151874,XFMR-023468,FDR-0071,SUB-016,33.383154,-112.160237,15.5,5.1,LFP,2020-06-01,SunPower,active
BATT-004507,CUST-0151880,XFMR-023468,FDR-0071,SUB-016,33.382986,-112.160079,9.4,4.1,lithium-ion,2021-11-01,Enphase,active
BATT-004508,CUST-0151887,XFMR-023469,FDR-0071,SUB-016,33.383031,-112.159362,10.8,3.7,LFP,2024-10-01,BYD,active
BATT-004509,CUST-0151909,XFMR-023473,FDR-0071,SUB-016,33.383464,-112.158966,9.9,3.1,NMC,2023-11-01,BYD,active
BATT-004510,CUST-0151942,XFMR-023477,FDR-0071,SUB-016,33.383036,-112.158733,9.4,4.6,NMC,2024-02-01,SunPower,active
BATT-004511,CUST-0151997,XFMR-023486,FDR-0071,SUB-016,33.383471,-112.156771,12.2,5.7,NMC,2023-07-01,BYD,active
BATT-004512,CUST-0152020,XFMR-023490,FDR-0071,SUB-016,33.383209,-112.156577,12.4,5.7,LFP,2024-09-01,Generac,active
BATT-004513,CUST-0152028,XFMR-023491,FDR-0071,SUB-016,33.383505,-112.156693,12.3,5.9,lithium-ion,2024-11-01,Generac,active
BATT-004514,CUST-0152081,XFMR-023500,FDR-0071,SUB-016,33.383543,-112.154875,16.6,8.3,NMC,2022-06-01,SunPower,active
BATT-004515,CUST-0152112,XFMR-023505,FDR-0071,SUB-016,33.382971,-112.153888,21.8,9.8,lithium-ion,2021-11-01,Tesla,active
BATT-004516,CUST-0152145,XFMR-023511,FDR-0071,SUB-016,33.383303,-112.153161,18.0,8.0,lithium-ion,2020-07-01,Enphase,inactive
BATT-004517,CUST-0152167,XFMR-023515,FDR-0071,SUB-016,33.383344,-112.152344,14.6,4.4,LFP,2023-10-01,Enphase,inactive
BATT-004518,CUST-0152284,XFMR-023532,FDR-0071,SUB-016,33.383214,-112.15056,17.1,6.5,LFP,2024-08-01,Generac,active
BATT-004519,CUST-0152299,XFMR-023534,FDR-0071,SUB-016,33.383303,-112.150309,10.8,4.4,NMC,2020-11-01,Tesla,active
BATT-004520,CUST-0152305,XFMR-023535,FDR-0071,SUB-016,33.383399,-112.150131,13.8,5.6,LFP,2021-11-01,Generac,active
BATT-004521,CUST-0152457,XFMR-023560,FDR-0071,SUB-016,33.383076,-112.146146,214.1,72.3,LFP,2021-07-01,BYD,active
BATT-004522,CUST-0152476,XFMR-023562,FDR-0071,SUB-016,33.383353,-112.145928,19.6,9.7,LFP,2020-01-01,SolarEdge,active
BATT-004523,CUST-0152546,XFMR-023574,FDR-0071,SUB-016,33.383546,-112.144224,20.5,6.2,LFP,2021-01-01,Generac,active
BATT-004524,CUST-0152562,XFMR-023576,FDR-0071,SUB-016,33.382767,-112.143124,20.6,7.1,lithium-ion,2024-08-01,Tesla,active
BATT-004525,CUST-0152600,XFMR-023583,FDR-0071,SUB-016,33.383626,-112.142339,9.1,3.9,NMC,2024-01-01,SolarEdge,active
BATT-004526,CUST-0152622,XFMR-023587,FDR-0071,SUB-016,33.382978,-112.142169,314.2,142.6,LFP,2022-06-01,BYD,active
BATT-004527,CUST-0152625,XFMR-023587,FDR-0071,SUB-016,33.382971,-112.141615,16.7,7.5,LFP,2021-08-01,Enphase,active
BATT-004528,CUST-0152672,XFMR-023595,FDR-0071,SUB-016,33.382932,-112.140628,10.3,4.4,lithium-ion,2020-08-01,BYD,active
BATT-004529,CUST-0152679,XFMR-023595,FDR-0071,SUB-016,33.382841,-112.140735,13.7,6.0,LFP,2021-08-01,SunPower,active
BATT-004530,CUST-0152712,XFMR-023600,FDR-0071,SUB-016,33.382995,-112.13946,89.8,22.5,NMC,2021-03-01,SunPower,active
BATT-004531,CUST-0152734,XFMR-023604,FDR-0071,SUB-016,33.383071,-112.139576,18.3,6.5,NMC,2021-08-01,SunPower,active
BATT-004532,CUST-0152735,XFMR-023604,FDR-0071,SUB-016,33.383382,-112.139225,12.3,5.7,NMC,2020-01-01,SunPower,active
BATT-004533,CUST-0152754,XFMR-023606,FDR-0071,SUB-016,33.383497,-112.138904,14.9,6.1,lithium-ion,2021-01-01,BYD,active
BATT-004534,CUST-0152757,XFMR-023607,FDR-0071,SUB-016,33.382963,-112.13887,19.9,6.5,NMC,2020-11-01,Generac,active
BATT-004535,CUST-0152779,XFMR-023610,FDR-0071,SUB-016,33.383407,-112.138624,14.3,5.2,lithium-ion,2020-02-01,Generac,active
BATT-004536,CUST-0152817,XFMR-023614,FDR-0071,SUB-016,33.383528,-112.137715,9.1,3.6,lithium-ion,2024-02-01,Tesla,active
BATT-004537,CUST-0152835,XFMR-023616,FDR-0071,SUB-016,33.383418,-112.13702,35.4,11.5,NMC,2024-11-01,Generac,active
BATT-004538,CUST-0152845,XFMR-023617,FDR-0071,SUB-016,33.383634,-112.137103,9.8,3.9,lithium-ion,2024-03-01,SunPower,active
BATT-004539,CUST-0152853,XFMR-023618,FDR-0071,SUB-016,33.383544,-112.137534,17.4,7.4,lithium-ion,2021-04-01,Tesla,active
BATT-004540,CUST-0153032,XFMR-023641,FDR-0071,SUB-016,33.383469,-112.13314,11.0,4.0,LFP,2022-11-01,SolarEdge,active
BATT-004541,CUST-0153063,XFMR-023648,FDR-0071,SUB-016,33.383075,-112.132598,20.4,8.2,lithium-ion,2021-09-01,Generac,active
BATT-004542,CUST-0153093,XFMR-023652,FDR-0071,SUB-016,33.382891,-112.13236,13.4,5.3,NMC,2021-11-01,BYD,active
BATT-004543,CUST-0153101,XFMR-023652,FDR-0071,SUB-016,33.382984,-112.131425,10.8,3.9,NMC,2024-06-01,Generac,active
BATT-004544,CUST-0153126,XFMR-023658,FDR-0071,SUB-016,33.383363,-112.131362,15.9,6.7,lithium-ion,2023-08-01,Generac,active
BATT-004545,CUST-0153128,XFMR-023658,FDR-0071,SUB-016,33.382978,-112.13082,9.9,4.3,lithium-ion,2020-04-01,Tesla,active
BATT-004546,CUST-0153151,XFMR-023661,FDR-0071,SUB-016,33.382955,-112.130824,10.1,3.4,NMC,2021-10-01,Tesla,active
BATT-004547,CUST-0153154,XFMR-023661,FDR-0071,SUB-016,33.3829,-112.13051,51.0,17.3,LFP,2020-06-01,SolarEdge,active
BATT-004548,CUST-0153160,XFMR-023662,FDR-0071,SUB-016,33.383596,-112.130032,134.9,45.1,LFP,2022-05-01,SolarEdge,active
BATT-004549,CUST-0153199,XFMR-023667,FDR-0071,SUB-016,33.382959,-112.129337,9.1,2.9,NMC,2024-03-01,Generac,active
BATT-004550,CUST-0153222,XFMR-023671,FDR-0071,SUB-016,33.382993,-112.129253,42.0,14.9,LFP,2020-08-01,Enphase,active
BATT-004551,CUST-0153291,XFMR-023680,FDR-0071,SUB-016,33.382954,-112.127401,20.4,9.3,lithium-ion,2024-06-01,SunPower,active
BATT-004552,CUST-0153473,XFMR-023709,FDR-0071,SUB-016,33.383444,-112.122988,14.6,6.6,LFP,2023-04-01,Generac,active
BATT-004553,CUST-0153512,XFMR-023715,FDR-0071,SUB-016,33.383391,-112.12184,10.3,4.8,lithium-ion,2023-08-01,SolarEdge,active
BATT-004554,CUST-0153532,XFMR-023717,FDR-0071,SUB-016,33.38306,-112.121924,14.8,4.8,NMC,2021-09-01,SolarEdge,active
BATT-004555,CUST-0153557,XFMR-023720,FDR-0071,SUB-016,33.383008,-112.121908,9.4,4.0,LFP,2024-01-01,Tesla,active
BATT-004556,CUST-0153707,XFMR-023744,FDR-0071,SUB-016,33.38301,-112.117523,12.4,5.1,lithium-ion,2021-12-01,SunPower,active
BATT-004557,CUST-0153764,XFMR-023753,FDR-0071,SUB-016,33.383001,-112.116459,17.1,5.6,NMC,2020-10-01,SunPower,active
BATT-004558,CUST-0153839,XFMR-023764,FDR-0071,SUB-016,33.383574,-112.115174,84.9,41.8,LFP,2021-11-01,SunPower,active
BATT-004559,CUST-0153879,XFMR-023772,FDR-0071,SUB-016,33.382906,-112.113872,12.2,5.5,NMC,2022-10-01,Tesla,active
BATT-004560,CUST-0153943,XFMR-023784,FDR-0071,SUB-016,33.383295,-112.111648,17.5,5.8,lithium-ion,2024-01-01,Tesla,active
BATT-004561,CUST-0153990,XFMR-023791,FDR-0071,SUB-016,33.382867,-112.110104,10.9,3.4,lithium-ion,2023-09-01,BYD,active
BATT-004562,CUST-0153993,XFMR-023791,FDR-0071,SUB-016,33.382828,-112.110364,20.5,8.9,LFP,2022-03-01,BYD,active
BATT-004563,CUST-0154057,XFMR-023799,FDR-0071,SUB-016,33.383282,-112.109274,10.6,4.9,LFP,2020-07-01,BYD,active
BATT-004564,CUST-0154061,XFMR-023799,FDR-0071,SUB-016,33.383191,-112.109876,9.2,4.0,LFP,2023-09-01,SunPower,active
BATT-004565,CUST-0154072,XFMR-023801,FDR-0071,SUB-016,33.383607,-112.108888,14.9,5.0,lithium-ion,2022-03-01,Generac,active
BATT-004566,CUST-0154086,XFMR-023802,FDR-0071,SUB-016,33.383257,-112.108425,18.5,8.1,LFP,2023-08-01,Enphase,active
BATT-004567,CUST-0154118,XFMR-023806,FDR-0071,SUB-016,33.383472,-112.107964,17.2,7.7,lithium-ion,2021-03-01,BYD,active
BATT-004568,CUST-0154161,XFMR-023813,FDR-0071,SUB-016,33.383521,-112.107284,16.1,5.9,lithium-ion,2023-08-01,Tesla,active
BATT-004569,CUST-0154174,XFMR-023814,FDR-0071,SUB-016,33.383233,-112.107259,19.3,6.6,lithium-ion,2024-07-01,Enphase,active
BATT-004570,CUST-0154222,XFMR-023821,FDR-0071,SUB-016,33.383016,-112.105593,20.5,10.1,NMC,2022-04-01,SunPower,active
BATT-004571,CUST-0154228,XFMR-023823,FDR-0071,SUB-016,33.383318,-112.105527,12.5,5.6,lithium-ion,2022-02-01,Enphase,active
BATT-004572,CUST-0154310,XFMR-023835,FDR-0071,SUB-016,33.38284,-112.104296,418.0,192.6,LFP,2022-09-01,BYD,active
BATT-004573,CUST-0154337,XFMR-023839,FDR-0071,SUB-016,33.383079,-112.103353,19.5,9.5,lithium-ion,2023-06-01,SolarEdge,active
BATT-004574,CUST-0154387,XFMR-023847,FDR-0071,SUB-016,33.382982,-112.102276,21.3,6.5,NMC,2024-07-01,Tesla,active
BATT-004575,CUST-0154410,XFMR-023849,FDR-0071,SUB-016,33.382949,-112.101388,15.5,7.5,LFP,2022-07-01,SunPower,active
BATT-004576,CUST-0154429,XFMR-023851,FDR-0071,SUB-016,33.383264,-112.100954,17.2,5.5,LFP,2020-03-01,Generac,active
BATT-004577,CUST-0154513,XFMR-023865,FDR-0071,SUB-016,33.383483,-112.099098,14.9,7.0,NMC,2023-10-01,Enphase,active
BATT-004578,CUST-0154545,XFMR-023870,FDR-0071,SUB-016,33.383211,-112.098978,17.4,6.5,lithium-ion,2021-04-01,Enphase,active
BATT-004579,CUST-0154551,XFMR-023871,FDR-0071,SUB-016,33.383428,-112.098491,14.9,6.7,NMC,2024-04-01,Tesla,active
BATT-004580,CUST-0154591,XFMR-023877,FDR-0071,SUB-016,33.383406,-112.097423,10.1,3.9,NMC,2022-05-01,SunPower,active
BATT-004581,CUST-0154636,XFMR-023884,FDR-0071,SUB-016,33.383252,-112.0965,12.6,5.3,NMC,2023-12-01,Enphase,active
BATT-004582,CUST-0154685,XFMR-023894,FDR-0072,SUB-016,33.383569,-112.178517,9.2,4.6,LFP,2020-07-01,SolarEdge,active
BATT-004583,CUST-0154725,XFMR-023903,FDR-0072,SUB-016,33.389936,-112.178096,14.7,4.7,lithium-ion,2023-07-01,BYD,active
BATT-004584,CUST-0154735,XFMR-023905,FDR-0072,SUB-016,33.390737,-112.178573,12.4,4.0,lithium-ion,2020-06-01,BYD,active
BATT-004585,CUST-0154783,XFMR-023912,FDR-0072,SUB-016,33.395555,-112.178526,10.7,4.5,NMC,2020-01-01,BYD,active
BATT-004586,CUST-0154839,XFMR-023920,FDR-0072,SUB-016,33.400894,-112.178304,12.8,6.1,LFP,2024-03-01,Enphase,active
BATT-004587,CUST-0154927,XFMR-023937,FDR-0072,SUB-016,33.411873,-112.177821,14.5,5.3,LFP,2021-04-01,SolarEdge,active
BATT-004588,CUST-0154969,XFMR-023946,FDR-0072,SUB-016,33.41827,-112.177978,21.3,9.1,LFP,2024-07-01,SunPower,active
BATT-004589,CUST-0155013,XFMR-023952,FDR-0072,SUB-016,33.422029,-112.177752,79.6,23.2,LFP,2020-05-01,Tesla,active
BATT-004590,CUST-0155023,XFMR-023953,FDR-0072,SUB-016,33.422428,-112.178319,9.7,2.9,NMC,2022-11-01,Enphase,active
BATT-004591,CUST-0155055,XFMR-023958,FDR-0072,SUB-016,33.425552,-112.178135,10.0,4.0,lithium-ion,2022-02-01,Tesla,active
BATT-004592,CUST-0155106,XFMR-023966,FDR-0073,SUB-016,33.383095,-112.178562,9.4,3.9,lithium-ion,2021-05-01,Generac,active
BATT-004593,CUST-0155111,XFMR-023966,FDR-0073,SUB-016,33.382902,-112.178131,18.3,6.6,LFP,2022-01-01,SunPower,active
BATT-004594,CUST-0155121,XFMR-023967,FDR-0073,SUB-016,33.382922,-112.178378,310.5,121.8,lithium-ion,2022-12-01,BYD,active
BATT-004595,CUST-0155173,XFMR-023974,FDR-0073,SUB-016,33.380217,-112.178116,21.6,9.1,LFP,2022-01-01,BYD,active
BATT-004596,CUST-0155204,XFMR-023979,FDR-0073,SUB-016,33.378432,-112.178176,9.9,3.2,lithium-ion,2024-05-01,SolarEdge,active
BATT-004597,CUST-0155212,XFMR-023980,FDR-0073,SUB-016,33.378491,-112.178393,20.7,8.9,LFP,2020-05-01,Enphase,active
BATT-004598,CUST-0155227,XFMR-023983,FDR-0073,SUB-016,33.37695,-112.178449,16.2,6.3,lithium-ion,2022-02-01,Generac,active
BATT-004599,CUST-0155236,XFMR-023984,FDR-0073,SUB-016,33.377007,-112.178288,9.6,3.8,LFP,2021-09-01,SunPower,active
BATT-004600,CUST-0155284,XFMR-023993,FDR-0073,SUB-016,33.373975,-112.178553,21.3,9.1,NMC,2021-07-01,SunPower,active
BATT-004601,CUST-0155314,XFMR-023997,FDR-0073,SUB-016,33.372321,-112.178015,19.8,9.6,LFP,2024-11-01,SunPower,active
BATT-004602,CUST-0155321,XFMR-023998,FDR-0073,SUB-016,33.37222,-112.177862,114.3,41.1,lithium-ion,2022-07-01,SunPower,active
BATT-004603,CUST-0155323,XFMR-023998,FDR-0073,SUB-016,33.37249,-112.17781,10.5,4.7,LFP,2022-09-01,Tesla,active
BATT-004604,CUST-0155327,XFMR-023999,FDR-0073,SUB-016,33.372335,-112.177803,471.4,118.3,LFP,2021-05-01,SunPower,active
BATT-004605,CUST-0155372,XFMR-024007,FDR-0073,SUB-016,33.369481,-112.177998,16.4,6.2,NMC,2023-02-01,SunPower,active
BATT-004606,CUST-0155385,XFMR-024008,FDR-0073,SUB-016,33.368749,-112.178505,15.0,4.6,NMC,2022-04-01,Tesla,active
BATT-004607,CUST-0155435,XFMR-024018,FDR-0073,SUB-016,33.365573,-112.177824,12.6,4.8,lithium-ion,2022-05-01,SolarEdge,active
BATT-004608,CUST-0155439,XFMR-024018,FDR-0073,SUB-016,33.365264,-112.178294,15.4,6.2,lithium-ion,2024-11-01,SolarEdge,active
BATT-004609,CUST-0155452,XFMR-024020,FDR-0073,SUB-016,33.364905,-112.177973,10.1,4.1,NMC,2024-02-01,Tesla,active
BATT-004610,CUST-0155485,XFMR-024024,FDR-0073,SUB-016,33.363804,-112.177778,16.9,5.8,LFP,2020-12-01,Enphase,active
BATT-004611,CUST-0155504,XFMR-024026,FDR-0073,SUB-016,33.363174,-112.177999,9.2,4.3,LFP,2023-02-01,Tesla,active
BATT-004612,CUST-0155536,XFMR-024030,FDR-0073,SUB-016,33.361713,-112.177714,17.5,5.7,lithium-ion,2023-07-01,SunPower,active
BATT-004613,CUST-0155558,XFMR-024034,FDR-0073,SUB-016,33.359984,-112.178327,157.1,50.9,LFP,2023-04-01,Generac,active
BATT-004614,CUST-0155565,XFMR-024035,FDR-0073,SUB-016,33.359966,-112.178325,235.4,77.3,lithium-ion,2023-01-01,Enphase,active
BATT-004615,CUST-0155594,XFMR-024041,FDR-0073,SUB-016,33.358323,-112.177837,9.4,4.5,lithium-ion,2021-02-01,BYD,active
BATT-004616,CUST-0155614,XFMR-024044,FDR-0073,SUB-016,33.35697,-112.178596,20.0,9.3,LFP,2024-01-01,BYD,active
BATT-004617,CUST-0155633,XFMR-024046,FDR-0073,SUB-016,33.35599,-112.178574,9.2,4.6,lithium-ion,2020-01-01,Tesla,active
BATT-004618,CUST-0155692,XFMR-024054,FDR-0073,SUB-016,33.354103,-112.178319,12.5,5.4,lithium-ion,2022-03-01,SunPower,active
BATT-004619,CUST-0155732,XFMR-024060,FDR-0073,SUB-016,33.352022,-112.178332,17.1,8.5,LFP,2021-05-01,Tesla,active
BATT-004620,CUST-0155739,XFMR-024062,FDR-0073,SUB-016,33.351488,-112.177735,12.9,5.9,LFP,2023-10-01,SolarEdge,active
BATT-004621,CUST-0155765,XFMR-024065,FDR-0073,SUB-016,33.349817,-112.178424,12.7,5.0,LFP,2023-10-01,Enphase,active
BATT-004622,CUST-0155771,XFMR-024066,FDR-0073,SUB-016,33.350152,-112.178342,18.9,8.4,LFP,2020-05-01,Tesla,active
BATT-004623,CUST-0155781,XFMR-024067,FDR-0073,SUB-016,33.349573,-112.17838,13.5,5.2,LFP,2020-07-01,Generac,active
BATT-004624,CUST-0155814,XFMR-024072,FDR-0073,SUB-016,33.347851,-112.178518,12.7,5.3,lithium-ion,2021-08-01,Generac,active
BATT-004625,CUST-0155851,XFMR-024077,FDR-0073,SUB-016,33.345735,-112.178493,10.0,3.3,LFP,2020-05-01,Generac,active
BATT-004626,CUST-0155901,XFMR-024084,FDR-0073,SUB-016,33.343853,-112.178571,13.4,5.9,lithium-ion,2020-09-01,SunPower,active
BATT-004627,CUST-0155911,XFMR-024085,FDR-0073,SUB-016,33.343761,-112.178504,14.1,5.9,NMC,2020-03-01,SunPower,active
BATT-004628,CUST-0155978,XFMR-024096,FDR-0073,SUB-016,33.33984,-112.178409,56.9,23.9,lithium-ion,2020-12-01,SolarEdge,active
BATT-004629,CUST-0156001,XFMR-024099,FDR-0073,SUB-016,33.339045,-112.178413,10.9,3.5,lithium-ion,2020-07-01,Generac,active
BATT-004630,CUST-0156043,XFMR-024105,FDR-0073,SUB-016,33.336996,-112.178484,10.4,3.1,LFP,2022-07-01,Generac,active
BATT-004631,CUST-0156066,XFMR-024108,FDR-0073,SUB-016,33.335524,-112.178351,14.0,6.0,lithium-ion,2021-08-01,BYD,active
BATT-004632,CUST-0156087,XFMR-024113,FDR-0073,SUB-016,33.333991,-112.177858,9.7,4.1,LFP,2023-05-01,SunPower,active
BATT-004633,CUST-0156127,XFMR-024118,FDR-0073,SUB-016,33.332323,-112.17799,16.4,7.2,NMC,2022-02-01,Enphase,active
BATT-004634,CUST-0156149,XFMR-024121,FDR-0073,SUB-016,33.331866,-112.177735,16.1,6.3,lithium-ion,2020-10-01,Enphase,active
BATT-004635,CUST-0156162,XFMR-024123,FDR-0073,SUB-016,33.331282,-112.17843,481.3,236.4,lithium-ion,2022-12-01,Generac,active
BATT-004636,CUST-0156171,XFMR-024124,FDR-0073,SUB-016,33.330227,-112.178603,18.2,9.1,lithium-ion,2024-03-01,SunPower,active
BATT-004637,CUST-0156172,XFMR-024124,FDR-0073,SUB-016,33.330183,-112.178576,18.1,6.7,LFP,2022-02-01,BYD,active
BATT-004638,CUST-0156372,XFMR-024152,FDR-0073,SUB-016,33.321106,-112.178547,17.4,7.9,lithium-ion,2024-12-01,Enphase,active
BATT-004639,CUST-0156390,XFMR-024154,FDR-0073,SUB-016,33.321007,-112.177957,20.5,9.2,NMC,2021-09-01,Tesla,active
BATT-004640,CUST-0156392,XFMR-024154,FDR-0073,SUB-016,33.320309,-112.177798,10.8,3.3,NMC,2020-08-01,Tesla,active
BATT-004641,CUST-0156399,XFMR-024155,FDR-0073,SUB-016,33.320454,-112.178712,237.9,90.9,NMC,2022-10-01,SunPower,active
BATT-004642,CUST-0156498,XFMR-024169,FDR-0073,SUB-016,33.315927,-112.178597,16.1,7.3,LFP,2023-09-01,Enphase,active
BATT-004643,CUST-0156521,XFMR-024171,FDR-0073,SUB-016,33.314894,-112.178461,15.8,7.8,NMC,2021-07-01,Enphase,active
BATT-004644,CUST-0156530,XFMR-024173,FDR-0073,SUB-016,33.314479,-112.177757,20.9,9.0,LFP,2020-03-01,Enphase,active
BATT-004645,CUST-0156576,XFMR-024181,FDR-0073,SUB-016,33.311695,-112.178569,9.8,4.4,lithium-ion,2024-09-01,Generac,active
BATT-004646,CUST-0156591,XFMR-024182,FDR-0073,SUB-016,33.311378,-112.177798,68.5,25.1,lithium-ion,2020-04-01,SolarEdge,active
BATT-004647,CUST-0156595,XFMR-024182,FDR-0073,SUB-016,33.311136,-112.177926,10.3,4.0,lithium-ion,2024-10-01,SunPower,active
BATT-004648,CUST-0156603,XFMR-024183,FDR-0073,SUB-016,33.31113,-112.178556,9.9,3.0,NMC,2022-02-01,Generac,active
BATT-004649,CUST-0156667,XFMR-024194,FDR-0073,SUB-016,33.307487,-112.178071,15.5,5.2,NMC,2022-01-01,Enphase,active
BATT-004650,CUST-0156701,XFMR-024201,FDR-0073,SUB-016,33.30484,-112.177824,10.6,3.6,NMC,2023-02-01,SunPower,active
BATT-004651,CUST-0156811,XFMR-024219,FDR-0073,SUB-016,33.298743,-112.177948,19.8,9.1,NMC,2023-02-01,BYD,active
BATT-004652,CUST-0156836,XFMR-024224,FDR-0073,SUB-016,33.2975,-112.178447,20.8,7.6,lithium-ion,2024-04-01,SunPower,active
BATT-004653,CUST-0156852,XFMR-024226,FDR-0073,SUB-016,33.296524,-112.178564,19.4,7.1,LFP,2024-11-01,SolarEdge,active
BATT-004654,CUST-0156879,XFMR-024231,FDR-0073,SUB-016,33.2953,-112.17833,267.9,70.2,lithium-ion,2022-03-01,Tesla,active
BATT-004655,CUST-0156880,XFMR-024231,FDR-0073,SUB-016,33.295319,-112.177838,304.9,130.0,LFP,2021-04-01,SunPower,active
BATT-004656,CUST-0156950,XFMR-024240,FDR-0073,SUB-016,33.292329,-112.178263,13.3,5.7,NMC,2020-04-01,Enphase,active
BATT-004657,CUST-0156981,XFMR-024246,FDR-0073,SUB-016,33.290072,-112.178616,10.1,4.7,LFP,2023-03-01,Tesla,active
BATT-004658,CUST-0157004,XFMR-024249,FDR-0073,SUB-016,33.289337,-112.178499,396.5,183.5,LFP,2021-09-01,SunPower,active
BATT-004659,CUST-0157005,XFMR-024249,FDR-0073,SUB-016,33.289091,-112.178168,14.9,5.5,NMC,2020-07-01,SunPower,active
BATT-004660,CUST-0157033,XFMR-024256,FDR-0073,SUB-016,33.286657,-112.177908,9.7,3.7,LFP,2020-12-01,BYD,active
BATT-004661,CUST-0157046,XFMR-024258,FDR-0073,SUB-016,33.286545,-112.177844,448.4,113.3,lithium-ion,2024-11-01,BYD,active
BATT-004662,CUST-0157057,XFMR-024259,FDR-0073,SUB-016,33.285517,-112.177935,15.9,7.0,lithium-ion,2022-12-01,Enphase,active
BATT-004663,CUST-0157089,XFMR-024264,FDR-0073,SUB-016,33.283787,-112.178451,17.4,8.4,NMC,2023-07-01,Generac,active
BATT-004664,CUST-0157180,XFMR-024279,FDR-0073,SUB-016,33.279394,-112.177761,18.4,8.6,LFP,2023-08-01,BYD,active
BATT-004665,CUST-0157257,XFMR-024292,FDR-0073,SUB-016,33.275324,-112.178253,13.9,4.2,lithium-ion,2021-03-01,SunPower,active
BATT-004666,CUST-0157264,XFMR-024293,FDR-0073,SUB-016,33.274972,-112.178528,12.8,6.1,NMC,2024-12-01,Tesla,active
BATT-004667,CUST-0157354,XFMR-024304,FDR-0074,SUB-016,33.383554,-112.178416,281.7,120.1,lithium-ion,2020-12-01,Tesla,active
BATT-004668,CUST-0157368,XFMR-024307,FDR-0074,SUB-016,33.3831,-112.178421,10.0,3.5,LFP,2021-08-01,Tesla,active
BATT-004669,CUST-0157415,XFMR-024312,FDR-0074,SUB-016,33.383281,-112.179499,19.3,7.3,LFP,2020-08-01,Generac,active
BATT-004670,CUST-0157435,XFMR-024316,FDR-0074,SUB-016,33.383628,-112.179674,10.4,4.3,LFP,2024-08-01,SunPower,active
BATT-004671,CUST-0157577,XFMR-024344,FDR-0074,SUB-016,33.383337,-112.1824,14.9,7.4,lithium-ion,2021-08-01,SunPower,active
BATT-004672,CUST-0157660,XFMR-024357,FDR-0074,SUB-016,33.38336,-112.183514,16.3,5.3,LFP,2022-05-01,SolarEdge,active
BATT-004673,CUST-0157675,XFMR-024359,FDR-0074,SUB-016,33.383365,-112.183288,15.2,7.4,LFP,2021-05-01,Generac,active
BATT-004674,CUST-0157706,XFMR-024364,FDR-0074,SUB-016,33.383479,-112.183708,16.7,7.7,NMC,2021-01-01,BYD,active
BATT-004675,CUST-0157708,XFMR-024364,FDR-0074,SUB-016,33.383031,-112.184121,15.9,7.8,lithium-ion,2022-03-01,BYD,active
BATT-004676,CUST-0157709,XFMR-024365,FDR-0074,SUB-016,33.383314,-112.184131,25.7,7.8,lithium-ion,2021-03-01,BYD,active
BATT-004677,CUST-0157779,XFMR-024376,FDR-0074,SUB-016,33.38327,-112.185022,21.4,9.2,lithium-ion,2024-06-01,SunPower,active
BATT-004678,CUST-0157784,XFMR-024377,FDR-0074,SUB-016,33.382933,-112.184902,16.7,6.5,LFP,2022-07-01,Generac,active
BATT-004679,CUST-0157786,XFMR-024378,FDR-0074,SUB-016,33.383562,-112.185712,10.2,4.5,LFP,2023-12-01,SunPower,active
BATT-004680,CUST-0157789,XFMR-024379,FDR-0074,SUB-016,33.383233,-112.185087,115.1,54.2,LFP,2024-05-01,Tesla,active
BATT-004681,CUST-0157810,XFMR-024384,FDR-0074,SUB-016,33.383423,-112.186225,15.3,7.0,NMC,2020-04-01,SolarEdge,active
BATT-004682,CUST-0157874,XFMR-024393,FDR-0074,SUB-016,33.383373,-112.187015,14.5,6.9,LFP,2024-03-01,SunPower,active
BATT-004683,CUST-0157919,XFMR-024398,FDR-0074,SUB-016,33.383356,-112.187466,15.4,5.8,lithium-ion,2022-04-01,SolarEdge,active
BATT-004684,CUST-0157938,XFMR-024400,FDR-0074,SUB-016,33.383365,-112.18747,19.7,6.4,LFP,2021-12-01,Enphase,active
BATT-004685,CUST-0158002,XFMR-024409,FDR-0074,SUB-016,33.383006,-112.188662,10.5,3.8,lithium-ion,2020-02-01,SolarEdge,active
BATT-004686,CUST-0158044,XFMR-024415,FDR-0074,SUB-016,33.382817,-112.18913,19.7,8.0,lithium-ion,2022-03-01,Generac,active
BATT-004687,CUST-0158084,XFMR-024422,FDR-0074,SUB-016,33.383396,-112.189494,9.4,3.7,LFP,2023-02-01,Generac,active
BATT-004688,CUST-0158130,XFMR-024431,FDR-0074,SUB-016,33.383462,-112.190385,13.9,6.1,lithium-ion,2020-02-01,Tesla,active
BATT-004689,CUST-0158244,XFMR-024447,FDR-0074,SUB-016,33.382967,-112.191923,9.6,3.0,NMC,2020-04-01,Enphase,active
BATT-004690,CUST-0158256,XFMR-024449,FDR-0074,SUB-016,33.383308,-112.191739,13.3,5.2,NMC,2021-07-01,SunPower,active
BATT-004691,CUST-0158270,XFMR-024450,FDR-0074,SUB-016,33.38303,-112.191689,21.4,8.9,LFP,2024-11-01,Enphase,active
BATT-004692,CUST-0158274,XFMR-024451,FDR-0074,SUB-016,33.383506,-112.192274,20.6,8.4,LFP,2020-04-01,SunPower,active
BATT-004693,CUST-0158294,XFMR-024455,FDR-0074,SUB-016,33.383193,-112.19246,18.9,8.0,NMC,2021-07-01,SolarEdge,active
BATT-004694,CUST-0158310,XFMR-024457,FDR-0074,SUB-016,33.383345,-112.193011,15.5,4.9,LFP,2022-01-01,SolarEdge,active
BATT-004695,CUST-0158339,XFMR-024462,FDR-0074,SUB-016,33.38296,-112.193442,14.9,6.0,LFP,2020-05-01,Tesla,active
BATT-004696,CUST-0158352,XFMR-024465,FDR-0074,SUB-016,33.383301,-112.192956,14.7,6.8,lithium-ion,2023-05-01,Tesla,active
BATT-004697,CUST-0158373,XFMR-024468,FDR-0074,SUB-016,33.383419,-112.193343,60.1,27.7,lithium-ion,2021-01-01,BYD,active
BATT-004698,CUST-0158474,XFMR-024487,FDR-0074,SUB-016,33.382936,-112.19549,21.2,6.7,NMC,2021-06-01,SunPower,active
BATT-004699,CUST-0158479,XFMR-024489,FDR-0074,SUB-016,33.383017,-112.195111,14.2,5.8,lithium-ion,2021-05-01,SolarEdge,active
BATT-004700,CUST-0158491,XFMR-024491,FDR-0074,SUB-016,33.383116,-112.195919,9.6,4.6,lithium-ion,2020-04-01,Tesla,active
BATT-004701,CUST-0158505,XFMR-024493,FDR-0074,SUB-016,33.383518,-112.195729,9.9,4.5,LFP,2020-05-01,BYD,active
BATT-004702,CUST-0158522,XFMR-024496,FDR-0074,SUB-016,33.383385,-112.19629,10.8,3.5,LFP,2021-06-01,SolarEdge,active
BATT-004703,CUST-0158557,XFMR-024500,FDR-0074,SUB-016,33.382954,-112.196786,288.0,127.1,NMC,2022-03-01,SunPower,active
BATT-004704,CUST-0158587,XFMR-024505,FDR-0074,SUB-016,33.383016,-112.197045,20.7,8.3,lithium-ion,2020-11-01,Generac,active
BATT-004705,CUST-0158594,XFMR-024506,FDR-0074,SUB-016,33.382893,-112.196854,9.6,3.8,lithium-ion,2024-01-01,Generac,active
BATT-004706,CUST-0158607,XFMR-024507,FDR-0074,SUB-016,33.382874,-112.197462,376.1,147.1,lithium-ion,2022-09-01,Tesla,active
BATT-004707,CUST-0158677,XFMR-024517,FDR-0074,SUB-016,33.383043,-112.197656,14.7,7.2,LFP,2022-12-01,Enphase,active
BATT-004708,CUST-0158695,XFMR-024519,FDR-0074,SUB-016,33.383586,-112.197877,9.2,3.0,NMC,2023-12-01,Tesla,active
BATT-004709,CUST-0158712,XFMR-024522,FDR-0074,SUB-016,33.382882,-112.198292,13.4,4.2,NMC,2022-11-01,Tesla,active
BATT-004710,CUST-0158739,XFMR-024525,FDR-0074,SUB-016,33.383443,-112.199243,9.9,4.6,NMC,2023-11-01,Generac,active
BATT-004711,CUST-0158745,XFMR-024526,FDR-0074,SUB-016,33.383185,-112.199066,19.0,5.8,LFP,2021-07-01,BYD,active
BATT-004712,CUST-0158753,XFMR-024528,FDR-0074,SUB-016,33.383045,-112.198917,138.0,35.0,lithium-ion,2024-08-01,SolarEdge,active
BATT-004713,CUST-0158755,XFMR-024528,FDR-0074,SUB-016,33.383446,-112.198823,10.9,4.4,NMC,2024-05-01,Enphase,active
BATT-004714,CUST-0158875,XFMR-024544,FDR-0074,SUB-016,33.383576,-112.200112,15.5,4.8,LFP,2021-11-01,BYD,active
BATT-004715,CUST-0158911,XFMR-024549,FDR-0074,SUB-016,33.383282,-112.201133,15.9,7.6,NMC,2022-11-01,SolarEdge,active
BATT-004716,CUST-0158917,XFMR-024550,FDR-0074,SUB-016,33.38337,-112.201326,9.1,2.8,NMC,2023-06-01,SolarEdge,active
BATT-004717,CUST-0158978,XFMR-024558,FDR-0074,SUB-016,33.383472,-112.2016,13.6,6.6,LFP,2024-10-01,Generac,active
BATT-004718,CUST-0158980,XFMR-024559,FDR-0074,SUB-016,33.383505,-112.202418,226.6,87.4,lithium-ion,2023-04-01,SolarEdge,active
BATT-004719,CUST-0159004,XFMR-024561,FDR-0074,SUB-016,33.383583,-112.202243,209.4,82.3,NMC,2024-10-01,BYD,active
BATT-004720,CUST-0159113,XFMR-024574,FDR-0074,SUB-016,33.383577,-112.203009,15.1,5.3,lithium-ion,2023-06-01,Enphase,active
BATT-004721,CUST-0159134,XFMR-024577,FDR-0074,SUB-016,33.383106,-112.203409,17.5,8.4,LFP,2021-01-01,Tesla,active
BATT-004722,CUST-0159142,XFMR-024578,FDR-0074,SUB-016,33.383299,-112.203852,15.7,7.2,lithium-ion,2024-05-01,Generac,active
BATT-004723,CUST-0159149,XFMR-024579,FDR-0074,SUB-016,33.382876,-112.204126,14.8,5.3,lithium-ion,2023-06-01,Generac,active
BATT-004724,CUST-0159205,XFMR-024587,FDR-0074,SUB-016,33.383466,-112.204592,20.2,9.1,NMC,2021-05-01,SunPower,active
BATT-004725,CUST-0159206,XFMR-024587,FDR-0074,SUB-016,33.383095,-112.204595,15.1,7.1,LFP,2021-04-01,Generac,active
BATT-004726,CUST-0159284,XFMR-024600,FDR-0074,SUB-016,33.383294,-112.205589,20.9,9.6,NMC,2021-02-01,Enphase,active
BATT-004727,CUST-0159308,XFMR-024604,FDR-0074,SUB-016,33.38297,-112.205968,15.9,6.5,lithium-ion,2021-01-01,BYD,active
BATT-004728,CUST-0159310,XFMR-024604,FDR-0074,SUB-016,33.383403,-112.206028,15.9,5.5,LFP,2023-03-01,BYD,active
BATT-004729,CUST-0159327,XFMR-024609,FDR-0074,SUB-016,33.382767,-112.206257,13.2,5.3,NMC,2023-02-01,Generac,active
BATT-004730,CUST-0159350,XFMR-024611,FDR-0074,SUB-016,33.383107,-112.206962,93.6,37.1,LFP,2021-08-01,BYD,active
BATT-004731,CUST-0159358,XFMR-024612,FDR-0074,SUB-016,33.383226,-112.207162,12.2,5.4,NMC,2022-01-01,BYD,active
BATT-004732,CUST-0159360,XFMR-024612,FDR-0074,SUB-016,33.383232,-112.206639,10.8,4.0,NMC,2021-05-01,BYD,active
BATT-004733,CUST-0159420,XFMR-024621,FDR-0074,SUB-016,33.383436,-112.207814,9.2,2.9,LFP,2023-05-01,Tesla,active
BATT-004734,CUST-0159554,XFMR-024642,FDR-0074,SUB-016,33.383541,-112.210052,10.2,4.1,lithium-ion,2022-01-01,SunPower,active
BATT-004735,CUST-0159578,XFMR-024644,FDR-0074,SUB-016,33.383109,-112.210324,15.3,6.3,LFP,2023-09-01,Generac,active
BATT-004736,CUST-0159587,XFMR-024646,FDR-0074,SUB-016,33.383016,-112.209889,15.0,6.8,NMC,2020-04-01,Enphase,active
BATT-004737,CUST-0159588,XFMR-024647,FDR-0074,SUB-016,33.383514,-112.210475,14.9,6.1,LFP,2022-08-01,SolarEdge,active
BATT-004738,CUST-0159601,XFMR-024648,FDR-0074,SUB-016,33.382882,-112.210736,18.6,8.5,lithium-ion,2021-03-01,BYD,active
BATT-004739,CUST-0159661,XFMR-024656,FDR-0074,SUB-016,33.383462,-112.210507,21.6,9.8,LFP,2021-07-01,BYD,active
BATT-004740,CUST-0159735,XFMR-024666,FDR-0074,SUB-016,33.38294,-112.211683,18.4,7.2,LFP,2021-06-01,Tesla,active
BATT-004741,CUST-0159748,XFMR-024668,FDR-0074,SUB-016,33.383054,-112.212523,350.0,165.5,lithium-ion,2023-05-01,BYD,active
BATT-004742,CUST-0159770,XFMR-024673,FDR-0074,SUB-016,33.38345,-112.212334,14.2,4.6,lithium-ion,2022-04-01,SunPower,active
BATT-004743,CUST-0159784,XFMR-024675,FDR-0074,SUB-016,33.383091,-112.212814,87.1,40.8,NMC,2022-02-01,Tesla,active
BATT-004744,CUST-0159791,XFMR-024676,FDR-0074,SUB-016,33.382851,-112.212464,17.5,5.7,LFP,2024-03-01,SunPower,active
BATT-004745,CUST-0159817,XFMR-024679,FDR-0074,SUB-016,33.383348,-112.213312,9.0,3.0,lithium-ion,2022-04-01,SolarEdge,active
BATT-004746,CUST-0159848,XFMR-024684,FDR-0074,SUB-016,33.383318,-112.213164,17.0,7.9,lithium-ion,2024-04-01,SolarEdge,active
BATT-004747,CUST-0159907,XFMR-024692,FDR-0074,SUB-016,33.383153,-112.214478,14.4,5.8,NMC,2020-10-01,Generac,active
BATT-004748,CUST-0159910,XFMR-024693,FDR-0074,SUB-016,33.383439,-112.214614,9.6,4.0,lithium-ion,2023-09-01,Tesla,active
BATT-004749,CUST-0159917,XFMR-024695,FDR-0074,SUB-016,33.383149,-112.214413,13.6,4.9,lithium-ion,2023-02-01,SolarEdge,active
BATT-004750,CUST-0159925,XFMR-024695,FDR-0074,SUB-016,33.383171,-112.214571,340.2,120.1,LFP,2022-10-01,SunPower,active
BATT-004751,CUST-0159978,XFMR-024704,FDR-0074,SUB-016,33.383456,-112.215571,14.8,5.9,lithium-ion,2023-01-01,Tesla,active
BATT-004752,CUST-0159994,XFMR-024706,FDR-0074,SUB-016,33.382861,-112.215599,231.0,76.4,NMC,2020-09-01,SolarEdge,active
BATT-004753,CUST-0160039,XFMR-024713,FDR-0074,SUB-016,33.383025,-112.215839,19.8,9.6,NMC,2021-03-01,Generac,active
BATT-004754,CUST-0160055,XFMR-024715,FDR-0074,SUB-016,33.383159,-112.216376,13.1,4.8,NMC,2022-10-01,SolarEdge,active
BATT-004755,CUST-0160064,XFMR-024716,FDR-0074,SUB-016,33.38345,-112.216297,45.5,20.4,lithium-ion,2021-03-01,Tesla,active
BATT-004756,CUST-0160077,XFMR-024717,FDR-0074,SUB-016,33.382963,-112.216105,13.2,6.2,NMC,2020-09-01,SolarEdge,active
BATT-004757,CUST-0160121,XFMR-024724,FDR-0074,SUB-016,33.383142,-112.217615,13.7,6.0,NMC,2020-12-01,Enphase,active
BATT-004758,CUST-0160124,XFMR-024725,FDR-0074,SUB-016,33.38301,-112.21742,18.4,7.3,LFP,2022-01-01,Generac,active
BATT-004759,CUST-0160132,XFMR-024726,FDR-0074,SUB-016,33.383191,-112.217593,491.2,145.9,lithium-ion,2023-02-01,Tesla,active
BATT-004760,CUST-0160133,XFMR-024726,FDR-0074,SUB-016,33.383585,-112.217887,18.2,7.9,NMC,2022-12-01,Enphase,active
BATT-004761,CUST-0160136,XFMR-024726,FDR-0074,SUB-016,33.383027,-112.217281,491.8,151.8,LFP,2024-07-01,BYD,active
BATT-004762,CUST-0160160,XFMR-024728,FDR-0074,SUB-016,33.38297,-112.217636,10.5,4.6,LFP,2021-08-01,Enphase,active
BATT-004763,CUST-0160166,XFMR-024730,FDR-0074,SUB-016,33.383354,-112.218092,9.7,3.7,lithium-ion,2021-09-01,Generac,active
BATT-004764,CUST-0160210,XFMR-024738,FDR-0074,SUB-016,33.383462,-112.21889,216.1,82.3,lithium-ion,2024-11-01,Enphase,active
BATT-004765,CUST-0160235,XFMR-024742,FDR-0074,SUB-016,33.382966,-112.219354,19.4,8.9,lithium-ion,2024-05-01,BYD,active
BATT-004766,CUST-0160240,XFMR-024743,FDR-0074,SUB-016,33.382999,-112.219235,11.0,5.2,LFP,2022-04-01,BYD,active
BATT-004767,CUST-0160268,XFMR-024747,FDR-0074,SUB-016,33.382765,-112.219061,13.6,6.0,lithium-ion,2022-08-01,Enphase,active
BATT-004768,CUST-0160270,XFMR-024747,FDR-0074,SUB-016,33.383353,-112.219475,112.6,38.4,NMC,2020-11-01,Tesla,active
BATT-004769,CUST-0160322,XFMR-024755,FDR-0074,SUB-016,33.382874,-112.220196,10.7,4.8,NMC,2023-08-01,SunPower,active
BATT-004770,CUST-0160344,XFMR-024757,FDR-0074,SUB-016,33.383332,-112.220202,14.8,7.3,NMC,2023-11-01,SunPower,active
BATT-004771,CUST-0160352,XFMR-024758,FDR-0074,SUB-016,33.383016,-112.220811,14.7,7.1,lithium-ion,2023-02-01,SolarEdge,active
BATT-004772,CUST-0160356,XFMR-024759,FDR-0074,SUB-016,33.383351,-112.220836,16.8,8.2,NMC,2021-06-01,Generac,active
BATT-004773,CUST-0160404,XFMR-024767,FDR-0074,SUB-016,33.382965,-112.221705,10.0,4.2,LFP,2024-02-01,SunPower,active
BATT-004774,CUST-0160423,XFMR-024771,FDR-0074,SUB-016,33.383254,-112.221952,10.7,3.4,lithium-ion,2024-10-01,Enphase,active
BATT-004775,CUST-0160457,XFMR-024776,FDR-0074,SUB-016,33.3834,-112.2223,19.9,9.0,lithium-ion,2021-01-01,BYD,active
BATT-004776,CUST-0160515,XFMR-024785,FDR-0074,SUB-016,33.383108,-112.222828,15.1,5.2,LFP,2022-02-01,BYD,active
BATT-004777,CUST-0160526,XFMR-024787,FDR-0074,SUB-016,33.383012,-112.223245,16.1,5.5,lithium-ion,2020-06-01,Enphase,active
BATT-004778,CUST-0160540,XFMR-024788,FDR-0074,SUB-016,33.383497,-112.222719,21.6,8.9,lithium-ion,2023-10-01,Generac,active
BATT-004779,CUST-0160570,XFMR-024793,FDR-0074,SUB-016,33.383554,-112.22326,10.5,3.7,lithium-ion,2021-07-01,SolarEdge,active
BATT-004780,CUST-0160626,XFMR-024801,FDR-0074,SUB-016,33.383243,-112.223986,19.8,6.2,lithium-ion,2021-07-01,Enphase,active
BATT-004781,CUST-0160718,XFMR-024812,FDR-0074,SUB-016,33.382894,-112.225721,16.4,7.5,NMC,2024-09-01,Tesla,active
BATT-004782,CUST-0160736,XFMR-024814,FDR-0074,SUB-016,33.383426,-112.225849,346.2,171.6,NMC,2020-06-01,SunPower,active
BATT-004783,CUST-0160745,XFMR-024815,FDR-0074,SUB-016,33.383331,-112.226102,17.5,8.7,LFP,2024-11-01,SunPower,inactive
BATT-004784,CUST-0160746,XFMR-024815,FDR-0074,SUB-016,33.383366,-112.225844,15.4,5.4,lithium-ion,2022-01-01,Tesla,active
BATT-004785,CUST-0160795,XFMR-024825,FDR-0074,SUB-016,33.383509,-112.226652,11.0,3.6,NMC,2022-04-01,Tesla,active
BATT-004786,CUST-0160852,XFMR-024834,FDR-0075,SUB-016,33.383526,-112.17224,14.0,5.4,lithium-ion,2023-06-01,Enphase,active
BATT-004787,CUST-0160910,XFMR-024842,FDR-0075,SUB-016,33.383391,-112.165863,58.7,19.5,LFP,2022-07-01,Enphase,active
BATT-004788,CUST-0160935,XFMR-024848,FDR-0075,SUB-016,33.382925,-112.1612,19.2,7.2,LFP,2020-01-01,SunPower,active
BATT-004789,CUST-0160965,XFMR-024852,FDR-0075,SUB-016,33.382806,-112.157865,13.7,4.8,NMC,2023-02-01,Enphase,active
BATT-004790,CUST-0161002,XFMR-024858,FDR-0075,SUB-016,33.38345,-112.153006,21.3,7.0,NMC,2022-12-01,Tesla,active
BATT-004791,CUST-0161059,XFMR-024866,FDR-0075,SUB-016,33.383352,-112.147397,14.8,4.6,NMC,2024-05-01,Tesla,active
BATT-004792,CUST-0161102,XFMR-024871,FDR-0075,SUB-016,33.38291,-112.143357,20.2,7.6,lithium-ion,2020-01-01,BYD,active
BATT-004793,CUST-0161107,XFMR-024872,FDR-0075,SUB-016,33.382967,-112.142458,464.8,178.1,LFP,2024-07-01,Tesla,active
BATT-004794,CUST-0161109,XFMR-024872,FDR-0075,SUB-016,33.383072,-112.141984,10.1,4.1,LFP,2020-07-01,SunPower,active
BATT-004795,CUST-0161144,XFMR-024878,FDR-0075,SUB-016,33.383478,-112.13767,479.7,199.0,NMC,2020-08-01,SolarEdge,active
BATT-004796,CUST-0161260,XFMR-024897,FDR-0075,SUB-016,33.383564,-112.12176,13.2,4.7,NMC,2020-09-01,Enphase,active
BATT-004797,CUST-0161276,XFMR-024899,FDR-0075,SUB-016,33.383067,-112.120687,9.4,3.3,lithium-ion,2023-04-01,Tesla,active
BATT-004798,CUST-0161278,XFMR-024899,FDR-0075,SUB-016,33.383431,-112.120404,10.3,5.1,LFP,2022-09-01,BYD,active
BATT-004799,CUST-0161303,XFMR-024903,FDR-0075,SUB-016,33.382988,-112.117589,13.0,6.3,LFP,2022-06-01,Tesla,inactive
BATT-004800,CUST-0161319,XFMR-024906,FDR-0075,SUB-016,33.383152,-112.114448,9.2,3.3,lithium-ion,2021-09-01,Enphase,active
BATT-004801,CUST-0161365,XFMR-024912,FDR-0075,SUB-016,33.383327,-112.109492,12.2,5.2,NMC,2020-06-01,SolarEdge,active
BATT-004802,CUST-0161405,XFMR-024917,FDR-0075,SUB-016,33.38343,-112.105707,18.0,8.7,lithium-ion,2024-07-01,SunPower,active
BATT-004803,CUST-0161429,XFMR-024920,FDR-0075,SUB-016,33.383431,-112.10387,19.6,7.3,NMC,2021-03-01,SolarEdge,active
BATT-004804,CUST-0161434,XFMR-024921,FDR-0075,SUB-016,33.38337,-112.102509,9.4,4.3,LFP,2023-06-01,BYD,active
BATT-004805,CUST-0161491,XFMR-024927,FDR-0075,SUB-016,33.38283,-112.098053,9.2,4.5,LFP,2023-12-01,Generac,active
BATT-004806,CUST-0161502,XFMR-024928,FDR-0075,SUB-016,33.383262,-112.096963,17.6,7.6,lithium-ion,2024-04-01,SunPower,active
BATT-004807,CUST-0161530,XFMR-024933,FDR-0075,SUB-016,33.383124,-112.092796,179.7,52.7,LFP,2024-11-01,Enphase,active
BATT-004808,CUST-0161550,XFMR-024936,FDR-0075,SUB-016,33.383048,-112.090547,353.2,154.4,NMC,2022-08-01,SunPower,active
BATT-004809,CUST-0161632,XFMR-024948,FDR-0075,SUB-016,33.382977,-112.081027,20.9,7.3,LFP,2023-12-01,BYD,active
BATT-004810,CUST-0161643,XFMR-024950,FDR-0075,SUB-016,33.383452,-112.079471,9.5,3.6,LFP,2023-07-01,BYD,active
BATT-004811,CUST-0161654,XFMR-024954,FDR-0075,SUB-016,33.383416,-112.075659,19.8,6.7,NMC,2022-12-01,SolarEdge,active
BATT-004812,CUST-0161665,XFMR-024955,FDR-0075,SUB-016,33.382959,-112.075642,12.8,5.8,LFP,2021-07-01,SunPower,active
BATT-004813,CUST-0161676,XFMR-024956,FDR-0075,SUB-016,33.38351,-112.074084,19.5,6.1,lithium-ion,2020-06-01,Generac,active
BATT-004814,CUST-0161718,XFMR-024963,FDR-0076,SUB-017,33.447608,-112.039098,10.8,5.0,NMC,2021-07-01,SolarEdge,active
BATT-004815,CUST-0161782,XFMR-024971,FDR-0076,SUB-017,33.446223,-112.038933,14.9,5.6,lithium-ion,2021-02-01,Tesla,active
BATT-004816,CUST-0161803,XFMR-024974,FDR-0076,SUB-017,33.445633,-112.039123,20.1,7.6,lithium-ion,2022-04-01,BYD,active
BATT-004817,CUST-0161889,XFMR-024988,FDR-0076,SUB-017,33.442343,-112.038738,16.0,6.2,NMC,2023-08-01,Tesla,active
BATT-004818,CUST-0161892,XFMR-024989,FDR-0076,SUB-017,33.441955,-112.039031,13.1,4.2,LFP,2023-12-01,SolarEdge,active
BATT-004819,CUST-0161920,XFMR-024992,FDR-0076,SUB-017,33.441543,-112.039005,21.8,8.8,lithium-ion,2024-12-01,BYD,active
BATT-004820,CUST-0161958,XFMR-024996,FDR-0076,SUB-017,33.440594,-112.039083,16.6,8.0,NMC,2021-07-01,SunPower,active
BATT-004821,CUST-0161996,XFMR-025002,FDR-0076,SUB-017,33.439799,-112.039761,14.5,5.1,lithium-ion,2020-05-01,Enphase,active
BATT-004822,CUST-0162005,XFMR-025004,FDR-0076,SUB-017,33.439278,-112.039701,15.4,4.8,NMC,2024-10-01,Enphase,active
BATT-004823,CUST-0162006,XFMR-025004,FDR-0076,SUB-017,33.438903,-112.039054,14.6,7.1,lithium-ion,2023-01-01,Tesla,active
BATT-004824,CUST-0162019,XFMR-025006,FDR-0076,SUB-017,33.438416,-112.039272,10.0,4.8,lithium-ion,2021-02-01,Tesla,active
BATT-004825,CUST-0162052,XFMR-025012,FDR-0076,SUB-017,33.437571,-112.039691,56.5,16.4,lithium-ion,2021-04-01,SolarEdge,active
BATT-004826,CUST-0162073,XFMR-025014,FDR-0076,SUB-017,33.437304,-112.038798,14.5,6.6,NMC,2021-09-01,SolarEdge,active
BATT-004827,CUST-0162088,XFMR-025019,FDR-0076,SUB-017,33.435932,-112.039561,451.5,210.3,lithium-ion,2022-08-01,SunPower,active
BATT-004828,CUST-0162098,XFMR-025020,FDR-0076,SUB-017,33.43597,-112.038919,86.1,27.4,LFP,2020-12-01,BYD,active
BATT-004829,CUST-0162104,XFMR-025022,FDR-0076,SUB-017,33.4357,-112.039477,14.3,5.6,NMC,2022-02-01,Generac,active
BATT-004830,CUST-0162106,XFMR-025022,FDR-0076,SUB-017,33.435719,-112.039517,10.0,3.4,LFP,2022-09-01,Enphase,active
BATT-004831,CUST-0162111,XFMR-025023,FDR-0076,SUB-017,33.435458,-112.03965,10.5,3.4,NMC,2024-02-01,BYD,active
BATT-004832,CUST-0162130,XFMR-025025,FDR-0076,SUB-017,33.434474,-112.03962,39.8,12.1,LFP,2024-08-01,Generac,active
BATT-004833,CUST-0162166,XFMR-025030,FDR-0076,SUB-017,33.433993,-112.039177,13.3,6.2,NMC,2023-12-01,Enphase,active
BATT-004834,CUST-0162189,XFMR-025033,FDR-0076,SUB-017,33.432768,-112.039694,10.3,5.0,LFP,2020-03-01,SolarEdge,active
BATT-004835,CUST-0162191,XFMR-025033,FDR-0076,SUB-017,33.432753,-112.039553,16.8,7.8,lithium-ion,2021-09-01,SunPower,active
BATT-004836,CUST-0162205,XFMR-025035,FDR-0076,SUB-017,33.432232,-112.039543,9.1,4.2,lithium-ion,2020-12-01,SunPower,active
BATT-004837,CUST-0162267,XFMR-025044,FDR-0076,SUB-017,33.43082,-112.039095,10.9,5.4,LFP,2022-04-01,Enphase,active
BATT-004838,CUST-0162294,XFMR-025050,FDR-0076,SUB-017,33.429109,-112.039462,20.7,10.0,LFP,2023-01-01,BYD,inactive
BATT-004839,CUST-0162372,XFMR-025062,FDR-0076,SUB-017,33.426766,-112.039013,12.5,5.3,LFP,2021-07-01,BYD,active
BATT-004840,CUST-0162379,XFMR-025063,FDR-0076,SUB-017,33.426398,-112.038821,14.5,7.1,lithium-ion,2021-11-01,Tesla,active
BATT-004841,CUST-0162408,XFMR-025066,FDR-0076,SUB-017,33.42577,-112.039722,17.2,8.2,lithium-ion,2020-08-01,SolarEdge,active
BATT-004842,CUST-0162458,XFMR-025072,FDR-0076,SUB-017,33.424598,-112.03901,18.6,7.9,LFP,2024-12-01,Enphase,active
BATT-004843,CUST-0162493,XFMR-025077,FDR-0076,SUB-017,33.423697,-112.038981,14.6,7.0,LFP,2020-06-01,SolarEdge,active
BATT-004844,CUST-0162569,XFMR-025088,FDR-0076,SUB-017,33.421675,-112.039115,12.3,5.4,lithium-ion,2024-01-01,Tesla,active
BATT-004845,CUST-0162661,XFMR-025102,FDR-0076,SUB-017,33.418611,-112.039193,14.7,7.2,NMC,2024-01-01,SolarEdge,active
BATT-004846,CUST-0162670,XFMR-025105,FDR-0076,SUB-017,33.417772,-112.039489,10.0,4.7,NMC,2023-02-01,SunPower,active
BATT-004847,CUST-0162692,XFMR-025109,FDR-0076,SUB-017,33.416821,-112.039448,9.1,3.5,LFP,2024-05-01,SolarEdge,active
BATT-004848,CUST-0162804,XFMR-025127,FDR-0076,SUB-017,33.413005,-112.039355,191.4,68.9,NMC,2023-03-01,Tesla,active
BATT-004849,CUST-0162815,XFMR-025128,FDR-0076,SUB-017,33.412939,-112.039572,13.0,6.3,lithium-ion,2023-06-01,Generac,active
BATT-004850,CUST-0162986,XFMR-025152,FDR-0076,SUB-017,33.407694,-112.039538,15.3,7.1,lithium-ion,2021-11-01,SolarEdge,active
BATT-004851,CUST-0162996,XFMR-025153,FDR-0076,SUB-017,33.40731,-112.039012,17.1,6.8,LFP,2020-05-01,Generac,active
BATT-004852,CUST-0163022,XFMR-025156,FDR-0076,SUB-017,33.40727,-112.039209,15.1,7.5,LFP,2023-05-01,SolarEdge,active
BATT-004853,CUST-0163052,XFMR-025159,FDR-0076,SUB-017,33.406559,-112.039577,19.3,6.9,lithium-ion,2021-04-01,Generac,active
BATT-004854,CUST-0163067,XFMR-025161,FDR-0076,SUB-017,33.406083,-112.039683,10.8,5.3,lithium-ion,2020-08-01,Tesla,active
BATT-004855,CUST-0163068,XFMR-025161,FDR-0076,SUB-017,33.405552,-112.039241,10.4,4.3,NMC,2023-07-01,Tesla,active
BATT-004856,CUST-0163084,XFMR-025165,FDR-0076,SUB-017,33.405549,-112.038931,10.0,3.2,LFP,2020-11-01,Generac,active
BATT-004857,CUST-0163133,XFMR-025170,FDR-0076,SUB-017,33.404207,-112.039325,20.7,8.1,lithium-ion,2021-03-01,SolarEdge,active
BATT-004858,CUST-0163175,XFMR-025177,FDR-0076,SUB-017,33.402904,-112.038992,96.5,40.4,NMC,2024-10-01,SolarEdge,active
BATT-004859,CUST-0163183,XFMR-025177,FDR-0076,SUB-017,33.402857,-112.039378,9.5,4.2,lithium-ion,2021-11-01,Tesla,active
BATT-004860,CUST-0163197,XFMR-025181,FDR-0076,SUB-017,33.401355,-112.039158,13.4,6.2,LFP,2022-09-01,SolarEdge,active
BATT-004861,CUST-0163201,XFMR-025182,FDR-0076,SUB-017,33.401899,-112.038923,56.1,14.9,LFP,2022-01-01,BYD,active
BATT-004862,CUST-0163221,XFMR-025185,FDR-0076,SUB-017,33.400576,-112.039593,12.9,5.2,LFP,2022-09-01,Tesla,active
BATT-004863,CUST-0163222,XFMR-025186,FDR-0076,SUB-017,33.400271,-112.039644,17.2,5.3,NMC,2020-04-01,BYD,active
BATT-004864,CUST-0163226,XFMR-025187,FDR-0076,SUB-017,33.400304,-112.039075,12.5,4.1,NMC,2020-01-01,Enphase,active
BATT-004865,CUST-0163228,XFMR-025187,FDR-0076,SUB-017,33.400534,-112.03958,12.3,4.9,LFP,2022-04-01,Enphase,active
BATT-004866,CUST-0163249,XFMR-025189,FDR-0076,SUB-017,33.400065,-112.039529,18.6,7.3,NMC,2022-10-01,BYD,active
BATT-004867,CUST-0163292,XFMR-025196,FDR-0076,SUB-017,33.398649,-112.038961,483.6,192.4,LFP,2021-03-01,Tesla,active
BATT-004868,CUST-0163299,XFMR-025197,FDR-0076,SUB-017,33.398497,-112.039363,14.5,5.6,NMC,2023-10-01,SunPower,active
BATT-004869,CUST-0163429,XFMR-025216,FDR-0076,SUB-017,33.39436,-112.039209,12.6,4.6,LFP,2024-06-01,Enphase,active
BATT-004870,CUST-0163453,XFMR-025221,FDR-0076,SUB-017,33.393139,-112.038984,18.1,6.3,lithium-ion,2023-09-01,SolarEdge,active
BATT-004871,CUST-0163476,XFMR-025223,FDR-0076,SUB-017,33.393051,-112.039041,15.3,5.8,lithium-ion,2022-01-01,Enphase,active
BATT-004872,CUST-0163500,XFMR-025226,FDR-0076,SUB-017,33.392122,-112.039183,9.2,4.1,NMC,2022-10-01,Generac,active
BATT-004873,CUST-0163681,XFMR-025254,FDR-0076,SUB-017,33.38654,-112.039442,12.9,5.3,lithium-ion,2020-02-01,BYD,active
BATT-004874,CUST-0163819,XFMR-025279,FDR-0076,SUB-017,33.381505,-112.039741,220.9,60.0,LFP,2021-01-01,Enphase,active
BATT-004875,CUST-0163837,XFMR-025282,FDR-0076,SUB-017,33.380761,-112.039427,12.5,6.2,LFP,2024-09-01,SunPower,active
BATT-004876,CUST-0163861,XFMR-025285,FDR-0076,SUB-017,33.379928,-112.038755,10.8,4.9,LFP,2021-01-01,SunPower,active
BATT-004877,CUST-0163935,XFMR-025298,FDR-0076,SUB-017,33.377362,-112.0394,37.1,16.2,lithium-ion,2024-11-01,SolarEdge,active
BATT-004878,CUST-0163974,XFMR-025303,FDR-0076,SUB-017,33.376171,-112.039179,18.2,8.4,NMC,2022-06-01,Enphase,active
BATT-004879,CUST-0164028,XFMR-025313,FDR-0076,SUB-017,33.373655,-112.038779,10.9,4.9,lithium-ion,2021-06-01,SunPower,active
BATT-004880,CUST-0164106,XFMR-025327,FDR-0076,SUB-017,33.370641,-112.038871,17.2,6.8,lithium-ion,2021-01-01,Generac,active
BATT-004881,CUST-0164137,XFMR-025332,FDR-0076,SUB-017,33.369856,-112.039044,30.9,11.1,LFP,2021-07-01,SunPower,active
BATT-004882,CUST-0164174,XFMR-025339,FDR-0076,SUB-017,33.368047,-112.039488,12.5,4.6,lithium-ion,2022-07-01,SunPower,active
BATT-004883,CUST-0164260,XFMR-025353,FDR-0076,SUB-017,33.36521,-112.039164,20.0,9.7,LFP,2024-04-01,SolarEdge,active
BATT-004884,CUST-0164264,XFMR-025353,FDR-0076,SUB-017,33.365594,-112.039459,13.1,4.5,NMC,2021-01-01,SolarEdge,active
BATT-004885,CUST-0164270,XFMR-025355,FDR-0076,SUB-017,33.365194,-112.039511,14.2,6.8,lithium-ion,2021-10-01,Enphase,active
BATT-004886,CUST-0164284,XFMR-025358,FDR-0076,SUB-017,33.364327,-112.038831,9.2,2.8,NMC,2021-03-01,Generac,active
BATT-004887,CUST-0164302,XFMR-025360,FDR-0076,SUB-017,33.364363,-112.039335,463.2,215.0,lithium-ion,2024-11-01,Enphase,active
BATT-004888,CUST-0164427,XFMR-025379,FDR-0076,SUB-017,33.360326,-112.039408,19.9,7.6,NMC,2024-06-01,Tesla,active
BATT-004889,CUST-0164435,XFMR-025381,FDR-0076,SUB-017,33.359519,-112.039681,15.9,6.8,LFP,2020-11-01,BYD,active
BATT-004890,CUST-0164445,XFMR-025383,FDR-0076,SUB-017,33.359097,-112.039392,9.8,3.7,NMC,2024-07-01,Tesla,active
BATT-004891,CUST-0164469,XFMR-025387,FDR-0076,SUB-017,33.358597,-112.038992,19.0,6.2,NMC,2021-10-01,SolarEdge,active
BATT-004892,CUST-0164471,XFMR-025387,FDR-0076,SUB-017,33.358638,-112.038756,9.7,3.6,lithium-ion,2021-12-01,Generac,active
BATT-004893,CUST-0164498,XFMR-025391,FDR-0076,SUB-017,33.357788,-112.039598,13.4,5.5,lithium-ion,2023-06-01,Generac,active
BATT-004894,CUST-0164505,XFMR-025393,FDR-0076,SUB-017,33.357301,-112.039678,14.8,5.4,lithium-ion,2023-02-01,Generac,active
BATT-004895,CUST-0164511,XFMR-025393,FDR-0076,SUB-017,33.3572,-112.039192,20.2,9.1,lithium-ion,2021-12-01,BYD,active
BATT-004896,CUST-0164520,XFMR-025394,FDR-0076,SUB-017,33.357202,-112.039462,12.7,4.9,NMC,2020-10-01,Tesla,active
BATT-004897,CUST-0164592,XFMR-025406,FDR-0076,SUB-017,33.354644,-112.038836,10.2,3.7,NMC,2023-05-01,Enphase,active
BATT-004898,CUST-0164595,XFMR-025407,FDR-0076,SUB-017,33.354509,-112.039293,13.4,6.4,NMC,2022-11-01,BYD,active
BATT-004899,CUST-0164604,XFMR-025408,FDR-0076,SUB-017,33.35405,-112.039544,9.2,4.1,lithium-ion,2022-12-01,Generac,active
BATT-004900,CUST-0164645,XFMR-025414,FDR-0076,SUB-017,33.352905,-112.039118,109.5,34.9,NMC,2024-02-01,SunPower,active
BATT-004901,CUST-0164758,XFMR-025428,FDR-0076,SUB-017,33.349423,-112.039521,10.5,4.5,NMC,2023-09-01,Generac,active
BATT-004902,CUST-0164762,XFMR-025429,FDR-0076,SUB-017,33.349093,-112.039406,13.5,5.5,LFP,2022-05-01,Tesla,active
BATT-004903,CUST-0164768,XFMR-025430,FDR-0076,SUB-017,33.349359,-112.039769,20.3,6.1,NMC,2024-01-01,SolarEdge,active
BATT-004904,CUST-0164786,XFMR-025432,FDR-0076,SUB-017,33.349121,-112.039467,14.3,6.3,NMC,2020-05-01,Generac,active
BATT-004905,CUST-0164866,XFMR-025444,FDR-0076,SUB-017,33.346054,-112.039434,9.7,3.2,lithium-ion,2021-02-01,Tesla,active
BATT-004906,CUST-0164869,XFMR-025444,FDR-0076,SUB-017,33.34625,-112.038968,67.8,28.9,LFP,2023-12-01,BYD,active
BATT-004907,CUST-0164888,XFMR-025447,FDR-0076,SUB-017,33.346069,-112.039483,14.5,4.9,lithium-ion,2021-10-01,Tesla,active
BATT-004908,CUST-0164894,XFMR-025449,FDR-0076,SUB-017,33.345434,-112.039385,9.7,4.2,NMC,2021-11-01,Enphase,active
BATT-004909,CUST-0164984,XFMR-025464,FDR-0076,SUB-017,33.342254,-112.039422,12.9,5.1,lithium-ion,2023-03-01,BYD,active
BATT-004910,CUST-0164998,XFMR-025465,FDR-0076,SUB-017,33.342167,-112.038968,31.9,10.0,LFP,2024-03-01,SunPower,active
BATT-004911,CUST-0165068,XFMR-025477,FDR-0076,SUB-017,33.339165,-112.039129,21.9,7.2,NMC,2023-07-01,BYD,inactive
BATT-004912,CUST-0165070,XFMR-025478,FDR-0076,SUB-017,33.339029,-112.039322,243.4,65.5,LFP,2024-02-01,SunPower,active
BATT-004913,CUST-0165095,XFMR-025482,FDR-0077,SUB-017,33.447966,-112.039448,16.8,5.2,lithium-ion,2023-11-01,Enphase,active
BATT-004914,CUST-0165128,XFMR-025487,FDR-0077,SUB-017,33.44818,-112.041825,14.5,7.0,LFP,2021-04-01,BYD,active
BATT-004915,CUST-0165147,XFMR-025489,FDR-0077,SUB-017,33.448574,-112.042953,15.3,5.8,NMC,2021-09-01,Tesla,active
BATT-004916,CUST-0165236,XFMR-025501,FDR-0077,SUB-017,33.448183,-112.049343,349.3,163.2,LFP,2022-09-01,SunPower,active
BATT-004917,CUST-0165244,XFMR-025503,FDR-0077,SUB-017,33.448719,-112.049883,483.0,240.2,lithium-ion,2023-04-01,SolarEdge,active
BATT-004918,CUST-0165268,XFMR-025506,FDR-0077,SUB-017,33.448341,-112.051822,9.4,4.0,LFP,2023-09-01,SunPower,active
BATT-004919,CUST-0165281,XFMR-025508,FDR-0077,SUB-017,33.448581,-112.052349,69.1,25.7,LFP,2022-02-01,Enphase,active
BATT-004920,CUST-0165287,XFMR-025508,FDR-0077,SUB-017,33.448532,-112.05242,65.8,25.8,NMC,2022-08-01,Tesla,active
BATT-004921,CUST-0165288,XFMR-025508,FDR-0077,SUB-017,33.448537,-112.05269,18.9,6.8,NMC,2020-10-01,Generac,active
BATT-004922,CUST-0165305,XFMR-025510,FDR-0077,SUB-017,33.448671,-112.053767,14.6,6.0,lithium-ion,2023-02-01,Tesla,active
BATT-004923,CUST-0165343,XFMR-025518,FDR-0077,SUB-017,33.448177,-112.057667,10.2,3.5,NMC,2024-11-01,SunPower,active
BATT-004924,CUST-0165374,XFMR-025522,FDR-0077,SUB-017,33.448592,-112.059996,9.5,3.1,lithium-ion,2022-09-01,Tesla,active
BATT-004925,CUST-0165384,XFMR-025524,FDR-0077,SUB-017,33.448646,-112.060443,20.8,6.6,lithium-ion,2023-11-01,Generac,active
BATT-004926,CUST-0165402,XFMR-025526,FDR-0077,SUB-017,33.44804,-112.061633,13.1,5.5,lithium-ion,2020-02-01,SunPower,active
BATT-004927,CUST-0165405,XFMR-025526,FDR-0077,SUB-017,33.44817,-112.061331,16.6,5.8,lithium-ion,2022-08-01,SolarEdge,active
BATT-004928,CUST-0165415,XFMR-025527,FDR-0077,SUB-017,33.448146,-112.061719,9.1,3.9,lithium-ion,2021-04-01,SunPower,active
BATT-004929,CUST-0165457,XFMR-025534,FDR-0077,SUB-017,33.448527,-112.065453,460.5,140.1,NMC,2022-05-01,Generac,active
BATT-004930,CUST-0165508,XFMR-025540,FDR-0077,SUB-017,33.448576,-112.068415,15.5,6.8,NMC,2023-06-01,Enphase,active
BATT-004931,CUST-0165610,XFMR-025555,FDR-0077,SUB-017,33.448635,-112.076215,20.8,9.0,NMC,2021-06-01,Enphase,active
BATT-004932,CUST-0165645,XFMR-025561,FDR-0077,SUB-017,33.448612,-112.078554,10.6,4.9,LFP,2022-02-01,Tesla,active
BATT-004933,CUST-0165718,XFMR-025573,FDR-0077,SUB-017,33.448629,-112.084596,10.4,3.6,LFP,2020-11-01,Generac,active
BATT-004934,CUST-0165729,XFMR-025575,FDR-0077,SUB-017,33.448183,-112.086316,13.8,6.8,LFP,2021-01-01,Generac,active
BATT-004935,CUST-0165792,XFMR-025586,FDR-0077,SUB-017,33.448077,-112.090968,69.9,27.5,NMC,2024-04-01,SunPower,active
BATT-004936,CUST-0165817,XFMR-025590,FDR-0077,SUB-017,33.448642,-112.093466,9.3,3.7,NMC,2020-02-01,BYD,active
BATT-004937,CUST-0165830,XFMR-025593,FDR-0077,SUB-017,33.448581,-112.095242,9.6,3.3,NMC,2020-12-01,SunPower,active
BATT-004938,CUST-0165854,XFMR-025595,FDR-0077,SUB-017,33.448569,-112.095434,18.7,8.4,LFP,2022-04-01,Enphase,active
BATT-004939,CUST-0166062,XFMR-025635,FDR-0077,SUB-017,33.448036,-112.11587,14.7,7.0,lithium-ion,2022-05-01,Generac,active
BATT-004940,CUST-0166089,XFMR-025639,FDR-0077,SUB-017,33.448706,-112.117633,14.7,5.6,lithium-ion,2022-11-01,BYD,inactive
BATT-004941,CUST-0166124,XFMR-025643,FDR-0077,SUB-017,33.448722,-112.119335,14.4,5.7,LFP,2024-04-01,Enphase,active
BATT-004942,CUST-0166127,XFMR-025644,FDR-0077,SUB-017,33.4486,-112.119706,9.3,2.9,NMC,2020-02-01,Enphase,active
BATT-004943,CUST-0166137,XFMR-025645,FDR-0077,SUB-017,33.448261,-112.120271,18.4,5.6,NMC,2020-09-01,BYD,active
BATT-004944,CUST-0166169,XFMR-025652,FDR-0077,SUB-017,33.448071,-112.123955,413.8,178.0,lithium-ion,2023-05-01,SunPower,active
BATT-004945,CUST-0166210,XFMR-025658,FDR-0077,SUB-017,33.448295,-112.127375,21.3,9.0,LFP,2021-02-01,Tesla,active
BATT-004946,CUST-0166222,XFMR-025660,FDR-0077,SUB-017,33.448205,-112.127583,10.3,3.4,lithium-ion,2021-06-01,SunPower,active
BATT-004947,CUST-0166224,XFMR-025660,FDR-0077,SUB-017,33.448489,-112.1285,21.1,9.3,NMC,2024-01-01,SolarEdge,active
BATT-004948,CUST-0166230,XFMR-025661,FDR-0077,SUB-017,33.448407,-112.128545,12.6,3.9,NMC,2022-09-01,SolarEdge,active
BATT-004949,CUST-0166232,XFMR-025662,FDR-0077,SUB-017,33.448503,-112.128819,12.6,3.8,NMC,2023-03-01,Generac,active
BATT-004950,CUST-0166235,XFMR-025662,FDR-0077,SUB-017,33.448627,-112.129413,141.8,61.3,NMC,2024-05-01,Tesla,active
BATT-004951,CUST-0166337,XFMR-025675,FDR-0077,SUB-017,33.448027,-112.135687,19.3,7.4,LFP,2024-05-01,SunPower,active
BATT-004952,CUST-0166405,XFMR-025684,FDR-0077,SUB-017,33.448691,-112.140214,12.2,5.8,NMC,2020-11-01,Enphase,active
BATT-004953,CUST-0166413,XFMR-025685,FDR-0077,SUB-017,33.448487,-112.140359,9.3,3.0,LFP,2022-02-01,Generac,active
BATT-004954,CUST-0166445,XFMR-025689,FDR-0077,SUB-017,33.448436,-112.142395,9.3,4.0,LFP,2020-05-01,BYD,active
BATT-004955,CUST-0166587,XFMR-025711,FDR-0077,SUB-017,33.448194,-112.153084,10.9,3.9,NMC,2021-05-01,BYD,active
BATT-004956,CUST-0166652,XFMR-025723,FDR-0077,SUB-017,33.448482,-112.159087,12.7,4.1,lithium-ion,2020-12-01,SunPower,active
BATT-004957,CUST-0166679,XFMR-025729,FDR-0077,SUB-017,33.448645,-112.162598,10.1,4.8,LFP,2021-01-01,BYD,active
BATT-004958,CUST-0166739,XFMR-025737,FDR-0077,SUB-017,33.448158,-112.165938,403.3,121.9,lithium-ion,2020-06-01,SolarEdge,active
BATT-004959,CUST-0166747,XFMR-025738,FDR-0077,SUB-017,33.448219,-112.166386,70.4,22.6,NMC,2023-08-01,Enphase,active
BATT-004960,CUST-0166748,XFMR-025738,FDR-0077,SUB-017,33.448215,-112.166511,491.3,132.6,LFP,2024-05-01,Enphase,active
BATT-004961,CUST-0166749,XFMR-025738,FDR-0077,SUB-017,33.448611,-112.166739,9.1,3.1,NMC,2020-05-01,Enphase,active
BATT-004962,CUST-0166758,XFMR-025740,FDR-0077,SUB-017,33.44821,-112.168117,9.2,3.4,NMC,2023-07-01,Generac,active
BATT-004963,CUST-0166773,XFMR-025741,FDR-0077,SUB-017,33.448042,-112.168497,14.2,6.6,lithium-ion,2023-10-01,SolarEdge,active
BATT-004964,CUST-0166814,XFMR-025747,FDR-0078,SUB-017,33.448476,-112.039636,12.9,6.4,lithium-ion,2024-01-01,BYD,active
BATT-004965,CUST-0166975,XFMR-025769,FDR-0078,SUB-017,33.451353,-112.039478,11.7,3.5,LFP,2023-01-01,Generac,active
BATT-004966,CUST-0167002,XFMR-025775,FDR-0078,SUB-017,33.452688,-112.039298,11.0,4.6,NMC,2020-01-01,BYD,active
BATT-004967,CUST-0167073,XFMR-025787,FDR-0078,SUB-017,33.454299,-112.038804,9.8,4.7,NMC,2020-09-01,Generac,active
BATT-004968,CUST-0167134,XFMR-025797,FDR-0078,SUB-017,33.454994,-112.039421,15.5,7.5,NMC,2021-11-01,BYD,active
BATT-004969,CUST-0167138,XFMR-025797,FDR-0078,SUB-017,33.455005,-112.038985,18.2,6.9,NMC,2020-11-01,Tesla,active
BATT-004970,CUST-0167201,XFMR-025806,FDR-0078,SUB-017,33.456141,-112.039006,10.1,3.8,LFP,2024-08-01,SunPower,active
BATT-004971,CUST-0167213,XFMR-025809,FDR-0078,SUB-017,33.457101,-112.039496,21.7,10.7,LFP,2023-05-01,SolarEdge,active
BATT-004972,CUST-0167218,XFMR-025809,FDR-0078,SUB-017,33.456613,-112.03953,16.1,5.1,lithium-ion,2023-05-01,Enphase,active
BATT-004973,CUST-0167219,XFMR-025809,FDR-0078,SUB-017,33.457278,-112.039536,10.5,4.7,LFP,2021-12-01,Generac,active
BATT-004974,CUST-0167227,XFMR-025812,FDR-0078,SUB-017,33.457058,-112.03916,11.0,3.9,lithium-ion,2024-04-01,Generac,active
BATT-004975,CUST-0167237,XFMR-025814,FDR-0078,SUB-017,33.457462,-112.039284,20.0,7.3,NMC,2020-08-01,Generac,active
BATT-004976,CUST-0167299,XFMR-025825,FDR-0078,SUB-017,33.458869,-112.038932,10.1,3.6,lithium-ion,2021-04-01,BYD,active
BATT-004977,CUST-0167369,XFMR-025836,FDR-0078,SUB-017,33.460597,-112.039556,9.9,4.8,lithium-ion,2024-06-01,SunPower,active
BATT-004978,CUST-0167434,XFMR-025846,FDR-0078,SUB-017,33.461638,-112.03898,9.9,4.3,NMC,2024-06-01,Enphase,inactive
BATT-004979,CUST-0167471,XFMR-025851,FDR-0078,SUB-017,33.462543,-112.039536,18.0,6.2,LFP,2024-12-01,BYD,active
BATT-004980,CUST-0167473,XFMR-025851,FDR-0078,SUB-017,33.462181,-112.039719,15.0,4.7,lithium-ion,2021-04-01,SolarEdge,active
BATT-004981,CUST-0167496,XFMR-025854,FDR-0078,SUB-017,33.462606,-112.039541,20.4,9.8,lithium-ion,2020-10-01,BYD,active
BATT-004982,CUST-0167518,XFMR-025856,FDR-0078,SUB-017,33.463328,-112.039316,10.2,4.7,lithium-ion,2020-09-01,Enphase,active
BATT-004983,CUST-0167586,XFMR-025868,FDR-0078,SUB-017,33.464787,-112.039342,13.5,4.1,LFP,2021-12-01,BYD,active
BATT-004984,CUST-0167634,XFMR-025877,FDR-0078,SUB-017,33.466424,-112.039529,18.8,7.6,LFP,2022-12-01,SunPower,active
BATT-004985,CUST-0167645,XFMR-025878,FDR-0078,SUB-017,33.466568,-112.039665,21.4,8.2,NMC,2020-01-01,SolarEdge,active
BATT-004986,CUST-0167676,XFMR-025881,FDR-0078,SUB-017,33.46675,-112.038758,18.8,8.8,NMC,2023-12-01,SolarEdge,active
BATT-004987,CUST-0167690,XFMR-025885,FDR-0078,SUB-017,33.467548,-112.038934,21.2,8.9,LFP,2023-12-01,SolarEdge,active
BATT-004988,CUST-0167792,XFMR-025903,FDR-0078,SUB-017,33.469504,-112.039678,267.6,96.1,LFP,2022-10-01,BYD,active
BATT-004989,CUST-0167845,XFMR-025912,FDR-0078,SUB-017,33.471187,-112.038966,21.7,8.9,lithium-ion,2024-02-01,Tesla,active
BATT-004990,CUST-0167854,XFMR-025914,FDR-0078,SUB-017,33.471437,-112.039612,10.4,3.8,LFP,2021-02-01,SunPower,active
BATT-004991,CUST-0167905,XFMR-025922,FDR-0078,SUB-017,33.472023,-112.03947,9.6,4.1,NMC,2021-03-01,Enphase,active
BATT-004992,CUST-0167918,XFMR-025924,FDR-0078,SUB-017,33.47274,-112.038835,9.4,3.3,lithium-ion,2020-03-01,SunPower,active
BATT-004993,CUST-0167922,XFMR-025924,FDR-0078,SUB-017,33.471989,-112.03884,15.2,6.8,lithium-ion,2024-10-01,SunPower,active
BATT-004994,CUST-0167972,XFMR-025931,FDR-0078,SUB-017,33.473564,-112.039508,10.8,3.3,lithium-ion,2022-02-01,Generac,active
BATT-004995,CUST-0167975,XFMR-025931,FDR-0078,SUB-017,33.473118,-112.039686,469.3,150.2,lithium-ion,2024-06-01,SunPower,active
BATT-004996,CUST-0167993,XFMR-025933,FDR-0078,SUB-017,33.473423,-112.039365,372.9,93.3,lithium-ion,2022-01-01,BYD,active
BATT-004997,CUST-0168010,XFMR-025934,FDR-0078,SUB-017,33.473641,-112.039581,12.6,4.3,LFP,2024-09-01,Enphase,active
BATT-004998,CUST-0168034,XFMR-025941,FDR-0078,SUB-017,33.474818,-112.039677,16.8,6.4,NMC,2020-09-01,SunPower,active
BATT-004999,CUST-0168040,XFMR-025942,FDR-0078,SUB-017,33.475146,-112.039454,10.9,3.7,NMC,2023-06-01,SolarEdge,active
BATT-005000,CUST-0168054,XFMR-025943,FDR-0078,SUB-017,33.475331,-112.039013,9.5,4.4,NMC,2023-11-01,SolarEdge,active
BATT-005001,CUST-0168055,XFMR-025943,FDR-0078,SUB-017,33.474854,-112.039535,16.0,7.3,lithium-ion,2023-02-01,SolarEdge,active
BATT-005002,CUST-0168066,XFMR-025944,FDR-0078,SUB-017,33.474818,-112.039527,18.7,5.8,lithium-ion,2021-05-01,Generac,active
BATT-005003,CUST-0168113,XFMR-025952,FDR-0078,SUB-017,33.476106,-112.039507,14.5,6.6,LFP,2021-09-01,SunPower,active
BATT-005004,CUST-0168167,XFMR-025959,FDR-0078,SUB-017,33.476896,-112.038948,469.8,156.9,NMC,2020-02-01,SunPower,active
BATT-005005,CUST-0168214,XFMR-025965,FDR-0078,SUB-017,33.478225,-112.039343,10.8,3.4,lithium-ion,2021-11-01,SunPower,active
BATT-005006,CUST-0168316,XFMR-025981,FDR-0078,SUB-017,33.479775,-112.039722,17.0,5.4,NMC,2022-04-01,SunPower,active
BATT-005007,CUST-0168330,XFMR-025982,FDR-0078,SUB-017,33.480564,-112.039541,9.6,3.7,lithium-ion,2020-07-01,SolarEdge,active
BATT-005008,CUST-0168333,XFMR-025982,FDR-0078,SUB-017,33.480338,-112.039505,12.4,4.5,NMC,2020-02-01,Generac,active
BATT-005009,CUST-0168342,XFMR-025983,FDR-0078,SUB-017,33.480003,-112.039545,10.0,3.9,NMC,2020-11-01,SolarEdge,active
BATT-005010,CUST-0168408,XFMR-025992,FDR-0078,SUB-017,33.481769,-112.038921,14.6,5.1,lithium-ion,2023-11-01,Tesla,active
BATT-005011,CUST-0168411,XFMR-025994,FDR-0078,SUB-017,33.481992,-112.039609,20.0,7.3,NMC,2024-10-01,BYD,active
BATT-005012,CUST-0168460,XFMR-026000,FDR-0078,SUB-017,33.482376,-112.038847,17.4,6.5,NMC,2021-01-01,Tesla,active
BATT-005013,CUST-0168485,XFMR-026003,FDR-0078,SUB-017,33.483223,-112.039691,217.7,65.1,NMC,2020-05-01,Generac,active
BATT-005014,CUST-0168537,XFMR-026009,FDR-0078,SUB-017,33.484069,-112.03946,14.6,6.3,NMC,2021-12-01,BYD,active
BATT-005015,CUST-0168572,XFMR-026015,FDR-0078,SUB-017,33.484589,-112.039498,13.7,6.5,LFP,2021-02-01,Tesla,active
BATT-005016,CUST-0168658,XFMR-026031,FDR-0079,SUB-017,33.448845,-112.037605,14.0,6.9,LFP,2023-09-01,Enphase,active
BATT-005017,CUST-0168760,XFMR-026050,FDR-0079,SUB-017,33.448662,-112.033359,60.0,24.2,NMC,2021-01-01,Tesla,active
BATT-005018,CUST-0168773,XFMR-026051,FDR-0079,SUB-017,33.448129,-112.033939,9.9,4.5,lithium-ion,2020-01-01,SunPower,active
BATT-005019,CUST-0168805,XFMR-026058,FDR-0079,SUB-017,33.448662,-112.031811,385.9,145.8,NMC,2023-11-01,Enphase,active
BATT-005020,CUST-0168893,XFMR-026074,FDR-0079,SUB-017,33.447999,-112.028758,13.6,5.5,NMC,2023-02-01,Enphase,active
BATT-005021,CUST-0168967,XFMR-026083,FDR-0079,SUB-017,33.448543,-112.02669,19.8,7.4,NMC,2023-09-01,Tesla,active
BATT-005022,CUST-0168994,XFMR-026087,FDR-0079,SUB-017,33.448264,-112.025984,9.3,4.2,LFP,2021-11-01,SunPower,active
BATT-005023,CUST-0169019,XFMR-026090,FDR-0079,SUB-017,33.448165,-112.024816,16.6,6.0,NMC,2024-09-01,SolarEdge,active
BATT-005024,CUST-0169031,XFMR-026091,FDR-0079,SUB-017,33.448682,-112.024936,10.5,5.0,NMC,2024-05-01,Tesla,active
BATT-005025,CUST-0169033,XFMR-026091,FDR-0079,SUB-017,33.44877,-112.024715,13.3,5.7,LFP,2024-08-01,Enphase,active
BATT-005026,CUST-0169067,XFMR-026098,FDR-0079,SUB-017,33.448367,-112.023845,147.0,40.0,NMC,2023-05-01,Tesla,active
BATT-005027,CUST-0169091,XFMR-026102,FDR-0079,SUB-017,33.448296,-112.02296,16.0,7.0,NMC,2020-01-01,Enphase,active
BATT-005028,CUST-0169131,XFMR-026108,FDR-0079,SUB-017,33.448119,-112.021142,12.6,5.8,LFP,2022-02-01,BYD,active
BATT-005029,CUST-0169153,XFMR-026110,FDR-0079,SUB-017,33.448598,-112.021405,435.7,147.3,NMC,2021-09-01,Enphase,inactive
BATT-005030,CUST-0169159,XFMR-026111,FDR-0079,SUB-017,33.44805,-112.021185,21.4,9.1,lithium-ion,2023-03-01,SolarEdge,active
BATT-005031,CUST-0169214,XFMR-026122,FDR-0079,SUB-017,33.448354,-112.018803,14.5,5.5,lithium-ion,2022-08-01,BYD,active
BATT-005032,CUST-0169274,XFMR-026130,FDR-0079,SUB-017,33.448227,-112.016782,13.1,5.8,NMC,2020-04-01,BYD,active
BATT-005033,CUST-0169275,XFMR-026130,FDR-0079,SUB-017,33.448529,-112.016787,20.9,8.7,NMC,2021-09-01,SolarEdge,active
BATT-005034,CUST-0169314,XFMR-026134,FDR-0079,SUB-017,33.448308,-112.016471,13.1,5.0,NMC,2024-12-01,Enphase,active
BATT-005035,CUST-0169318,XFMR-026135,FDR-0079,SUB-017,33.448585,-112.01553,10.5,4.0,NMC,2023-08-01,Tesla,active
BATT-005036,CUST-0169354,XFMR-026140,FDR-0079,SUB-017,33.448652,-112.014507,15.0,5.5,LFP,2021-10-01,BYD,active
BATT-005037,CUST-0169401,XFMR-026146,FDR-0079,SUB-017,33.448787,-112.013942,22.0,10.5,lithium-ion,2021-05-01,Tesla,active
BATT-005038,CUST-0169423,XFMR-026148,FDR-0079,SUB-017,33.448714,-112.013132,21.2,9.8,LFP,2023-09-01,Enphase,active
BATT-005039,CUST-0169431,XFMR-026149,FDR-0079,SUB-017,33.448227,-112.012958,20.4,6.8,LFP,2023-08-01,Generac,active
BATT-005040,CUST-0169443,XFMR-026151,FDR-0079,SUB-017,33.448203,-112.012713,12.2,5.2,LFP,2022-06-01,SunPower,active
BATT-005041,CUST-0169454,XFMR-026152,FDR-0079,SUB-017,33.44861,-112.011932,225.8,87.8,lithium-ion,2022-04-01,BYD,active
BATT-005042,CUST-0169504,XFMR-026162,FDR-0079,SUB-017,33.448601,-112.01041,21.7,7.6,lithium-ion,2021-06-01,BYD,active
BATT-005043,CUST-0169529,XFMR-026167,FDR-0079,SUB-017,33.448612,-112.008999,308.1,140.1,lithium-ion,2021-03-01,Tesla,active
BATT-005044,CUST-0169595,XFMR-026178,FDR-0079,SUB-017,33.44823,-112.007131,18.1,5.9,NMC,2021-04-01,SunPower,active
BATT-005045,CUST-0169603,XFMR-026179,FDR-0079,SUB-017,33.448186,-112.006926,17.3,5.7,lithium-ion,2020-08-01,Tesla,active
BATT-005046,CUST-0169617,XFMR-026182,FDR-0079,SUB-017,33.448048,-112.006175,10.7,4.2,LFP,2022-01-01,Tesla,active
BATT-005047,CUST-0169662,XFMR-026188,FDR-0079,SUB-017,33.44866,-112.004774,15.8,5.6,LFP,2022-06-01,BYD,active
BATT-005048,CUST-0169683,XFMR-026192,FDR-0079,SUB-017,33.447975,-112.003687,13.9,6.5,LFP,2023-09-01,Tesla,active
BATT-005049,CUST-0169695,XFMR-026193,FDR-0079,SUB-017,33.448159,-112.003319,21.9,7.4,NMC,2021-03-01,Generac,active
BATT-005050,CUST-0169844,XFMR-026214,FDR-0079,SUB-017,33.44832,-111.99881,19.8,7.2,lithium-ion,2023-07-01,Tesla,active
BATT-005051,CUST-0169923,XFMR-026224,FDR-0079,SUB-017,33.448528,-111.996932,14.3,7.0,LFP,2023-02-01,BYD,active
BATT-005052,CUST-0169932,XFMR-026226,FDR-0079,SUB-017,33.448718,-111.996947,18.8,7.9,LFP,2020-09-01,Tesla,active
BATT-005053,CUST-0169943,XFMR-026227,FDR-0079,SUB-017,33.448173,-111.996084,15.1,5.4,NMC,2020-09-01,SunPower,active
BATT-005054,CUST-0169962,XFMR-026230,FDR-0079,SUB-017,33.448165,-111.995861,45.2,18.2,LFP,2023-06-01,Generac,active
BATT-005055,CUST-0170055,XFMR-026246,FDR-0079,SUB-017,33.448262,-111.99265,21.7,7.3,LFP,2020-06-01,Generac,active
BATT-005056,CUST-0170102,XFMR-026252,FDR-0079,SUB-017,33.448584,-111.991332,10.2,4.5,NMC,2020-04-01,Tesla,active
BATT-005057,CUST-0170131,XFMR-026257,FDR-0079,SUB-017,33.448592,-111.989865,20.7,8.7,lithium-ion,2023-10-01,Tesla,active
BATT-005058,CUST-0170140,XFMR-026257,FDR-0079,SUB-017,33.448596,-111.989637,15.8,5.6,NMC,2023-11-01,Generac,active
BATT-005059,CUST-0170150,XFMR-026259,FDR-0079,SUB-017,33.448774,-111.989188,20.7,8.2,NMC,2023-04-01,Enphase,active
BATT-005060,CUST-0170195,XFMR-026265,FDR-0079,SUB-017,33.448638,-111.988351,10.9,3.3,lithium-ion,2021-07-01,SunPower,active
BATT-005061,CUST-0170210,XFMR-026267,FDR-0079,SUB-017,33.448562,-111.987623,12.5,5.9,lithium-ion,2022-08-01,SunPower,active
BATT-005062,CUST-0170238,XFMR-026274,FDR-0079,SUB-017,33.448598,-111.986888,58.3,19.9,LFP,2023-02-01,BYD,active
BATT-005063,CUST-0170269,XFMR-026276,FDR-0079,SUB-017,33.448336,-111.986135,14.2,5.6,lithium-ion,2022-12-01,Enphase,active
BATT-005064,CUST-0170290,XFMR-026280,FDR-0079,SUB-017,33.448157,-111.98492,12.3,4.1,NMC,2022-01-01,BYD,active
BATT-005065,CUST-0170356,XFMR-026289,FDR-0079,SUB-017,33.448572,-111.983195,22.0,9.0,NMC,2020-12-01,Enphase,active
BATT-005066,CUST-0170363,XFMR-026290,FDR-0079,SUB-017,33.448191,-111.982883,9.4,4.0,NMC,2023-05-01,Enphase,active
BATT-005067,CUST-0170534,XFMR-026317,FDR-0079,SUB-017,33.448059,-111.976983,31.1,13.8,NMC,2020-06-01,BYD,active
BATT-005068,CUST-0170565,XFMR-026324,FDR-0079,SUB-017,33.448079,-111.975511,9.4,2.9,lithium-ion,2021-03-01,SolarEdge,active
BATT-005069,CUST-0170573,XFMR-026325,FDR-0079,SUB-017,33.44859,-111.975462,266.6,95.7,lithium-ion,2022-05-01,Enphase,active
BATT-005070,CUST-0170626,XFMR-026337,FDR-0079,SUB-017,33.448517,-111.972761,13.6,4.7,lithium-ion,2020-02-01,SolarEdge,active
BATT-005071,CUST-0170683,XFMR-026343,FDR-0079,SUB-017,33.448665,-111.9715,13.9,4.4,NMC,2022-07-01,BYD,active
BATT-005072,CUST-0170710,XFMR-026347,FDR-0079,SUB-017,33.448219,-111.970778,20.1,8.1,NMC,2020-04-01,Tesla,active
BATT-005073,CUST-0170721,XFMR-026348,FDR-0079,SUB-017,33.448158,-111.97096,12.5,5.9,NMC,2020-10-01,Generac,active
BATT-005074,CUST-0170730,XFMR-026350,FDR-0079,SUB-017,33.448288,-111.969976,20.3,8.4,NMC,2024-07-01,Tesla,active
BATT-005075,CUST-0170731,XFMR-026350,FDR-0079,SUB-017,33.448322,-111.969961,15.9,6.8,lithium-ion,2024-04-01,Tesla,active
BATT-005076,CUST-0170770,XFMR-026355,FDR-0079,SUB-017,33.448314,-111.969225,15.0,5.5,NMC,2023-10-01,SunPower,active
BATT-005077,CUST-0170774,XFMR-026356,FDR-0079,SUB-017,33.448627,-111.969332,14.6,5.3,lithium-ion,2020-08-01,Generac,active
BATT-005078,CUST-0170814,XFMR-026362,FDR-0079,SUB-017,33.448012,-111.967921,17.2,6.1,lithium-ion,2023-02-01,SunPower,active
BATT-005079,CUST-0170828,XFMR-026365,FDR-0079,SUB-017,33.44868,-111.966958,13.3,5.3,lithium-ion,2021-02-01,Tesla,active
BATT-005080,CUST-0170858,XFMR-026369,FDR-0079,SUB-017,33.44854,-111.966189,25.2,11.4,NMC,2024-10-01,Enphase,active
BATT-005081,CUST-0170876,XFMR-026373,FDR-0079,SUB-017,33.448297,-111.965044,20.9,7.5,lithium-ion,2022-08-01,Tesla,active
BATT-005082,CUST-0170901,XFMR-026377,FDR-0079,SUB-017,33.448081,-111.964855,13.1,6.4,NMC,2020-10-01,SolarEdge,active
BATT-005083,CUST-0170926,XFMR-026380,FDR-0079,SUB-017,33.448738,-111.964317,16.7,7.0,LFP,2022-09-01,SunPower,active
BATT-005084,CUST-0170933,XFMR-026380,FDR-0079,SUB-017,33.44872,-111.963936,20.5,9.1,lithium-ion,2020-04-01,BYD,active
BATT-005085,CUST-0170941,XFMR-026381,FDR-0079,SUB-017,33.448476,-111.963641,15.2,7.1,NMC,2023-08-01,Enphase,active
BATT-005086,CUST-0170965,XFMR-026386,FDR-0079,SUB-017,33.44883,-111.962518,91.4,33.4,LFP,2023-05-01,SolarEdge,active
BATT-005087,CUST-0170971,XFMR-026386,FDR-0079,SUB-017,33.44824,-111.962651,13.8,5.2,NMC,2022-12-01,Tesla,active
BATT-005088,CUST-0171011,XFMR-026393,FDR-0079,SUB-017,33.448781,-111.961084,12.7,5.1,LFP,2023-01-01,Generac,active
BATT-005089,CUST-0171014,XFMR-026393,FDR-0079,SUB-017,33.448226,-111.961052,13.0,5.1,NMC,2020-11-01,Generac,active
BATT-005090,CUST-0171025,XFMR-026394,FDR-0079,SUB-017,33.448512,-111.960776,15.8,6.6,lithium-ion,2022-09-01,SunPower,active
BATT-005091,CUST-0171139,XFMR-026408,FDR-0079,SUB-017,33.448259,-111.958105,14.8,4.5,lithium-ion,2024-07-01,Generac,active
BATT-005092,CUST-0171151,XFMR-026410,FDR-0079,SUB-017,33.447992,-111.957509,12.9,4.8,LFP,2024-11-01,SunPower,active
BATT-005093,CUST-0171172,XFMR-026413,FDR-0079,SUB-017,33.448276,-111.957419,9.5,3.1,NMC,2020-06-01,SunPower,active
BATT-005094,CUST-0171195,XFMR-026417,FDR-0079,SUB-017,33.448758,-111.956448,15.8,4.8,lithium-ion,2022-07-01,Enphase,active
BATT-005095,CUST-0171246,XFMR-026427,FDR-0079,SUB-017,33.448477,-111.95459,14.4,4.5,LFP,2020-02-01,Tesla,active
BATT-005096,CUST-0171290,XFMR-026437,FDR-0079,SUB-017,33.4482,-111.951827,9.1,4.0,lithium-ion,2022-10-01,BYD,active
BATT-005097,CUST-0171309,XFMR-026439,FDR-0079,SUB-017,33.448588,-111.951362,20.4,7.9,LFP,2022-01-01,SolarEdge,active
BATT-005098,CUST-0171359,XFMR-026445,FDR-0079,SUB-017,33.4487,-111.950715,21.8,7.3,LFP,2023-07-01,BYD,active
BATT-005099,CUST-0171445,XFMR-026457,FDR-0079,SUB-017,33.448684,-111.948227,14.3,6.1,lithium-ion,2023-12-01,Enphase,active
BATT-005100,CUST-0171491,XFMR-026461,FDR-0079,SUB-017,33.448219,-111.946615,18.0,7.3,LFP,2023-02-01,Generac,active
BATT-005101,CUST-0171530,XFMR-026466,FDR-0079,SUB-017,33.448122,-111.946073,20.8,8.4,LFP,2022-10-01,Generac,active
BATT-005102,CUST-0171535,XFMR-026467,FDR-0079,SUB-017,33.448078,-111.945961,10.8,5.4,lithium-ion,2021-06-01,SolarEdge,active
BATT-005103,CUST-0171545,XFMR-026469,FDR-0079,SUB-017,33.44808,-111.945481,467.3,155.7,lithium-ion,2021-03-01,SolarEdge,active
BATT-005104,CUST-0171630,XFMR-026479,FDR-0079,SUB-017,33.44847,-111.942906,15.6,7.0,NMC,2022-10-01,SunPower,active
BATT-005105,CUST-0171631,XFMR-026479,FDR-0079,SUB-017,33.448,-111.942668,12.4,5.6,lithium-ion,2022-10-01,BYD,active
BATT-005106,CUST-0171698,XFMR-026490,FDR-0079,SUB-017,33.448662,-111.940293,21.3,9.3,lithium-ion,2022-02-01,Enphase,active
BATT-005107,CUST-0171736,XFMR-026495,FDR-0079,SUB-017,33.448569,-111.9396,18.2,5.8,NMC,2022-07-01,BYD,active
BATT-005108,CUST-0171799,XFMR-026504,FDR-0079,SUB-017,33.448064,-111.937499,17.4,8.1,LFP,2021-07-01,SolarEdge,active
BATT-005109,CUST-0171874,XFMR-026517,FDR-0079,SUB-017,33.448231,-111.935383,21.3,8.8,NMC,2024-09-01,Tesla,active
BATT-005110,CUST-0171899,XFMR-026521,FDR-0079,SUB-017,33.448596,-111.933892,17.1,5.2,lithium-ion,2021-03-01,SunPower,active
BATT-005111,CUST-0171945,XFMR-026529,FDR-0079,SUB-017,33.448152,-111.933037,21.2,7.0,NMC,2022-01-01,BYD,active
BATT-005112,CUST-0171990,XFMR-026535,FDR-0079,SUB-017,33.44835,-111.931029,278.7,138.2,LFP,2023-07-01,SunPower,active
BATT-005113,CUST-0172010,XFMR-026537,FDR-0079,SUB-017,33.44858,-111.930882,21.1,8.7,LFP,2024-06-01,SolarEdge,active
BATT-005114,CUST-0172055,XFMR-026545,FDR-0079,SUB-017,33.448685,-111.928781,13.3,6.0,NMC,2023-07-01,SolarEdge,active
BATT-005115,CUST-0172063,XFMR-026546,FDR-0079,SUB-017,33.448492,-111.929065,18.5,7.5,LFP,2020-05-01,Generac,active
BATT-005116,CUST-0172099,XFMR-026551,FDR-0079,SUB-017,33.448202,-111.927921,78.6,29.4,LFP,2023-06-01,SunPower,active
BATT-005117,CUST-0172102,XFMR-026551,FDR-0079,SUB-017,33.448583,-111.928383,15.0,6.7,NMC,2024-03-01,SolarEdge,active
BATT-005118,CUST-0172117,XFMR-026553,FDR-0079,SUB-017,33.448468,-111.927674,9.9,4.0,lithium-ion,2024-09-01,Tesla,active
BATT-005119,CUST-0172153,XFMR-026560,FDR-0079,SUB-017,33.448572,-111.926073,18.9,5.7,NMC,2021-03-01,Enphase,active
BATT-005120,CUST-0172171,XFMR-026562,FDR-0079,SUB-017,33.448423,-111.92536,9.3,4.1,LFP,2022-04-01,SunPower,active
BATT-005121,CUST-0172298,XFMR-026582,FDR-0079,SUB-017,33.448042,-111.921443,17.3,6.8,LFP,2021-11-01,SunPower,active
BATT-005122,CUST-0172325,XFMR-026586,FDR-0080,SUB-018,33.434093,-112.195745,35.7,13.0,NMC,2022-03-01,SolarEdge,active
BATT-005123,CUST-0172360,XFMR-026592,FDR-0080,SUB-018,33.433609,-112.196716,20.5,9.0,LFP,2020-01-01,BYD,active
BATT-005124,CUST-0172458,XFMR-026605,FDR-0080,SUB-018,33.43353,-112.197204,450.6,193.5,NMC,2021-07-01,SunPower,active
BATT-005125,CUST-0172463,XFMR-026605,FDR-0080,SUB-018,33.434074,-112.197474,19.3,8.6,NMC,2023-01-01,SunPower,active
BATT-005126,CUST-0172478,XFMR-026608,FDR-0080,SUB-018,33.433688,-112.197342,16.1,5.1,LFP,2022-10-01,Enphase,active
BATT-005127,CUST-0172481,XFMR-026609,FDR-0080,SUB-018,33.434105,-112.198052,52.3,25.6,lithium-ion,2023-05-01,Tesla,active
BATT-005128,CUST-0172569,XFMR-026624,FDR-0080,SUB-018,33.433753,-112.19957,21.7,7.1,NMC,2023-12-01,SunPower,active
BATT-005129,CUST-0172642,XFMR-026636,FDR-0080,SUB-018,33.433548,-112.200189,10.3,3.4,lithium-ion,2020-03-01,BYD,active
BATT-005130,CUST-0172651,XFMR-026637,FDR-0080,SUB-018,33.433502,-112.200585,14.5,5.9,LFP,2021-04-01,Enphase,active
BATT-005131,CUST-0172689,XFMR-026643,FDR-0080,SUB-018,33.43433,-112.200889,14.8,7.2,LFP,2022-04-01,Enphase,active
BATT-005132,CUST-0172714,XFMR-026647,FDR-0080,SUB-018,33.433941,-112.201563,14.2,5.1,LFP,2024-02-01,SunPower,active
BATT-005133,CUST-0172733,XFMR-026649,FDR-0080,SUB-018,33.433919,-112.201569,14.8,7.0,lithium-ion,2024-07-01,Generac,active
BATT-005134,CUST-0172805,XFMR-026659,FDR-0080,SUB-018,33.434147,-112.202399,19.3,7.5,lithium-ion,2024-01-01,Tesla,active
BATT-005135,CUST-0172938,XFMR-026678,FDR-0080,SUB-018,33.433487,-112.20437,14.2,5.7,LFP,2024-12-01,BYD,active
BATT-005136,CUST-0172986,XFMR-026685,FDR-0080,SUB-018,33.433488,-112.204543,17.4,8.0,LFP,2021-03-01,Tesla,active
BATT-005137,CUST-0173016,XFMR-026688,FDR-0080,SUB-018,33.433594,-112.2047,20.0,7.9,LFP,2020-07-01,SolarEdge,active
BATT-005138,CUST-0173021,XFMR-026689,FDR-0080,SUB-018,33.43364,-112.205165,19.9,7.4,NMC,2023-01-01,SunPower,active
BATT-005139,CUST-0173029,XFMR-026691,FDR-0080,SUB-018,33.433771,-112.204788,9.2,4.1,NMC,2022-05-01,SunPower,active
BATT-005140,CUST-0173030,XFMR-026691,FDR-0080,SUB-018,33.433856,-112.204671,19.9,8.7,lithium-ion,2021-04-01,Enphase,active
BATT-005141,CUST-0173037,XFMR-026692,FDR-0080,SUB-018,33.434323,-112.204744,14.6,5.5,lithium-ion,2023-02-01,BYD,active
BATT-005142,CUST-0173045,XFMR-026692,FDR-0080,SUB-018,33.433781,-112.204905,12.8,5.9,NMC,2020-01-01,Enphase,active
BATT-005143,CUST-0173047,XFMR-026692,FDR-0080,SUB-018,33.433845,-112.205128,14.0,7.0,LFP,2021-11-01,BYD,active
BATT-005144,CUST-0173078,XFMR-026700,FDR-0080,SUB-018,33.433992,-112.205291,462.2,158.4,lithium-ion,2021-09-01,Enphase,active
BATT-005145,CUST-0173087,XFMR-026700,FDR-0080,SUB-018,33.433729,-112.205309,21.1,10.1,LFP,2024-08-01,Tesla,active
BATT-005146,CUST-0173183,XFMR-026712,FDR-0080,SUB-018,33.43403,-112.206568,210.2,55.8,LFP,2022-05-01,BYD,active
BATT-005147,CUST-0173274,XFMR-026722,FDR-0080,SUB-018,33.433521,-112.207609,18.3,5.9,LFP,2021-01-01,BYD,active
BATT-005148,CUST-0173283,XFMR-026726,FDR-0080,SUB-018,33.434129,-112.208369,16.2,7.3,lithium-ion,2021-01-01,Enphase,active
BATT-005149,CUST-0173301,XFMR-026728,FDR-0080,SUB-018,33.433594,-112.208187,14.0,5.4,LFP,2021-04-01,SolarEdge,active
BATT-005150,CUST-0173322,XFMR-026730,FDR-0080,SUB-018,33.433571,-112.207989,405.6,153.6,NMC,2020-01-01,BYD,active
BATT-005151,CUST-0173333,XFMR-026731,FDR-0080,SUB-018,33.433689,-112.208579,20.5,10.2,lithium-ion,2024-01-01,Generac,active
BATT-005152,CUST-0173347,XFMR-026733,FDR-0080,SUB-018,33.433874,-112.208624,13.1,4.3,NMC,2021-01-01,SunPower,active
BATT-005153,CUST-0173401,XFMR-026741,FDR-0080,SUB-018,33.433501,-112.209281,12.3,4.4,LFP,2024-03-01,Generac,active
BATT-005154,CUST-0173441,XFMR-026747,FDR-0080,SUB-018,33.434276,-112.209717,20.8,7.1,lithium-ion,2022-04-01,SunPower,active
BATT-005155,CUST-0173451,XFMR-026747,FDR-0080,SUB-018,33.433854,-112.209493,12.7,5.8,lithium-ion,2024-05-01,BYD,active
BATT-005156,CUST-0173470,XFMR-026752,FDR-0080,SUB-018,33.433797,-112.210158,15.2,7.3,lithium-ion,2021-01-01,Tesla,active
BATT-005157,CUST-0173495,XFMR-026755,FDR-0080,SUB-018,33.434264,-112.211009,31.7,14.9,LFP,2020-12-01,SolarEdge,active
BATT-005158,CUST-0173576,XFMR-026767,FDR-0080,SUB-018,33.433909,-112.211189,20.6,8.2,LFP,2024-07-01,Enphase,active
BATT-005159,CUST-0173629,XFMR-026775,FDR-0080,SUB-018,33.433672,-112.212538,9.8,4.8,LFP,2024-03-01,Enphase,active
BATT-005160,CUST-0173658,XFMR-026779,FDR-0080,SUB-018,33.434241,-112.212403,14.5,6.4,NMC,2024-05-01,SunPower,active
BATT-005161,CUST-0173701,XFMR-026784,FDR-0080,SUB-018,33.433578,-112.212576,16.1,7.5,lithium-ion,2024-04-01,SolarEdge,active
BATT-005162,CUST-0173758,XFMR-026794,FDR-0080,SUB-018,33.434156,-112.21361,21.7,8.5,lithium-ion,2023-11-01,Generac,active
BATT-005163,CUST-0173772,XFMR-026797,FDR-0080,SUB-018,33.433829,-112.213787,12.8,6.1,LFP,2023-08-01,Generac,active
BATT-005164,CUST-0173802,XFMR-026802,FDR-0080,SUB-018,33.434023,-112.214899,15.6,7.1,LFP,2022-10-01,Tesla,active
BATT-005165,CUST-0173811,XFMR-026803,FDR-0080,SUB-018,33.434114,-112.214537,10.1,4.7,LFP,2021-08-01,Enphase,active
BATT-005166,CUST-0173826,XFMR-026806,FDR-0080,SUB-018,33.433956,-112.215063,13.2,4.8,lithium-ion,2020-05-01,Tesla,active
BATT-005167,CUST-0173835,XFMR-026807,FDR-0080,SUB-018,33.433796,-112.215138,9.3,4.6,LFP,2022-10-01,Tesla,active
BATT-005168,CUST-0173851,XFMR-026810,FDR-0080,SUB-018,33.434094,-112.215645,12.6,6.2,LFP,2022-08-01,BYD,active
BATT-005169,CUST-0173871,XFMR-026814,FDR-0080,SUB-018,33.434093,-112.215277,14.7,6.8,lithium-ion,2022-05-01,Enphase,active
BATT-005170,CUST-0173930,XFMR-026821,FDR-0080,SUB-018,33.433697,-112.216542,256.5,112.5,LFP,2024-06-01,Generac,active
BATT-005171,CUST-0174016,XFMR-026832,FDR-0080,SUB-018,33.433755,-112.216917,10.5,5.1,LFP,2024-07-01,BYD,active
BATT-005172,CUST-0174051,XFMR-026838,FDR-0080,SUB-018,33.433575,-112.218001,16.1,5.0,LFP,2022-11-01,BYD,active
BATT-005173,CUST-0174099,XFMR-026844,FDR-0080,SUB-018,33.43427,-112.218352,13.4,5.3,NMC,2023-09-01,Tesla,active
BATT-005174,CUST-0174178,XFMR-026857,FDR-0080,SUB-018,33.433575,-112.219644,434.0,144.9,NMC,2021-04-01,Tesla,active
BATT-005175,CUST-0174207,XFMR-026860,FDR-0080,SUB-018,33.433553,-112.219308,12.3,6.0,LFP,2022-02-01,SolarEdge,active
BATT-005176,CUST-0174209,XFMR-026860,FDR-0080,SUB-018,33.433959,-112.219628,20.6,7.0,LFP,2020-05-01,Enphase,active
BATT-005177,CUST-0174215,XFMR-026860,FDR-0080,SUB-018,33.434067,-112.219321,14.2,4.7,NMC,2020-01-01,Tesla,active
BATT-005178,CUST-0174230,XFMR-026863,FDR-0080,SUB-018,33.433588,-112.220338,16.0,6.3,LFP,2024-02-01,BYD,active
BATT-005179,CUST-0174247,XFMR-026866,FDR-0080,SUB-018,33.433795,-112.220056,14.6,4.5,lithium-ion,2024-11-01,SunPower,active
BATT-005180,CUST-0174248,XFMR-026866,FDR-0080,SUB-018,33.433746,-112.220283,9.7,4.5,LFP,2023-03-01,Generac,active
BATT-005181,CUST-0174321,XFMR-026876,FDR-0080,SUB-018,33.434299,-112.22101,14.6,5.3,LFP,2022-11-01,BYD,active
BATT-005182,CUST-0174340,XFMR-026880,FDR-0080,SUB-018,33.433749,-112.221216,13.2,5.4,LFP,2023-10-01,Generac,active
BATT-005183,CUST-0174356,XFMR-026882,FDR-0080,SUB-018,33.434014,-112.222055,9.5,3.0,lithium-ion,2022-07-01,SunPower,active
BATT-005184,CUST-0174364,XFMR-026883,FDR-0080,SUB-018,33.433539,-112.221189,9.6,4.0,NMC,2022-12-01,Tesla,active
BATT-005185,CUST-0174409,XFMR-026889,FDR-0080,SUB-018,33.433839,-112.222052,205.3,67.7,NMC,2024-01-01,SolarEdge,active
BATT-005186,CUST-0174440,XFMR-026893,FDR-0080,SUB-018,33.433687,-112.222681,14.5,4.9,NMC,2023-05-01,Enphase,active
BATT-005187,CUST-0174468,XFMR-026898,FDR-0080,SUB-018,33.434056,-112.222998,15.1,6.8,NMC,2021-08-01,SunPower,active
BATT-005188,CUST-0174475,XFMR-026898,FDR-0080,SUB-018,33.434085,-112.222597,9.4,3.3,lithium-ion,2024-03-01,Enphase,active
BATT-005189,CUST-0174533,XFMR-026906,FDR-0080,SUB-018,33.433662,-112.223714,21.0,7.7,LFP,2023-08-01,SunPower,active
BATT-005190,CUST-0174542,XFMR-026908,FDR-0080,SUB-018,33.433627,-112.223574,13.6,6.4,NMC,2023-11-01,SolarEdge,active
BATT-005191,CUST-0174569,XFMR-026913,FDR-0080,SUB-018,33.434188,-112.223776,15.8,6.0,NMC,2023-11-01,SunPower,active
BATT-005192,CUST-0174673,XFMR-026928,FDR-0080,SUB-018,33.434235,-112.225936,14.0,4.6,lithium-ion,2022-06-01,Enphase,active
BATT-005193,CUST-0174727,XFMR-026939,FDR-0080,SUB-018,33.43397,-112.226118,13.7,4.2,LFP,2023-02-01,BYD,active
BATT-005194,CUST-0174734,XFMR-026940,FDR-0080,SUB-018,33.434075,-112.226261,11.0,3.4,NMC,2020-10-01,BYD,active
BATT-005195,CUST-0174746,XFMR-026943,FDR-0080,SUB-018,33.433789,-112.22646,15.6,7.8,lithium-ion,2023-01-01,BYD,active
BATT-005196,CUST-0174798,XFMR-026952,FDR-0080,SUB-018,33.434292,-112.227364,13.6,4.9,LFP,2023-12-01,Tesla,active
BATT-005197,CUST-0174815,XFMR-026953,FDR-0080,SUB-018,33.434261,-112.227397,12.7,4.3,LFP,2023-01-01,SunPower,active
BATT-005198,CUST-0174838,XFMR-026957,FDR-0080,SUB-018,33.433875,-112.227567,20.6,9.5,NMC,2021-08-01,Generac,active
BATT-005199,CUST-0174869,XFMR-026960,FDR-0080,SUB-018,33.433616,-112.228414,20.5,8.6,NMC,2021-10-01,BYD,active
BATT-005200,CUST-0174900,XFMR-026966,FDR-0080,SUB-018,33.433493,-112.228888,10.1,4.8,LFP,2020-04-01,Generac,active
BATT-005201,CUST-0174905,XFMR-026966,FDR-0080,SUB-018,33.433964,-112.22839,17.1,5.5,LFP,2020-01-01,SolarEdge,active
BATT-005202,CUST-0174939,XFMR-026970,FDR-0080,SUB-018,33.433555,-112.228851,17.1,5.2,NMC,2022-11-01,SunPower,active
BATT-005203,CUST-0174948,XFMR-026971,FDR-0080,SUB-018,33.433894,-112.229648,332.0,163.5,LFP,2021-09-01,Generac,active
BATT-005204,CUST-0174953,XFMR-026972,FDR-0080,SUB-018,33.434191,-112.229551,19.0,7.4,lithium-ion,2021-02-01,Tesla,active
BATT-005205,CUST-0174958,XFMR-026973,FDR-0080,SUB-018,33.433634,-112.229263,10.1,3.2,LFP,2024-09-01,Enphase,active
BATT-005206,CUST-0175116,XFMR-026996,FDR-0080,SUB-018,33.433561,-112.231468,20.9,10.3,LFP,2023-11-01,SunPower,active
BATT-005207,CUST-0175120,XFMR-026996,FDR-0080,SUB-018,33.434117,-112.231624,16.5,6.8,lithium-ion,2024-06-01,Tesla,active
BATT-005208,CUST-0175134,XFMR-026997,FDR-0080,SUB-018,33.434096,-112.231241,9.5,3.8,LFP,2024-04-01,SolarEdge,active
BATT-005209,CUST-0175163,XFMR-027002,FDR-0080,SUB-018,33.433813,-112.231683,10.6,4.0,lithium-ion,2021-10-01,Enphase,active
BATT-005210,CUST-0175193,XFMR-027008,FDR-0081,SUB-018,33.432573,-112.195289,10.2,3.3,lithium-ion,2021-05-01,Enphase,active
BATT-005211,CUST-0175263,XFMR-027019,FDR-0081,SUB-018,33.430051,-112.195942,12.8,5.1,lithium-ion,2022-06-01,Enphase,active
BATT-005212,CUST-0175316,XFMR-027029,FDR-0081,SUB-018,33.428,-112.195872,10.3,4.6,LFP,2022-06-01,SunPower,active
BATT-005213,CUST-0175398,XFMR-027040,FDR-0081,SUB-018,33.425656,-112.195258,9.9,3.7,NMC,2022-09-01,Generac,active
BATT-005214,CUST-0175445,XFMR-027047,FDR-0081,SUB-018,33.424007,-112.195458,20.8,6.4,lithium-ion,2021-07-01,Generac,active
BATT-005215,CUST-0175453,XFMR-027048,FDR-0081,SUB-018,33.42367,-112.196046,14.7,6.1,lithium-ion,2023-07-01,Generac,active
BATT-005216,CUST-0175459,XFMR-027049,FDR-0081,SUB-018,33.423759,-112.195677,497.2,143.4,NMC,2023-02-01,SolarEdge,active
BATT-005217,CUST-0175488,XFMR-027054,FDR-0081,SUB-018,33.422031,-112.195384,10.5,3.8,NMC,2023-11-01,SunPower,active
BATT-005218,CUST-0175543,XFMR-027064,FDR-0081,SUB-018,33.419557,-112.195447,129.0,45.3,LFP,2023-12-01,SolarEdge,active
BATT-005219,CUST-0175544,XFMR-027064,FDR-0081,SUB-018,33.419752,-112.196069,163.3,57.4,NMC,2023-10-01,SunPower,active
BATT-005220,CUST-0175565,XFMR-027066,FDR-0081,SUB-018,33.419215,-112.195539,338.6,146.8,LFP,2023-01-01,SolarEdge,active
BATT-005221,CUST-0175612,XFMR-027074,FDR-0081,SUB-018,33.417409,-112.19574,18.6,8.6,NMC,2024-01-01,Enphase,active
BATT-005222,CUST-0175634,XFMR-027078,FDR-0081,SUB-018,33.417125,-112.195786,20.1,7.2,LFP,2022-02-01,Enphase,active
BATT-005223,CUST-0175661,XFMR-027081,FDR-0081,SUB-018,33.416436,-112.195439,10.8,4.1,LFP,2023-01-01,SolarEdge,active
BATT-005224,CUST-0175668,XFMR-027082,FDR-0081,SUB-018,33.416143,-112.195457,12.2,5.5,lithium-ion,2020-11-01,Generac,active
BATT-005225,CUST-0175674,XFMR-027083,FDR-0081,SUB-018,33.415966,-112.19507,20.5,9.1,LFP,2024-01-01,Tesla,active
BATT-005226,CUST-0175675,XFMR-027083,FDR-0081,SUB-018,33.416144,-112.195722,17.0,7.8,LFP,2023-10-01,BYD,active
BATT-005227,CUST-0175757,XFMR-027097,FDR-0081,SUB-018,33.412478,-112.195895,296.8,142.1,NMC,2024-07-01,BYD,active
BATT-005228,CUST-0175765,XFMR-027098,FDR-0081,SUB-018,33.412352,-112.195609,14.9,6.6,LFP,2020-03-01,Enphase,active
BATT-005229,CUST-0175781,XFMR-027100,FDR-0081,SUB-018,33.412329,-112.195414,14.7,6.2,LFP,2021-07-01,Tesla,active
BATT-005230,CUST-0175796,XFMR-027103,FDR-0081,SUB-018,33.410951,-112.195273,14.6,6.8,LFP,2024-07-01,BYD,active
BATT-005231,CUST-0175833,XFMR-027109,FDR-0081,SUB-018,33.409502,-112.195999,18.5,5.7,LFP,2023-02-01,BYD,active
BATT-005232,CUST-0175884,XFMR-027116,FDR-0081,SUB-018,33.408595,-112.195947,13.6,5.5,lithium-ion,2024-09-01,SolarEdge,active
BATT-005233,CUST-0175907,XFMR-027120,FDR-0081,SUB-018,33.407286,-112.195812,9.2,3.5,LFP,2023-11-01,Generac,active
BATT-005234,CUST-0175954,XFMR-027127,FDR-0081,SUB-018,33.405854,-112.195298,330.8,91.3,lithium-ion,2024-08-01,SolarEdge,active
BATT-005235,CUST-0175976,XFMR-027131,FDR-0081,SUB-018,33.404974,-112.195854,19.1,7.6,LFP,2021-12-01,Enphase,active
BATT-005236,CUST-0176020,XFMR-027138,FDR-0081,SUB-018,33.403306,-112.195194,19.4,6.2,lithium-ion,2023-06-01,BYD,active
BATT-005237,CUST-0176094,XFMR-027148,FDR-0081,SUB-018,33.400842,-112.195927,93.0,31.7,LFP,2020-07-01,SolarEdge,active
BATT-005238,CUST-0176120,XFMR-027151,FDR-0081,SUB-018,33.400211,-112.195465,13.0,4.1,NMC,2021-07-01,SolarEdge,active
BATT-005239,CUST-0176136,XFMR-027152,FDR-0081,SUB-018,33.400577,-112.196004,19.7,8.9,lithium-ion,2020-10-01,BYD,active
BATT-005240,CUST-0176168,XFMR-027157,FDR-0081,SUB-018,33.398859,-112.195099,9.6,3.4,LFP,2021-03-01,Enphase,active
BATT-005241,CUST-0176170,XFMR-027157,FDR-0081,SUB-018,33.398793,-112.195105,9.9,4.2,NMC,2024-07-01,BYD,active
BATT-005242,CUST-0176195,XFMR-027163,FDR-0081,SUB-018,33.397904,-112.195399,15.0,4.7,LFP,2020-08-01,Generac,active
BATT-005243,CUST-0176211,XFMR-027165,FDR-0081,SUB-018,33.397042,-112.195808,13.5,5.5,LFP,2020-01-01,SolarEdge,active
BATT-005244,CUST-0176246,XFMR-027170,FDR-0081,SUB-018,33.39581,-112.196058,20.4,8.6,lithium-ion,2020-07-01,Enphase,active
BATT-005245,CUST-0176298,XFMR-027175,FDR-0081,SUB-018,33.395237,-112.19538,10.7,3.6,NMC,2022-08-01,Enphase,active
BATT-005246,CUST-0176371,XFMR-027186,FDR-0081,SUB-018,33.392255,-112.195707,13.6,4.4,lithium-ion,2021-10-01,BYD,active
BATT-005247,CUST-0176390,XFMR-027188,FDR-0081,SUB-018,33.392028,-112.195362,42.8,20.6,lithium-ion,2023-05-01,SunPower,active
BATT-005248,CUST-0176425,XFMR-027193,FDR-0081,SUB-018,33.391313,-112.195986,19.0,6.5,LFP,2021-03-01,Enphase,active
BATT-005249,CUST-0176448,XFMR-027195,FDR-0081,SUB-018,33.39024,-112.195925,17.5,6.4,NMC,2020-10-01,SunPower,active
BATT-005250,CUST-0176463,XFMR-027197,FDR-0081,SUB-018,33.389733,-112.196025,19.9,8.5,lithium-ion,2023-01-01,SunPower,active
BATT-005251,CUST-0176483,XFMR-027199,FDR-0081,SUB-018,33.389855,-112.19541,27.5,11.1,NMC,2024-01-01,Enphase,active
BATT-005252,CUST-0176560,XFMR-027212,FDR-0081,SUB-018,33.386989,-112.19538,21.9,7.3,NMC,2021-07-01,BYD,active
BATT-005253,CUST-0176592,XFMR-027216,FDR-0081,SUB-018,33.386067,-112.195825,375.8,187.7,lithium-ion,2023-02-01,Generac,active
BATT-005254,CUST-0176658,XFMR-027227,FDR-0081,SUB-018,33.383017,-112.195811,62.4,15.8,NMC,2021-01-01,BYD,active
BATT-005255,CUST-0176675,XFMR-027229,FDR-0081,SUB-018,33.38267,-112.195349,10.9,4.6,NMC,2021-06-01,SunPower,active
BATT-005256,CUST-0176701,XFMR-027235,FDR-0081,SUB-018,33.381478,-112.195676,18.1,7.0,LFP,2023-01-01,Enphase,active
BATT-005257,CUST-0176788,XFMR-027248,FDR-0081,SUB-018,33.378582,-112.195381,9.3,4.0,LFP,2020-01-01,Enphase,active
BATT-005258,CUST-0176817,XFMR-027253,FDR-0081,SUB-018,33.377369,-112.195726,20.2,6.8,lithium-ion,2024-07-01,Enphase,active
BATT-005259,CUST-0176897,XFMR-027265,FDR-0081,SUB-018,33.37512,-112.195882,19.0,7.4,NMC,2020-09-01,Generac,active
BATT-005260,CUST-0176948,XFMR-027273,FDR-0081,SUB-018,33.373217,-112.195702,19.0,9.1,NMC,2020-06-01,Enphase,active
BATT-005261,CUST-0176980,XFMR-027279,FDR-0081,SUB-018,33.371641,-112.195316,123.9,45.0,lithium-ion,2021-12-01,SunPower,active
BATT-005262,CUST-0176982,XFMR-027279,FDR-0081,SUB-018,33.371884,-112.1959,21.7,8.9,LFP,2024-01-01,Tesla,active
BATT-005263,CUST-0176994,XFMR-027283,FDR-0081,SUB-018,33.370844,-112.19527,18.2,6.1,NMC,2020-11-01,Generac,active
BATT-005264,CUST-0177051,XFMR-027295,FDR-0081,SUB-018,33.367764,-112.19538,14.6,5.3,lithium-ion,2023-02-01,BYD,active
BATT-005265,CUST-0177100,XFMR-027302,FDR-0081,SUB-018,33.366558,-112.195183,12.5,6.1,lithium-ion,2024-01-01,BYD,active
BATT-005266,CUST-0177103,XFMR-027302,FDR-0081,SUB-018,33.366684,-112.195775,13.4,5.1,LFP,2022-12-01,Tesla,active
BATT-005267,CUST-0177116,XFMR-027304,FDR-0081,SUB-018,33.366316,-112.195109,20.3,6.8,NMC,2023-07-01,Generac,active
BATT-005268,CUST-0177145,XFMR-027309,FDR-0081,SUB-018,33.364818,-112.195093,14.9,4.5,LFP,2021-09-01,Enphase,active
BATT-005269,CUST-0177161,XFMR-027311,FDR-0081,SUB-018,33.364764,-112.195579,47.6,19.3,lithium-ion,2022-05-01,BYD,active
BATT-005270,CUST-0177190,XFMR-027315,FDR-0081,SUB-018,33.36394,-112.195735,16.1,5.5,lithium-ion,2021-10-01,Generac,active
BATT-005271,CUST-0177200,XFMR-027318,FDR-0081,SUB-018,33.363055,-112.195857,14.8,5.2,NMC,2022-02-01,Tesla,active
BATT-005272,CUST-0177240,XFMR-027324,FDR-0081,SUB-018,33.361876,-112.195691,16.8,6.1,LFP,2024-11-01,SolarEdge,active
BATT-005273,CUST-0177270,XFMR-027328,FDR-0081,SUB-018,33.360922,-112.196096,15.5,5.7,lithium-ion,2021-05-01,SunPower,active
BATT-005274,CUST-0177320,XFMR-027337,FDR-0081,SUB-018,33.358442,-112.195546,128.1,54.3,NMC,2022-09-01,Generac,active
BATT-005275,CUST-0177339,XFMR-027340,FDR-0081,SUB-018,33.357585,-112.195902,41.4,16.5,NMC,2024-04-01,Tesla,active
BATT-005276,CUST-0177345,XFMR-027341,FDR-0081,SUB-018,33.35748,-112.195468,14.7,7.1,lithium-ion,2020-11-01,SunPower,active
BATT-005277,CUST-0177409,XFMR-027350,FDR-0081,SUB-018,33.355767,-112.195166,10.3,3.4,lithium-ion,2024-03-01,Enphase,active
BATT-005278,CUST-0177436,XFMR-027356,FDR-0081,SUB-018,33.354058,-112.195824,16.2,7.4,lithium-ion,2021-09-01,BYD,active
BATT-005279,CUST-0177453,XFMR-027358,FDR-0081,SUB-018,33.353655,-112.195933,21.4,10.6,NMC,2021-07-01,BYD,active
BATT-005280,CUST-0177491,XFMR-027363,FDR-0081,SUB-018,33.352804,-112.195493,10.4,3.7,NMC,2022-01-01,Generac,active
BATT-005281,CUST-0177531,XFMR-027370,FDR-0081,SUB-018,33.351607,-112.195193,498.6,233.0,NMC,2020-10-01,SolarEdge,active
BATT-005282,CUST-0177575,XFMR-027378,FDR-0082,SUB-018,33.434138,-112.195195,15.4,6.2,LFP,2020-01-01,Tesla,active
BATT-005283,CUST-0177613,XFMR-027385,FDR-0082,SUB-018,33.433924,-112.193912,15.7,6.7,LFP,2020-08-01,Generac,active
BATT-005284,CUST-0177672,XFMR-027395,FDR-0082,SUB-018,33.43427,-112.192049,18.4,7.6,NMC,2023-04-01,SolarEdge,active
BATT-005285,CUST-0177761,XFMR-027408,FDR-0082,SUB-018,33.433697,-112.188872,14.7,4.5,lithium-ion,2024-10-01,BYD,active
BATT-005286,CUST-0177814,XFMR-027414,FDR-0082,SUB-018,33.433737,-112.188602,341.5,114.6,NMC,2020-09-01,Generac,active
BATT-005287,CUST-0177899,XFMR-027429,FDR-0082,SUB-018,33.433656,-112.184858,9.5,3.1,LFP,2022-07-01,Tesla,active
BATT-005288,CUST-0177917,XFMR-027431,FDR-0082,SUB-018,33.433895,-112.185047,22.0,9.9,LFP,2022-01-01,SolarEdge,active
BATT-005289,CUST-0177946,XFMR-027435,FDR-0082,SUB-018,33.433872,-112.18434,441.7,135.0,lithium-ion,2023-03-01,Enphase,active
BATT-005290,CUST-0177983,XFMR-027439,FDR-0082,SUB-018,33.434132,-112.183866,9.1,4.1,NMC,2022-02-01,Generac,active
BATT-005291,CUST-0177990,XFMR-027440,FDR-0082,SUB-018,33.43375,-112.183457,13.7,5.4,LFP,2022-05-01,SunPower,active
BATT-005292,CUST-0178017,XFMR-027443,FDR-0082,SUB-018,33.434202,-112.182562,19.7,9.5,LFP,2022-08-01,Tesla,active
BATT-005293,CUST-0178025,XFMR-027444,FDR-0082,SUB-018,33.434084,-112.182725,21.5,7.4,lithium-ion,2020-11-01,Tesla,active
BATT-005294,CUST-0178031,XFMR-027445,FDR-0082,SUB-018,33.433891,-112.182349,9.1,3.5,NMC,2024-09-01,Enphase,active
BATT-005295,CUST-0178037,XFMR-027447,FDR-0082,SUB-018,33.433528,-112.182123,10.4,3.6,lithium-ion,2021-09-01,SolarEdge,active
BATT-005296,CUST-0178047,XFMR-027449,FDR-0082,SUB-018,33.434105,-112.181258,19.4,6.2,LFP,2021-01-01,Tesla,active
BATT-005297,CUST-0178084,XFMR-027454,FDR-0082,SUB-018,33.434263,-112.180791,15.5,6.2,LFP,2020-04-01,Enphase,active
BATT-005298,CUST-0178113,XFMR-027457,FDR-0082,SUB-018,33.433832,-112.179592,444.4,166.7,LFP,2021-03-01,Enphase,active
BATT-005299,CUST-0178172,XFMR-027465,FDR-0082,SUB-018,33.433533,-112.178918,194.6,95.1,NMC,2024-09-01,Generac,active
BATT-005300,CUST-0178202,XFMR-027471,FDR-0082,SUB-018,33.434074,-112.177778,45.6,14.6,LFP,2022-04-01,Enphase,active
BATT-005301,CUST-0178226,XFMR-027474,FDR-0082,SUB-018,33.433692,-112.176874,12.5,5.8,NMC,2024-07-01,Enphase,active
BATT-005302,CUST-0178268,XFMR-027478,FDR-0082,SUB-018,33.433831,-112.175834,13.5,4.4,lithium-ion,2021-06-01,SunPower,active
BATT-005303,CUST-0178274,XFMR-027479,FDR-0082,SUB-018,33.433544,-112.175528,21.9,7.8,lithium-ion,2020-09-01,BYD,active
BATT-005304,CUST-0178351,XFMR-027493,FDR-0082,SUB-018,33.433547,-112.173295,14.0,5.0,LFP,2020-12-01,SolarEdge,active
BATT-005305,CUST-0178417,XFMR-027503,FDR-0082,SUB-018,33.434125,-112.171556,21.1,9.1,lithium-ion,2021-02-01,Generac,active
BATT-005306,CUST-0178476,XFMR-027510,FDR-0082,SUB-018,33.434174,-112.170173,13.4,4.2,LFP,2022-08-01,SunPower,active
BATT-005307,CUST-0178494,XFMR-027513,FDR-0082,SUB-018,33.433566,-112.169133,20.3,9.5,LFP,2024-02-01,SolarEdge,active
BATT-005308,CUST-0178517,XFMR-027515,FDR-0082,SUB-018,33.434233,-112.168826,42.9,17.4,lithium-ion,2022-11-01,BYD,active
BATT-005309,CUST-0178529,XFMR-027516,FDR-0082,SUB-018,33.434069,-112.168538,52.8,20.9,LFP,2023-06-01,Generac,active
BATT-005310,CUST-0178541,XFMR-027518,FDR-0082,SUB-018,33.433588,-112.168774,9.2,4.4,NMC,2022-10-01,Enphase,active
BATT-005311,CUST-0178558,XFMR-027521,FDR-0082,SUB-018,33.434069,-112.167649,167.7,54.8,NMC,2023-05-01,SolarEdge,active
BATT-005312,CUST-0178562,XFMR-027521,FDR-0082,SUB-018,33.433998,-112.168246,14.4,4.8,NMC,2024-09-01,Generac,active
BATT-005313,CUST-0178591,XFMR-027526,FDR-0082,SUB-018,33.434158,-112.166956,10.3,3.8,LFP,2022-11-01,SolarEdge,active
BATT-005314,CUST-0178676,XFMR-027538,FDR-0082,SUB-018,33.433842,-112.16432,15.6,6.7,LFP,2024-08-01,SolarEdge,active
BATT-005315,CUST-0178706,XFMR-027541,FDR-0082,SUB-018,33.433818,-112.16353,20.4,7.0,NMC,2022-10-01,Enphase,active
BATT-005316,CUST-0178846,XFMR-027562,FDR-0082,SUB-018,33.43405,-112.160413,17.4,5.8,lithium-ion,2023-10-01,Generac,active
BATT-005317,CUST-0178877,XFMR-027565,FDR-0082,SUB-018,33.433475,-112.159531,12.2,4.1,NMC,2023-09-01,Generac,active
BATT-005318,CUST-0178964,XFMR-027578,FDR-0082,SUB-018,33.434031,-112.157117,246.7,105.9,lithium-ion,2022-06-01,SunPower,active
BATT-005319,CUST-0179046,XFMR-027590,FDR-0082,SUB-018,33.43414,-112.154333,329.8,111.5,NMC,2021-07-01,SunPower,active
BATT-005320,CUST-0179072,XFMR-027593,FDR-0082,SUB-018,33.433732,-112.15391,9.9,3.6,lithium-ion,2024-05-01,Tesla,active
BATT-005321,CUST-0179126,XFMR-027602,FDR-0082,SUB-018,33.43396,-112.151923,13.5,5.0,lithium-ion,2023-11-01,SunPower,active
BATT-005322,CUST-0179202,XFMR-027613,FDR-0082,SUB-018,33.433698,-112.1504,17.5,6.4,lithium-ion,2020-08-01,SunPower,active
BATT-005323,CUST-0179234,XFMR-027617,FDR-0082,SUB-018,33.433653,-112.149079,18.4,7.6,NMC,2024-12-01,Generac,active
BATT-005324,CUST-0179291,XFMR-027625,FDR-0082,SUB-018,33.434129,-112.147911,13.1,6.1,NMC,2024-03-01,SolarEdge,active
BATT-005325,CUST-0179294,XFMR-027625,FDR-0082,SUB-018,33.434316,-112.147838,12.6,3.9,lithium-ion,2023-11-01,SolarEdge,active
BATT-005326,CUST-0179310,XFMR-027627,FDR-0082,SUB-018,33.433663,-112.147452,21.6,7.2,NMC,2021-05-01,SunPower,active
BATT-005327,CUST-0179334,XFMR-027629,FDR-0082,SUB-018,33.434025,-112.147331,10.8,3.4,LFP,2024-06-01,SolarEdge,active
BATT-005328,CUST-0179346,XFMR-027631,FDR-0082,SUB-018,33.433852,-112.146707,9.2,4.3,LFP,2021-05-01,SolarEdge,active
BATT-005329,CUST-0179504,XFMR-027659,FDR-0082,SUB-018,33.433671,-112.141967,498.5,193.7,lithium-ion,2021-07-01,SunPower,active
BATT-005330,CUST-0179527,XFMR-027664,FDR-0082,SUB-018,33.433677,-112.140898,14.5,6.1,LFP,2024-06-01,Generac,active
BATT-005331,CUST-0179572,XFMR-027670,FDR-0082,SUB-018,33.433646,-112.139159,10.7,3.8,LFP,2024-03-01,SunPower,active
BATT-005332,CUST-0179589,XFMR-027672,FDR-0082,SUB-018,33.433622,-112.138751,20.9,7.0,lithium-ion,2020-04-01,SolarEdge,active
BATT-005333,CUST-0179592,XFMR-027673,FDR-0082,SUB-018,33.43397,-112.139127,18.8,8.3,NMC,2021-03-01,Tesla,active
BATT-005334,CUST-0179601,XFMR-027673,FDR-0082,SUB-018,33.433725,-112.139291,17.2,7.6,LFP,2020-12-01,SolarEdge,active
BATT-005335,CUST-0179636,XFMR-027679,FDR-0082,SUB-018,33.433504,-112.138128,13.2,5.7,LFP,2023-05-01,Tesla,active
BATT-005336,CUST-0179642,XFMR-027679,FDR-0082,SUB-018,33.433529,-112.137368,9.8,4.0,LFP,2021-03-01,SolarEdge,active
BATT-005337,CUST-0179671,XFMR-027683,FDR-0082,SUB-018,33.433567,-112.136589,10.2,3.7,lithium-ion,2023-04-01,SunPower,active
BATT-005338,CUST-0179686,XFMR-027685,FDR-0082,SUB-018,33.434357,-112.13688,419.7,159.5,lithium-ion,2021-02-01,BYD,active
BATT-005339,CUST-0179766,XFMR-027700,FDR-0082,SUB-018,33.433682,-112.134077,15.5,4.7,NMC,2024-06-01,Enphase,active
BATT-005340,CUST-0179874,XFMR-027720,FDR-0082,SUB-018,33.433901,-112.130367,18.7,8.4,LFP,2021-07-01,Generac,active
BATT-005341,CUST-0179901,XFMR-027724,FDR-0082,SUB-018,33.434039,-112.128894,21.0,10.5,NMC,2023-11-01,BYD,active
BATT-005342,CUST-0179918,XFMR-027726,FDR-0082,SUB-018,33.43407,-112.129134,320.2,99.0,lithium-ion,2021-05-01,SolarEdge,active
BATT-005343,CUST-0180038,XFMR-027742,FDR-0082,SUB-018,33.434099,-112.125992,387.0,179.6,LFP,2024-03-01,Tesla,active
BATT-005344,CUST-0180063,XFMR-027745,FDR-0082,SUB-018,33.434139,-112.124832,9.6,4.3,LFP,2020-10-01,SunPower,active
BATT-005345,CUST-0180083,XFMR-027749,FDR-0082,SUB-018,33.433762,-112.124115,21.9,10.5,NMC,2020-08-01,BYD,active
BATT-005346,CUST-0180084,XFMR-027749,FDR-0082,SUB-018,33.434192,-112.124203,429.5,136.0,LFP,2020-12-01,BYD,active
BATT-005347,CUST-0180188,XFMR-027764,FDR-0082,SUB-018,33.4341,-112.121562,21.4,8.8,LFP,2021-02-01,BYD,active
BATT-005348,CUST-0180196,XFMR-027767,FDR-0082,SUB-018,33.433602,-112.120879,19.3,7.9,lithium-ion,2022-06-01,Enphase,active
BATT-005349,CUST-0180202,XFMR-027767,FDR-0082,SUB-018,33.433493,-112.121075,19.2,8.4,lithium-ion,2022-10-01,SunPower,active
BATT-005350,CUST-0180213,XFMR-027769,FDR-0082,SUB-018,33.433838,-112.120273,11.0,4.8,LFP,2022-12-01,BYD,active
BATT-005351,CUST-0180219,XFMR-027770,FDR-0082,SUB-018,33.433584,-112.120334,385.0,157.9,LFP,2022-08-01,BYD,inactive
BATT-005352,CUST-0180250,XFMR-027775,FDR-0082,SUB-018,33.434029,-112.119016,15.2,4.8,LFP,2022-09-01,SolarEdge,active
BATT-005353,CUST-0180258,XFMR-027776,FDR-0082,SUB-018,33.433972,-112.119071,20.1,9.7,lithium-ion,2023-04-01,Enphase,active
BATT-005354,CUST-0180310,XFMR-027785,FDR-0082,SUB-018,33.433945,-112.117295,10.1,3.5,lithium-ion,2021-05-01,Generac,active
BATT-005355,CUST-0180334,XFMR-027791,FDR-0082,SUB-018,33.434279,-112.116357,235.6,76.9,LFP,2024-04-01,Enphase,inactive
BATT-005356,CUST-0180349,XFMR-027794,FDR-0082,SUB-018,33.43355,-112.116199,93.2,31.3,LFP,2023-08-01,SolarEdge,active
BATT-005357,CUST-0180354,XFMR-027795,FDR-0082,SUB-018,33.43362,-112.115753,19.3,7.6,NMC,2023-03-01,Enphase,active
BATT-005358,CUST-0180389,XFMR-027801,FDR-0082,SUB-018,33.434085,-112.114231,15.2,5.0,NMC,2020-03-01,SunPower,active
BATT-005359,CUST-0180415,XFMR-027806,FDR-0082,SUB-018,33.434224,-112.113512,19.3,6.7,LFP,2023-08-01,BYD,active
BATT-005360,CUST-0180443,XFMR-027810,FDR-0082,SUB-018,33.434169,-112.113098,298.7,82.0,LFP,2021-12-01,Tesla,active
BATT-005361,CUST-0180512,XFMR-027820,FDR-0082,SUB-018,33.433551,-112.110718,12.3,4.7,LFP,2021-02-01,SolarEdge,active
BATT-005362,CUST-0180538,XFMR-027825,FDR-0082,SUB-018,33.433715,-112.110371,9.2,4.6,lithium-ion,2024-04-01,Enphase,active
BATT-005363,CUST-0180633,XFMR-027842,FDR-0082,SUB-018,33.434154,-112.106829,72.0,25.1,LFP,2023-07-01,BYD,active
BATT-005364,CUST-0180654,XFMR-027845,FDR-0082,SUB-018,33.433977,-112.106516,12.8,4.9,LFP,2023-11-01,SunPower,active
BATT-005365,CUST-0180687,XFMR-027850,FDR-0082,SUB-018,33.433549,-112.104928,20.9,10.0,LFP,2020-08-01,Tesla,active
BATT-005366,CUST-0180744,XFMR-027859,FDR-0082,SUB-018,33.434155,-112.103681,17.6,6.0,NMC,2022-04-01,Generac,active
BATT-005367,CUST-0180771,XFMR-027862,FDR-0082,SUB-018,33.43367,-112.103101,12.6,5.5,NMC,2023-02-01,Generac,active
BATT-005368,CUST-0180804,XFMR-027867,FDR-0082,SUB-018,33.434164,-112.10152,20.9,6.5,LFP,2022-02-01,BYD,active
BATT-005369,CUST-0180818,XFMR-027869,FDR-0082,SUB-018,33.43403,-112.101613,9.9,3.8,NMC,2021-05-01,SolarEdge,active
BATT-005370,CUST-0180822,XFMR-027870,FDR-0082,SUB-018,33.434151,-112.101516,9.5,3.8,NMC,2020-01-01,Generac,active
BATT-005371,CUST-0180837,XFMR-027871,FDR-0082,SUB-018,33.434198,-112.101186,19.2,6.0,LFP,2022-01-01,Generac,active
BATT-005372,CUST-0180921,XFMR-027883,FDR-0082,SUB-018,33.433939,-112.098838,18.1,6.8,NMC,2021-09-01,Tesla,active
BATT-005373,CUST-0180953,XFMR-027886,FDR-0082,SUB-018,33.434131,-112.097941,17.0,5.3,NMC,2023-04-01,Tesla,active
BATT-005374,CUST-0180958,XFMR-027887,FDR-0082,SUB-018,33.434264,-112.098341,10.5,5.2,NMC,2022-01-01,SunPower,active
BATT-005375,CUST-0180970,XFMR-027889,FDR-0082,SUB-018,33.434155,-112.097267,73.4,27.3,NMC,2024-05-01,Enphase,active
BATT-005376,CUST-0181053,XFMR-027902,FDR-0083,SUB-018,33.434452,-112.195158,13.4,6.3,lithium-ion,2022-02-01,Generac,active
BATT-005377,CUST-0181087,XFMR-027907,FDR-0083,SUB-018,33.435601,-112.195194,18.5,9.2,LFP,2020-09-01,SolarEdge,active
BATT-005378,CUST-0181126,XFMR-027914,FDR-0083,SUB-018,33.436434,-112.1953,9.3,4.2,LFP,2022-07-01,SunPower,active
BATT-005379,CUST-0181152,XFMR-027919,FDR-0083,SUB-018,33.436949,-112.195909,21.6,9.8,NMC,2023-06-01,Enphase,active
BATT-005380,CUST-0181198,XFMR-027925,FDR-0083,SUB-018,33.437656,-112.195868,22.0,7.6,LFP,2020-08-01,Enphase,active
BATT-005381,CUST-0181250,XFMR-027933,FDR-0083,SUB-018,33.438599,-112.195647,216.3,69.0,lithium-ion,2020-01-01,SolarEdge,active
BATT-005382,CUST-0181258,XFMR-027933,FDR-0083,SUB-018,33.438326,-112.195205,9.1,3.5,lithium-ion,2022-03-01,Generac,active
BATT-005383,CUST-0181275,XFMR-027937,FDR-0083,SUB-018,33.43862,-112.195323,149.6,55.5,lithium-ion,2023-08-01,Tesla,active
BATT-005384,CUST-0181310,XFMR-027941,FDR-0083,SUB-018,33.439347,-112.195805,171.3,52.9,NMC,2022-02-01,SolarEdge,active
BATT-005385,CUST-0181416,XFMR-027956,FDR-0083,SUB-018,33.440474,-112.195234,376.2,141.8,NMC,2021-03-01,SolarEdge,active
BATT-005386,CUST-0181426,XFMR-027958,FDR-0083,SUB-018,33.440796,-112.195872,12.3,6.0,NMC,2022-12-01,Tesla,active
BATT-005387,CUST-0181444,XFMR-027960,FDR-0083,SUB-018,33.441259,-112.196078,19.9,8.7,lithium-ion,2022-12-01,Generac,active
BATT-005388,CUST-0181488,XFMR-027966,FDR-0083,SUB-018,33.441911,-112.195283,13.5,4.7,NMC,2022-09-01,Generac,active
BATT-005389,CUST-0181523,XFMR-027973,FDR-0083,SUB-018,33.442941,-112.195785,18.3,5.7,LFP,2024-03-01,SolarEdge,active
BATT-005390,CUST-0181627,XFMR-027990,FDR-0083,SUB-018,33.444212,-112.196067,10.8,3.3,NMC,2023-01-01,Enphase,active
BATT-005391,CUST-0181639,XFMR-027992,FDR-0083,SUB-018,33.444708,-112.195674,17.0,6.8,lithium-ion,2022-01-01,SunPower,active
BATT-005392,CUST-0181671,XFMR-027996,FDR-0083,SUB-018,33.445332,-112.195754,21.4,6.9,lithium-ion,2024-05-01,BYD,active
BATT-005393,CUST-0181679,XFMR-027997,FDR-0083,SUB-018,33.445174,-112.19532,108.2,30.8,NMC,2024-04-01,Enphase,active
BATT-005394,CUST-0181680,XFMR-027997,FDR-0083,SUB-018,33.445639,-112.195466,11.0,5.0,LFP,2021-02-01,Tesla,active
BATT-005395,CUST-0181684,XFMR-027998,FDR-0083,SUB-018,33.445113,-112.195397,16.8,6.9,LFP,2020-07-01,BYD,active
BATT-005396,CUST-0181727,XFMR-028003,FDR-0083,SUB-018,33.445641,-112.195329,9.0,3.2,LFP,2024-04-01,BYD,active
BATT-005397,CUST-0181729,XFMR-028003,FDR-0083,SUB-018,33.445825,-112.195827,12.7,5.5,NMC,2022-09-01,SunPower,active
BATT-005398,CUST-0181737,XFMR-028004,FDR-0083,SUB-018,33.445685,-112.195971,14.5,6.5,NMC,2024-05-01,SunPower,active
BATT-005399,CUST-0181746,XFMR-028005,FDR-0083,SUB-018,33.446272,-112.19524,14.6,4.5,NMC,2024-03-01,Enphase,active
BATT-005400,CUST-0181747,XFMR-028005,FDR-0083,SUB-018,33.4465,-112.195205,84.3,33.7,lithium-ion,2021-07-01,Generac,active
BATT-005401,CUST-0181798,XFMR-028012,FDR-0083,SUB-018,33.446839,-112.195213,20.5,6.4,NMC,2021-07-01,SunPower,active
BATT-005402,CUST-0181817,XFMR-028015,FDR-0083,SUB-018,33.447456,-112.195862,10.7,4.0,LFP,2022-04-01,SunPower,active
BATT-005403,CUST-0181821,XFMR-028015,FDR-0083,SUB-018,33.447583,-112.195726,13.7,5.1,lithium-ion,2021-01-01,Tesla,active
BATT-005404,CUST-0181860,XFMR-028020,FDR-0083,SUB-018,33.447648,-112.195496,9.3,4.3,LFP,2020-11-01,Generac,active
BATT-005405,CUST-0181913,XFMR-028027,FDR-0083,SUB-018,33.44826,-112.195468,17.5,5.3,lithium-ion,2022-09-01,Enphase,active
BATT-005406,CUST-0181928,XFMR-028030,FDR-0083,SUB-018,33.449026,-112.195115,20.5,8.0,NMC,2020-10-01,Generac,active
BATT-005407,CUST-0181972,XFMR-028036,FDR-0083,SUB-018,33.450006,-112.195336,14.2,6.2,LFP,2022-09-01,Enphase,active
BATT-005408,CUST-0181974,XFMR-028036,FDR-0083,SUB-018,33.449439,-112.19581,9.7,4.2,LFP,2021-12-01,Tesla,active
BATT-005409,CUST-0182002,XFMR-028039,FDR-0083,SUB-018,33.449617,-112.195175,9.9,3.9,NMC,2024-12-01,Tesla,active
BATT-005410,CUST-0182003,XFMR-028039,FDR-0083,SUB-018,33.45023,-112.195739,21.3,6.8,lithium-ion,2024-12-01,Enphase,active
BATT-005411,CUST-0182017,XFMR-028046,FDR-0083,SUB-018,33.451072,-112.195431,20.0,9.4,lithium-ion,2020-07-01,BYD,active
BATT-005412,CUST-0182035,XFMR-028053,FDR-0083,SUB-018,33.451188,-112.195377,14.3,5.5,LFP,2023-10-01,Enphase,active
BATT-005413,CUST-0182062,XFMR-028056,FDR-0083,SUB-018,33.451766,-112.195833,21.1,7.1,lithium-ion,2022-11-01,BYD,active
BATT-005414,CUST-0182100,XFMR-028062,FDR-0083,SUB-018,33.452473,-112.195831,21.7,9.6,LFP,2023-01-01,SunPower,active
BATT-005415,CUST-0182105,XFMR-028062,FDR-0083,SUB-018,33.45269,-112.195891,12.8,5.4,lithium-ion,2022-07-01,Generac,active
BATT-005416,CUST-0182171,XFMR-028073,FDR-0083,SUB-018,33.453908,-112.195321,14.7,5.0,NMC,2022-08-01,Generac,active
BATT-005417,CUST-0182194,XFMR-028075,FDR-0083,SUB-018,33.454174,-112.195787,15.5,4.7,lithium-ion,2020-02-01,Generac,active
BATT-005418,CUST-0182226,XFMR-028081,FDR-0083,SUB-018,33.454736,-112.195785,10.5,3.7,lithium-ion,2024-02-01,SunPower,active
BATT-005419,CUST-0182261,XFMR-028086,FDR-0083,SUB-018,33.454863,-112.196067,9.3,4.0,NMC,2022-10-01,SolarEdge,active
BATT-005420,CUST-0182302,XFMR-028092,FDR-0083,SUB-018,33.455887,-112.195935,10.1,4.5,NMC,2023-02-01,SunPower,inactive
BATT-005421,CUST-0182414,XFMR-028111,FDR-0083,SUB-018,33.457978,-112.195313,10.1,4.3,LFP,2020-09-01,SunPower,active
BATT-005422,CUST-0182465,XFMR-028119,FDR-0083,SUB-018,33.459069,-112.195895,10.6,4.9,NMC,2023-11-01,SolarEdge,active
BATT-005423,CUST-0182489,XFMR-028122,FDR-0083,SUB-018,33.459236,-112.195678,20.3,9.1,LFP,2022-11-01,Enphase,active
BATT-005424,CUST-0182528,XFMR-028129,FDR-0083,SUB-018,33.459647,-112.195773,54.1,19.0,NMC,2021-06-01,Enphase,active
BATT-005425,CUST-0182610,XFMR-028141,FDR-0083,SUB-018,33.460877,-112.195165,13.6,5.1,LFP,2024-05-01,Generac,active
BATT-005426,CUST-0182662,XFMR-028147,FDR-0083,SUB-018,33.461836,-112.195881,15.3,6.2,NMC,2021-01-01,Generac,active
BATT-005427,CUST-0182693,XFMR-028152,FDR-0083,SUB-018,33.462373,-112.195939,9.4,4.5,LFP,2024-08-01,Generac,active
BATT-005428,CUST-0182695,XFMR-028152,FDR-0083,SUB-018,33.462344,-112.195877,10.0,3.9,lithium-ion,2022-12-01,SunPower,active
BATT-005429,CUST-0182712,XFMR-028156,FDR-0083,SUB-018,33.46286,-112.195175,14.8,6.4,NMC,2020-02-01,Tesla,active
BATT-005430,CUST-0182746,XFMR-028160,FDR-0083,SUB-018,33.462966,-112.195352,15.0,5.3,lithium-ion,2021-01-01,Generac,inactive
BATT-005431,CUST-0182780,XFMR-028167,FDR-0083,SUB-018,33.463893,-112.195148,17.5,8.3,lithium-ion,2023-08-01,SunPower,active
BATT-005432,CUST-0182830,XFMR-028173,FDR-0083,SUB-018,33.4649,-112.195401,15.6,6.1,LFP,2021-12-01,Tesla,active
BATT-005433,CUST-0182833,XFMR-028174,FDR-0083,SUB-018,33.464748,-112.195847,10.0,4.8,LFP,2021-03-01,Tesla,active
BATT-005434,CUST-0182879,XFMR-028179,FDR-0083,SUB-018,33.464968,-112.195983,249.0,114.4,NMC,2024-09-01,Enphase,active
BATT-005435,CUST-0182901,XFMR-028183,FDR-0083,SUB-018,33.465693,-112.195679,14.3,7.1,lithium-ion,2022-06-01,SolarEdge,active
BATT-005436,CUST-0182931,XFMR-028186,FDR-0083,SUB-018,33.466067,-112.195524,74.7,35.6,NMC,2020-02-01,Tesla,active
BATT-005437,CUST-0183070,XFMR-028206,FDR-0083,SUB-018,33.46863,-112.195985,9.6,2.9,NMC,2024-06-01,Tesla,active
BATT-005438,CUST-0183127,XFMR-028213,FDR-0083,SUB-018,33.469382,-112.195371,432.6,208.5,LFP,2024-09-01,Enphase,active
BATT-005439,CUST-0183144,XFMR-028215,FDR-0083,SUB-018,33.469214,-112.196018,15.3,6.7,NMC,2022-04-01,Enphase,active
BATT-005440,CUST-0183150,XFMR-028216,FDR-0083,SUB-018,33.469289,-112.195842,10.2,3.6,lithium-ion,2024-12-01,SunPower,active
BATT-005441,CUST-0183205,XFMR-028223,FDR-0083,SUB-018,33.470224,-112.195852,14.5,4.9,LFP,2021-08-01,Generac,active
BATT-005442,CUST-0183229,XFMR-028227,FDR-0083,SUB-018,33.470685,-112.195383,15.5,5.6,lithium-ion,2020-03-01,SolarEdge,active
BATT-005443,CUST-0183280,XFMR-028237,FDR-0083,SUB-018,33.471759,-112.195833,20.3,9.6,LFP,2020-01-01,Tesla,active
BATT-005444,CUST-0183287,XFMR-028237,FDR-0083,SUB-018,33.47209,-112.195247,13.7,5.6,lithium-ion,2021-12-01,Generac,active
BATT-005445,CUST-0183288,XFMR-028237,FDR-0083,SUB-018,33.471699,-112.195148,455.5,187.2,NMC,2020-08-01,Tesla,active
BATT-005446,CUST-0183289,XFMR-028237,FDR-0083,SUB-018,33.471567,-112.195815,10.3,4.1,NMC,2022-06-01,SunPower,active
BATT-005447,CUST-0183308,XFMR-028241,FDR-0083,SUB-018,33.471845,-112.196002,15.2,5.2,NMC,2021-09-01,SolarEdge,active
BATT-005448,CUST-0183325,XFMR-028244,FDR-0083,SUB-018,33.472482,-112.195416,13.1,4.2,lithium-ion,2024-08-01,Tesla,active
BATT-005449,CUST-0183337,XFMR-028246,FDR-0083,SUB-018,33.473126,-112.19577,13.5,4.5,LFP,2020-06-01,Tesla,active
BATT-005450,CUST-0183376,XFMR-028251,FDR-0083,SUB-018,33.473311,-112.195595,10.7,3.6,LFP,2023-07-01,SunPower,active
BATT-005451,CUST-0183437,XFMR-028259,FDR-0083,SUB-018,33.474518,-112.195493,222.3,81.9,NMC,2020-04-01,SolarEdge,active
BATT-005452,CUST-0183444,XFMR-028260,FDR-0083,SUB-018,33.474189,-112.195839,14.0,4.2,lithium-ion,2020-03-01,Generac,active
BATT-005453,CUST-0183462,XFMR-028262,FDR-0083,SUB-018,33.474857,-112.196058,13.3,5.4,NMC,2024-04-01,SolarEdge,active
BATT-005454,CUST-0183497,XFMR-028269,FDR-0083,SUB-018,33.475413,-112.196106,16.5,5.2,NMC,2021-12-01,SunPower,active
BATT-005455,CUST-0183508,XFMR-028270,FDR-0083,SUB-018,33.475132,-112.196035,14.7,6.6,LFP,2020-04-01,SunPower,active
BATT-005456,CUST-0183559,XFMR-028276,FDR-0083,SUB-018,33.476088,-112.195851,13.3,4.8,LFP,2023-03-01,SunPower,active
BATT-005457,CUST-0183633,XFMR-028288,FDR-0083,SUB-018,33.477003,-112.195954,13.5,6.3,NMC,2023-10-01,SolarEdge,active
BATT-005458,CUST-0183634,XFMR-028288,FDR-0083,SUB-018,33.477184,-112.195977,12.7,4.1,NMC,2023-06-01,BYD,active
BATT-005459,CUST-0183652,XFMR-028293,FDR-0083,SUB-018,33.477822,-112.195679,63.8,22.5,LFP,2022-02-01,Tesla,active
BATT-005460,CUST-0183680,XFMR-028297,FDR-0083,SUB-018,33.478295,-112.195253,14.6,7.0,lithium-ion,2024-03-01,Tesla,active
BATT-005461,CUST-0183693,XFMR-028300,FDR-0083,SUB-018,33.47852,-112.195921,14.0,6.4,NMC,2024-01-01,SunPower,active
BATT-005462,CUST-0183748,XFMR-028312,FDR-0083,SUB-018,33.480261,-112.19592,12.2,4.6,lithium-ion,2024-12-01,BYD,active
BATT-005463,CUST-0183757,XFMR-028313,FDR-0083,SUB-018,33.480156,-112.195938,9.4,2.9,NMC,2022-09-01,Enphase,active
BATT-005464,CUST-0183828,XFMR-028323,FDR-0083,SUB-018,33.481669,-112.195516,19.2,8.7,LFP,2021-06-01,SolarEdge,active
BATT-005465,CUST-0183907,XFMR-028335,FDR-0083,SUB-018,33.48263,-112.196059,13.4,5.6,LFP,2024-04-01,BYD,active
BATT-005466,CUST-0183953,XFMR-028340,FDR-0083,SUB-018,33.483373,-112.195434,19.2,7.6,lithium-ion,2023-01-01,BYD,active
BATT-005467,CUST-0184019,XFMR-028348,FDR-0083,SUB-018,33.483686,-112.19595,15.1,5.5,LFP,2024-10-01,SolarEdge,active
BATT-005468,CUST-0184042,XFMR-028352,FDR-0083,SUB-018,33.484399,-112.195447,258.3,105.2,lithium-ion,2023-02-01,SunPower,active
BATT-005469,CUST-0184049,XFMR-028353,FDR-0083,SUB-018,33.484597,-112.195637,9.2,3.2,lithium-ion,2023-08-01,SolarEdge,active
BATT-005470,CUST-0184130,XFMR-028366,FDR-0083,SUB-018,33.485951,-112.195347,342.3,164.0,NMC,2024-01-01,Enphase,active
BATT-005471,CUST-0184186,XFMR-028375,FDR-0083,SUB-018,33.487432,-112.195826,20.5,9.2,lithium-ion,2021-05-01,SunPower,active
BATT-005472,CUST-0184243,XFMR-028381,FDR-0083,SUB-018,33.487959,-112.195316,13.5,5.2,NMC,2020-08-01,SolarEdge,active
BATT-005473,CUST-0184257,XFMR-028383,FDR-0083,SUB-018,33.488053,-112.195767,19.6,8.1,LFP,2024-02-01,Enphase,active
BATT-005474,CUST-0184361,XFMR-028398,FDR-0083,SUB-018,33.489814,-112.195832,9.5,3.5,NMC,2021-04-01,SolarEdge,active
BATT-005475,CUST-0184446,XFMR-028410,FDR-0084,SUB-018,33.433607,-112.196613,13.7,4.6,NMC,2023-10-01,Tesla,active
BATT-005476,CUST-0184448,XFMR-028410,FDR-0084,SUB-018,33.433654,-112.196418,51.6,20.2,lithium-ion,2022-03-01,Tesla,active
BATT-005477,CUST-0184454,XFMR-028411,FDR-0084,SUB-018,33.433652,-112.196924,16.3,6.0,lithium-ion,2023-07-01,Generac,active
BATT-005478,CUST-0184562,XFMR-028426,FDR-0084,SUB-018,33.434085,-112.199682,9.6,3.0,lithium-ion,2024-05-01,Generac,active
BATT-005479,CUST-0184571,XFMR-028427,FDR-0084,SUB-018,33.434151,-112.199598,13.5,4.9,lithium-ion,2023-04-01,Tesla,active
BATT-005480,CUST-0184582,XFMR-028428,FDR-0084,SUB-018,33.434112,-112.200263,21.9,8.6,lithium-ion,2023-01-01,Generac,active
BATT-005481,CUST-0184641,XFMR-028439,FDR-0084,SUB-018,33.434165,-112.202013,15.4,5.8,NMC,2023-06-01,Generac,active
BATT-005482,CUST-0184646,XFMR-028439,FDR-0084,SUB-018,33.434113,-112.202182,284.8,117.7,LFP,2022-08-01,Generac,active
BATT-005483,CUST-0184650,XFMR-028440,FDR-0084,SUB-018,33.43416,-112.202569,17.4,6.1,lithium-ion,2024-01-01,Enphase,active
BATT-005484,CUST-0184657,XFMR-028441,FDR-0084,SUB-018,33.434052,-112.202998,13.4,6.0,lithium-ion,2023-08-01,BYD,active
BATT-005485,CUST-0184763,XFMR-028463,FDR-0084,SUB-018,33.433611,-112.207162,10.2,4.3,lithium-ion,2020-12-01,Enphase,active
BATT-005486,CUST-0184778,XFMR-028464,FDR-0084,SUB-018,33.434166,-112.206745,10.8,3.7,LFP,2020-11-01,Tesla,active
BATT-005487,CUST-0184786,XFMR-028467,FDR-0084,SUB-018,33.43378,-112.207589,9.2,4.3,NMC,2020-03-01,SolarEdge,active
BATT-005488,CUST-0184875,XFMR-028482,FDR-0084,SUB-018,33.434023,-112.210251,14.9,7.4,LFP,2022-06-01,SunPower,active
BATT-005489,CUST-0184968,XFMR-028497,FDR-0084,SUB-018,33.433856,-112.213737,14.8,5.6,NMC,2020-01-01,Tesla,active
BATT-005490,CUST-0184974,XFMR-028498,FDR-0084,SUB-018,33.43383,-112.213379,12.8,5.4,LFP,2022-05-01,SunPower,active
BATT-005491,CUST-0184984,XFMR-028502,FDR-0084,SUB-018,33.433698,-112.213852,17.4,7.6,LFP,2021-10-01,Enphase,active
BATT-005492,CUST-0185010,XFMR-028506,FDR-0084,SUB-018,33.433666,-112.215239,157.2,56.8,lithium-ion,2020-08-01,SolarEdge,active
BATT-005493,CUST-0185032,XFMR-028510,FDR-0084,SUB-018,33.433851,-112.215877,14.3,7.0,NMC,2024-07-01,Generac,active
BATT-005494,CUST-0185139,XFMR-028524,FDR-0084,SUB-018,33.434177,-112.218665,13.8,5.5,LFP,2021-09-01,SunPower,active
BATT-005495,CUST-0185178,XFMR-028528,FDR-0084,SUB-018,33.43413,-112.219476,10.3,4.5,LFP,2021-09-01,SolarEdge,active
BATT-005496,CUST-0185210,XFMR-028532,FDR-0084,SUB-018,33.433762,-112.219902,16.1,6.2,lithium-ion,2022-12-01,Generac,active
BATT-005497,CUST-0185238,XFMR-028536,FDR-0084,SUB-018,33.433667,-112.221158,10.8,4.2,LFP,2024-10-01,Generac,active
BATT-005498,CUST-0185240,XFMR-028536,FDR-0084,SUB-018,33.434056,-112.221006,17.2,8.1,LFP,2024-11-01,Enphase,active
BATT-005499,CUST-0185242,XFMR-028536,FDR-0084,SUB-018,33.433982,-112.220867,14.0,6.2,NMC,2022-03-01,SunPower,active
BATT-005500,CUST-0185329,XFMR-028550,FDR-0084,SUB-018,33.433545,-112.223227,21.3,10.0,lithium-ion,2022-09-01,Tesla,active
BATT-005501,CUST-0185362,XFMR-028554,FDR-0084,SUB-018,33.433767,-112.224718,14.5,5.3,LFP,2023-05-01,Tesla,active
BATT-005502,CUST-0185373,XFMR-028557,FDR-0084,SUB-018,33.433903,-112.224507,9.5,3.9,lithium-ion,2023-11-01,Generac,active
BATT-005503,CUST-0185444,XFMR-028566,FDR-0084,SUB-018,33.43414,-112.226179,13.4,4.9,LFP,2021-05-01,BYD,active
BATT-005504,CUST-0185456,XFMR-028571,FDR-0084,SUB-018,33.433836,-112.227957,14.8,6.5,LFP,2024-02-01,BYD,active
BATT-005505,CUST-0185480,XFMR-028574,FDR-0084,SUB-018,33.434232,-112.228246,33.5,12.7,NMC,2024-04-01,SolarEdge,active
BATT-005506,CUST-0185579,XFMR-028590,FDR-0084,SUB-018,33.433716,-112.230938,18.3,8.2,NMC,2021-09-01,SunPower,active
BATT-005507,CUST-0185605,XFMR-028594,FDR-0084,SUB-018,33.433617,-112.231979,85.0,34.2,lithium-ion,2021-04-01,BYD,active
BATT-005508,CUST-0185649,XFMR-028601,FDR-0084,SUB-018,33.434042,-112.233447,15.9,4.8,LFP,2024-09-01,SolarEdge,active
BATT-005509,CUST-0185733,XFMR-028619,FDR-0084,SUB-018,33.434099,-112.237004,12.4,4.3,lithium-ion,2020-07-01,BYD,active
BATT-005510,CUST-0185739,XFMR-028620,FDR-0084,SUB-018,33.434007,-112.237152,9.5,4.3,NMC,2020-01-01,Enphase,active
BATT-005511,CUST-0185741,XFMR-028621,FDR-0084,SUB-018,33.434067,-112.237548,176.2,64.4,NMC,2021-11-01,Tesla,active
BATT-005512,CUST-0185745,XFMR-028621,FDR-0084,SUB-018,33.433597,-112.237089,366.7,96.4,NMC,2020-01-01,SunPower,active
BATT-005513,CUST-0185766,XFMR-028625,FDR-0084,SUB-018,33.434336,-112.238077,21.5,8.2,LFP,2020-04-01,Tesla,active
BATT-005514,CUST-0185840,XFMR-028633,FDR-0084,SUB-018,33.433684,-112.239682,18.2,8.1,NMC,2023-06-01,BYD,active
BATT-005515,CUST-0185899,XFMR-028642,FDR-0084,SUB-018,33.434055,-112.240871,18.9,8.6,lithium-ion,2021-06-01,Generac,active
BATT-005516,CUST-0185934,XFMR-028649,FDR-0084,SUB-018,33.434215,-112.242664,12.2,5.1,lithium-ion,2022-09-01,Tesla,active
BATT-005517,CUST-0186048,XFMR-028667,FDR-0084,SUB-018,33.433992,-112.245876,12.6,4.8,lithium-ion,2020-07-01,SunPower,active
BATT-005518,CUST-0186074,XFMR-028670,FDR-0084,SUB-018,33.434011,-112.246954,297.9,137.7,lithium-ion,2024-05-01,SolarEdge,active
BATT-005519,CUST-0186082,XFMR-028671,FDR-0084,SUB-018,33.433596,-112.246656,17.1,6.9,lithium-ion,2021-02-01,Tesla,active
BATT-005520,CUST-0186125,XFMR-028680,FDR-0084,SUB-018,33.434146,-112.248104,14.7,7.0,LFP,2023-06-01,Tesla,active
BATT-005521,CUST-0186170,XFMR-028687,FDR-0084,SUB-018,33.434207,-112.250272,13.2,4.8,lithium-ion,2024-09-01,Generac,active
BATT-005522,CUST-0186218,XFMR-028693,FDR-0084,SUB-018,33.434107,-112.250838,14.6,6.9,lithium-ion,2022-02-01,Enphase,active
BATT-005523,CUST-0186230,XFMR-028694,FDR-0084,SUB-018,33.434017,-112.251349,10.2,4.7,lithium-ion,2022-08-01,SolarEdge,active
BATT-005524,CUST-0186244,XFMR-028697,FDR-0084,SUB-018,33.433684,-112.251732,194.6,86.6,lithium-ion,2020-08-01,SolarEdge,active
BATT-005525,CUST-0186261,XFMR-028700,FDR-0084,SUB-018,33.434217,-112.252663,455.2,161.0,NMC,2023-06-01,SunPower,active
BATT-005526,CUST-0186268,XFMR-028701,FDR-0084,SUB-018,33.434179,-112.252626,15.4,4.9,NMC,2022-02-01,BYD,active
BATT-005527,CUST-0186270,XFMR-028701,FDR-0084,SUB-018,33.433674,-112.25254,13.3,5.9,lithium-ion,2022-05-01,SunPower,active
BATT-005528,CUST-0186276,XFMR-028702,FDR-0084,SUB-018,33.434219,-112.252811,14.8,5.7,NMC,2022-07-01,Generac,active
BATT-005529,CUST-0186312,XFMR-028708,FDR-0084,SUB-018,33.433765,-112.254076,13.7,4.8,LFP,2021-12-01,Generac,active
BATT-005530,CUST-0186330,XFMR-028710,FDR-0084,SUB-018,33.434003,-112.254713,16.3,6.0,lithium-ion,2024-08-01,Tesla,active
BATT-005531,CUST-0186347,XFMR-028712,FDR-0084,SUB-018,33.434125,-112.25423,14.6,5.4,LFP,2020-07-01,Tesla,active
BATT-005532,CUST-0186385,XFMR-028720,FDR-0084,SUB-018,33.433513,-112.25665,14.2,4.7,LFP,2024-10-01,Tesla,active
BATT-005533,CUST-0186498,XFMR-028736,FDR-0085,SUB-019,33.571734,-111.96488,9.7,3.8,NMC,2020-01-01,Generac,inactive
BATT-005534,CUST-0186584,XFMR-028747,FDR-0085,SUB-019,33.571206,-111.961844,20.9,8.3,LFP,2022-04-01,Enphase,active
BATT-005535,CUST-0186639,XFMR-028755,FDR-0085,SUB-019,33.571191,-111.959331,18.7,6.9,LFP,2021-09-01,Generac,active
BATT-005536,CUST-0186640,XFMR-028755,FDR-0085,SUB-019,33.571256,-111.96019,17.0,6.1,NMC,2024-08-01,Tesla,active
BATT-005537,CUST-0186666,XFMR-028759,FDR-0085,SUB-019,33.571753,-111.958353,19.2,7.2,lithium-ion,2023-01-01,SolarEdge,active
BATT-005538,CUST-0186680,XFMR-028760,FDR-0085,SUB-019,33.571895,-111.958634,10.3,4.2,lithium-ion,2021-06-01,BYD,active
BATT-005539,CUST-0186716,XFMR-028765,FDR-0085,SUB-019,33.571347,-111.956635,131.0,37.6,lithium-ion,2022-09-01,BYD,inactive
BATT-005540,CUST-0186724,XFMR-028767,FDR-0085,SUB-019,33.571306,-111.955796,12.9,4.8,LFP,2020-04-01,Generac,active
BATT-005541,CUST-0186737,XFMR-028770,FDR-0085,SUB-019,33.571723,-111.955596,9.9,4.4,lithium-ion,2021-02-01,Enphase,active
BATT-005542,CUST-0186812,XFMR-028785,FDR-0085,SUB-019,33.571438,-111.951264,16.3,5.6,lithium-ion,2021-09-01,SolarEdge,active
BATT-005543,CUST-0186836,XFMR-028788,FDR-0085,SUB-019,33.571435,-111.950647,51.3,15.9,NMC,2021-06-01,Generac,active
BATT-005544,CUST-0186881,XFMR-028797,FDR-0085,SUB-019,33.571715,-111.948056,19.3,8.5,lithium-ion,2023-08-01,Generac,active
BATT-005545,CUST-0186922,XFMR-028804,FDR-0085,SUB-019,33.571895,-111.94547,12.6,4.2,LFP,2023-09-01,BYD,active
BATT-005546,CUST-0186925,XFMR-028804,FDR-0085,SUB-019,33.571768,-111.94599,15.0,5.4,lithium-ion,2022-07-01,Tesla,active
BATT-005547,CUST-0186983,XFMR-028816,FDR-0085,SUB-019,33.571781,-111.942436,20.4,8.8,lithium-ion,2021-04-01,BYD,active
BATT-005548,CUST-0187061,XFMR-028829,FDR-0085,SUB-019,33.57138,-111.938212,19.4,9.0,lithium-ion,2022-08-01,Generac,active
BATT-005549,CUST-0187181,XFMR-028844,FDR-0085,SUB-019,33.571501,-111.93438,13.1,6.4,NMC,2023-02-01,Tesla,active
BATT-005550,CUST-0187186,XFMR-028845,FDR-0085,SUB-019,33.571208,-111.933593,15.7,7.1,NMC,2020-05-01,SolarEdge,active
BATT-005551,CUST-0187191,XFMR-028845,FDR-0085,SUB-019,33.571242,-111.933901,10.3,5.1,lithium-ion,2024-02-01,SolarEdge,active
BATT-005552,CUST-0187202,XFMR-028847,FDR-0085,SUB-019,33.571334,-111.933222,17.3,5.5,NMC,2024-12-01,Tesla,active
BATT-005553,CUST-0187246,XFMR-028852,FDR-0085,SUB-019,33.57178,-111.932069,13.0,4.2,LFP,2023-04-01,Generac,active
BATT-005554,CUST-0187264,XFMR-028855,FDR-0085,SUB-019,33.571573,-111.930639,14.6,7.3,lithium-ion,2024-04-01,Generac,active
BATT-005555,CUST-0187325,XFMR-028863,FDR-0085,SUB-019,33.571721,-111.928273,15.4,5.0,LFP,2020-05-01,Enphase,active
BATT-005556,CUST-0187339,XFMR-028867,FDR-0085,SUB-019,33.571919,-111.927534,16.2,6.4,NMC,2020-08-01,Tesla,active
BATT-005557,CUST-0187373,XFMR-028871,FDR-0085,SUB-019,33.571837,-111.926026,14.6,5.7,lithium-ion,2024-10-01,SolarEdge,active
BATT-005558,CUST-0187398,XFMR-028874,FDR-0085,SUB-019,33.571452,-111.925358,14.8,5.8,LFP,2021-01-01,Tesla,active
BATT-005559,CUST-0187415,XFMR-028877,FDR-0085,SUB-019,33.571514,-111.924962,390.1,171.6,NMC,2023-12-01,SolarEdge,active
BATT-005560,CUST-0187440,XFMR-028881,FDR-0085,SUB-019,33.571666,-111.923468,19.5,9.3,lithium-ion,2020-06-01,Generac,active
BATT-005561,CUST-0187455,XFMR-028884,FDR-0085,SUB-019,33.571864,-111.922184,20.1,6.4,LFP,2024-05-01,Tesla,active
BATT-005562,CUST-0187459,XFMR-028884,FDR-0085,SUB-019,33.571775,-111.922558,9.8,4.2,NMC,2020-01-01,SolarEdge,active
BATT-005563,CUST-0187473,XFMR-028887,FDR-0085,SUB-019,33.571431,-111.921522,12.4,4.7,NMC,2021-04-01,Tesla,active
BATT-005564,CUST-0187541,XFMR-028901,FDR-0085,SUB-019,33.571766,-111.917249,9.5,3.1,NMC,2021-05-01,Enphase,active
BATT-005565,CUST-0187544,XFMR-028901,FDR-0085,SUB-019,33.571874,-111.917416,18.5,7.1,lithium-ion,2024-04-01,Enphase,active
BATT-005566,CUST-0187573,XFMR-028904,FDR-0085,SUB-019,33.571451,-111.917062,15.1,5.5,LFP,2022-08-01,SolarEdge,active
BATT-005567,CUST-0187590,XFMR-028906,FDR-0085,SUB-019,33.57184,-111.916385,102.6,43.0,NMC,2021-08-01,BYD,active
BATT-005568,CUST-0187607,XFMR-028909,FDR-0085,SUB-019,33.571781,-111.915647,21.4,8.8,NMC,2022-10-01,Enphase,active
BATT-005569,CUST-0187622,XFMR-028911,FDR-0085,SUB-019,33.571463,-111.914927,19.5,7.7,NMC,2024-06-01,Generac,active
BATT-005570,CUST-0187720,XFMR-028924,FDR-0085,SUB-019,33.571682,-111.911119,327.7,93.2,LFP,2020-03-01,BYD,active
BATT-005571,CUST-0187724,XFMR-028926,FDR-0085,SUB-019,33.571435,-111.910439,10.6,3.6,LFP,2023-11-01,BYD,active
BATT-005572,CUST-0187734,XFMR-028927,FDR-0085,SUB-019,33.571632,-111.910219,20.4,6.4,lithium-ion,2024-12-01,Tesla,active
BATT-005573,CUST-0187770,XFMR-028933,FDR-0085,SUB-019,33.571694,-111.908087,13.2,4.9,NMC,2023-08-01,Tesla,active
BATT-005574,CUST-0187899,XFMR-028957,FDR-0085,SUB-019,33.571193,-111.901985,86.8,37.3,NMC,2020-05-01,Tesla,active
BATT-005575,CUST-0187933,XFMR-028960,FDR-0085,SUB-019,33.571407,-111.900429,10.5,4.0,lithium-ion,2020-05-01,Generac,active
BATT-005576,CUST-0187937,XFMR-028960,FDR-0085,SUB-019,33.571904,-111.901049,38.1,17.6,lithium-ion,2020-02-01,SunPower,active
BATT-005577,CUST-0187966,XFMR-028966,FDR-0085,SUB-019,33.571539,-111.899133,9.2,4.5,lithium-ion,2021-08-01,Tesla,active
BATT-005578,CUST-0188179,XFMR-028998,FDR-0085,SUB-019,33.571626,-111.890014,95.3,42.3,NMC,2022-07-01,SunPower,active
BATT-005579,CUST-0188217,XFMR-029004,FDR-0085,SUB-019,33.571679,-111.887966,17.0,6.7,LFP,2022-05-01,Enphase,active
BATT-005580,CUST-0188254,XFMR-029012,FDR-0085,SUB-019,33.571301,-111.886285,13.0,6.4,lithium-ion,2022-11-01,SunPower,active
BATT-005581,CUST-0188309,XFMR-029017,FDR-0086,SUB-019,33.571874,-111.969681,17.2,5.6,LFP,2021-05-01,SolarEdge,active
BATT-005582,CUST-0188353,XFMR-029025,FDR-0086,SUB-019,33.573637,-111.969996,21.7,6.9,lithium-ion,2023-04-01,Generac,active
BATT-005583,CUST-0188405,XFMR-029033,FDR-0086,SUB-019,33.574983,-111.969614,15.6,6.1,NMC,2023-11-01,SunPower,active
BATT-005584,CUST-0188411,XFMR-029034,FDR-0086,SUB-019,33.574932,-111.969299,16.9,7.9,LFP,2021-07-01,BYD,active
BATT-005585,CUST-0188453,XFMR-029041,FDR-0086,SUB-019,33.576132,-111.970036,12.3,4.3,NMC,2024-11-01,SunPower,active
BATT-005586,CUST-0188471,XFMR-029044,FDR-0086,SUB-019,33.577216,-111.969519,12.2,5.5,NMC,2024-05-01,Enphase,active
BATT-005587,CUST-0188475,XFMR-029044,FDR-0086,SUB-019,33.57666,-111.969306,21.6,6.9,LFP,2023-03-01,Enphase,active
BATT-005588,CUST-0188488,XFMR-029046,FDR-0086,SUB-019,33.577486,-111.969266,17.3,6.1,LFP,2023-06-01,SunPower,active
BATT-005589,CUST-0188540,XFMR-029054,FDR-0086,SUB-019,33.578773,-111.969379,15.9,6.4,LFP,2022-04-01,Generac,active
BATT-005590,CUST-0188580,XFMR-029059,FDR-0086,SUB-019,33.579336,-111.969495,15.7,7.1,NMC,2022-05-01,Tesla,active
BATT-005591,CUST-0188597,XFMR-029062,FDR-0086,SUB-019,33.580555,-111.96943,17.4,6.4,LFP,2021-07-01,BYD,active
BATT-005592,CUST-0188626,XFMR-029065,FDR-0086,SUB-019,33.580836,-111.970201,10.0,3.6,LFP,2024-01-01,Tesla,active
BATT-005593,CUST-0188634,XFMR-029066,FDR-0086,SUB-019,33.58139,-111.970174,279.3,132.5,LFP,2020-06-01,Generac,active
BATT-005594,CUST-0188638,XFMR-029067,FDR-0086,SUB-019,33.581388,-111.970194,9.9,3.2,lithium-ion,2021-08-01,BYD,active
BATT-005595,CUST-0188640,XFMR-029067,FDR-0086,SUB-019,33.581257,-111.970227,19.5,9.7,LFP,2024-10-01,Generac,active
BATT-005596,CUST-0188711,XFMR-029077,FDR-0086,SUB-019,33.582797,-111.970064,22.0,8.1,lithium-ion,2020-04-01,Enphase,active
BATT-005597,CUST-0188782,XFMR-029088,FDR-0086,SUB-019,33.585412,-111.969638,16.9,5.1,LFP,2020-04-01,Enphase,active
BATT-005598,CUST-0188785,XFMR-029089,FDR-0086,SUB-019,33.584895,-111.970086,20.6,10.3,NMC,2023-09-01,BYD,active
BATT-005599,CUST-0188807,XFMR-029096,FDR-0086,SUB-019,33.586858,-111.969569,256.4,79.5,lithium-ion,2024-09-01,Enphase,active
BATT-005600,CUST-0188827,XFMR-029100,FDR-0086,SUB-019,33.587178,-111.969298,341.2,108.0,LFP,2022-02-01,Tesla,active
BATT-005601,CUST-0188848,XFMR-029104,FDR-0086,SUB-019,33.588029,-111.969544,20.7,9.7,LFP,2024-03-01,Generac,active
BATT-005602,CUST-0188856,XFMR-029105,FDR-0086,SUB-019,33.588485,-111.969459,15.0,7.4,NMC,2020-05-01,Generac,active
BATT-005603,CUST-0188864,XFMR-029106,FDR-0086,SUB-019,33.588787,-111.969518,403.9,104.1,LFP,2021-05-01,SunPower,active
BATT-005604,CUST-0188912,XFMR-029114,FDR-0086,SUB-019,33.590005,-111.969642,19.9,8.2,LFP,2020-08-01,SunPower,inactive
BATT-005605,CUST-0188925,XFMR-029117,FDR-0086,SUB-019,33.590468,-111.969772,9.0,4.0,NMC,2024-01-01,SolarEdge,inactive
BATT-005606,CUST-0188968,XFMR-029123,FDR-0086,SUB-019,33.591918,-111.969769,11.0,4.9,lithium-ion,2023-11-01,Generac,active
BATT-005607,CUST-0189009,XFMR-029130,FDR-0086,SUB-019,33.592895,-111.9699,17.0,6.2,NMC,2020-09-01,BYD,active
BATT-005608,CUST-0189108,XFMR-029144,FDR-0086,SUB-019,33.59543,-111.970014,24.8,11.9,NMC,2021-07-01,Enphase,active
BATT-005609,CUST-0189124,XFMR-029147,FDR-0086,SUB-019,33.596385,-111.969454,21.1,7.2,NMC,2021-05-01,SunPower,active
BATT-005610,CUST-0189165,XFMR-029154,FDR-0086,SUB-019,33.597177,-111.969322,20.8,8.1,LFP,2020-10-01,SolarEdge,active
BATT-005611,CUST-0189166,XFMR-029154,FDR-0086,SUB-019,33.597293,-111.969537,20.6,8.7,lithium-ion,2024-05-01,Enphase,active
BATT-005612,CUST-0189174,XFMR-029155,FDR-0086,SUB-019,33.597918,-111.969771,21.0,8.3,NMC,2022-11-01,Enphase,active
BATT-005613,CUST-0189221,XFMR-029164,FDR-0086,SUB-019,33.599109,-111.970271,120.0,48.1,lithium-ion,2022-08-01,Enphase,active
BATT-005614,CUST-0189294,XFMR-029173,FDR-0086,SUB-019,33.600616,-111.970131,10.8,5.1,lithium-ion,2024-08-01,BYD,active
BATT-005615,CUST-0189311,XFMR-029175,FDR-0086,SUB-019,33.601167,-111.969944,12.3,4.2,LFP,2024-02-01,Tesla,active
BATT-005616,CUST-0189329,XFMR-029177,FDR-0086,SUB-019,33.60129,-111.969529,478.3,152.8,lithium-ion,2022-03-01,BYD,active
BATT-005617,CUST-0189358,XFMR-029181,FDR-0086,SUB-019,33.602217,-111.970097,9.4,4.0,LFP,2020-08-01,SunPower,active
BATT-005618,CUST-0189367,XFMR-029182,FDR-0086,SUB-019,33.602303,-111.969498,17.4,6.8,LFP,2021-11-01,BYD,active
BATT-005619,CUST-0189387,XFMR-029187,FDR-0086,SUB-019,33.60332,-111.969965,10.3,3.1,LFP,2024-03-01,SunPower,active
BATT-005620,CUST-0189397,XFMR-029188,FDR-0086,SUB-019,33.603818,-111.970081,19.9,8.2,NMC,2023-05-01,Generac,active
BATT-005621,CUST-0189430,XFMR-029194,FDR-0086,SUB-019,33.60442,-111.97008,15.4,5.5,LFP,2024-11-01,BYD,active
BATT-005622,CUST-0189451,XFMR-029196,FDR-0086,SUB-019,33.605264,-111.970225,15.4,5.7,LFP,2023-01-01,Generac,active
BATT-005623,CUST-0189505,XFMR-029203,FDR-0086,SUB-019,33.606167,-111.970033,13.5,5.3,LFP,2024-11-01,BYD,active
BATT-005624,CUST-0189524,XFMR-029206,FDR-0086,SUB-019,33.607237,-111.969567,13.6,4.8,lithium-ion,2023-07-01,SunPower,active
BATT-005625,CUST-0189527,XFMR-029207,FDR-0086,SUB-019,33.606715,-111.969834,10.6,3.4,lithium-ion,2021-01-01,SunPower,active
BATT-005626,CUST-0189531,XFMR-029207,FDR-0086,SUB-019,33.606857,-111.969979,21.6,7.8,lithium-ion,2021-05-01,SunPower,active
BATT-005627,CUST-0189546,XFMR-029210,FDR-0086,SUB-019,33.607971,-111.969972,17.3,6.9,LFP,2022-06-01,SunPower,active
BATT-005628,CUST-0189604,XFMR-029218,FDR-0086,SUB-019,33.608936,-111.969859,20.6,8.5,lithium-ion,2021-09-01,Tesla,active
BATT-005629,CUST-0189695,XFMR-029230,FDR-0086,SUB-019,33.611425,-111.970144,17.6,7.0,NMC,2024-01-01,Tesla,active
BATT-005630,CUST-0189703,XFMR-029233,FDR-0086,SUB-019,33.611502,-111.969737,14.9,5.1,LFP,2020-10-01,Tesla,active
BATT-005631,CUST-0189708,XFMR-029234,FDR-0086,SUB-019,33.612382,-111.969873,14.1,6.5,LFP,2021-07-01,Enphase,active
BATT-005632,CUST-0189709,XFMR-029234,FDR-0086,SUB-019,33.612118,-111.969343,12.4,3.9,lithium-ion,2023-05-01,Generac,active
BATT-005633,CUST-0189727,XFMR-029237,FDR-0086,SUB-019,33.612604,-111.969946,10.0,3.2,lithium-ion,2022-01-01,Enphase,active
BATT-005634,CUST-0189767,XFMR-029244,FDR-0086,SUB-019,33.613803,-111.969671,9.7,3.3,LFP,2021-08-01,BYD,active
BATT-005635,CUST-0189822,XFMR-029253,FDR-0086,SUB-019,33.615707,-111.969355,21.3,8.9,lithium-ion,2020-04-01,SolarEdge,active
BATT-005636,CUST-0189839,XFMR-029257,FDR-0086,SUB-019,33.616571,-111.97009,15.1,5.4,NMC,2024-11-01,Enphase,active
BATT-005637,CUST-0189881,XFMR-029266,FDR-0086,SUB-019,33.617759,-111.969917,14.3,6.8,NMC,2024-05-01,SolarEdge,active
BATT-005638,CUST-0189888,XFMR-029267,FDR-0086,SUB-019,33.618597,-111.969949,10.5,4.2,LFP,2020-03-01,BYD,active
BATT-005639,CUST-0189895,XFMR-029269,FDR-0086,SUB-019,33.618885,-111.969328,20.7,10.0,NMC,2024-12-01,Enphase,active
BATT-005640,CUST-0189950,XFMR-029279,FDR-0086,SUB-019,33.620066,-111.970251,15.1,5.1,LFP,2023-06-01,Generac,active
BATT-005641,CUST-0189969,XFMR-029281,FDR-0086,SUB-019,33.620807,-111.969455,17.6,5.7,lithium-ion,2023-11-01,SunPower,active
BATT-005642,CUST-0189971,XFMR-029282,FDR-0086,SUB-019,33.621107,-111.969828,15.1,6.7,NMC,2024-02-01,Enphase,active
BATT-005643,CUST-0189992,XFMR-029284,FDR-0086,SUB-019,33.621374,-111.96932,14.5,6.3,lithium-ion,2023-01-01,SolarEdge,active
BATT-005644,CUST-0190018,XFMR-029289,FDR-0086,SUB-019,33.622087,-111.969982,13.6,5.8,LFP,2022-09-01,SunPower,active
BATT-005645,CUST-0190023,XFMR-029290,FDR-0086,SUB-019,33.622273,-111.969557,15.3,6.7,lithium-ion,2021-07-01,Generac,active
BATT-005646,CUST-0190037,XFMR-029291,FDR-0086,SUB-019,33.622351,-111.97001,21.7,10.2,lithium-ion,2021-07-01,SunPower,inactive
BATT-005647,CUST-0190073,XFMR-029296,FDR-0086,SUB-019,33.623368,-111.97013,413.0,195.6,NMC,2024-06-01,SolarEdge,active
BATT-005648,CUST-0190090,XFMR-029298,FDR-0086,SUB-019,33.624365,-111.969431,14.8,6.2,LFP,2021-06-01,Tesla,active
BATT-005649,CUST-0190094,XFMR-029299,FDR-0086,SUB-019,33.624143,-111.969839,15.6,5.9,NMC,2024-10-01,Generac,active
BATT-005650,CUST-0190120,XFMR-029307,FDR-0086,SUB-019,33.625476,-111.970107,12.5,6.2,NMC,2022-02-01,BYD,active
BATT-005651,CUST-0190162,XFMR-029313,FDR-0086,SUB-019,33.626567,-111.969356,20.5,7.0,LFP,2021-08-01,SolarEdge,active
BATT-005652,CUST-0190212,XFMR-029320,FDR-0086,SUB-019,33.628029,-111.969849,367.4,160.7,lithium-ion,2024-05-01,Enphase,active
BATT-005653,CUST-0190230,XFMR-029324,FDR-0086,SUB-019,33.628775,-111.970087,10.4,5.1,LFP,2022-05-01,BYD,active
BATT-005654,CUST-0190234,XFMR-029325,FDR-0086,SUB-019,33.629268,-111.96961,21.2,7.6,LFP,2022-11-01,Tesla,active
BATT-005655,CUST-0190244,XFMR-029329,FDR-0086,SUB-019,33.629912,-111.969988,10.8,3.4,lithium-ion,2021-03-01,BYD,active
BATT-005656,CUST-0190313,XFMR-029340,FDR-0086,SUB-019,33.631849,-111.969317,281.3,74.6,LFP,2023-07-01,SunPower,active
BATT-005657,CUST-0190384,XFMR-029350,FDR-0086,SUB-019,33.633696,-111.97026,10.9,4.5,NMC,2020-09-01,Enphase,active
BATT-005658,CUST-0190388,XFMR-029351,FDR-0086,SUB-019,33.633963,-111.969673,10.0,3.9,LFP,2024-08-01,BYD,active
BATT-005659,CUST-0190423,XFMR-029355,FDR-0086,SUB-019,33.634639,-111.969393,19.8,6.5,lithium-ion,2024-09-01,Tesla,active
BATT-005660,CUST-0190433,XFMR-029356,FDR-0086,SUB-019,33.634252,-111.969397,10.2,3.6,LFP,2024-08-01,SolarEdge,active
BATT-005661,CUST-0190471,XFMR-029361,FDR-0086,SUB-019,33.635239,-111.969494,19.0,6.3,LFP,2021-12-01,Generac,active
BATT-005662,CUST-0190513,XFMR-029367,FDR-0086,SUB-019,33.636587,-111.970007,13.2,5.1,lithium-ion,2023-07-01,Enphase,active
BATT-005663,CUST-0190517,XFMR-029367,FDR-0086,SUB-019,33.636909,-111.969515,14.5,5.7,LFP,2020-01-01,SolarEdge,active
BATT-005664,CUST-0190618,XFMR-029384,FDR-0086,SUB-019,33.640071,-111.969514,20.1,9.3,lithium-ion,2021-11-01,Enphase,active
BATT-005665,CUST-0190624,XFMR-029385,FDR-0086,SUB-019,33.639869,-111.969452,9.2,4.3,lithium-ion,2020-06-01,BYD,active
BATT-005666,CUST-0190701,XFMR-029397,FDR-0086,SUB-019,33.642384,-111.970009,14.2,4.4,LFP,2022-04-01,SolarEdge,inactive
BATT-005667,CUST-0190720,XFMR-029399,FDR-0086,SUB-019,33.642831,-111.969947,15.5,5.9,NMC,2023-12-01,Enphase,active
BATT-005668,CUST-0190721,XFMR-029399,FDR-0086,SUB-019,33.642704,-111.969351,16.1,5.9,NMC,2022-03-01,SolarEdge,active
BATT-005669,CUST-0190755,XFMR-029403,FDR-0086,SUB-019,33.643077,-111.969417,41.7,19.3,NMC,2021-11-01,Tesla,active
BATT-005670,CUST-0190775,XFMR-029406,FDR-0086,SUB-019,33.643619,-111.969488,19.6,7.4,NMC,2024-09-01,SunPower,active
BATT-005671,CUST-0190809,XFMR-029413,FDR-0086,SUB-019,33.644846,-111.969313,14.5,6.7,LFP,2023-12-01,BYD,active
BATT-005672,CUST-0190829,XFMR-029417,FDR-0086,SUB-019,33.645858,-111.969507,20.9,6.9,LFP,2021-03-01,Generac,active
BATT-005673,CUST-0190834,XFMR-029417,FDR-0086,SUB-019,33.645642,-111.969493,20.0,8.6,lithium-ion,2023-12-01,SolarEdge,active
BATT-005674,CUST-0190865,XFMR-029421,FDR-0086,SUB-019,33.646352,-111.969898,10.2,4.8,NMC,2020-08-01,BYD,active
BATT-005675,CUST-0190887,XFMR-029424,FDR-0086,SUB-019,33.647238,-111.97017,15.9,6.3,NMC,2023-03-01,SolarEdge,active
BATT-005676,CUST-0190902,XFMR-029426,FDR-0086,SUB-019,33.647299,-111.970057,21.9,8.4,LFP,2024-11-01,BYD,active
BATT-005677,CUST-0190925,XFMR-029431,FDR-0087,SUB-019,33.571672,-111.969374,19.8,9.2,lithium-ion,2023-10-01,SolarEdge,active
BATT-005678,CUST-0190958,XFMR-029434,FDR-0087,SUB-019,33.570686,-111.969837,10.8,5.2,lithium-ion,2023-04-01,BYD,active
BATT-005679,CUST-0191015,XFMR-029444,FDR-0087,SUB-019,33.570035,-111.970071,9.6,4.1,lithium-ion,2021-08-01,Enphase,active
BATT-005680,CUST-0191032,XFMR-029448,FDR-0087,SUB-019,33.569562,-111.970234,19.2,8.1,LFP,2021-03-01,SolarEdge,active
BATT-005681,CUST-0191100,XFMR-029458,FDR-0087,SUB-019,33.568462,-111.969454,16.1,5.8,LFP,2022-03-01,Enphase,active
BATT-005682,CUST-0191119,XFMR-029460,FDR-0087,SUB-019,33.568869,-111.969471,9.6,3.0,NMC,2022-06-01,Enphase,active
BATT-005683,CUST-0191158,XFMR-029464,FDR-0087,SUB-019,33.568122,-111.969551,15.2,4.6,LFP,2021-02-01,SunPower,active
BATT-005684,CUST-0191168,XFMR-029467,FDR-0087,SUB-019,33.567906,-111.969742,15.9,6.2,NMC,2023-09-01,BYD,active
BATT-005685,CUST-0191169,XFMR-029467,FDR-0087,SUB-019,33.568188,-111.970147,19.6,7.6,LFP,2022-12-01,BYD,active
BATT-005686,CUST-0191199,XFMR-029470,FDR-0087,SUB-019,33.567957,-111.969711,17.5,6.8,LFP,2021-03-01,SolarEdge,active
BATT-005687,CUST-0191214,XFMR-029473,FDR-0087,SUB-019,33.567404,-111.969359,14.1,5.4,lithium-ion,2023-07-01,Tesla,active
BATT-005688,CUST-0191439,XFMR-029506,FDR-0087,SUB-019,33.564504,-111.969363,16.5,7.0,NMC,2022-12-01,BYD,active
BATT-005689,CUST-0191524,XFMR-029520,FDR-0087,SUB-019,33.563074,-111.970236,21.3,6.9,lithium-ion,2020-04-01,SolarEdge,active
BATT-005690,CUST-0191536,XFMR-029523,FDR-0087,SUB-019,33.56216,-111.969473,13.2,5.6,lithium-ion,2023-11-01,BYD,active
BATT-005691,CUST-0191538,XFMR-029523,FDR-0087,SUB-019,33.562541,-111.970101,10.9,3.6,NMC,2021-01-01,BYD,active
BATT-005692,CUST-0191577,XFMR-029528,FDR-0087,SUB-019,33.562303,-111.969532,19.6,6.9,LFP,2022-01-01,Generac,active
BATT-005693,CUST-0191582,XFMR-029528,FDR-0087,SUB-019,33.561687,-111.9701,13.9,6.8,lithium-ion,2020-03-01,Tesla,active
BATT-005694,CUST-0191594,XFMR-029530,FDR-0087,SUB-019,33.561747,-111.970016,20.9,6.5,NMC,2020-06-01,BYD,active
BATT-005695,CUST-0191615,XFMR-029532,FDR-0087,SUB-019,33.561264,-111.969932,14.4,7.1,LFP,2020-11-01,Enphase,active
BATT-005696,CUST-0191649,XFMR-029536,FDR-0087,SUB-019,33.560941,-111.970071,21.9,9.3,NMC,2021-06-01,BYD,inactive
BATT-005697,CUST-0191752,XFMR-029552,FDR-0087,SUB-019,33.559301,-111.969637,20.4,7.9,LFP,2021-04-01,SolarEdge,active
BATT-005698,CUST-0191819,XFMR-029565,FDR-0087,SUB-019,33.558603,-111.969713,202.9,62.9,LFP,2024-01-01,Tesla,active
BATT-005699,CUST-0191866,XFMR-029572,FDR-0087,SUB-019,33.557619,-111.970123,138.8,36.4,NMC,2023-10-01,BYD,active
BATT-005700,CUST-0191879,XFMR-029574,FDR-0087,SUB-019,33.557445,-111.969692,12.6,6.1,lithium-ion,2023-05-01,SolarEdge,active
BATT-005701,CUST-0191881,XFMR-029575,FDR-0087,SUB-019,33.557805,-111.969448,14.5,4.4,lithium-ion,2023-06-01,SolarEdge,active
BATT-005702,CUST-0191907,XFMR-029578,FDR-0087,SUB-019,33.556799,-111.969519,9.8,4.6,LFP,2021-11-01,SolarEdge,active
BATT-005703,CUST-0191913,XFMR-029579,FDR-0087,SUB-019,33.55733,-111.970083,61.1,23.9,NMC,2023-10-01,BYD,active
BATT-005704,CUST-0191938,XFMR-029582,FDR-0087,SUB-019,33.556503,-111.970158,21.7,8.0,NMC,2023-02-01,SunPower,active
BATT-005705,CUST-0191984,XFMR-029588,FDR-0087,SUB-019,33.55642,-111.969542,20.2,9.9,lithium-ion,2024-12-01,SunPower,active
BATT-005706,CUST-0191985,XFMR-029588,FDR-0087,SUB-019,33.556419,-111.969998,285.5,123.9,NMC,2023-10-01,SunPower,active
BATT-005707,CUST-0192007,XFMR-029592,FDR-0087,SUB-019,33.555805,-111.970007,9.4,3.1,LFP,2020-06-01,SunPower,active
BATT-005708,CUST-0192008,XFMR-029592,FDR-0087,SUB-019,33.55561,-111.969463,9.3,3.5,lithium-ion,2024-11-01,Generac,active
BATT-005709,CUST-0192014,XFMR-029592,FDR-0087,SUB-019,33.555825,-111.97003,19.1,6.5,NMC,2022-01-01,SunPower,active
BATT-005710,CUST-0192054,XFMR-029597,FDR-0087,SUB-019,33.55515,-111.969585,18.9,9.3,lithium-ion,2024-10-01,SolarEdge,active
BATT-005711,CUST-0192103,XFMR-029603,FDR-0087,SUB-019,33.554561,-111.969903,343.6,133.7,NMC,2020-07-01,Generac,active
BATT-005712,CUST-0192218,XFMR-029618,FDR-0087,SUB-019,33.553279,-111.969467,496.9,142.2,NMC,2022-11-01,BYD,active
BATT-005713,CUST-0192234,XFMR-029620,FDR-0087,SUB-019,33.553347,-111.970001,14.5,5.0,NMC,2021-06-01,Tesla,active
BATT-005714,CUST-0192237,XFMR-029620,FDR-0087,SUB-019,33.553391,-111.969438,272.1,131.2,lithium-ion,2021-05-01,Enphase,active
BATT-005715,CUST-0192257,XFMR-029624,FDR-0087,SUB-019,33.552924,-111.969816,20.5,6.4,NMC,2021-01-01,SunPower,active
BATT-005716,CUST-0192259,XFMR-029624,FDR-0087,SUB-019,33.552757,-111.969353,17.4,5.4,LFP,2020-12-01,Generac,active
BATT-005717,CUST-0192283,XFMR-029627,FDR-0087,SUB-019,33.55247,-111.97024,9.2,4.1,LFP,2023-03-01,Tesla,active
BATT-005718,CUST-0192293,XFMR-029628,FDR-0087,SUB-019,33.552665,-111.970247,15.2,5.7,lithium-ion,2020-10-01,Enphase,active
BATT-005719,CUST-0192327,XFMR-029632,FDR-0087,SUB-019,33.55229,-111.969293,208.9,55.2,LFP,2020-04-01,Tesla,active
BATT-005720,CUST-0192361,XFMR-029636,FDR-0087,SUB-019,33.551752,-111.969435,12.3,6.1,lithium-ion,2021-05-01,BYD,active
BATT-005721,CUST-0192377,XFMR-029640,FDR-0087,SUB-019,33.551146,-111.969973,9.7,3.4,NMC,2024-05-01,Tesla,active
BATT-005722,CUST-0192405,XFMR-029646,FDR-0087,SUB-019,33.550535,-111.969625,16.0,5.0,LFP,2022-05-01,SunPower,active
BATT-005723,CUST-0192406,XFMR-029646,FDR-0087,SUB-019,33.550343,-111.969642,10.0,3.5,LFP,2020-06-01,Enphase,active
BATT-005724,CUST-0192414,XFMR-029647,FDR-0087,SUB-019,33.550225,-111.969334,21.1,6.7,LFP,2024-12-01,SolarEdge,active
BATT-005725,CUST-0192441,XFMR-029650,FDR-0087,SUB-019,33.550647,-111.969537,9.4,4.2,LFP,2021-01-01,Generac,active
BATT-005726,CUST-0192453,XFMR-029653,FDR-0087,SUB-019,33.550402,-111.969351,9.7,4.7,LFP,2023-03-01,SunPower,active
BATT-005727,CUST-0192482,XFMR-029660,FDR-0087,SUB-019,33.549039,-111.970024,435.4,129.0,LFP,2022-07-01,Enphase,active
BATT-005728,CUST-0192517,XFMR-029665,FDR-0087,SUB-019,33.54856,-111.969558,19.2,8.9,lithium-ion,2023-10-01,Enphase,active
BATT-005729,CUST-0192525,XFMR-029666,FDR-0087,SUB-019,33.54856,-111.969514,10.8,4.8,LFP,2020-09-01,SunPower,active
BATT-005730,CUST-0192526,XFMR-029666,FDR-0087,SUB-019,33.549092,-111.970228,31.3,14.2,lithium-ion,2020-08-01,BYD,active
BATT-005731,CUST-0192527,XFMR-029666,FDR-0087,SUB-019,33.548953,-111.970122,12.6,4.7,LFP,2020-09-01,Generac,active
BATT-005732,CUST-0192542,XFMR-029669,FDR-0087,SUB-019,33.548883,-111.969477,9.9,3.8,lithium-ion,2020-09-01,Enphase,active
BATT-005733,CUST-0192596,XFMR-029675,FDR-0087,SUB-019,33.548196,-111.970026,10.4,4.7,LFP,2021-02-01,Generac,active
BATT-005734,CUST-0192659,XFMR-029685,FDR-0087,SUB-019,33.547285,-111.969978,21.6,8.8,lithium-ion,2023-08-01,SunPower,active
BATT-005735,CUST-0192759,XFMR-029698,FDR-0087,SUB-019,33.545316,-111.970015,9.0,4.3,lithium-ion,2024-02-01,Enphase,active
BATT-005736,CUST-0192760,XFMR-029698,FDR-0087,SUB-019,33.545655,-111.969565,420.5,191.0,lithium-ion,2024-02-01,Generac,active
BATT-005737,CUST-0192811,XFMR-029707,FDR-0087,SUB-019,33.544485,-111.969329,15.1,5.5,lithium-ion,2022-08-01,Generac,active
BATT-005738,CUST-0192939,XFMR-029724,FDR-0087,SUB-019,33.542954,-111.969999,75.5,22.6,lithium-ion,2023-01-01,Generac,active
BATT-005739,CUST-0192951,XFMR-029727,FDR-0087,SUB-019,33.54284,-111.969494,13.7,6.6,lithium-ion,2020-02-01,Tesla,active
BATT-005740,CUST-0193033,XFMR-029741,FDR-0087,SUB-019,33.541894,-111.970036,14.8,5.1,NMC,2021-01-01,BYD,active
BATT-005741,CUST-0193051,XFMR-029742,FDR-0087,SUB-019,33.541701,-111.969522,142.4,49.1,NMC,2023-11-01,Enphase,active
BATT-005742,CUST-0193056,XFMR-029743,FDR-0087,SUB-019,33.541013,-111.970132,19.0,8.9,NMC,2021-10-01,Generac,active
BATT-005743,CUST-0193128,XFMR-029755,FDR-0087,SUB-019,33.540539,-111.969474,10.3,4.1,NMC,2023-02-01,SunPower,active
BATT-005744,CUST-0193147,XFMR-029756,FDR-0087,SUB-019,33.539965,-111.970103,20.2,8.5,NMC,2023-06-01,BYD,active
BATT-005745,CUST-0193162,XFMR-029759,FDR-0087,SUB-019,33.540155,-111.969551,21.3,9.9,lithium-ion,2020-12-01,SunPower,active
BATT-005746,CUST-0193187,XFMR-029762,FDR-0087,SUB-019,33.539276,-111.969638,256.1,77.7,NMC,2023-06-01,BYD,active
BATT-005747,CUST-0193188,XFMR-029762,FDR-0087,SUB-019,33.539569,-111.970297,19.2,6.9,NMC,2023-03-01,BYD,active
BATT-005748,CUST-0193193,XFMR-029762,FDR-0087,SUB-019,33.539221,-111.969542,32.5,10.9,LFP,2022-10-01,Generac,active
BATT-005749,CUST-0193211,XFMR-029765,FDR-0087,SUB-019,33.538957,-111.970181,10.9,5.0,LFP,2022-09-01,Generac,active
BATT-005750,CUST-0193227,XFMR-029766,FDR-0087,SUB-019,33.538817,-111.969633,15.7,5.4,NMC,2020-03-01,Generac,active
BATT-005751,CUST-0193252,XFMR-029770,FDR-0087,SUB-019,33.539067,-111.969463,9.0,3.6,lithium-ion,2020-11-01,SolarEdge,active
BATT-005752,CUST-0193314,XFMR-029777,FDR-0087,SUB-019,33.538187,-111.969623,15.0,4.6,NMC,2021-10-01,SunPower,active
BATT-005753,CUST-0193316,XFMR-029777,FDR-0087,SUB-019,33.538118,-111.970299,16.9,6.4,lithium-ion,2024-01-01,Generac,active
BATT-005754,CUST-0193400,XFMR-029791,FDR-0087,SUB-019,33.53695,-111.969394,18.3,9.1,NMC,2024-07-01,SunPower,active
BATT-005755,CUST-0193409,XFMR-029792,FDR-0087,SUB-019,33.536501,-111.969431,12.7,4.9,lithium-ion,2021-11-01,SolarEdge,active
BATT-005756,CUST-0193433,XFMR-029795,FDR-0087,SUB-019,33.536023,-111.970044,83.1,21.1,NMC,2024-01-01,SunPower,active
BATT-005757,CUST-0193439,XFMR-029796,FDR-0087,SUB-019,33.536398,-111.970046,12.5,4.0,NMC,2022-06-01,Tesla,active
BATT-005758,CUST-0193543,XFMR-029811,FDR-0087,SUB-019,33.534567,-111.969719,56.9,17.8,lithium-ion,2021-05-01,Tesla,active
BATT-005759,CUST-0193575,XFMR-029818,FDR-0087,SUB-019,33.534456,-111.969599,347.6,98.6,LFP,2021-07-01,SunPower,active
BATT-005760,CUST-0193605,XFMR-029824,FDR-0087,SUB-019,33.533823,-111.969912,18.6,8.1,lithium-ion,2023-07-01,SunPower,active
BATT-005761,CUST-0193633,XFMR-029829,FDR-0087,SUB-019,33.532897,-111.970205,48.7,18.4,lithium-ion,2022-06-01,Tesla,active
BATT-005762,CUST-0193634,XFMR-029829,FDR-0087,SUB-019,33.533078,-111.96959,9.2,3.0,lithium-ion,2023-02-01,BYD,active
BATT-005763,CUST-0193639,XFMR-029830,FDR-0087,SUB-019,33.533329,-111.969375,20.6,9.9,NMC,2023-05-01,SolarEdge,active
BATT-005764,CUST-0193843,XFMR-029863,FDR-0087,SUB-019,33.530162,-111.969438,17.0,5.7,NMC,2021-09-01,SunPower,active
BATT-005765,CUST-0193856,XFMR-029865,FDR-0087,SUB-019,33.529538,-111.969265,10.0,4.6,LFP,2023-09-01,Generac,active
BATT-005766,CUST-0193896,XFMR-029871,FDR-0087,SUB-019,33.528581,-111.97002,9.9,3.5,LFP,2024-04-01,Generac,active
BATT-005767,CUST-0193928,XFMR-029876,FDR-0087,SUB-019,33.528176,-111.969657,10.5,3.8,LFP,2021-10-01,SolarEdge,active
BATT-005768,CUST-0193940,XFMR-029877,FDR-0087,SUB-019,33.528654,-111.969617,19.2,6.2,NMC,2024-02-01,SunPower,active
BATT-005769,CUST-0193979,XFMR-029885,FDR-0087,SUB-019,33.527634,-111.969376,143.3,71.4,NMC,2021-09-01,BYD,active
BATT-005770,CUST-0194001,XFMR-029888,FDR-0087,SUB-019,33.527041,-111.970012,19.1,8.2,LFP,2024-07-01,Enphase,active
BATT-005771,CUST-0194018,XFMR-029890,FDR-0087,SUB-019,33.527542,-111.969709,13.9,5.0,NMC,2024-10-01,Enphase,active
BATT-005772,CUST-0194052,XFMR-029895,FDR-0087,SUB-019,33.526613,-111.969974,18.3,6.1,LFP,2022-12-01,Generac,active
BATT-005773,CUST-0194104,XFMR-029903,FDR-0087,SUB-019,33.525857,-111.969333,16.9,6.2,LFP,2021-02-01,Generac,active
BATT-005774,CUST-0194268,XFMR-029929,FDR-0087,SUB-019,33.523007,-111.969528,455.0,145.9,NMC,2021-07-01,Tesla,active
BATT-005775,CUST-0194285,XFMR-029932,FDR-0087,SUB-019,33.523383,-111.970169,20.0,7.2,lithium-ion,2024-12-01,Generac,active
BATT-005776,CUST-0194301,XFMR-029935,FDR-0087,SUB-019,33.5229,-111.969798,13.2,4.6,LFP,2022-11-01,Tesla,active
BATT-005777,CUST-0194324,XFMR-029937,FDR-0087,SUB-019,33.522646,-111.969608,15.1,7.1,NMC,2024-06-01,Enphase,active
BATT-005778,CUST-0194331,XFMR-029938,FDR-0087,SUB-019,33.522608,-111.969749,13.9,5.3,NMC,2022-09-01,SunPower,active
BATT-005779,CUST-0194355,XFMR-029940,FDR-0087,SUB-019,33.522095,-111.969472,495.6,234.2,NMC,2023-12-01,Enphase,active
BATT-005780,CUST-0194384,XFMR-029943,FDR-0087,SUB-019,33.521646,-111.970136,19.5,8.0,NMC,2021-02-01,Generac,active
BATT-005781,CUST-0194397,XFMR-029946,FDR-0087,SUB-019,33.521846,-111.970091,17.3,5.9,NMC,2021-02-01,Tesla,active
BATT-005782,CUST-0194420,XFMR-029950,FDR-0087,SUB-019,33.521111,-111.969635,14.5,5.2,NMC,2021-07-01,SunPower,active
BATT-005783,CUST-0194438,XFMR-029952,FDR-0087,SUB-019,33.521041,-111.970095,266.6,113.7,lithium-ion,2020-11-01,Enphase,active
BATT-005784,CUST-0194466,XFMR-029956,FDR-0087,SUB-019,33.520343,-111.969944,10.8,5.1,lithium-ion,2024-01-01,Generac,active
BATT-005785,CUST-0194471,XFMR-029959,FDR-0087,SUB-019,33.520631,-111.969394,13.2,4.2,LFP,2023-05-01,SolarEdge,active
BATT-005786,CUST-0194472,XFMR-029959,FDR-0087,SUB-019,33.520256,-111.969308,12.5,5.1,lithium-ion,2022-06-01,SolarEdge,active
BATT-005787,CUST-0194475,XFMR-029959,FDR-0087,SUB-019,33.520743,-111.969284,16.2,7.1,lithium-ion,2022-06-01,SunPower,active
BATT-005788,CUST-0194568,XFMR-029974,FDR-0087,SUB-019,33.519398,-111.969701,12.5,5.9,lithium-ion,2020-09-01,BYD,active
BATT-005789,CUST-0194639,XFMR-029987,FDR-0087,SUB-019,33.517742,-111.970073,13.1,6.4,lithium-ion,2023-08-01,Enphase,active
BATT-005790,CUST-0194649,XFMR-029989,FDR-0087,SUB-019,33.517351,-111.969995,15.8,7.0,lithium-ion,2021-11-01,Generac,active
BATT-005791,CUST-0194746,XFMR-030008,FDR-0087,SUB-019,33.515826,-111.969482,16.5,6.9,LFP,2021-02-01,SolarEdge,active
BATT-005792,CUST-0194788,XFMR-030014,FDR-0087,SUB-019,33.515096,-111.969725,12.7,4.8,LFP,2021-09-01,Generac,active
BATT-005793,CUST-0194790,XFMR-030014,FDR-0087,SUB-019,33.514851,-111.97023,10.1,3.1,NMC,2023-08-01,SunPower,active
BATT-005794,CUST-0194842,XFMR-030024,FDR-0087,SUB-019,33.514307,-111.970034,13.1,4.0,LFP,2022-05-01,Enphase,active
BATT-005795,CUST-0194890,XFMR-030031,FDR-0087,SUB-019,33.513283,-111.969673,13.0,5.9,LFP,2024-03-01,Tesla,active
BATT-005796,CUST-0194891,XFMR-030031,FDR-0087,SUB-019,33.513586,-111.97018,80.9,33.8,NMC,2023-10-01,SolarEdge,active
BATT-005797,CUST-0194968,XFMR-030042,FDR-0087,SUB-019,33.512889,-111.970244,14.1,5.9,LFP,2020-09-01,SolarEdge,active
BATT-005798,CUST-0194980,XFMR-030044,FDR-0087,SUB-019,33.512623,-111.969409,15.7,6.7,lithium-ion,2024-09-01,BYD,active
BATT-005799,CUST-0195023,XFMR-030050,FDR-0087,SUB-019,33.512144,-111.969989,16.6,7.2,lithium-ion,2022-04-01,BYD,active
BATT-005800,CUST-0195054,XFMR-030056,FDR-0087,SUB-019,33.511591,-111.970044,21.9,9.8,lithium-ion,2020-08-01,Tesla,active
BATT-005801,CUST-0195129,XFMR-030066,FDR-0087,SUB-019,33.510517,-111.96984,497.7,181.1,lithium-ion,2024-07-01,BYD,active
BATT-005802,CUST-0195144,XFMR-030067,FDR-0087,SUB-019,33.509757,-111.969879,13.5,4.9,NMC,2022-01-01,Tesla,active
BATT-005803,CUST-0195160,XFMR-030070,FDR-0087,SUB-019,33.510209,-111.970133,144.5,56.4,NMC,2021-10-01,SunPower,active
BATT-005804,CUST-0195268,XFMR-030084,FDR-0087,SUB-019,33.508744,-111.96939,13.3,5.1,NMC,2023-12-01,Enphase,active
BATT-005805,CUST-0195270,XFMR-030084,FDR-0087,SUB-019,33.508308,-111.969955,21.7,10.1,LFP,2020-04-01,SolarEdge,active
BATT-005806,CUST-0195328,XFMR-030091,FDR-0087,SUB-019,33.507437,-111.969566,258.6,90.9,lithium-ion,2022-10-01,Generac,active
BATT-005807,CUST-0195348,XFMR-030093,FDR-0087,SUB-019,33.50724,-111.969722,21.0,6.4,lithium-ion,2023-03-01,Generac,active
BATT-005808,CUST-0195415,XFMR-030103,FDR-0087,SUB-019,33.506607,-111.970018,12.4,4.7,LFP,2024-02-01,Generac,active
BATT-005809,CUST-0195434,XFMR-030107,FDR-0087,SUB-019,33.506118,-111.97004,13.1,4.7,LFP,2022-12-01,Generac,active
BATT-005810,CUST-0195494,XFMR-030116,FDR-0087,SUB-019,33.505828,-111.969593,20.6,7.5,LFP,2023-10-01,Generac,active
BATT-005811,CUST-0195542,XFMR-030124,FDR-0087,SUB-019,33.504773,-111.969289,18.8,6.6,lithium-ion,2023-05-01,SunPower,active
BATT-005812,CUST-0195557,XFMR-030127,FDR-0087,SUB-019,33.503962,-111.969586,15.9,5.8,lithium-ion,2024-12-01,SolarEdge,active
BATT-005813,CUST-0195659,XFMR-030139,FDR-0087,SUB-019,33.503028,-111.969353,42.8,18.2,lithium-ion,2023-07-01,Tesla,active
BATT-005814,CUST-0195666,XFMR-030140,FDR-0087,SUB-019,33.503342,-111.969563,9.1,2.8,lithium-ion,2024-03-01,Tesla,active
BATT-005815,CUST-0195698,XFMR-030146,FDR-0087,SUB-019,33.502884,-111.970038,16.4,6.0,NMC,2021-11-01,BYD,active
BATT-005816,CUST-0195777,XFMR-030160,FDR-0087,SUB-019,33.50112,-111.969554,9.3,4.6,lithium-ion,2023-07-01,SolarEdge,active
BATT-005817,CUST-0195815,XFMR-030166,FDR-0088,SUB-020,33.361287,-112.160331,19.0,8.1,LFP,2021-06-01,SunPower,active
BATT-005818,CUST-0195846,XFMR-030173,FDR-0088,SUB-020,33.361089,-112.160282,35.0,12.7,lithium-ion,2023-03-01,SolarEdge,active
BATT-005819,CUST-0195857,XFMR-030175,FDR-0088,SUB-020,33.361451,-112.160131,14.8,4.6,LFP,2022-12-01,Enphase,active
BATT-005820,CUST-0195902,XFMR-030185,FDR-0088,SUB-020,33.361162,-112.158636,14.1,6.4,NMC,2020-06-01,Tesla,active
BATT-005821,CUST-0195906,XFMR-030186,FDR-0088,SUB-020,33.361745,-112.158677,67.5,28.8,lithium-ion,2020-11-01,Generac,active
BATT-005822,CUST-0195921,XFMR-030189,FDR-0088,SUB-020,33.361425,-112.158164,18.8,6.4,LFP,2021-05-01,Generac,active
BATT-005823,CUST-0195951,XFMR-030193,FDR-0088,SUB-020,33.361262,-112.158138,15.6,7.1,NMC,2024-09-01,BYD,active
BATT-005824,CUST-0195973,XFMR-030196,FDR-0088,SUB-020,33.361189,-112.157305,195.6,60.0,lithium-ion,2023-07-01,Generac,active
BATT-005825,CUST-0196021,XFMR-030203,FDR-0088,SUB-020,33.361357,-112.156686,9.3,3.5,NMC,2024-06-01,SolarEdge,active
BATT-005826,CUST-0196026,XFMR-030206,FDR-0088,SUB-020,33.361217,-112.15659,16.3,7.5,LFP,2021-04-01,SunPower,active
BATT-005827,CUST-0196033,XFMR-030208,FDR-0088,SUB-020,33.361273,-112.156905,12.5,4.7,lithium-ion,2024-12-01,SunPower,active
BATT-005828,CUST-0196095,XFMR-030217,FDR-0088,SUB-020,33.361673,-112.155245,14.5,6.0,NMC,2024-07-01,SunPower,active
BATT-005829,CUST-0196110,XFMR-030219,FDR-0088,SUB-020,33.361135,-112.155355,14.3,6.4,LFP,2021-04-01,Generac,active
BATT-005830,CUST-0196126,XFMR-030220,FDR-0088,SUB-020,33.361615,-112.155763,16.1,6.5,LFP,2023-01-01,SunPower,active
BATT-005831,CUST-0196142,XFMR-030223,FDR-0088,SUB-020,33.361683,-112.155037,40.1,14.7,lithium-ion,2022-08-01,BYD,active
BATT-005832,CUST-0196164,XFMR-030227,FDR-0088,SUB-020,33.361088,-112.15457,14.7,5.3,NMC,2024-03-01,SolarEdge,active
BATT-005833,CUST-0196171,XFMR-030227,FDR-0088,SUB-020,33.361571,-112.154314,10.2,4.3,NMC,2021-12-01,Tesla,active
BATT-005834,CUST-0196240,XFMR-030240,FDR-0088,SUB-020,33.361671,-112.153157,21.5,6.6,LFP,2023-03-01,BYD,active
BATT-005835,CUST-0196244,XFMR-030240,FDR-0088,SUB-020,33.361507,-112.153061,10.7,4.3,LFP,2024-03-01,Generac,active
BATT-005836,CUST-0196251,XFMR-030241,FDR-0088,SUB-020,33.36162,-112.152984,190.3,54.5,NMC,2020-09-01,SolarEdge,active
BATT-005837,CUST-0196283,XFMR-030246,FDR-0088,SUB-020,33.361536,-112.152589,9.2,3.4,NMC,2023-04-01,SolarEdge,active
BATT-005838,CUST-0196313,XFMR-030250,FDR-0088,SUB-020,33.361819,-112.152823,12.3,6.0,LFP,2022-06-01,BYD,inactive
BATT-005839,CUST-0196323,XFMR-030252,FDR-0088,SUB-020,33.36161,-112.152266,453.5,172.3,NMC,2022-06-01,SunPower,active
BATT-005840,CUST-0196334,XFMR-030253,FDR-0088,SUB-020,33.361617,-112.152123,9.9,3.5,lithium-ion,2020-01-01,Tesla,active
BATT-005841,CUST-0196366,XFMR-030257,FDR-0088,SUB-020,33.361846,-112.151837,9.4,2.9,lithium-ion,2021-01-01,Generac,active
BATT-005842,CUST-0196377,XFMR-030258,FDR-0088,SUB-020,33.361228,-112.151941,17.1,7.8,LFP,2021-01-01,SolarEdge,active
BATT-005843,CUST-0196518,XFMR-030282,FDR-0088,SUB-020,33.361336,-112.149158,9.4,4.1,LFP,2023-05-01,Tesla,active
BATT-005844,CUST-0196555,XFMR-030288,FDR-0088,SUB-020,33.361191,-112.148311,21.0,7.5,NMC,2021-02-01,Tesla,active
BATT-005845,CUST-0196556,XFMR-030288,FDR-0088,SUB-020,33.361624,-112.148881,14.0,4.4,lithium-ion,2022-01-01,Enphase,active
BATT-005846,CUST-0196620,XFMR-030302,FDR-0088,SUB-020,33.36167,-112.147464,155.5,40.6,LFP,2024-09-01,Enphase,active
BATT-005847,CUST-0196678,XFMR-030309,FDR-0088,SUB-020,33.361218,-112.146495,13.9,5.7,NMC,2022-11-01,Enphase,active
BATT-005848,CUST-0196737,XFMR-030318,FDR-0088,SUB-020,33.361112,-112.145947,10.2,4.4,lithium-ion,2022-11-01,Generac,active
BATT-005849,CUST-0196749,XFMR-030321,FDR-0088,SUB-020,33.361459,-112.145586,19.7,9.8,lithium-ion,2022-05-01,Tesla,active
BATT-005850,CUST-0196769,XFMR-030325,FDR-0088,SUB-020,33.361844,-112.1452,408.1,122.1,LFP,2023-10-01,SolarEdge,active
BATT-005851,CUST-0196843,XFMR-030339,FDR-0088,SUB-020,33.361731,-112.14348,18.3,7.9,NMC,2022-11-01,Generac,active
BATT-005852,CUST-0196860,XFMR-030341,FDR-0088,SUB-020,33.361616,-112.142973,9.9,4.9,lithium-ion,2021-05-01,Generac,active
BATT-005853,CUST-0196867,XFMR-030341,FDR-0088,SUB-020,33.36113,-112.143635,12.7,5.7,lithium-ion,2023-04-01,Generac,active
BATT-005854,CUST-0196921,XFMR-030346,FDR-0088,SUB-020,33.361828,-112.142997,163.0,55.9,NMC,2020-07-01,Enphase,active
BATT-005855,CUST-0196926,XFMR-030347,FDR-0088,SUB-020,33.361593,-112.142201,15.7,5.1,lithium-ion,2021-06-01,SolarEdge,active
BATT-005856,CUST-0196944,XFMR-030349,FDR-0088,SUB-020,33.361543,-112.142699,21.2,7.8,LFP,2021-02-01,Enphase,active
BATT-005857,CUST-0196999,XFMR-030357,FDR-0088,SUB-020,33.361736,-112.141878,9.3,2.9,LFP,2021-03-01,BYD,active
BATT-005858,CUST-0197034,XFMR-030364,FDR-0088,SUB-020,33.361714,-112.140404,14.2,6.1,NMC,2022-06-01,BYD,active
BATT-005859,CUST-0197040,XFMR-030364,FDR-0088,SUB-020,33.361762,-112.140804,16.8,5.8,NMC,2024-07-01,Tesla,active
BATT-005860,CUST-0197052,XFMR-030366,FDR-0088,SUB-020,33.361772,-112.141032,14.4,4.3,NMC,2022-11-01,Generac,active
BATT-005861,CUST-0197066,XFMR-030368,FDR-0088,SUB-020,33.361698,-112.140334,329.1,143.7,NMC,2020-04-01,SolarEdge,active
BATT-005862,CUST-0197072,XFMR-030368,FDR-0088,SUB-020,33.361167,-112.140736,10.8,4.2,lithium-ion,2023-12-01,Tesla,active
BATT-005863,CUST-0197128,XFMR-030376,FDR-0088,SUB-020,33.36148,-112.14002,253.3,124.7,LFP,2021-10-01,BYD,active
BATT-005864,CUST-0197293,XFMR-030398,FDR-0088,SUB-020,33.361632,-112.137206,9.7,3.9,LFP,2023-06-01,BYD,active
BATT-005865,CUST-0197294,XFMR-030398,FDR-0088,SUB-020,33.361758,-112.137195,42.2,20.1,NMC,2020-11-01,SolarEdge,active
BATT-005866,CUST-0197312,XFMR-030401,FDR-0088,SUB-020,33.361473,-112.137253,98.1,43.6,lithium-ion,2021-10-01,Generac,active
BATT-005867,CUST-0197335,XFMR-030403,FDR-0088,SUB-020,33.361755,-112.136822,20.9,10.0,NMC,2020-11-01,SunPower,active
BATT-005868,CUST-0197342,XFMR-030404,FDR-0088,SUB-020,33.361268,-112.13688,19.9,9.4,NMC,2024-06-01,Enphase,active
BATT-005869,CUST-0197356,XFMR-030407,FDR-0088,SUB-020,33.361631,-112.13646,376.0,162.2,LFP,2023-04-01,Generac,active
BATT-005870,CUST-0197360,XFMR-030407,FDR-0088,SUB-020,33.361206,-112.136216,142.3,70.9,NMC,2020-11-01,Tesla,active
BATT-005871,CUST-0197401,XFMR-030413,FDR-0088,SUB-020,33.361681,-112.135959,14.3,6.5,LFP,2021-12-01,Tesla,active
BATT-005872,CUST-0197506,XFMR-030430,FDR-0088,SUB-020,33.361725,-112.13388,9.4,4.1,lithium-ion,2021-08-01,SolarEdge,active
BATT-005873,CUST-0197516,XFMR-030433,FDR-0088,SUB-020,33.361265,-112.133675,14.8,6.8,NMC,2024-08-01,Enphase,active
BATT-005874,CUST-0197581,XFMR-030440,FDR-0088,SUB-020,33.361231,-112.133477,13.8,4.7,NMC,2023-11-01,SolarEdge,active
BATT-005875,CUST-0197634,XFMR-030447,FDR-0088,SUB-020,33.361186,-112.133,15.9,7.6,LFP,2020-06-01,Tesla,active
BATT-005876,CUST-0197648,XFMR-030449,FDR-0088,SUB-020,33.361774,-112.132439,326.7,162.7,NMC,2024-01-01,BYD,active
BATT-005877,CUST-0197655,XFMR-030450,FDR-0088,SUB-020,33.361229,-112.132146,20.7,8.6,NMC,2022-12-01,BYD,active
BATT-005878,CUST-0197659,XFMR-030450,FDR-0088,SUB-020,33.361756,-112.132028,14.0,5.6,LFP,2024-08-01,BYD,active
BATT-005879,CUST-0197678,XFMR-030453,FDR-0088,SUB-020,33.361075,-112.131519,12.7,6.2,NMC,2022-09-01,BYD,active
BATT-005880,CUST-0197689,XFMR-030454,FDR-0088,SUB-020,33.361722,-112.131993,65.8,23.8,NMC,2023-09-01,Generac,active
BATT-005881,CUST-0197697,XFMR-030455,FDR-0088,SUB-020,33.361296,-112.131592,10.2,4.1,lithium-ion,2021-04-01,Tesla,active
BATT-005882,CUST-0197748,XFMR-030463,FDR-0088,SUB-020,33.361188,-112.130528,13.9,6.5,lithium-ion,2022-12-01,Enphase,active
BATT-005883,CUST-0197760,XFMR-030464,FDR-0088,SUB-020,33.361705,-112.130977,156.1,43.8,NMC,2023-06-01,BYD,active
BATT-005884,CUST-0197780,XFMR-030467,FDR-0088,SUB-020,33.361115,-112.13067,14.3,4.3,lithium-ion,2023-04-01,SunPower,active
BATT-005885,CUST-0197859,XFMR-030478,FDR-0088,SUB-020,33.36148,-112.129357,15.5,6.5,NMC,2021-05-01,SolarEdge,active
BATT-005886,CUST-0197871,XFMR-030479,FDR-0088,SUB-020,33.361104,-112.129244,15.5,7.5,LFP,2023-12-01,Enphase,active
BATT-005887,CUST-0197942,XFMR-030489,FDR-0088,SUB-020,33.361658,-112.128198,9.4,4.1,lithium-ion,2023-02-01,BYD,active
BATT-005888,CUST-0197999,XFMR-030495,FDR-0088,SUB-020,33.36152,-112.128067,18.6,7.7,lithium-ion,2021-03-01,Tesla,active
BATT-005889,CUST-0198008,XFMR-030497,FDR-0088,SUB-020,33.361102,-112.127353,13.6,4.7,lithium-ion,2021-03-01,Generac,active
BATT-005890,CUST-0198103,XFMR-030510,FDR-0088,SUB-020,33.361241,-112.126471,461.4,163.1,NMC,2024-07-01,Tesla,active
BATT-005891,CUST-0198110,XFMR-030512,FDR-0088,SUB-020,33.361777,-112.12573,13.1,6.0,NMC,2024-04-01,SolarEdge,active
BATT-005892,CUST-0198269,XFMR-030540,FDR-0088,SUB-020,33.361336,-112.123618,15.1,5.4,LFP,2022-04-01,Enphase,active
BATT-005893,CUST-0198286,XFMR-030542,FDR-0088,SUB-020,33.361045,-112.122669,14.5,4.9,LFP,2020-04-01,SunPower,active
BATT-005894,CUST-0198291,XFMR-030543,FDR-0088,SUB-020,33.361696,-112.122388,14.3,7.0,lithium-ion,2023-11-01,BYD,active
BATT-005895,CUST-0198294,XFMR-030543,FDR-0088,SUB-020,33.361285,-112.123104,10.3,4.9,lithium-ion,2020-06-01,BYD,active
BATT-005896,CUST-0198316,XFMR-030546,FDR-0088,SUB-020,33.361055,-112.122979,21.5,8.5,lithium-ion,2023-05-01,Enphase,active
BATT-005897,CUST-0198323,XFMR-030547,FDR-0088,SUB-020,33.361234,-112.122767,31.3,15.5,LFP,2023-01-01,Enphase,active
BATT-005898,CUST-0198329,XFMR-030548,FDR-0088,SUB-020,33.361324,-112.122085,18.9,9.4,NMC,2022-02-01,SolarEdge,active
BATT-005899,CUST-0198337,XFMR-030549,FDR-0088,SUB-020,33.361128,-112.122466,19.7,8.5,lithium-ion,2021-05-01,BYD,active
BATT-005900,CUST-0198351,XFMR-030551,FDR-0088,SUB-020,33.361564,-112.122125,20.1,7.2,NMC,2022-09-01,SunPower,active
BATT-005901,CUST-0198388,XFMR-030558,FDR-0088,SUB-020,33.361192,-112.121253,15.4,5.8,NMC,2021-03-01,Generac,active
BATT-005902,CUST-0198398,XFMR-030561,FDR-0088,SUB-020,33.361299,-112.121164,9.6,4.6,LFP,2020-12-01,SolarEdge,active
BATT-005903,CUST-0198404,XFMR-030562,FDR-0088,SUB-020,33.361698,-112.121056,400.1,153.0,LFP,2021-08-01,SolarEdge,active
BATT-005904,CUST-0198447,XFMR-030568,FDR-0088,SUB-020,33.361874,-112.120085,19.0,6.9,LFP,2024-03-01,BYD,active
BATT-005905,CUST-0198496,XFMR-030577,FDR-0088,SUB-020,33.361303,-112.119495,18.5,7.6,lithium-ion,2020-09-01,BYD,active
BATT-005906,CUST-0198527,XFMR-030580,FDR-0088,SUB-020,33.361684,-112.119074,87.7,34.7,lithium-ion,2022-07-01,BYD,active
BATT-005907,CUST-0198548,XFMR-030585,FDR-0088,SUB-020,33.361333,-112.118376,9.6,4.4,lithium-ion,2024-10-01,Generac,active
BATT-005908,CUST-0198556,XFMR-030585,FDR-0088,SUB-020,33.361814,-112.118292,13.4,4.1,LFP,2021-10-01,SunPower,active
BATT-005909,CUST-0198565,XFMR-030586,FDR-0088,SUB-020,33.36126,-112.118477,18.4,9.2,LFP,2022-08-01,SunPower,active
BATT-005910,CUST-0198576,XFMR-030588,FDR-0088,SUB-020,33.361647,-112.118043,10.6,4.4,LFP,2020-07-01,SolarEdge,active
BATT-005911,CUST-0198643,XFMR-030597,FDR-0088,SUB-020,33.361274,-112.117092,19.9,8.1,LFP,2020-07-01,Generac,active
BATT-005912,CUST-0198709,XFMR-030606,FDR-0088,SUB-020,33.361041,-112.116541,9.3,4.5,LFP,2021-01-01,SolarEdge,active
BATT-005913,CUST-0198717,XFMR-030608,FDR-0088,SUB-020,33.361194,-112.116038,16.9,5.3,NMC,2022-04-01,BYD,active
BATT-005914,CUST-0198720,XFMR-030608,FDR-0088,SUB-020,33.361233,-112.115858,10.2,4.0,LFP,2024-04-01,SolarEdge,active
BATT-005915,CUST-0198743,XFMR-030612,FDR-0088,SUB-020,33.361193,-112.116393,19.9,8.9,lithium-ion,2022-03-01,Tesla,active
BATT-005916,CUST-0198779,XFMR-030618,FDR-0088,SUB-020,33.361723,-112.115512,13.5,6.6,NMC,2024-02-01,Generac,active
BATT-005917,CUST-0198780,XFMR-030618,FDR-0088,SUB-020,33.361135,-112.115025,14.7,4.5,lithium-ion,2023-09-01,BYD,active
BATT-005918,CUST-0198782,XFMR-030618,FDR-0088,SUB-020,33.361249,-112.115284,12.2,4.5,LFP,2020-04-01,BYD,active
BATT-005919,CUST-0198807,XFMR-030621,FDR-0088,SUB-020,33.361729,-112.11485,18.3,8.2,LFP,2023-06-01,SolarEdge,active
BATT-005920,CUST-0198812,XFMR-030622,FDR-0088,SUB-020,33.361487,-112.114999,18.2,6.9,LFP,2023-12-01,Tesla,active
BATT-005921,CUST-0198832,XFMR-030627,FDR-0088,SUB-020,33.361199,-112.11426,12.3,4.2,LFP,2022-10-01,SunPower,active
BATT-005922,CUST-0198887,XFMR-030636,FDR-0088,SUB-020,33.361708,-112.113885,9.4,2.9,NMC,2022-07-01,Enphase,active
BATT-005923,CUST-0198893,XFMR-030637,FDR-0088,SUB-020,33.361188,-112.113614,20.1,6.6,lithium-ion,2020-06-01,BYD,active
BATT-005924,CUST-0198904,XFMR-030639,FDR-0088,SUB-020,33.361567,-112.113734,14.5,6.6,lithium-ion,2023-10-01,SunPower,active
BATT-005925,CUST-0198922,XFMR-030641,FDR-0088,SUB-020,33.361133,-112.113573,290.2,76.6,lithium-ion,2024-07-01,Enphase,active
BATT-005926,CUST-0198943,XFMR-030643,FDR-0088,SUB-020,33.361213,-112.113279,15.6,6.2,lithium-ion,2020-06-01,Generac,active
BATT-005927,CUST-0198947,XFMR-030644,FDR-0088,SUB-020,33.361249,-112.112982,15.2,7.0,NMC,2022-07-01,BYD,active
BATT-005928,CUST-0198959,XFMR-030645,FDR-0088,SUB-020,33.361343,-112.112861,22.0,8.7,lithium-ion,2023-03-01,SolarEdge,active
BATT-005929,CUST-0199030,XFMR-030654,FDR-0088,SUB-020,33.361312,-112.111458,20.0,10.0,LFP,2023-12-01,Generac,active
BATT-005930,CUST-0199057,XFMR-030660,FDR-0088,SUB-020,33.361162,-112.110767,265.3,104.9,lithium-ion,2024-07-01,BYD,active
BATT-005931,CUST-0199063,XFMR-030661,FDR-0088,SUB-020,33.36182,-112.110768,10.9,5.4,LFP,2023-05-01,SunPower,active
BATT-005932,CUST-0199150,XFMR-030673,FDR-0088,SUB-020,33.36135,-112.109699,286.8,100.1,lithium-ion,2024-06-01,SolarEdge,active
BATT-005933,CUST-0199161,XFMR-030675,FDR-0088,SUB-020,33.361265,-112.109927,20.0,8.2,lithium-ion,2022-10-01,SunPower,active
BATT-005934,CUST-0199180,XFMR-030678,FDR-0088,SUB-020,33.36125,-112.109223,220.0,79.5,lithium-ion,2021-01-01,Tesla,active
BATT-005935,CUST-0199204,XFMR-030682,FDR-0088,SUB-020,33.361209,-112.108865,14.6,6.5,LFP,2023-08-01,Generac,active
BATT-005936,CUST-0199245,XFMR-030688,FDR-0088,SUB-020,33.361294,-112.108415,16.4,8.2,LFP,2023-02-01,Enphase,active
BATT-005937,CUST-0199297,XFMR-030696,FDR-0088,SUB-020,33.36154,-112.107603,16.9,7.5,NMC,2020-02-01,SunPower,active
BATT-005938,CUST-0199373,XFMR-030709,FDR-0088,SUB-020,33.361564,-112.106617,13.2,5.8,lithium-ion,2022-03-01,BYD,active
BATT-005939,CUST-0199401,XFMR-030714,FDR-0088,SUB-020,33.361678,-112.105497,16.9,5.5,LFP,2024-01-01,BYD,inactive
BATT-005940,CUST-0199411,XFMR-030715,FDR-0088,SUB-020,33.361763,-112.106092,12.8,4.8,LFP,2021-09-01,SunPower,active
BATT-005941,CUST-0199531,XFMR-030732,FDR-0088,SUB-020,33.361687,-112.103519,21.5,9.9,NMC,2023-10-01,Tesla,active
BATT-005942,CUST-0199648,XFMR-030747,FDR-0089,SUB-020,33.359253,-112.160345,17.5,7.2,lithium-ion,2024-07-01,Enphase,active
BATT-005943,CUST-0199654,XFMR-030748,FDR-0089,SUB-020,33.358608,-112.160492,9.5,3.8,LFP,2022-05-01,BYD,active
BATT-005944,CUST-0199697,XFMR-030754,FDR-0089,SUB-020,33.357819,-112.161255,9.1,4.2,lithium-ion,2022-11-01,BYD,active
BATT-005945,CUST-0199731,XFMR-030758,FDR-0089,SUB-020,33.357002,-112.161029,351.0,111.3,lithium-ion,2022-12-01,SunPower,active
BATT-005946,CUST-0199749,XFMR-030759,FDR-0089,SUB-020,33.356817,-112.160993,9.9,3.9,NMC,2021-12-01,SunPower,active
BATT-005947,CUST-0199776,XFMR-030763,FDR-0089,SUB-020,33.35551,-112.161073,10.7,4.8,LFP,2023-10-01,SolarEdge,active
BATT-005948,CUST-0199818,XFMR-030767,FDR-0089,SUB-020,33.354788,-112.161114,11.0,4.3,LFP,2020-10-01,SunPower,active
BATT-005949,CUST-0199837,XFMR-030770,FDR-0089,SUB-020,33.354066,-112.16049,35.8,13.0,LFP,2022-12-01,Tesla,active
BATT-005950,CUST-0199859,XFMR-030773,FDR-0089,SUB-020,33.35349,-112.160539,20.5,7.5,NMC,2024-10-01,Enphase,inactive
BATT-005951,CUST-0199863,XFMR-030774,FDR-0089,SUB-020,33.3535,-112.160975,76.2,36.0,LFP,2023-02-01,SolarEdge,active
BATT-005952,CUST-0199871,XFMR-030776,FDR-0089,SUB-020,33.353448,-112.160428,13.3,6.3,LFP,2020-05-01,Generac,active
BATT-005953,CUST-0199894,XFMR-030779,FDR-0089,SUB-020,33.352518,-112.160708,14.0,5.3,NMC,2021-05-01,SolarEdge,active
BATT-005954,CUST-0199909,XFMR-030780,FDR-0089,SUB-020,33.352113,-112.161066,76.8,31.5,lithium-ion,2021-12-01,SolarEdge,active
BATT-005955,CUST-0199993,XFMR-030795,FDR-0089,SUB-020,33.349528,-112.160643,12.5,4.4,lithium-ion,2022-11-01,SunPower,active
BATT-005956,CUST-0200043,XFMR-030805,FDR-0089,SUB-020,33.347713,-112.160944,12.8,4.0,lithium-ion,2021-12-01,SunPower,active
BATT-005957,CUST-0200114,XFMR-030820,FDR-0089,SUB-020,33.344506,-112.160421,9.6,3.5,LFP,2022-03-01,SunPower,active
BATT-005958,CUST-0200123,XFMR-030821,FDR-0089,SUB-020,33.344077,-112.160946,17.0,5.3,NMC,2022-08-01,Tesla,active
BATT-005959,CUST-0200160,XFMR-030826,FDR-0089,SUB-020,33.342861,-112.16069,13.5,6.1,NMC,2022-07-01,SolarEdge,active
BATT-005960,CUST-0200243,XFMR-030840,FDR-0089,SUB-020,33.340096,-112.160503,139.8,57.3,NMC,2022-02-01,SunPower,active
BATT-005961,CUST-0200306,XFMR-030848,FDR-0089,SUB-020,33.338449,-112.160756,13.3,6.3,LFP,2020-07-01,BYD,active
BATT-005962,CUST-0200334,XFMR-030852,FDR-0089,SUB-020,33.337736,-112.160799,14.0,4.3,lithium-ion,2021-07-01,Enphase,active
BATT-005963,CUST-0200335,XFMR-030852,FDR-0089,SUB-020,33.338185,-112.160816,17.5,5.6,NMC,2024-12-01,Enphase,active
BATT-005964,CUST-0200363,XFMR-030856,FDR-0089,SUB-020,33.337012,-112.161038,14.8,5.7,NMC,2021-10-01,Generac,active
BATT-005965,CUST-0200411,XFMR-030862,FDR-0089,SUB-020,33.335542,-112.160346,10.5,3.3,NMC,2022-12-01,SunPower,active
BATT-005966,CUST-0200431,XFMR-030865,FDR-0089,SUB-020,33.335202,-112.160732,39.6,11.9,NMC,2020-12-01,SunPower,active
BATT-005967,CUST-0200507,XFMR-030877,FDR-0089,SUB-020,33.332933,-112.16073,27.8,9.9,NMC,2023-05-01,SolarEdge,active
BATT-005968,CUST-0200526,XFMR-030881,FDR-0089,SUB-020,33.332295,-112.160691,14.1,5.3,NMC,2023-06-01,SolarEdge,active
BATT-005969,CUST-0200568,XFMR-030888,FDR-0089,SUB-020,33.331116,-112.160609,21.9,9.8,lithium-ion,2023-03-01,SunPower,active
BATT-005970,CUST-0200642,XFMR-030899,FDR-0089,SUB-020,33.328918,-112.160585,80.2,26.6,lithium-ion,2024-06-01,SunPower,active
BATT-005971,CUST-0200643,XFMR-030900,FDR-0089,SUB-020,33.328299,-112.160777,17.1,8.3,lithium-ion,2024-09-01,Tesla,active
BATT-005972,CUST-0200649,XFMR-030901,FDR-0089,SUB-020,33.327788,-112.160609,210.2,102.4,NMC,2022-03-01,SolarEdge,active
BATT-005973,CUST-0200690,XFMR-030906,FDR-0089,SUB-020,33.327322,-112.160708,16.8,8.1,lithium-ion,2020-10-01,BYD,active
BATT-005974,CUST-0200740,XFMR-030916,FDR-0089,SUB-020,33.324709,-112.160605,268.6,83.1,lithium-ion,2023-04-01,Enphase,active
BATT-005975,CUST-0200824,XFMR-030928,FDR-0089,SUB-020,33.322387,-112.160671,10.3,3.4,lithium-ion,2022-10-01,SunPower,active
BATT-005976,CUST-0200842,XFMR-030929,FDR-0089,SUB-020,33.322231,-112.160921,16.6,8.0,NMC,2020-11-01,Enphase,active
BATT-005977,CUST-0200886,XFMR-030936,FDR-0089,SUB-020,33.32135,-112.161127,19.5,7.6,lithium-ion,2021-11-01,SolarEdge,active
BATT-005978,CUST-0200889,XFMR-030937,FDR-0089,SUB-020,33.320504,-112.161189,17.2,5.6,LFP,2022-06-01,BYD,active
BATT-005979,CUST-0200922,XFMR-030942,FDR-0089,SUB-020,33.319833,-112.161074,14.2,6.2,lithium-ion,2024-08-01,Tesla,active
BATT-005980,CUST-0200936,XFMR-030944,FDR-0089,SUB-020,33.319272,-112.161065,19.7,9.8,LFP,2021-10-01,Generac,active
BATT-005981,CUST-0201026,XFMR-030960,FDR-0089,SUB-020,33.316144,-112.160603,18.2,6.0,NMC,2023-12-01,BYD,active
BATT-005982,CUST-0201064,XFMR-030965,FDR-0089,SUB-020,33.315005,-112.160569,10.7,4.1,LFP,2021-11-01,Tesla,active
BATT-005983,CUST-0201066,XFMR-030965,FDR-0089,SUB-020,33.315619,-112.160891,9.2,4.3,LFP,2022-10-01,BYD,active
BATT-005984,CUST-0201067,XFMR-030965,FDR-0089,SUB-020,33.314925,-112.160345,10.2,4.4,NMC,2024-03-01,BYD,active
BATT-005985,CUST-0201073,XFMR-030966,FDR-0089,SUB-020,33.315175,-112.160558,32.0,15.6,LFP,2020-04-01,Generac,active
BATT-005986,CUST-0201098,XFMR-030970,FDR-0089,SUB-020,33.314527,-112.160797,15.8,7.0,LFP,2022-10-01,BYD,active
BATT-005987,CUST-0201106,XFMR-030971,FDR-0089,SUB-020,33.314443,-112.16059,16.5,5.4,LFP,2024-12-01,SunPower,active
BATT-005988,CUST-0201144,XFMR-030976,FDR-0089,SUB-020,33.312729,-112.161198,157.3,65.8,lithium-ion,2020-11-01,Enphase,active
BATT-005989,CUST-0201188,XFMR-030983,FDR-0089,SUB-020,33.311922,-112.160899,162.7,48.1,LFP,2020-01-01,Generac,active
BATT-005990,CUST-0201195,XFMR-030985,FDR-0089,SUB-020,33.31094,-112.160474,10.4,5.0,lithium-ion,2021-12-01,SolarEdge,active
BATT-005991,CUST-0201227,XFMR-030990,FDR-0089,SUB-020,33.310308,-112.161278,19.2,8.5,NMC,2023-11-01,Enphase,active
BATT-005992,CUST-0201234,XFMR-030992,FDR-0089,SUB-020,33.310102,-112.161141,10.0,3.6,lithium-ion,2023-12-01,BYD,active
BATT-005993,CUST-0201245,XFMR-030993,FDR-0089,SUB-020,33.309589,-112.161294,18.8,6.9,LFP,2020-03-01,SolarEdge,active
BATT-005994,CUST-0201360,XFMR-031008,FDR-0089,SUB-020,33.30631,-112.161344,18.6,8.3,lithium-ion,2023-07-01,SunPower,active
BATT-005995,CUST-0201365,XFMR-031010,FDR-0089,SUB-020,33.306012,-112.16042,16.1,7.9,lithium-ion,2022-09-01,SolarEdge,active
BATT-005996,CUST-0201369,XFMR-031011,FDR-0089,SUB-020,33.305774,-112.160463,9.1,4.4,LFP,2021-01-01,SolarEdge,active
BATT-005997,CUST-0201405,XFMR-031016,FDR-0089,SUB-020,33.304863,-112.161018,10.8,3.9,NMC,2020-09-01,BYD,active
BATT-005998,CUST-0201433,XFMR-031023,FDR-0089,SUB-020,33.30348,-112.161106,353.7,142.2,LFP,2021-10-01,Generac,active
BATT-005999,CUST-0201465,XFMR-031027,FDR-0089,SUB-020,33.302988,-112.160582,10.5,4.8,lithium-ion,2020-06-01,SunPower,active
BATT-006000,CUST-0201496,XFMR-031032,FDR-0089,SUB-020,33.301594,-112.161082,14.2,5.1,NMC,2022-11-01,Enphase,active
BATT-006001,CUST-0201530,XFMR-031035,FDR-0089,SUB-020,33.301017,-112.161068,9.5,3.6,lithium-ion,2024-10-01,Enphase,active
BATT-006002,CUST-0201549,XFMR-031039,FDR-0089,SUB-020,33.300763,-112.160583,14.4,6.7,LFP,2024-06-01,Tesla,active
BATT-006003,CUST-0201558,XFMR-031042,FDR-0089,SUB-020,33.299535,-112.160514,9.4,3.1,NMC,2021-07-01,Generac,active
BATT-006004,CUST-0201563,XFMR-031042,FDR-0089,SUB-020,33.299836,-112.161011,9.9,4.7,NMC,2022-02-01,SunPower,active
BATT-006005,CUST-0201580,XFMR-031044,FDR-0089,SUB-020,33.299401,-112.161047,14.4,5.9,LFP,2021-05-01,Generac,active
BATT-006006,CUST-0201622,XFMR-031050,FDR-0089,SUB-020,33.298343,-112.160456,9.4,4.5,LFP,2024-06-01,BYD,active
BATT-006007,CUST-0201623,XFMR-031050,FDR-0089,SUB-020,33.298277,-112.160566,19.3,6.6,NMC,2021-11-01,Generac,active
BATT-006008,CUST-0201625,XFMR-031050,FDR-0089,SUB-020,33.297768,-112.161087,101.9,48.0,lithium-ion,2022-12-01,Tesla,active
BATT-006009,CUST-0201653,XFMR-031053,FDR-0089,SUB-020,33.297355,-112.160527,16.7,6.2,LFP,2024-11-01,SolarEdge,active
BATT-006010,CUST-0201668,XFMR-031056,FDR-0089,SUB-020,33.296948,-112.161077,15.5,7.5,lithium-ion,2023-04-01,SolarEdge,active
BATT-006011,CUST-0201688,XFMR-031060,FDR-0089,SUB-020,33.296192,-112.160971,14.1,5.4,NMC,2022-11-01,Generac,active
BATT-006012,CUST-0201695,XFMR-031062,FDR-0089,SUB-020,33.295901,-112.160948,15.3,6.1,NMC,2023-08-01,Tesla,active
BATT-006013,CUST-0201732,XFMR-031067,FDR-0089,SUB-020,33.294695,-112.160423,16.4,7.7,lithium-ion,2022-01-01,BYD,active
BATT-006014,CUST-0201735,XFMR-031068,FDR-0089,SUB-020,33.294771,-112.160633,13.2,4.3,lithium-ion,2022-07-01,SolarEdge,active
BATT-006015,CUST-0201819,XFMR-031079,FDR-0089,SUB-020,33.292092,-112.160622,13.6,5.1,NMC,2024-12-01,SunPower,active
BATT-006016,CUST-0201828,XFMR-031080,FDR-0089,SUB-020,33.292399,-112.160697,9.7,4.5,NMC,2021-01-01,SunPower,active
BATT-006017,CUST-0201842,XFMR-031084,FDR-0090,SUB-020,33.36155,-112.162225,20.4,9.7,lithium-ion,2020-06-01,SolarEdge,active
BATT-006018,CUST-0201854,XFMR-031085,FDR-0090,SUB-020,33.36191,-112.162684,20.3,9.9,NMC,2022-10-01,BYD,active
BATT-006019,CUST-0201938,XFMR-031099,FDR-0090,SUB-020,33.36159,-112.170035,13.6,6.4,LFP,2022-06-01,BYD,active
BATT-006020,CUST-0201969,XFMR-031105,FDR-0090,SUB-020,33.361625,-112.171934,72.1,29.1,NMC,2023-07-01,Generac,active
BATT-006021,CUST-0202025,XFMR-031113,FDR-0090,SUB-020,33.361077,-112.176219,16.1,7.2,LFP,2023-08-01,Tesla,active
BATT-006022,CUST-0202037,XFMR-031114,FDR-0090,SUB-020,33.361509,-112.176762,188.4,62.3,NMC,2020-11-01,Enphase,inactive
BATT-006023,CUST-0202052,XFMR-031116,FDR-0090,SUB-020,33.361171,-112.177773,9.1,3.2,lithium-ion,2022-01-01,SolarEdge,active
BATT-006024,CUST-0202055,XFMR-031116,FDR-0090,SUB-020,33.36115,-112.176978,20.2,9.6,NMC,2024-09-01,Tesla,active
BATT-006025,CUST-0202108,XFMR-031125,FDR-0090,SUB-020,33.361152,-112.181735,276.2,126.6,NMC,2023-08-01,BYD,active
BATT-006026,CUST-0202120,XFMR-031126,FDR-0090,SUB-020,33.361665,-112.181655,15.0,5.1,lithium-ion,2023-11-01,SolarEdge,active
BATT-006027,CUST-0202172,XFMR-031134,FDR-0090,SUB-020,33.361573,-112.185525,17.4,8.6,LFP,2021-12-01,Generac,active
BATT-006028,CUST-0202240,XFMR-031145,FDR-0090,SUB-020,33.361758,-112.191061,27.3,13.3,lithium-ion,2023-03-01,SunPower,active
BATT-006029,CUST-0202311,XFMR-031154,FDR-0090,SUB-020,33.361278,-112.194835,20.1,8.4,NMC,2024-06-01,Enphase,active
BATT-006030,CUST-0202343,XFMR-031157,FDR-0090,SUB-020,33.361218,-112.195803,13.3,5.8,LFP,2021-11-01,SolarEdge,active
BATT-006031,CUST-0202382,XFMR-031163,FDR-0090,SUB-020,33.361662,-112.199344,363.8,125.7,lithium-ion,2021-11-01,Enphase,active
BATT-006032,CUST-0202391,XFMR-031164,FDR-0090,SUB-020,33.361697,-112.199151,122.5,49.0,lithium-ion,2021-02-01,Generac,active
BATT-006033,CUST-0202393,XFMR-031165,FDR-0090,SUB-020,33.361084,-112.200389,14.6,5.1,LFP,2023-10-01,SunPower,active
BATT-006034,CUST-0202403,XFMR-031167,FDR-0090,SUB-020,33.3617,-112.200594,14.7,6.6,LFP,2024-11-01,BYD,active
BATT-006035,CUST-0202538,XFMR-031187,FDR-0090,SUB-020,33.361565,-112.209918,10.8,4.8,lithium-ion,2022-01-01,SolarEdge,active
BATT-006036,CUST-0202574,XFMR-031193,FDR-0090,SUB-020,33.361164,-112.212878,451.1,196.0,LFP,2020-09-01,Enphase,active
BATT-006037,CUST-0202704,XFMR-031213,FDR-0090,SUB-020,33.361305,-112.222013,12.2,5.0,NMC,2023-04-01,Generac,active
BATT-006038,CUST-0202715,XFMR-031215,FDR-0090,SUB-020,33.361806,-112.223326,14.9,5.0,lithium-ion,2021-02-01,Tesla,active
BATT-006039,CUST-0202746,XFMR-031222,FDR-0090,SUB-020,33.361626,-112.225693,13.1,5.5,LFP,2022-06-01,Enphase,active
BATT-006040,CUST-0202771,XFMR-031226,FDR-0090,SUB-020,33.36122,-112.227691,325.2,82.5,lithium-ion,2021-02-01,Generac,active
BATT-006041,CUST-0202821,XFMR-031233,FDR-0090,SUB-020,33.36109,-112.231073,84.6,33.4,lithium-ion,2024-11-01,Tesla,active
BATT-006042,CUST-0202840,XFMR-031235,FDR-0091,SUB-020,33.361849,-112.161046,18.5,5.9,NMC,2020-01-01,SunPower,active
BATT-006043,CUST-0202849,XFMR-031237,FDR-0091,SUB-020,33.362784,-112.160544,12.7,4.1,LFP,2023-02-01,Generac,active
BATT-006044,CUST-0202885,XFMR-031243,FDR-0091,SUB-020,33.36587,-112.160628,15.7,7.8,LFP,2020-02-01,Tesla,active
BATT-006045,CUST-0202907,XFMR-031246,FDR-0091,SUB-020,33.367479,-112.160481,461.1,163.4,lithium-ion,2020-02-01,Generac,active
BATT-006046,CUST-0202913,XFMR-031247,FDR-0091,SUB-020,33.367469,-112.160637,20.1,6.9,LFP,2024-03-01,Generac,active
BATT-006047,CUST-0202926,XFMR-031248,FDR-0091,SUB-020,33.368071,-112.161118,136.9,54.0,NMC,2020-01-01,Generac,active
BATT-006048,CUST-0202960,XFMR-031252,FDR-0091,SUB-020,33.36985,-112.160491,14.8,5.5,lithium-ion,2024-01-01,Tesla,active
BATT-006049,CUST-0202969,XFMR-031254,FDR-0091,SUB-020,33.370867,-112.160966,10.8,4.1,NMC,2023-09-01,BYD,active
BATT-006050,CUST-0203018,XFMR-031264,FDR-0091,SUB-020,33.375562,-112.161066,19.7,7.5,lithium-ion,2020-05-01,SolarEdge,active
BATT-006051,CUST-0203057,XFMR-031269,FDR-0091,SUB-020,33.377822,-112.160763,14.1,4.7,NMC,2020-07-01,Tesla,active
BATT-006052,CUST-0203077,XFMR-031272,FDR-0091,SUB-020,33.379494,-112.161093,10.2,3.2,LFP,2020-09-01,Tesla,active
BATT-006053,CUST-0203082,XFMR-031273,FDR-0091,SUB-020,33.380124,-112.160969,11.0,3.3,LFP,2023-06-01,SolarEdge,active
BATT-006054,CUST-0203172,XFMR-031288,FDR-0091,SUB-020,33.387438,-112.160922,20.5,6.6,NMC,2022-06-01,Enphase,active
BATT-006055,CUST-0203213,XFMR-031296,FDR-0091,SUB-020,33.390899,-112.160679,12.2,4.5,LFP,2023-07-01,Tesla,active
BATT-006056,CUST-0203224,XFMR-031297,FDR-0091,SUB-020,33.391437,-112.161121,9.7,4.4,lithium-ion,2024-05-01,SunPower,active
BATT-006057,CUST-0203286,XFMR-031304,FDR-0091,SUB-020,33.394495,-112.161217,93.8,42.6,LFP,2021-07-01,Enphase,active
BATT-006058,CUST-0203296,XFMR-031306,FDR-0091,SUB-020,33.395308,-112.161298,19.3,8.2,LFP,2023-08-01,BYD,active
BATT-006059,CUST-0203298,XFMR-031306,FDR-0091,SUB-020,33.395502,-112.160642,19.9,7.0,NMC,2021-10-01,Generac,active
BATT-006060,CUST-0203341,XFMR-031311,FDR-0091,SUB-020,33.397703,-112.16045,14.9,6.3,LFP,2020-09-01,SunPower,active
BATT-006061,CUST-0203352,XFMR-031312,FDR-0091,SUB-020,33.398627,-112.16074,14.1,4.5,LFP,2023-01-01,Tesla,active
BATT-006062,CUST-0203417,XFMR-031323,FDR-0091,SUB-020,33.403593,-112.160495,13.7,6.0,lithium-ion,2022-01-01,SolarEdge,active
BATT-006063,CUST-0203418,XFMR-031323,FDR-0091,SUB-020,33.403564,-112.16042,92.7,44.7,NMC,2023-08-01,Generac,active
BATT-006064,CUST-0203422,XFMR-031323,FDR-0091,SUB-020,33.404129,-112.160847,13.1,6.3,NMC,2021-05-01,Tesla,active
BATT-006065,CUST-0203446,XFMR-031328,FDR-0091,SUB-020,33.405979,-112.160829,21.3,9.0,NMC,2022-03-01,SunPower,active
BATT-006066,CUST-0203452,XFMR-031329,FDR-0091,SUB-020,33.406959,-112.160749,14.4,5.5,LFP,2022-02-01,BYD,active
BATT-006067,CUST-0203557,XFMR-031345,FDR-0091,SUB-020,33.414259,-112.161264,10.4,5.2,LFP,2022-08-01,SolarEdge,active
BATT-006068,CUST-0203648,XFMR-031357,FDR-0091,SUB-020,33.419805,-112.160337,14.8,7.1,NMC,2020-02-01,Enphase,active
BATT-006069,CUST-0203748,XFMR-031372,FDR-0091,SUB-020,33.427282,-112.160944,89.2,29.6,lithium-ion,2022-03-01,Enphase,active
BATT-006070,CUST-0203770,XFMR-031375,FDR-0091,SUB-020,33.428646,-112.160556,9.0,3.8,lithium-ion,2020-04-01,Tesla,active
BATT-006071,CUST-0203783,XFMR-031377,FDR-0091,SUB-020,33.429862,-112.160417,14.5,4.7,NMC,2024-11-01,Generac,active
BATT-006072,CUST-0203800,XFMR-031379,FDR-0091,SUB-020,33.430012,-112.161128,20.9,9.3,lithium-ion,2020-12-01,SolarEdge,active
BATT-006073,CUST-0203823,XFMR-031382,FDR-0091,SUB-020,33.432112,-112.160466,18.9,9.0,NMC,2024-07-01,Enphase,active
BATT-006074,CUST-0203828,XFMR-031383,FDR-0091,SUB-020,33.432107,-112.16113,16.2,6.7,NMC,2021-06-01,Enphase,active
BATT-006075,CUST-0203868,XFMR-031388,FDR-0091,SUB-020,33.434328,-112.16065,19.4,8.1,LFP,2023-01-01,BYD,active
BATT-006076,CUST-0203928,XFMR-031396,FDR-0091,SUB-020,33.438094,-112.161195,13.3,5.2,LFP,2020-02-01,Enphase,active
BATT-006077,CUST-0203963,XFMR-031399,FDR-0091,SUB-020,33.440135,-112.160477,53.6,26.1,LFP,2021-02-01,SunPower,active
BATT-006078,CUST-0204048,XFMR-031411,FDR-0091,SUB-020,33.445539,-112.161237,10.4,3.9,lithium-ion,2020-11-01,Generac,active
BATT-006079,CUST-0204072,XFMR-031416,FDR-0091,SUB-020,33.448088,-112.161073,19.8,9.7,lithium-ion,2020-03-01,Enphase,active
BATT-006080,CUST-0204118,XFMR-031425,FDR-0091,SUB-020,33.452024,-112.16097,19.1,6.9,lithium-ion,2021-07-01,Generac,active
BATT-006081,CUST-0204143,XFMR-031428,FDR-0092,SUB-020,33.361638,-112.160533,9.6,3.1,NMC,2023-06-01,SunPower,active
BATT-006082,CUST-0204178,XFMR-031437,FDR-0092,SUB-020,33.361559,-112.159789,10.3,4.7,lithium-ion,2020-10-01,Generac,active
BATT-006083,CUST-0204179,XFMR-031437,FDR-0092,SUB-020,33.361236,-112.159354,16.0,7.0,LFP,2023-10-01,Enphase,active
BATT-006084,CUST-0204183,XFMR-031438,FDR-0092,SUB-020,33.361739,-112.159756,16.1,5.3,NMC,2024-06-01,SolarEdge,active
BATT-006085,CUST-0204218,XFMR-031443,FDR-0092,SUB-020,33.361093,-112.15882,14.8,6.2,NMC,2021-11-01,BYD,active
BATT-006086,CUST-0204276,XFMR-031451,FDR-0092,SUB-020,33.36186,-112.158169,443.5,221.5,lithium-ion,2024-01-01,Generac,active
BATT-006087,CUST-0204283,XFMR-031452,FDR-0092,SUB-020,33.361492,-112.157921,18.2,6.3,LFP,2023-12-01,Enphase,active
BATT-006088,CUST-0204295,XFMR-031455,FDR-0092,SUB-020,33.36174,-112.157731,14.0,4.6,lithium-ion,2023-07-01,Enphase,active
BATT-006089,CUST-0204300,XFMR-031455,FDR-0092,SUB-020,33.361771,-112.158381,14.3,5.7,NMC,2021-12-01,Tesla,active
BATT-006090,CUST-0204305,XFMR-031456,FDR-0092,SUB-020,33.361646,-112.157928,17.0,8.0,LFP,2022-06-01,BYD,inactive
BATT-006091,CUST-0204341,XFMR-031464,FDR-0092,SUB-020,33.361327,-112.156709,21.4,7.8,lithium-ion,2020-01-01,SunPower,active
BATT-006092,CUST-0204360,XFMR-031467,FDR-0092,SUB-020,33.361279,-112.156228,12.3,4.1,lithium-ion,2022-03-01,Tesla,active
BATT-006093,CUST-0204536,XFMR-031497,FDR-0092,SUB-020,33.361674,-112.1537,9.8,3.8,LFP,2024-05-01,SunPower,active
BATT-006094,CUST-0204573,XFMR-031503,FDR-0092,SUB-020,33.361809,-112.15355,20.7,9.7,lithium-ion,2023-10-01,SolarEdge,active
BATT-006095,CUST-0204617,XFMR-031510,FDR-0092,SUB-020,33.361739,-112.152503,10.4,3.3,lithium-ion,2023-03-01,SolarEdge,active
BATT-006096,CUST-0204652,XFMR-031514,FDR-0092,SUB-020,33.361272,-112.152334,18.4,7.5,LFP,2020-07-01,SunPower,active
BATT-006097,CUST-0204656,XFMR-031515,FDR-0092,SUB-020,33.361227,-112.151929,10.8,4.5,lithium-ion,2022-11-01,BYD,active
BATT-006098,CUST-0204691,XFMR-031520,FDR-0092,SUB-020,33.361148,-112.151707,15.4,7.5,lithium-ion,2021-05-01,Enphase,active
BATT-006099,CUST-0204700,XFMR-031522,FDR-0092,SUB-020,33.361462,-112.151239,14.8,6.4,lithium-ion,2020-07-01,Tesla,active
BATT-006100,CUST-0204702,XFMR-031522,FDR-0092,SUB-020,33.361291,-112.151014,20.0,7.2,lithium-ion,2022-11-01,SolarEdge,active
BATT-006101,CUST-0204726,XFMR-031525,FDR-0092,SUB-020,33.361161,-112.151354,340.8,122.0,lithium-ion,2022-05-01,SunPower,active
BATT-006102,CUST-0204728,XFMR-031526,FDR-0092,SUB-020,33.361524,-112.151269,19.6,7.6,LFP,2020-04-01,BYD,active
BATT-006103,CUST-0204779,XFMR-031533,FDR-0092,SUB-020,33.361695,-112.149779,10.5,3.2,lithium-ion,2021-06-01,Tesla,active
BATT-006104,CUST-0204796,XFMR-031536,FDR-0092,SUB-020,33.361427,-112.149814,17.3,5.8,NMC,2020-06-01,SunPower,active
BATT-006105,CUST-0204832,XFMR-031540,FDR-0092,SUB-020,33.361622,-112.149466,15.8,5.7,NMC,2023-05-01,Generac,active
BATT-006106,CUST-0204858,XFMR-031546,FDR-0092,SUB-020,33.361827,-112.148931,395.2,104.3,lithium-ion,2021-02-01,Generac,active
BATT-006107,CUST-0204871,XFMR-031549,FDR-0092,SUB-020,33.361698,-112.149031,19.7,7.6,lithium-ion,2024-01-01,Tesla,active
BATT-006108,CUST-0204883,XFMR-031551,FDR-0092,SUB-020,33.361687,-112.148051,18.7,6.9,lithium-ion,2021-10-01,SunPower,active
BATT-006109,CUST-0204948,XFMR-031559,FDR-0092,SUB-020,33.361422,-112.147541,19.0,8.4,LFP,2020-11-01,BYD,active
BATT-006110,CUST-0205058,XFMR-031575,FDR-0092,SUB-020,33.361267,-112.146118,237.0,114.8,LFP,2023-06-01,BYD,active
BATT-006111,CUST-0205071,XFMR-031576,FDR-0092,SUB-020,33.361715,-112.145553,15.3,7.2,LFP,2020-02-01,Enphase,active
BATT-006112,CUST-0205123,XFMR-031584,FDR-0092,SUB-020,33.361503,-112.145296,13.3,5.7,LFP,2021-12-01,Tesla,active
BATT-006113,CUST-0205234,XFMR-031599,FDR-0092,SUB-020,33.361562,-112.143648,22.3,6.7,LFP,2024-09-01,SolarEdge,active
BATT-006114,CUST-0205308,XFMR-031612,FDR-0092,SUB-020,33.361587,-112.142313,18.3,8.8,NMC,2024-06-01,Enphase,active
BATT-006115,CUST-0205331,XFMR-031615,FDR-0092,SUB-020,33.361283,-112.142481,10.0,4.4,NMC,2023-05-01,Enphase,active
BATT-006116,CUST-0205344,XFMR-031619,FDR-0092,SUB-020,33.361114,-112.141704,19.5,9.6,lithium-ion,2021-11-01,Generac,active
BATT-006117,CUST-0205361,XFMR-031622,FDR-0092,SUB-020,33.361267,-112.140893,124.3,44.2,lithium-ion,2020-04-01,SunPower,active
BATT-006118,CUST-0205372,XFMR-031625,FDR-0092,SUB-020,33.361103,-112.140688,14.0,4.6,LFP,2022-12-01,SolarEdge,active
BATT-006119,CUST-0205395,XFMR-031628,FDR-0092,SUB-020,33.361192,-112.140829,9.9,4.3,NMC,2021-06-01,Generac,active
BATT-006120,CUST-0205398,XFMR-031629,FDR-0092,SUB-020,33.361388,-112.141079,12.4,4.8,lithium-ion,2024-07-01,Tesla,active
BATT-006121,CUST-0205611,XFMR-031662,FDR-0092,SUB-020,33.361802,-112.137353,21.6,7.4,NMC,2021-05-01,BYD,active
BATT-006122,CUST-0205630,XFMR-031665,FDR-0092,SUB-020,33.361278,-112.137448,10.0,3.9,LFP,2022-05-01,BYD,active
BATT-006123,CUST-0205632,XFMR-031665,FDR-0092,SUB-020,33.361762,-112.137485,21.4,10.4,NMC,2023-07-01,Generac,active
BATT-006124,CUST-0205654,XFMR-031669,FDR-0092,SUB-020,33.361514,-112.137102,10.6,4.1,NMC,2020-12-01,SolarEdge,active
BATT-006125,CUST-0205707,XFMR-031675,FDR-0092,SUB-020,33.361204,-112.136238,20.4,8.4,LFP,2021-11-01,Generac,active
BATT-006126,CUST-0205714,XFMR-031677,FDR-0092,SUB-020,33.361824,-112.135955,18.9,9.4,NMC,2022-09-01,Tesla,active
BATT-006127,CUST-0205718,XFMR-031677,FDR-0092,SUB-020,33.361711,-112.136004,14.8,5.5,NMC,2023-02-01,Generac,active
BATT-006128,CUST-0205721,XFMR-031678,FDR-0092,SUB-020,33.361319,-112.135527,12.8,4.7,lithium-ion,2024-06-01,Tesla,active
BATT-006129,CUST-0205791,XFMR-031688,FDR-0092,SUB-020,33.361716,-112.135041,20.8,10.2,lithium-ion,2023-09-01,Generac,active
BATT-006130,CUST-0205844,XFMR-031695,FDR-0092,SUB-020,33.36178,-112.133781,14.8,5.6,lithium-ion,2024-12-01,SolarEdge,active
BATT-006131,CUST-0205865,XFMR-031699,FDR-0092,SUB-020,33.361706,-112.133742,14.7,5.9,NMC,2022-03-01,SunPower,active
BATT-006132,CUST-0205871,XFMR-031699,FDR-0092,SUB-020,33.361718,-112.133746,10.6,3.7,NMC,2022-09-01,BYD,active
BATT-006133,CUST-0205884,XFMR-031701,FDR-0092,SUB-020,33.361717,-112.133167,12.6,4.2,lithium-ion,2024-09-01,BYD,active
BATT-006134,CUST-0205885,XFMR-031702,FDR-0092,SUB-020,33.361077,-112.13313,81.5,39.2,lithium-ion,2023-07-01,SunPower,active
BATT-006135,CUST-0205910,XFMR-031705,FDR-0092,SUB-020,33.361423,-112.132929,172.3,58.6,lithium-ion,2022-10-01,BYD,active
BATT-006136,CUST-0205912,XFMR-031705,FDR-0092,SUB-020,33.361247,-112.132702,13.5,6.1,NMC,2022-10-01,BYD,active
BATT-006137,CUST-0205951,XFMR-031711,FDR-0092,SUB-020,33.361699,-112.132853,10.5,4.0,NMC,2024-06-01,Enphase,active
BATT-006138,CUST-0205977,XFMR-031718,FDR-0092,SUB-020,33.361712,-112.131961,14.5,7.1,LFP,2020-01-01,SolarEdge,active
BATT-006139,CUST-0205982,XFMR-031718,FDR-0092,SUB-020,33.361826,-112.132014,18.1,7.8,lithium-ion,2023-02-01,Tesla,active
BATT-006140,CUST-0206017,XFMR-031723,FDR-0092,SUB-020,33.361198,-112.131756,114.8,39.5,lithium-ion,2024-11-01,SolarEdge,active
BATT-006141,CUST-0206031,XFMR-031725,FDR-0092,SUB-020,33.361373,-112.131296,353.6,176.0,lithium-ion,2024-11-01,SolarEdge,active
BATT-006142,CUST-0206059,XFMR-031729,FDR-0092,SUB-020,33.361688,-112.130706,208.8,78.0,NMC,2024-08-01,SunPower,active
BATT-006143,CUST-0206078,XFMR-031733,FDR-0092,SUB-020,33.361655,-112.129869,10.4,3.2,LFP,2024-07-01,SolarEdge,active
BATT-006144,CUST-0206089,XFMR-031735,FDR-0092,SUB-020,33.36182,-112.130358,16.0,7.4,NMC,2022-09-01,BYD,active
BATT-006145,CUST-0206098,XFMR-031736,FDR-0092,SUB-020,33.361579,-112.129863,16.6,5.2,LFP,2020-12-01,Enphase,active
BATT-006146,CUST-0206118,XFMR-031742,FDR-0092,SUB-020,33.36123,-112.128986,17.0,6.7,NMC,2021-05-01,Generac,inactive
BATT-006147,CUST-0206119,XFMR-031743,FDR-0092,SUB-020,33.361607,-112.129685,90.1,31.7,NMC,2021-08-01,Generac,active
BATT-006148,CUST-0206173,XFMR-031752,FDR-0092,SUB-020,33.361077,-112.128935,12.7,6.1,LFP,2021-12-01,SunPower,active
BATT-006149,CUST-0206186,XFMR-031753,FDR-0092,SUB-020,33.361598,-112.128266,217.0,70.5,lithium-ion,2021-07-01,Generac,active
BATT-006150,CUST-0206247,XFMR-031763,FDR-0092,SUB-020,33.361339,-112.127801,14.8,5.3,lithium-ion,2024-07-01,Generac,active
BATT-006151,CUST-0206437,XFMR-031789,FDR-0092,SUB-020,33.361023,-112.124507,57.3,20.8,LFP,2023-04-01,BYD,active
BATT-006152,CUST-0206451,XFMR-031791,FDR-0092,SUB-020,33.361785,-112.124117,9.2,4.2,LFP,2020-07-01,Tesla,active
BATT-006153,CUST-0206456,XFMR-031792,FDR-0092,SUB-020,33.361761,-112.124542,9.7,3.7,lithium-ion,2021-08-01,Tesla,active
BATT-006154,CUST-0206458,XFMR-031792,FDR-0092,SUB-020,33.361369,-112.124672,11.0,4.1,LFP,2020-03-01,BYD,active
BATT-006155,CUST-0206498,XFMR-031799,FDR-0092,SUB-020,33.361416,-112.124156,14.4,4.4,lithium-ion,2022-01-01,Tesla,active
BATT-006156,CUST-0206499,XFMR-031799,FDR-0092,SUB-020,33.361853,-112.123357,10.0,4.5,LFP,2024-02-01,SunPower,active
BATT-006157,CUST-0206546,XFMR-031804,FDR-0092,SUB-020,33.361376,-112.1238,14.7,4.4,NMC,2022-02-01,Generac,active
BATT-006158,CUST-0206547,XFMR-031804,FDR-0092,SUB-020,33.361271,-112.123455,20.3,7.2,lithium-ion,2022-06-01,Enphase,active
BATT-006159,CUST-0206601,XFMR-031809,FDR-0092,SUB-020,33.361593,-112.122925,10.3,5.0,lithium-ion,2024-04-01,SunPower,active
BATT-006160,CUST-0206670,XFMR-031818,FDR-0092,SUB-020,33.361349,-112.122061,13.9,5.5,lithium-ion,2020-10-01,Enphase,active
BATT-006161,CUST-0206689,XFMR-031819,FDR-0092,SUB-020,33.361203,-112.1217,21.3,8.1,lithium-ion,2024-02-01,Enphase,active
BATT-006162,CUST-0206749,XFMR-031830,FDR-0092,SUB-020,33.361413,-112.120755,16.7,6.1,LFP,2022-02-01,Enphase,active
BATT-006163,CUST-0206874,XFMR-031846,FDR-0092,SUB-020,33.361015,-112.119618,18.2,8.0,lithium-ion,2021-06-01,BYD,active
BATT-006164,CUST-0206902,XFMR-031851,FDR-0092,SUB-020,33.361514,-112.118226,21.4,8.0,NMC,2021-02-01,BYD,active
BATT-006165,CUST-0206916,XFMR-031855,FDR-0092,SUB-020,33.361777,-112.11862,13.5,5.6,LFP,2023-10-01,Tesla,active
BATT-006166,CUST-0206948,XFMR-031859,FDR-0092,SUB-020,33.361733,-112.118333,9.8,4.4,NMC,2021-01-01,SolarEdge,active
BATT-006167,CUST-0206969,XFMR-031862,FDR-0092,SUB-020,33.361526,-112.117222,18.9,8.9,LFP,2023-01-01,Tesla,active
BATT-006168,CUST-0207008,XFMR-031870,FDR-0092,SUB-020,33.361812,-112.116286,9.1,3.3,NMC,2022-11-01,Generac,active
BATT-006169,CUST-0207032,XFMR-031875,FDR-0092,SUB-020,33.361852,-112.116041,17.1,6.7,lithium-ion,2023-09-01,SolarEdge,active
BATT-006170,CUST-0207050,XFMR-031879,FDR-0092,SUB-020,33.361223,-112.115537,9.6,3.8,NMC,2024-11-01,SunPower,active
BATT-006171,CUST-0207072,XFMR-031884,FDR-0092,SUB-020,33.361684,-112.115054,10.9,3.9,LFP,2022-07-01,Tesla,active
BATT-006172,CUST-0207077,XFMR-031885,FDR-0092,SUB-020,33.361619,-112.115395,21.9,9.2,NMC,2022-04-01,BYD,active
BATT-006173,CUST-0207130,XFMR-031891,FDR-0092,SUB-020,33.361144,-112.11475,14.8,6.9,lithium-ion,2023-06-01,Tesla,active
BATT-006174,CUST-0207194,XFMR-031903,FDR-0092,SUB-020,33.361151,-112.113257,16.6,7.6,lithium-ion,2022-01-01,Generac,active
BATT-006175,CUST-0207196,XFMR-031903,FDR-0092,SUB-020,33.361549,-112.1138,13.2,5.4,lithium-ion,2022-11-01,SolarEdge,active
BATT-006176,CUST-0207225,XFMR-031908,FDR-0092,SUB-020,33.361068,-112.112763,9.2,3.0,lithium-ion,2022-10-01,SolarEdge,active
BATT-006177,CUST-0207233,XFMR-031908,FDR-0092,SUB-020,33.361189,-112.112752,21.4,7.8,lithium-ion,2021-02-01,Tesla,active
BATT-006178,CUST-0207263,XFMR-031914,FDR-0092,SUB-020,33.361389,-112.112585,134.6,66.1,NMC,2021-09-01,Enphase,active
BATT-006179,CUST-0207287,XFMR-031917,FDR-0092,SUB-020,33.361811,-112.11227,18.9,9.1,LFP,2023-06-01,SolarEdge,active
BATT-006180,CUST-0207297,XFMR-031920,FDR-0092,SUB-020,33.361656,-112.111711,13.1,4.4,lithium-ion,2022-10-01,SolarEdge,active
BATT-006181,CUST-0207466,XFMR-031947,FDR-0092,SUB-020,33.361858,-112.109606,19.2,6.8,lithium-ion,2022-03-01,BYD,active
BATT-006182,CUST-0207518,XFMR-031956,FDR-0092,SUB-020,33.36186,-112.108011,13.3,5.9,lithium-ion,2022-11-01,Enphase,active
BATT-006183,CUST-0207533,XFMR-031958,FDR-0092,SUB-020,33.361119,-112.107595,93.0,39.0,lithium-ion,2020-11-01,SolarEdge,active
BATT-006184,CUST-0207635,XFMR-031975,FDR-0093,SUB-020,33.359266,-112.160947,14.1,5.6,lithium-ion,2022-03-01,Tesla,active
BATT-006185,CUST-0207672,XFMR-031980,FDR-0093,SUB-020,33.358332,-112.160328,14.6,6.5,lithium-ion,2020-04-01,Generac,active
BATT-006186,CUST-0207687,XFMR-031983,FDR-0093,SUB-020,33.357163,-112.160715,9.7,4.8,NMC,2024-03-01,Generac,active
BATT-006187,CUST-0207735,XFMR-031989,FDR-0093,SUB-020,33.355221,-112.16124,12.5,5.6,lithium-ion,2022-10-01,Enphase,active
BATT-006188,CUST-0207759,XFMR-031994,FDR-0093,SUB-020,33.354254,-112.161187,14.9,5.1,LFP,2024-02-01,Enphase,active
BATT-006189,CUST-0207822,XFMR-032003,FDR-0093,SUB-020,33.351986,-112.161241,10.4,4.1,lithium-ion,2023-11-01,Generac,active
BATT-006190,CUST-0207857,XFMR-032009,FDR-0093,SUB-020,33.350047,-112.161292,21.5,7.3,NMC,2024-04-01,Generac,active
BATT-006191,CUST-0207889,XFMR-032013,FDR-0093,SUB-020,33.348933,-112.160636,9.7,3.2,lithium-ion,2022-03-01,Enphase,active
BATT-006192,CUST-0207897,XFMR-032013,FDR-0093,SUB-020,33.348811,-112.160663,14.1,5.3,LFP,2024-04-01,SunPower,active
BATT-006193,CUST-0207910,XFMR-032015,FDR-0093,SUB-020,33.34863,-112.160776,21.2,10.2,LFP,2022-05-01,SolarEdge,active
BATT-006194,CUST-0207919,XFMR-032015,FDR-0093,SUB-020,33.34828,-112.160787,21.9,7.0,NMC,2024-06-01,SunPower,active
BATT-006195,CUST-0207931,XFMR-032017,FDR-0093,SUB-020,33.347608,-112.160937,18.2,8.1,NMC,2023-04-01,Tesla,active
BATT-006196,CUST-0207934,XFMR-032017,FDR-0093,SUB-020,33.347881,-112.160541,14.5,6.0,LFP,2021-08-01,Generac,active
BATT-006197,CUST-0208041,XFMR-032032,FDR-0093,SUB-020,33.34396,-112.161181,17.3,6.4,LFP,2023-08-01,BYD,active
BATT-006198,CUST-0208121,XFMR-032044,FDR-0093,SUB-020,33.340251,-112.160549,10.0,3.4,lithium-ion,2020-02-01,Enphase,active
BATT-006199,CUST-0208126,XFMR-032045,FDR-0093,SUB-020,33.340035,-112.16052,18.4,7.6,lithium-ion,2020-09-01,Tesla,active
BATT-006200,CUST-0208149,XFMR-032049,FDR-0093,SUB-020,33.338848,-112.160736,16.0,7.6,NMC,2022-05-01,Generac,active
BATT-006201,CUST-0208164,XFMR-032050,FDR-0093,SUB-020,33.33833,-112.160552,17.3,6.0,LFP,2021-07-01,BYD,active
BATT-006202,CUST-0208187,XFMR-032054,FDR-0093,SUB-020,33.33738,-112.160618,10.6,5.2,LFP,2020-08-01,Tesla,active
BATT-006203,CUST-0208214,XFMR-032058,FDR-0093,SUB-020,33.336405,-112.160635,119.5,45.0,lithium-ion,2021-06-01,SolarEdge,active
BATT-006204,CUST-0208236,XFMR-032061,FDR-0093,SUB-020,33.335841,-112.160627,14.8,5.2,LFP,2024-12-01,Generac,active
BATT-006205,CUST-0208270,XFMR-032065,FDR-0093,SUB-020,33.334553,-112.161093,9.2,3.1,LFP,2022-07-01,BYD,active
BATT-006206,CUST-0208272,XFMR-032066,FDR-0093,SUB-020,33.334059,-112.160816,20.0,7.4,NMC,2020-01-01,SolarEdge,active
BATT-006207,CUST-0208316,XFMR-032073,FDR-0093,SUB-020,33.332616,-112.161001,344.1,141.0,lithium-ion,2024-10-01,SunPower,active
BATT-006208,CUST-0208359,XFMR-032083,FDR-0093,SUB-020,33.329681,-112.160467,18.4,9.0,LFP,2021-11-01,Generac,active
BATT-006209,CUST-0208431,XFMR-032093,FDR-0093,SUB-020,33.326414,-112.161117,19.6,7.9,NMC,2021-02-01,SunPower,active
BATT-006210,CUST-0208452,XFMR-032097,FDR-0093,SUB-020,33.325314,-112.161097,14.4,5.0,LFP,2024-01-01,SolarEdge,active
BATT-006211,CUST-0208473,XFMR-032100,FDR-0093,SUB-020,33.324542,-112.160485,20.4,9.4,NMC,2020-09-01,SolarEdge,active
BATT-006212,CUST-0208658,XFMR-032127,FDR-0093,SUB-020,33.317238,-112.160632,19.9,9.4,NMC,2022-01-01,Generac,active
BATT-006213,CUST-0208681,XFMR-032130,FDR-0093,SUB-020,33.316001,-112.16135,9.9,4.2,LFP,2021-05-01,Enphase,active
BATT-006214,CUST-0208756,XFMR-032141,FDR-0093,SUB-020,33.313523,-112.161309,16.4,7.4,lithium-ion,2020-11-01,Generac,active
BATT-006215,CUST-0208788,XFMR-032147,FDR-0093,SUB-020,33.311505,-112.160693,14.0,5.6,NMC,2021-12-01,BYD,active
BATT-006216,CUST-0208862,XFMR-032157,FDR-0093,SUB-020,33.308497,-112.161358,16.2,6.2,lithium-ion,2022-06-01,SunPower,active
BATT-006217,CUST-0208898,XFMR-032163,FDR-0093,SUB-020,33.306949,-112.160596,20.8,8.4,NMC,2022-10-01,SunPower,active
BATT-006218,CUST-0208936,XFMR-032169,FDR-0093,SUB-020,33.305355,-112.161216,10.6,5.0,LFP,2021-03-01,Tesla,active
BATT-006219,CUST-0209008,XFMR-032180,FDR-0093,SUB-020,33.302455,-112.161061,15.5,6.7,LFP,2021-11-01,SunPower,active
BATT-006220,CUST-0209019,XFMR-032182,FDR-0093,SUB-020,33.301797,-112.160701,12.3,4.3,lithium-ion,2021-11-01,Enphase,active
BATT-006221,CUST-0209039,XFMR-032185,FDR-0093,SUB-020,33.301123,-112.161092,9.2,4.5,LFP,2024-03-01,SunPower,active
BATT-006222,CUST-0209065,XFMR-032189,FDR-0093,SUB-020,33.299623,-112.160645,13.8,4.6,LFP,2024-07-01,SunPower,active
BATT-006223,CUST-0209097,XFMR-032194,FDR-0093,SUB-020,33.298116,-112.161238,83.8,41.8,LFP,2020-07-01,BYD,active
BATT-006224,CUST-0209153,XFMR-032205,FDR-0093,SUB-020,33.295634,-112.161123,10.5,3.9,LFP,2020-09-01,Tesla,active
BATT-006225,CUST-0209154,XFMR-032205,FDR-0093,SUB-020,33.295567,-112.160649,15.6,6.4,NMC,2023-11-01,Enphase,active
BATT-006226,CUST-0209164,XFMR-032206,FDR-0093,SUB-020,33.295261,-112.161059,22.0,9.1,LFP,2023-01-01,Generac,active
BATT-006227,CUST-0209225,XFMR-032214,FDR-0093,SUB-020,33.293161,-112.160945,13.4,5.1,lithium-ion,2021-02-01,Tesla,active
BATT-006228,CUST-0209255,XFMR-032221,FDR-0093,SUB-020,33.291019,-112.161033,14.6,6.1,lithium-ion,2023-06-01,Generac,active
BATT-006229,CUST-0209288,XFMR-032225,FDR-0093,SUB-020,33.289555,-112.160504,16.6,7.5,lithium-ion,2023-05-01,Enphase,active
BATT-006230,CUST-0209289,XFMR-032226,FDR-0093,SUB-020,33.289234,-112.160954,12.5,5.5,LFP,2022-07-01,Generac,active
BATT-006231,CUST-0209364,XFMR-032237,FDR-0093,SUB-020,33.286918,-112.160382,13.1,6.5,NMC,2023-11-01,Generac,active
BATT-006232,CUST-0209415,XFMR-032246,FDR-0093,SUB-020,33.283861,-112.160754,9.7,4.0,NMC,2022-09-01,Enphase,active
BATT-006233,CUST-0209439,XFMR-032248,FDR-0093,SUB-020,33.28316,-112.161122,441.1,205.5,LFP,2022-08-01,Generac,active
BATT-006234,CUST-0209471,XFMR-032253,FDR-0093,SUB-020,33.281701,-112.160405,83.9,32.2,LFP,2024-03-01,SunPower,active
BATT-006235,CUST-0209503,XFMR-032258,FDR-0093,SUB-020,33.280965,-112.161222,17.5,7.1,LFP,2021-05-01,Generac,active
BATT-006236,CUST-0209564,XFMR-032270,FDR-0093,SUB-020,33.277517,-112.161032,9.4,3.0,LFP,2023-07-01,Tesla,active
BATT-006237,CUST-0209568,XFMR-032270,FDR-0093,SUB-020,33.277052,-112.161099,14.2,5.1,LFP,2022-11-01,Tesla,active
BATT-006238,CUST-0209591,XFMR-032273,FDR-0093,SUB-020,33.276288,-112.161127,15.6,5.8,LFP,2023-10-01,SolarEdge,active
BATT-006239,CUST-0209595,XFMR-032274,FDR-0093,SUB-020,33.275951,-112.161051,11.0,3.6,LFP,2022-06-01,BYD,active
BATT-006240,CUST-0209639,XFMR-032279,FDR-0093,SUB-020,33.274598,-112.160683,10.1,4.5,LFP,2022-11-01,SolarEdge,active
BATT-006241,CUST-0209650,XFMR-032283,FDR-0093,SUB-020,33.274096,-112.160582,15.9,7.1,LFP,2022-09-01,SunPower,active
BATT-006242,CUST-0209712,XFMR-032293,FDR-0093,SUB-020,33.270728,-112.161281,13.1,6.2,LFP,2020-02-01,Enphase,active
BATT-006243,CUST-0209774,XFMR-032304,FDR-0093,SUB-020,33.26771,-112.161295,15.0,6.4,NMC,2022-05-01,Tesla,active
BATT-006244,CUST-0209778,XFMR-032305,FDR-0093,SUB-020,33.267851,-112.160564,29.1,9.8,NMC,2024-11-01,SolarEdge,active
BATT-006245,CUST-0209800,XFMR-032311,FDR-0093,SUB-020,33.265985,-112.160776,14.7,6.9,LFP,2021-06-01,Enphase,active
BATT-006246,CUST-0209834,XFMR-032316,FDR-0093,SUB-020,33.264826,-112.160716,18.1,6.5,lithium-ion,2024-10-01,Enphase,active
BATT-006247,CUST-0209884,XFMR-032322,FDR-0093,SUB-020,33.262753,-112.160864,19.1,8.1,lithium-ion,2024-11-01,Tesla,active
BATT-006248,CUST-0209902,XFMR-032325,FDR-0093,SUB-020,33.261784,-112.160658,9.0,4.1,LFP,2023-03-01,Enphase,active
BATT-006249,CUST-0209908,XFMR-032325,FDR-0093,SUB-020,33.261933,-112.160533,20.4,10.1,NMC,2021-01-01,Tesla,active
BATT-006250,CUST-0209912,XFMR-032326,FDR-0093,SUB-020,33.261982,-112.160578,18.0,6.5,LFP,2022-08-01,BYD,active
BATT-006251,CUST-0209946,XFMR-032331,FDR-0093,SUB-020,33.26005,-112.160712,14.4,6.2,NMC,2021-02-01,Tesla,active
BATT-006252,CUST-0209952,XFMR-032331,FDR-0093,SUB-020,33.260074,-112.160614,14.3,6.9,NMC,2024-06-01,Tesla,inactive
BATT-006253,CUST-0210001,XFMR-032341,FDR-0093,SUB-020,33.257619,-112.161351,14.1,4.6,lithium-ion,2023-12-01,SolarEdge,active
BATT-006254,CUST-0210086,XFMR-032360,FDR-0093,SUB-020,33.252247,-112.161157,16.0,5.4,lithium-ion,2020-10-01,SunPower,active
BATT-006255,CUST-0210097,XFMR-032361,FDR-0093,SUB-020,33.251782,-112.160836,9.1,3.3,LFP,2020-08-01,Tesla,active
BATT-006256,CUST-0210127,XFMR-032366,FDR-0093,SUB-020,33.250972,-112.1611,21.3,8.2,LFP,2021-12-01,Tesla,active
BATT-006257,CUST-0210146,XFMR-032368,FDR-0093,SUB-020,33.250118,-112.160424,95.3,27.2,NMC,2024-01-01,SolarEdge,active
BATT-006258,CUST-0210148,XFMR-032368,FDR-0093,SUB-020,33.250392,-112.160538,410.6,153.1,LFP,2024-11-01,SunPower,active
BATT-006259,CUST-0210156,XFMR-032369,FDR-0093,SUB-020,33.250104,-112.160579,71.1,28.5,LFP,2020-05-01,Enphase,active
BATT-006260,CUST-0210301,XFMR-032391,FDR-0094,SUB-021,33.527967,-111.966992,15.6,6.8,lithium-ion,2020-01-01,Tesla,active
BATT-006261,CUST-0210311,XFMR-032392,FDR-0094,SUB-021,33.528197,-111.966629,11.0,4.9,NMC,2020-10-01,BYD,active
BATT-006262,CUST-0210345,XFMR-032396,FDR-0094,SUB-021,33.528016,-111.965336,10.5,5.0,NMC,2024-12-01,SunPower,active
BATT-006263,CUST-0210409,XFMR-032412,FDR-0094,SUB-021,33.527698,-111.961094,316.0,151.6,NMC,2022-12-01,Tesla,active
BATT-006264,CUST-0210433,XFMR-032415,FDR-0094,SUB-021,33.52779,-111.961019,17.2,7.0,NMC,2023-02-01,SolarEdge,active
BATT-006265,CUST-0210458,XFMR-032421,FDR-0094,SUB-021,33.52833,-111.958845,10.0,4.5,lithium-ion,2023-05-01,SunPower,active
BATT-006266,CUST-0210507,XFMR-032428,FDR-0094,SUB-021,33.528327,-111.957467,17.0,5.5,LFP,2024-04-01,BYD,active
BATT-006267,CUST-0210521,XFMR-032430,FDR-0094,SUB-021,33.52793,-111.957149,9.4,3.0,lithium-ion,2022-12-01,SunPower,active
BATT-006268,CUST-0210530,XFMR-032432,FDR-0094,SUB-021,33.528327,-111.956369,16.6,7.6,NMC,2024-01-01,SunPower,active
BATT-006269,CUST-0210580,XFMR-032438,FDR-0094,SUB-021,33.527848,-111.954922,14.1,4.3,lithium-ion,2022-01-01,BYD,active
BATT-006270,CUST-0210605,XFMR-032443,FDR-0094,SUB-021,33.527798,-111.953964,15.9,7.7,LFP,2020-09-01,Tesla,active
BATT-006271,CUST-0210634,XFMR-032448,FDR-0094,SUB-021,33.528178,-111.9529,10.2,3.1,lithium-ion,2021-04-01,SolarEdge,active
BATT-006272,CUST-0210714,XFMR-032461,FDR-0094,SUB-021,33.527757,-111.949241,12.3,3.7,NMC,2021-11-01,Generac,active
BATT-006273,CUST-0210743,XFMR-032465,FDR-0094,SUB-021,33.528336,-111.948389,14.4,6.3,NMC,2020-01-01,Enphase,active
BATT-006274,CUST-0210764,XFMR-032469,FDR-0094,SUB-021,33.528426,-111.947232,13.5,4.6,NMC,2024-04-01,BYD,active
BATT-006275,CUST-0210768,XFMR-032469,FDR-0094,SUB-021,33.528528,-111.947335,9.4,4.2,lithium-ion,2021-02-01,SunPower,active
BATT-006276,CUST-0210797,XFMR-032472,FDR-0094,SUB-021,33.527984,-111.946828,13.1,4.7,NMC,2022-02-01,SolarEdge,active
BATT-006277,CUST-0210803,XFMR-032472,FDR-0094,SUB-021,33.528064,-111.946598,19.2,5.8,lithium-ion,2022-08-01,BYD,active
BATT-006278,CUST-0210826,XFMR-032475,FDR-0094,SUB-021,33.527999,-111.946036,55.8,18.6,LFP,2024-08-01,SunPower,active
BATT-006279,CUST-0210833,XFMR-032476,FDR-0094,SUB-021,33.527855,-111.945841,14.5,6.4,NMC,2022-09-01,Tesla,active
BATT-006280,CUST-0210848,XFMR-032478,FDR-0094,SUB-021,33.528285,-111.945136,18.8,7.0,LFP,2024-03-01,BYD,active
BATT-006281,CUST-0210885,XFMR-032484,FDR-0094,SUB-021,33.528212,-111.943752,14.6,7.0,lithium-ion,2024-06-01,SunPower,active
BATT-006282,CUST-0210886,XFMR-032484,FDR-0094,SUB-021,33.527762,-111.943366,241.4,62.3,LFP,2023-11-01,SolarEdge,active
BATT-006283,CUST-0210893,XFMR-032485,FDR-0094,SUB-021,33.528325,-111.94347,12.9,5.4,LFP,2021-01-01,Generac,active
BATT-006284,CUST-0210923,XFMR-032492,FDR-0094,SUB-021,33.528306,-111.941703,9.4,3.3,NMC,2022-05-01,SunPower,active
BATT-006285,CUST-0210925,XFMR-032492,FDR-0094,SUB-021,33.52822,-111.941874,10.8,3.4,NMC,2024-02-01,BYD,active
BATT-006286,CUST-0210941,XFMR-032493,FDR-0094,SUB-021,33.528259,-111.941399,9.2,2.9,LFP,2024-12-01,Enphase,inactive
BATT-006287,CUST-0210955,XFMR-032495,FDR-0094,SUB-021,33.52847,-111.940882,27.7,9.9,lithium-ion,2023-03-01,SolarEdge,active
BATT-006288,CUST-0210961,XFMR-032495,FDR-0094,SUB-021,33.528429,-111.940972,17.4,5.5,LFP,2021-01-01,SunPower,active
BATT-006289,CUST-0210965,XFMR-032497,FDR-0094,SUB-021,33.527905,-111.940188,10.8,4.1,LFP,2024-07-01,Generac,active
BATT-006290,CUST-0211024,XFMR-032505,FDR-0094,SUB-021,33.528284,-111.938855,33.3,15.3,LFP,2021-02-01,SolarEdge,active
BATT-006291,CUST-0211046,XFMR-032510,FDR-0094,SUB-021,33.528283,-111.937836,475.1,206.4,lithium-ion,2021-05-01,Tesla,active
BATT-006292,CUST-0211094,XFMR-032516,FDR-0094,SUB-021,33.528017,-111.936027,13.1,6.5,lithium-ion,2022-06-01,Enphase,active
BATT-006293,CUST-0211109,XFMR-032518,FDR-0094,SUB-021,33.528301,-111.935718,16.0,7.9,LFP,2024-10-01,BYD,active
BATT-006294,CUST-0211181,XFMR-032531,FDR-0094,SUB-021,33.527817,-111.932318,16.3,7.8,lithium-ion,2023-12-01,SolarEdge,active
BATT-006295,CUST-0211266,XFMR-032544,FDR-0094,SUB-021,33.528345,-111.928923,9.3,4.2,LFP,2021-08-01,Tesla,active
BATT-006296,CUST-0211330,XFMR-032553,FDR-0094,SUB-021,33.528142,-111.927228,80.6,22.7,NMC,2021-11-01,SunPower,active
BATT-006297,CUST-0211337,XFMR-032554,FDR-0094,SUB-021,33.528196,-111.926414,10.2,3.5,LFP,2021-02-01,SunPower,active
BATT-006298,CUST-0211394,XFMR-032564,FDR-0094,SUB-021,33.528195,-111.924268,10.8,3.9,NMC,2022-09-01,SunPower,active
BATT-006299,CUST-0211443,XFMR-032573,FDR-0094,SUB-021,33.527946,-111.922327,14.6,6.0,lithium-ion,2024-09-01,Tesla,active
BATT-006300,CUST-0211504,XFMR-032583,FDR-0094,SUB-021,33.528119,-111.920012,21.1,8.8,NMC,2023-06-01,Tesla,active
BATT-006301,CUST-0211507,XFMR-032583,FDR-0094,SUB-021,33.527769,-111.920035,9.1,3.9,LFP,2023-02-01,Generac,active
BATT-006302,CUST-0211547,XFMR-032592,FDR-0094,SUB-021,33.52827,-111.91736,9.6,4.7,LFP,2023-08-01,SolarEdge,active
BATT-006303,CUST-0211569,XFMR-032597,FDR-0094,SUB-021,33.527806,-111.91616,14.4,6.2,LFP,2023-08-01,BYD,active
BATT-006304,CUST-0211587,XFMR-032600,FDR-0094,SUB-021,33.528409,-111.91525,19.2,7.1,LFP,2022-08-01,Enphase,active
BATT-006305,CUST-0211699,XFMR-032618,FDR-0094,SUB-021,33.527755,-111.911065,482.0,139.2,lithium-ion,2022-06-01,SunPower,active
BATT-006306,CUST-0211710,XFMR-032619,FDR-0094,SUB-021,33.528452,-111.910401,19.8,9.0,NMC,2024-02-01,BYD,active
BATT-006307,CUST-0211724,XFMR-032621,FDR-0094,SUB-021,33.528466,-111.910174,20.2,7.5,lithium-ion,2020-03-01,SolarEdge,active
BATT-006308,CUST-0211730,XFMR-032622,FDR-0094,SUB-021,33.528417,-111.909897,10.4,3.4,lithium-ion,2024-01-01,SolarEdge,active
BATT-006309,CUST-0211778,XFMR-032628,FDR-0094,SUB-021,33.527887,-111.908551,17.1,7.8,NMC,2024-11-01,Tesla,active
BATT-006310,CUST-0211787,XFMR-032629,FDR-0094,SUB-021,33.528416,-111.907938,15.4,6.4,NMC,2024-05-01,Generac,active
BATT-006311,CUST-0211788,XFMR-032630,FDR-0094,SUB-021,33.528323,-111.908363,20.1,7.5,LFP,2023-09-01,Enphase,active
BATT-006312,CUST-0211844,XFMR-032639,FDR-0094,SUB-021,33.528313,-111.906235,84.9,28.1,LFP,2021-08-01,BYD,active
BATT-006313,CUST-0211855,XFMR-032641,FDR-0094,SUB-021,33.527728,-111.905158,15.9,7.7,NMC,2023-12-01,Enphase,active
BATT-006314,CUST-0211864,XFMR-032642,FDR-0094,SUB-021,33.528517,-111.905386,16.5,5.7,LFP,2023-08-01,BYD,active
BATT-006315,CUST-0211874,XFMR-032643,FDR-0094,SUB-021,33.528473,-111.905251,78.8,32.8,lithium-ion,2023-09-01,Enphase,active
BATT-006316,CUST-0211987,XFMR-032662,FDR-0094,SUB-021,33.527817,-111.900074,14.4,6.7,LFP,2020-08-01,Generac,active
BATT-006317,CUST-0211990,XFMR-032662,FDR-0094,SUB-021,33.528174,-111.899877,18.3,6.1,NMC,2021-11-01,SolarEdge,active
BATT-006318,CUST-0212079,XFMR-032673,FDR-0094,SUB-021,33.528109,-111.897157,18.9,8.9,NMC,2021-09-01,SolarEdge,active
BATT-006319,CUST-0212089,XFMR-032675,FDR-0094,SUB-021,33.528211,-111.896831,9.4,3.9,NMC,2021-03-01,Tesla,active
BATT-006320,CUST-0212097,XFMR-032676,FDR-0094,SUB-021,33.528296,-111.896801,304.5,128.0,LFP,2023-05-01,Enphase,active
BATT-006321,CUST-0212206,XFMR-032690,FDR-0094,SUB-021,33.528417,-111.893595,13.6,6.3,NMC,2023-10-01,SolarEdge,active
BATT-006322,CUST-0212215,XFMR-032691,FDR-0094,SUB-021,33.528295,-111.89338,18.5,7.3,lithium-ion,2022-12-01,BYD,active
BATT-006323,CUST-0212246,XFMR-032699,FDR-0094,SUB-021,33.528359,-111.891163,19.2,6.6,NMC,2023-05-01,BYD,active
BATT-006324,CUST-0212250,XFMR-032700,FDR-0094,SUB-021,33.527721,-111.890847,422.6,174.6,NMC,2021-11-01,SolarEdge,active
BATT-006325,CUST-0212364,XFMR-032716,FDR-0094,SUB-021,33.528414,-111.886659,10.7,4.4,LFP,2022-02-01,SolarEdge,active
BATT-006326,CUST-0212471,XFMR-032730,FDR-0094,SUB-021,33.527736,-111.883259,19.0,8.9,lithium-ion,2021-03-01,BYD,active
BATT-006327,CUST-0212568,XFMR-032744,FDR-0094,SUB-021,33.528259,-111.879687,20.5,10.0,lithium-ion,2021-10-01,Generac,active
BATT-006328,CUST-0212621,XFMR-032751,FDR-0094,SUB-021,33.528366,-111.877992,16.8,5.2,lithium-ion,2023-12-01,Enphase,active
BATT-006329,CUST-0212688,XFMR-032763,FDR-0094,SUB-021,33.527777,-111.875364,311.3,117.1,LFP,2020-10-01,Generac,active
BATT-006330,CUST-0212714,XFMR-032768,FDR-0094,SUB-021,33.527891,-111.874248,18.5,7.7,NMC,2020-07-01,Tesla,active
BATT-006331,CUST-0212716,XFMR-032768,FDR-0094,SUB-021,33.527812,-111.873913,10.2,4.8,NMC,2020-07-01,Tesla,active
BATT-006332,CUST-0212732,XFMR-032771,FDR-0094,SUB-021,33.527921,-111.873895,12.8,5.7,NMC,2021-02-01,Enphase,inactive
BATT-006333,CUST-0212789,XFMR-032781,FDR-0094,SUB-021,33.528286,-111.87146,9.9,4.6,LFP,2024-05-01,SolarEdge,active
BATT-006334,CUST-0212792,XFMR-032781,FDR-0094,SUB-021,33.528316,-111.870781,14.5,5.1,NMC,2024-08-01,Enphase,active
BATT-006335,CUST-0212850,XFMR-032790,FDR-0094,SUB-021,33.528298,-111.869098,20.4,9.7,NMC,2022-10-01,SolarEdge,active
BATT-006336,CUST-0212925,XFMR-032802,FDR-0094,SUB-021,33.527857,-111.866034,14.1,5.5,LFP,2021-12-01,Tesla,active
BATT-006337,CUST-0212927,XFMR-032802,FDR-0094,SUB-021,33.527735,-111.866279,275.7,137.7,NMC,2021-11-01,Generac,active
BATT-006338,CUST-0212931,XFMR-032803,FDR-0094,SUB-021,33.528334,-111.86589,14.9,6.1,NMC,2020-04-01,Generac,active
BATT-006339,CUST-0212941,XFMR-032804,FDR-0094,SUB-021,33.527772,-111.865036,14.5,4.4,NMC,2020-08-01,SolarEdge,active
BATT-006340,CUST-0212942,XFMR-032804,FDR-0094,SUB-021,33.528214,-111.865796,10.1,4.1,NMC,2020-03-01,SunPower,active
BATT-006341,CUST-0212982,XFMR-032809,FDR-0094,SUB-021,33.528504,-111.863794,9.3,3.9,LFP,2020-02-01,Tesla,active
BATT-006342,CUST-0213061,XFMR-032821,FDR-0094,SUB-021,33.528028,-111.861332,402.5,197.3,lithium-ion,2023-10-01,SolarEdge,active
BATT-006343,CUST-0213082,XFMR-032823,FDR-0094,SUB-021,33.528446,-111.860946,21.7,6.5,LFP,2022-10-01,BYD,active
BATT-006344,CUST-0213131,XFMR-032830,FDR-0094,SUB-021,33.528398,-111.858652,18.8,7.1,NMC,2020-08-01,SunPower,active
BATT-006345,CUST-0213199,XFMR-032841,FDR-0094,SUB-021,33.528314,-111.856735,12.3,5.0,lithium-ion,2021-07-01,Generac,active
BATT-006346,CUST-0213222,XFMR-032845,FDR-0094,SUB-021,33.528021,-111.855539,16.7,5.3,lithium-ion,2022-01-01,BYD,active
BATT-006347,CUST-0213328,XFMR-032862,FDR-0094,SUB-021,33.528173,-111.851546,13.4,5.6,LFP,2022-04-01,SolarEdge,active
BATT-006348,CUST-0213368,XFMR-032868,FDR-0094,SUB-021,33.527956,-111.849652,13.4,4.8,lithium-ion,2021-03-01,SolarEdge,active
BATT-006349,CUST-0213397,XFMR-032873,FDR-0094,SUB-021,33.528227,-111.848045,16.3,5.0,lithium-ion,2021-07-01,Enphase,active
BATT-006350,CUST-0213411,XFMR-032876,FDR-0094,SUB-021,33.52831,-111.848012,17.3,7.7,NMC,2024-07-01,SolarEdge,active
BATT-006351,CUST-0213465,XFMR-032883,FDR-0094,SUB-021,33.527911,-111.845881,10.4,3.8,lithium-ion,2022-06-01,Tesla,active
BATT-006352,CUST-0213486,XFMR-032889,FDR-0094,SUB-021,33.528326,-111.844654,15.1,4.7,LFP,2020-09-01,SunPower,active
BATT-006353,CUST-0213547,XFMR-032898,FDR-0094,SUB-021,33.527901,-111.842839,10.1,3.2,NMC,2022-09-01,Generac,active
BATT-006354,CUST-0213580,XFMR-032901,FDR-0094,SUB-021,33.527901,-111.841975,10.2,4.7,NMC,2021-08-01,Generac,active
BATT-006355,CUST-0213594,XFMR-032904,FDR-0094,SUB-021,33.528243,-111.841045,10.8,5.0,LFP,2023-04-01,Tesla,active
BATT-006356,CUST-0213687,XFMR-032920,FDR-0094,SUB-021,33.528005,-111.836794,16.2,5.0,LFP,2021-09-01,SunPower,active
BATT-006357,CUST-0213748,XFMR-032928,FDR-0094,SUB-021,33.52799,-111.834606,10.1,3.3,NMC,2020-10-01,Enphase,active
BATT-006358,CUST-0213772,XFMR-032932,FDR-0095,SUB-021,33.528297,-111.969898,9.5,4.5,lithium-ion,2024-12-01,Tesla,active
BATT-006359,CUST-0213780,XFMR-032933,FDR-0095,SUB-021,33.528208,-111.97002,20.2,9.7,LFP,2024-07-01,Tesla,active
BATT-006360,CUST-0213789,XFMR-032934,FDR-0095,SUB-021,33.528214,-111.969599,20.0,6.8,LFP,2024-04-01,Generac,active
BATT-006361,CUST-0213805,XFMR-032938,FDR-0095,SUB-021,33.528578,-111.970289,21.8,9.0,lithium-ion,2022-02-01,BYD,active
BATT-006362,CUST-0213824,XFMR-032941,FDR-0095,SUB-021,33.528334,-111.969553,21.1,7.2,NMC,2020-06-01,Generac,active
BATT-006363,CUST-0213840,XFMR-032944,FDR-0095,SUB-021,33.528697,-111.969334,17.2,5.5,LFP,2020-12-01,SolarEdge,active
BATT-006364,CUST-0213902,XFMR-032952,FDR-0095,SUB-021,33.52921,-111.969374,17.3,8.0,LFP,2023-03-01,Enphase,active
BATT-006365,CUST-0213975,XFMR-032965,FDR-0095,SUB-021,33.529912,-111.970212,13.8,4.9,lithium-ion,2024-05-01,Enphase,active
BATT-006366,CUST-0213976,XFMR-032965,FDR-0095,SUB-021,33.529823,-111.969566,17.5,8.7,LFP,2023-12-01,SunPower,active
BATT-006367,CUST-0214054,XFMR-032976,FDR-0095,SUB-021,33.531038,-111.969811,17.4,7.4,LFP,2023-03-01,Enphase,active
BATT-006368,CUST-0214098,XFMR-032984,FDR-0095,SUB-021,33.531201,-111.969386,13.6,6.7,NMC,2020-07-01,BYD,active
BATT-006369,CUST-0214114,XFMR-032986,FDR-0095,SUB-021,33.531506,-111.970044,10.5,5.2,LFP,2022-10-01,Enphase,active
BATT-006370,CUST-0214152,XFMR-032992,FDR-0095,SUB-021,33.531366,-111.97019,13.7,6.8,LFP,2024-03-01,BYD,active
BATT-006371,CUST-0214175,XFMR-032997,FDR-0095,SUB-021,33.532084,-111.9693,9.6,3.2,lithium-ion,2020-01-01,Generac,active
BATT-006372,CUST-0214200,XFMR-033000,FDR-0095,SUB-021,33.531798,-111.969365,10.1,4.7,lithium-ion,2020-03-01,Generac,active
BATT-006373,CUST-0214274,XFMR-033009,FDR-0095,SUB-021,33.53295,-111.970196,14.1,6.5,NMC,2020-02-01,Enphase,active
BATT-006374,CUST-0214279,XFMR-033010,FDR-0095,SUB-021,33.532758,-111.969894,13.7,6.3,LFP,2021-04-01,BYD,active
BATT-006375,CUST-0214282,XFMR-033011,FDR-0095,SUB-021,33.532892,-111.969996,10.0,4.5,lithium-ion,2020-12-01,SunPower,active
BATT-006376,CUST-0214283,XFMR-033011,FDR-0095,SUB-021,33.532682,-111.969364,13.7,6.1,LFP,2023-09-01,Enphase,active
BATT-006377,CUST-0214310,XFMR-033015,FDR-0095,SUB-021,33.532918,-111.96997,18.3,6.9,lithium-ion,2023-02-01,Enphase,active
BATT-006378,CUST-0214314,XFMR-033015,FDR-0095,SUB-021,33.532759,-111.970004,9.0,4.4,lithium-ion,2021-05-01,BYD,active
BATT-006379,CUST-0214332,XFMR-033018,FDR-0095,SUB-021,33.533166,-111.969695,10.8,4.7,lithium-ion,2022-12-01,Generac,active
BATT-006380,CUST-0214399,XFMR-033030,FDR-0095,SUB-021,33.534071,-111.969261,13.1,5.0,lithium-ion,2021-05-01,Generac,active
BATT-006381,CUST-0214449,XFMR-033039,FDR-0095,SUB-021,33.533989,-111.969582,260.0,86.4,NMC,2024-06-01,SunPower,active
BATT-006382,CUST-0214499,XFMR-033046,FDR-0095,SUB-021,33.534557,-111.969719,14.4,5.8,NMC,2021-05-01,Enphase,active
BATT-006383,CUST-0214567,XFMR-033059,FDR-0095,SUB-021,33.535669,-111.969701,21.4,8.4,lithium-ion,2022-05-01,SunPower,active
BATT-006384,CUST-0214704,XFMR-033081,FDR-0095,SUB-021,33.53623,-111.970118,15.6,5.1,LFP,2021-04-01,SunPower,active
BATT-006385,CUST-0214720,XFMR-033083,FDR-0095,SUB-021,33.53661,-111.96986,10.4,4.6,LFP,2023-03-01,Tesla,active
BATT-006386,CUST-0214736,XFMR-033085,FDR-0095,SUB-021,33.536563,-111.96942,12.8,3.9,LFP,2020-08-01,Tesla,active
BATT-006387,CUST-0214763,XFMR-033088,FDR-0095,SUB-021,33.536662,-111.970226,21.0,8.1,lithium-ion,2022-01-01,SunPower,active
BATT-006388,CUST-0214765,XFMR-033088,FDR-0095,SUB-021,33.536896,-111.970274,10.9,4.1,NMC,2024-02-01,SolarEdge,active
BATT-006389,CUST-0214773,XFMR-033089,FDR-0095,SUB-021,33.537401,-111.970112,19.0,8.2,LFP,2021-05-01,BYD,active
BATT-006390,CUST-0214813,XFMR-033095,FDR-0095,SUB-021,33.537398,-111.970186,88.6,37.1,LFP,2020-06-01,Generac,active
BATT-006391,CUST-0214831,XFMR-033097,FDR-0095,SUB-021,33.537611,-111.969537,16.2,6.1,NMC,2023-03-01,BYD,active
BATT-006392,CUST-0214832,XFMR-033097,FDR-0095,SUB-021,33.537864,-111.970016,127.8,40.0,NMC,2023-12-01,SunPower,active
BATT-006393,CUST-0214872,XFMR-033105,FDR-0095,SUB-021,33.538312,-111.969495,14.5,6.2,LFP,2024-02-01,SolarEdge,active
BATT-006394,CUST-0214874,XFMR-033105,FDR-0095,SUB-021,33.538074,-111.969485,19.7,9.2,NMC,2023-03-01,Generac,active
BATT-006395,CUST-0214904,XFMR-033110,FDR-0095,SUB-021,33.538302,-111.969484,13.5,5.2,LFP,2022-01-01,BYD,active
BATT-006396,CUST-0214946,XFMR-033115,FDR-0095,SUB-021,33.538539,-111.970123,19.0,9.2,LFP,2023-08-01,SunPower,active
BATT-006397,CUST-0214985,XFMR-033122,FDR-0095,SUB-021,33.538967,-111.970063,14.8,4.7,lithium-ion,2023-02-01,Enphase,active
BATT-006398,CUST-0214986,XFMR-033122,FDR-0095,SUB-021,33.5388,-111.970098,46.9,16.5,LFP,2024-07-01,SolarEdge,active
BATT-006399,CUST-0215027,XFMR-033128,FDR-0095,SUB-021,33.53965,-111.969602,19.8,6.0,NMC,2022-01-01,BYD,active
BATT-006400,CUST-0215085,XFMR-033137,FDR-0095,SUB-021,33.539838,-111.9696,13.8,5.4,NMC,2021-07-01,SolarEdge,active
BATT-006401,CUST-0215111,XFMR-033142,FDR-0095,SUB-021,33.539801,-111.97012,16.2,5.8,lithium-ion,2022-03-01,SunPower,active
BATT-006402,CUST-0215152,XFMR-033147,FDR-0095,SUB-021,33.540105,-111.969364,19.5,7.4,LFP,2024-05-01,SunPower,active
BATT-006403,CUST-0215165,XFMR-033148,FDR-0095,SUB-021,33.540452,-111.969708,138.6,67.8,NMC,2024-01-01,SolarEdge,active
BATT-006404,CUST-0215212,XFMR-033156,FDR-0095,SUB-021,33.540802,-111.970057,16.7,8.3,NMC,2024-09-01,Tesla,active
BATT-006405,CUST-0215305,XFMR-033169,FDR-0095,SUB-021,33.541709,-111.969375,19.5,7.3,lithium-ion,2024-07-01,SolarEdge,active
BATT-006406,CUST-0215315,XFMR-033170,FDR-0095,SUB-021,33.541223,-111.970125,16.5,5.1,LFP,2021-10-01,SunPower,active
BATT-006407,CUST-0215328,XFMR-033174,FDR-0095,SUB-021,33.542027,-111.969357,251.4,83.4,LFP,2022-01-01,Tesla,active
BATT-006408,CUST-0215347,XFMR-033177,FDR-0095,SUB-021,33.541997,-111.96995,70.4,30.4,NMC,2021-06-01,Generac,active
BATT-006409,CUST-0215425,XFMR-033190,FDR-0095,SUB-021,33.543109,-111.969388,17.4,8.4,NMC,2024-03-01,Enphase,active
BATT-006410,CUST-0215459,XFMR-033195,FDR-0095,SUB-021,33.542705,-111.969839,21.1,9.1,lithium-ion,2023-02-01,SunPower,active
BATT-006411,CUST-0215464,XFMR-033195,FDR-0095,SUB-021,33.543124,-111.96987,15.1,4.6,NMC,2023-02-01,BYD,active
BATT-006412,CUST-0215478,XFMR-033197,FDR-0095,SUB-021,33.543429,-111.97001,19.9,9.5,NMC,2024-03-01,Generac,active
BATT-006413,CUST-0215503,XFMR-033200,FDR-0095,SUB-021,33.543065,-111.9701,16.6,5.2,LFP,2022-06-01,SunPower,active
BATT-006414,CUST-0215621,XFMR-033218,FDR-0095,SUB-021,33.544277,-111.969276,9.3,4.0,lithium-ion,2020-01-01,SunPower,active
BATT-006415,CUST-0215674,XFMR-033226,FDR-0095,SUB-021,33.544595,-111.969463,15.1,6.2,NMC,2021-12-01,Enphase,active
BATT-006416,CUST-0215760,XFMR-033242,FDR-0095,SUB-021,33.546055,-111.969542,14.9,7.3,LFP,2022-11-01,BYD,active
BATT-006417,CUST-0215795,XFMR-033248,FDR-0095,SUB-021,33.546447,-111.969867,14.6,4.9,LFP,2020-12-01,Tesla,active
BATT-006418,CUST-0215841,XFMR-033256,FDR-0095,SUB-021,33.546141,-111.96966,419.0,112.8,lithium-ion,2022-11-01,BYD,active
BATT-006419,CUST-0215843,XFMR-033257,FDR-0095,SUB-021,33.546332,-111.970249,20.8,7.7,NMC,2023-01-01,BYD,active
BATT-006420,CUST-0215861,XFMR-033259,FDR-0095,SUB-021,33.546561,-111.970054,9.4,3.7,NMC,2021-02-01,Generac,active
BATT-006421,CUST-0215869,XFMR-033260,FDR-0095,SUB-021,33.546754,-111.970213,12.7,5.9,LFP,2022-05-01,BYD,active
BATT-006422,CUST-0215997,XFMR-033279,FDR-0095,SUB-021,33.547974,-111.970077,359.6,108.3,LFP,2023-03-01,SunPower,active
BATT-006423,CUST-0215999,XFMR-033279,FDR-0095,SUB-021,33.547689,-111.970216,53.2,16.7,NMC,2022-01-01,BYD,inactive
BATT-006424,CUST-0216090,XFMR-033294,FDR-0095,SUB-021,33.548866,-111.969827,21.6,10.1,NMC,2021-12-01,BYD,active
BATT-006425,CUST-0216094,XFMR-033294,FDR-0095,SUB-021,33.548558,-111.969886,9.5,3.1,NMC,2021-03-01,Enphase,active
BATT-006426,CUST-0216096,XFMR-033295,FDR-0095,SUB-021,33.548218,-111.969515,10.2,5.0,LFP,2023-03-01,SunPower,active
BATT-006427,CUST-0216103,XFMR-033296,FDR-0095,SUB-021,33.54849,-111.970117,14.7,6.1,LFP,2021-03-01,Generac,active
BATT-006428,CUST-0216196,XFMR-033310,FDR-0095,SUB-021,33.549628,-111.96998,15.5,4.9,NMC,2020-11-01,Generac,active
BATT-006429,CUST-0216232,XFMR-033316,FDR-0095,SUB-021,33.549515,-111.969394,10.1,3.9,NMC,2021-01-01,Generac,active
BATT-006430,CUST-0216233,XFMR-033316,FDR-0095,SUB-021,33.549769,-111.969459,16.6,7.0,LFP,2020-03-01,BYD,active
BATT-006431,CUST-0216317,XFMR-033327,FDR-0095,SUB-021,33.550065,-111.970206,15.0,6.1,lithium-ion,2021-02-01,Tesla,active
BATT-006432,CUST-0216377,XFMR-033335,FDR-0095,SUB-021,33.55057,-111.970049,178.5,84.3,lithium-ion,2022-11-01,Generac,active
BATT-006433,CUST-0216385,XFMR-033336,FDR-0095,SUB-021,33.551192,-111.970057,19.6,6.0,LFP,2023-01-01,BYD,active
BATT-006434,CUST-0216433,XFMR-033345,FDR-0095,SUB-021,33.551567,-111.970043,10.5,3.9,lithium-ion,2024-07-01,Generac,active
BATT-006435,CUST-0216503,XFMR-033356,FDR-0095,SUB-021,33.551855,-111.969723,12.6,6.0,LFP,2020-04-01,Enphase,active
BATT-006436,CUST-0216664,XFMR-033382,FDR-0095,SUB-021,33.553792,-111.969532,10.5,4.9,lithium-ion,2020-08-01,BYD,active
BATT-006437,CUST-0216696,XFMR-033385,FDR-0095,SUB-021,33.553608,-111.96963,14.4,5.8,NMC,2021-03-01,BYD,active
BATT-006438,CUST-0216712,XFMR-033388,FDR-0095,SUB-021,33.553637,-111.969549,19.0,7.8,NMC,2023-03-01,Generac,active
BATT-006439,CUST-0216739,XFMR-033390,FDR-0095,SUB-021,33.554212,-111.969924,15.6,7.6,lithium-ion,2020-11-01,Generac,active
BATT-006440,CUST-0216765,XFMR-033394,FDR-0095,SUB-021,33.554508,-111.969341,12.5,3.8,LFP,2022-01-01,Generac,active
BATT-006441,CUST-0216836,XFMR-033403,FDR-0095,SUB-021,33.554429,-111.970267,10.8,4.9,LFP,2022-10-01,SunPower,active
BATT-006442,CUST-0216960,XFMR-033422,FDR-0095,SUB-021,33.555483,-111.969708,60.0,15.3,LFP,2021-12-01,Tesla,active
BATT-006443,CUST-0216967,XFMR-033423,FDR-0095,SUB-021,33.555784,-111.969346,403.2,116.5,LFP,2020-08-01,Tesla,active
BATT-006444,CUST-0216979,XFMR-033425,FDR-0095,SUB-021,33.55565,-111.97011,9.4,4.2,LFP,2022-04-01,Generac,active
BATT-006445,CUST-0216994,XFMR-033426,FDR-0095,SUB-021,33.55565,-111.969686,20.7,9.3,LFP,2022-05-01,BYD,active
BATT-006446,CUST-0217024,XFMR-033431,FDR-0095,SUB-021,33.556174,-111.969873,20.8,9.2,LFP,2022-11-01,Generac,active
BATT-006447,CUST-0217031,XFMR-033432,FDR-0095,SUB-021,33.556385,-111.969637,9.1,3.8,NMC,2023-10-01,SunPower,active
BATT-006448,CUST-0217116,XFMR-033443,FDR-0095,SUB-021,33.556878,-111.969916,9.1,4.5,NMC,2021-04-01,Enphase,active
BATT-006449,CUST-0217140,XFMR-033446,FDR-0095,SUB-021,33.556887,-111.969294,384.7,173.3,LFP,2020-05-01,SolarEdge,active
BATT-006450,CUST-0217144,XFMR-033446,FDR-0095,SUB-021,33.556949,-111.969938,387.0,153.7,LFP,2022-06-01,SolarEdge,active
BATT-006451,CUST-0217170,XFMR-033450,FDR-0095,SUB-021,33.557487,-111.969614,14.7,5.9,lithium-ion,2020-11-01,Generac,active
BATT-006452,CUST-0217197,XFMR-033455,FDR-0095,SUB-021,33.557418,-111.96946,13.3,4.4,NMC,2022-10-01,BYD,active
BATT-006453,CUST-0217227,XFMR-033459,FDR-0095,SUB-021,33.558157,-111.969968,9.0,3.1,lithium-ion,2024-01-01,Generac,active
BATT-006454,CUST-0217289,XFMR-033468,FDR-0095,SUB-021,33.558451,-111.96953,329.2,128.7,NMC,2021-01-01,BYD,active
BATT-006455,CUST-0217290,XFMR-033468,FDR-0095,SUB-021,33.558034,-111.970098,9.4,3.8,LFP,2022-06-01,BYD,active
BATT-006456,CUST-0217293,XFMR-033468,FDR-0095,SUB-021,33.558726,-111.970226,18.7,7.2,NMC,2022-09-01,SunPower,active
BATT-006457,CUST-0217312,XFMR-033470,FDR-0095,SUB-021,33.55883,-111.969887,19.1,8.5,lithium-ion,2022-09-01,Enphase,active
BATT-006458,CUST-0217316,XFMR-033470,FDR-0095,SUB-021,33.558724,-111.969432,9.2,4.5,NMC,2024-03-01,Enphase,inactive
BATT-006459,CUST-0217332,XFMR-033472,FDR-0095,SUB-021,33.558631,-111.969349,16.4,6.6,LFP,2022-10-01,Tesla,active
BATT-006460,CUST-0217363,XFMR-033477,FDR-0095,SUB-021,33.559081,-111.969352,21.3,6.9,lithium-ion,2024-10-01,Enphase,active
BATT-006461,CUST-0217423,XFMR-033491,FDR-0095,SUB-021,33.559731,-111.969468,14.9,5.3,lithium-ion,2024-04-01,SolarEdge,active
BATT-006462,CUST-0217445,XFMR-033494,FDR-0095,SUB-021,33.559664,-111.969349,21.3,7.8,LFP,2022-04-01,SunPower,active
BATT-006463,CUST-0217452,XFMR-033495,FDR-0095,SUB-021,33.560222,-111.969566,337.2,162.3,LFP,2020-07-01,Tesla,active
BATT-006464,CUST-0217495,XFMR-033501,FDR-0095,SUB-021,33.560613,-111.97025,20.1,8.9,NMC,2022-01-01,BYD,active
BATT-006465,CUST-0217534,XFMR-033507,FDR-0095,SUB-021,33.560974,-111.969677,9.1,3.2,lithium-ion,2022-02-01,Enphase,active
BATT-006466,CUST-0217572,XFMR-033516,FDR-0095,SUB-021,33.560814,-111.970072,15.8,4.9,LFP,2022-03-01,BYD,active
BATT-006467,CUST-0217596,XFMR-033519,FDR-0095,SUB-021,33.561585,-111.969831,9.1,4.5,lithium-ion,2020-11-01,Generac,active
BATT-006468,CUST-0217612,XFMR-033521,FDR-0095,SUB-021,33.561024,-111.970031,10.6,4.1,lithium-ion,2021-10-01,Tesla,active
BATT-006469,CUST-0217632,XFMR-033526,FDR-0095,SUB-021,33.561834,-111.969598,10.1,4.2,lithium-ion,2022-01-01,Tesla,active
BATT-006470,CUST-0217662,XFMR-033530,FDR-0095,SUB-021,33.561889,-111.970204,411.0,190.4,NMC,2020-10-01,BYD,active
BATT-006471,CUST-0217711,XFMR-033541,FDR-0095,SUB-021,33.562848,-111.969564,15.8,6.4,lithium-ion,2021-02-01,Enphase,active
BATT-006472,CUST-0217735,XFMR-033545,FDR-0095,SUB-021,33.562358,-111.969987,19.8,6.4,NMC,2020-12-01,SunPower,active
BATT-006473,CUST-0217796,XFMR-033552,FDR-0095,SUB-021,33.563055,-111.969943,20.9,6.7,NMC,2024-08-01,SunPower,active
BATT-006474,CUST-0217803,XFMR-033554,FDR-0095,SUB-021,33.563013,-111.969471,19.4,6.5,LFP,2022-05-01,SunPower,active
BATT-006475,CUST-0217810,XFMR-033554,FDR-0095,SUB-021,33.563382,-111.969498,65.9,25.4,NMC,2021-07-01,SunPower,active
BATT-006476,CUST-0217945,XFMR-033575,FDR-0095,SUB-021,33.564612,-111.970083,10.3,4.8,lithium-ion,2024-08-01,Enphase,active
BATT-006477,CUST-0217952,XFMR-033576,FDR-0095,SUB-021,33.564248,-111.970016,9.9,4.4,LFP,2024-02-01,Tesla,active
BATT-006478,CUST-0217974,XFMR-033581,FDR-0095,SUB-021,33.565012,-111.970045,9.5,3.6,NMC,2021-08-01,SolarEdge,active
BATT-006479,CUST-0218041,XFMR-033592,FDR-0095,SUB-021,33.56522,-111.969699,20.1,9.6,NMC,2023-06-01,Tesla,active
BATT-006480,CUST-0218085,XFMR-033599,FDR-0096,SUB-021,33.527766,-111.96998,20.7,9.6,NMC,2021-08-01,Enphase,active
BATT-006481,CUST-0218091,XFMR-033600,FDR-0096,SUB-021,33.528351,-111.97017,12.4,5.8,lithium-ion,2020-06-01,SolarEdge,active
BATT-006482,CUST-0218133,XFMR-033608,FDR-0096,SUB-021,33.528299,-111.972451,9.9,4.0,lithium-ion,2021-09-01,SolarEdge,active
BATT-006483,CUST-0218141,XFMR-033611,FDR-0096,SUB-021,33.527859,-111.972753,274.9,105.4,lithium-ion,2023-06-01,Tesla,active
BATT-006484,CUST-0218165,XFMR-033616,FDR-0096,SUB-021,33.528342,-111.974301,12.4,5.6,lithium-ion,2023-09-01,Enphase,active
BATT-006485,CUST-0218171,XFMR-033617,FDR-0096,SUB-021,33.528506,-111.974429,119.3,52.0,lithium-ion,2024-10-01,SolarEdge,active
BATT-006486,CUST-0218192,XFMR-033621,FDR-0096,SUB-021,33.528423,-111.976278,12.3,5.6,lithium-ion,2023-10-01,Enphase,active
BATT-006487,CUST-0218194,XFMR-033622,FDR-0096,SUB-021,33.52847,-111.975576,402.0,139.0,lithium-ion,2020-04-01,SunPower,active
BATT-006488,CUST-0218325,XFMR-033644,FDR-0096,SUB-021,33.528021,-111.981886,9.3,3.2,NMC,2024-02-01,Generac,active
BATT-006489,CUST-0218326,XFMR-033644,FDR-0096,SUB-021,33.527865,-111.981938,13.3,6.1,LFP,2021-10-01,SolarEdge,active
BATT-006490,CUST-0218355,XFMR-033648,FDR-0096,SUB-021,33.528026,-111.982526,422.4,123.7,lithium-ion,2024-08-01,Enphase,active
BATT-006491,CUST-0218401,XFMR-033654,FDR-0096,SUB-021,33.527999,-111.984484,16.4,7.3,LFP,2022-10-01,Generac,active
BATT-006492,CUST-0218434,XFMR-033659,FDR-0096,SUB-021,33.52768,-111.985759,121.2,42.3,LFP,2022-09-01,Generac,active
BATT-006493,CUST-0218436,XFMR-033659,FDR-0096,SUB-021,33.527807,-111.985824,20.1,6.5,LFP,2020-05-01,Enphase,active
BATT-006494,CUST-0218462,XFMR-033662,FDR-0096,SUB-021,33.52842,-111.986401,13.1,5.1,NMC,2022-03-01,Enphase,active
BATT-006495,CUST-0218481,XFMR-033665,FDR-0096,SUB-021,33.528325,-111.987257,10.1,4.3,LFP,2022-01-01,BYD,active
BATT-006496,CUST-0218491,XFMR-033667,FDR-0096,SUB-021,33.52848,-111.987312,9.1,4.1,NMC,2021-08-01,Generac,inactive
BATT-006497,CUST-0218533,XFMR-033674,FDR-0096,SUB-021,33.527997,-111.989465,9.8,3.2,NMC,2020-05-01,Generac,active
BATT-006498,CUST-0218707,XFMR-033700,FDR-0096,SUB-021,33.528379,-111.99644,16.1,7.7,lithium-ion,2023-04-01,Tesla,active
BATT-006499,CUST-0218751,XFMR-033706,FDR-0096,SUB-021,33.527869,-111.997791,21.2,7.4,NMC,2023-06-01,Enphase,active
BATT-006500,CUST-0218806,XFMR-033715,FDR-0096,SUB-021,33.528003,-112.000495,12.3,4.8,lithium-ion,2023-01-01,Tesla,active
BATT-006501,CUST-0218808,XFMR-033716,FDR-0096,SUB-021,33.528368,-112.000698,15.5,4.8,NMC,2023-05-01,Generac,active
BATT-006502,CUST-0218846,XFMR-033721,FDR-0096,SUB-021,33.528482,-112.00193,9.0,3.2,LFP,2023-05-01,Generac,active
BATT-006503,CUST-0218883,XFMR-033729,FDR-0096,SUB-021,33.528284,-112.00357,386.6,185.3,lithium-ion,2022-03-01,Enphase,active
BATT-006504,CUST-0218913,XFMR-033734,FDR-0096,SUB-021,33.527885,-112.004825,20.8,8.5,LFP,2024-10-01,Tesla,active
BATT-006505,CUST-0218920,XFMR-033735,FDR-0096,SUB-021,33.528298,-112.005721,12.3,4.4,lithium-ion,2020-01-01,Enphase,active
BATT-006506,CUST-0218943,XFMR-033740,FDR-0096,SUB-021,33.527773,-112.006952,15.1,5.1,lithium-ion,2022-01-01,BYD,active
BATT-006507,CUST-0218955,XFMR-033742,FDR-0096,SUB-021,33.528293,-112.007293,9.3,4.5,NMC,2023-11-01,Enphase,active
BATT-006508,CUST-0219020,XFMR-033753,FDR-0096,SUB-021,33.527686,-112.010483,15.9,7.9,NMC,2022-06-01,SunPower,active
BATT-006509,CUST-0219025,XFMR-033754,FDR-0096,SUB-021,33.528231,-112.010571,14.1,4.4,LFP,2024-09-01,Enphase,active
BATT-006510,CUST-0219086,XFMR-033767,FDR-0096,SUB-021,33.527926,-112.013375,12.9,5.3,LFP,2020-02-01,SolarEdge,active
BATT-006511,CUST-0219130,XFMR-033773,FDR-0096,SUB-021,33.528018,-112.014908,21.7,9.2,LFP,2021-07-01,Enphase,active
BATT-006512,CUST-0219160,XFMR-033777,FDR-0096,SUB-021,33.527937,-112.015889,9.2,3.8,LFP,2021-05-01,SunPower,active
BATT-006513,CUST-0219256,XFMR-033789,FDR-0096,SUB-021,33.528238,-112.019177,9.6,4.6,lithium-ion,2020-03-01,SolarEdge,active
BATT-006514,CUST-0219262,XFMR-033790,FDR-0096,SUB-021,33.528123,-112.019557,336.0,157.2,NMC,2020-06-01,BYD,active
BATT-006515,CUST-0219265,XFMR-033790,FDR-0096,SUB-021,33.528154,-112.020203,9.1,3.2,lithium-ion,2021-09-01,BYD,active
BATT-006516,CUST-0219482,XFMR-033826,FDR-0096,SUB-021,33.528267,-112.028911,13.4,4.5,LFP,2023-09-01,Enphase,active
BATT-006517,CUST-0219514,XFMR-033832,FDR-0096,SUB-021,33.528053,-112.030288,13.4,6.1,NMC,2020-08-01,Tesla,active
BATT-006518,CUST-0219559,XFMR-033840,FDR-0096,SUB-021,33.528449,-112.033201,9.4,3.6,lithium-ion,2024-10-01,SunPower,active
BATT-006519,CUST-0219630,XFMR-033856,FDR-0096,SUB-021,33.527934,-112.036624,14.8,4.8,NMC,2023-11-01,SunPower,active
BATT-006520,CUST-0219664,XFMR-033860,FDR-0096,SUB-021,33.527868,-112.037733,19.1,5.9,LFP,2022-09-01,SolarEdge,active
BATT-006521,CUST-0219665,XFMR-033860,FDR-0096,SUB-021,33.527937,-112.038389,21.8,7.0,LFP,2020-03-01,SolarEdge,active
BATT-006522,CUST-0219722,XFMR-033871,FDR-0097,SUB-022,33.491526,-112.17622,19.8,7.3,LFP,2021-12-01,SunPower,active
BATT-006523,CUST-0219754,XFMR-033876,FDR-0097,SUB-022,33.491728,-112.175479,12.8,4.3,LFP,2021-04-01,BYD,active
BATT-006524,CUST-0219784,XFMR-033881,FDR-0097,SUB-022,33.492069,-112.174063,17.3,8.1,NMC,2020-07-01,SolarEdge,active
BATT-006525,CUST-0219790,XFMR-033882,FDR-0097,SUB-022,33.492119,-112.17332,21.6,8.0,LFP,2022-10-01,Generac,active
BATT-006526,CUST-0219801,XFMR-033883,FDR-0097,SUB-022,33.491685,-112.172882,14.0,4.3,lithium-ion,2024-08-01,SolarEdge,active
BATT-006527,CUST-0219859,XFMR-033895,FDR-0097,SUB-022,33.491757,-112.170117,12.2,5.3,LFP,2023-10-01,Generac,active
BATT-006528,CUST-0219861,XFMR-033895,FDR-0097,SUB-022,33.492287,-112.170251,10.7,4.0,LFP,2021-01-01,Tesla,active
BATT-006529,CUST-0219879,XFMR-033897,FDR-0097,SUB-022,33.491677,-112.169582,16.3,5.9,lithium-ion,2023-01-01,BYD,active
BATT-006530,CUST-0219887,XFMR-033898,FDR-0097,SUB-022,33.491798,-112.168901,21.3,9.9,lithium-ion,2021-12-01,SunPower,active
BATT-006531,CUST-0219890,XFMR-033899,FDR-0097,SUB-022,33.49226,-112.168501,56.9,19.1,LFP,2023-10-01,BYD,active
BATT-006532,CUST-0219902,XFMR-033901,FDR-0097,SUB-022,33.491823,-112.168069,133.4,41.3,LFP,2024-10-01,BYD,active
BATT-006533,CUST-0220017,XFMR-033916,FDR-0097,SUB-022,33.491482,-112.164576,10.9,4.3,NMC,2022-05-01,Generac,active
BATT-006534,CUST-0220050,XFMR-033921,FDR-0097,SUB-022,33.491599,-112.16344,15.3,5.3,LFP,2021-07-01,Generac,active
BATT-006535,CUST-0220053,XFMR-033921,FDR-0097,SUB-022,33.491484,-112.163074,12.4,5.0,LFP,2021-09-01,Tesla,active
BATT-006536,CUST-0220075,XFMR-033927,FDR-0097,SUB-022,33.491648,-112.162042,14.2,5.9,NMC,2020-01-01,SunPower,active
BATT-006537,CUST-0220125,XFMR-033936,FDR-0097,SUB-022,33.492221,-112.159502,91.8,40.1,LFP,2020-03-01,Enphase,active
BATT-006538,CUST-0220165,XFMR-033944,FDR-0097,SUB-022,33.492263,-112.157149,13.1,4.8,NMC,2020-08-01,Tesla,active
BATT-006539,CUST-0220187,XFMR-033946,FDR-0097,SUB-022,33.491628,-112.156778,16.2,5.8,LFP,2022-09-01,Tesla,active
BATT-006540,CUST-0220225,XFMR-033952,FDR-0097,SUB-022,33.492046,-112.155223,9.8,4.2,LFP,2021-08-01,SunPower,active
BATT-006541,CUST-0220236,XFMR-033953,FDR-0097,SUB-022,33.491734,-112.155044,12.9,4.8,lithium-ion,2021-12-01,BYD,active
BATT-006542,CUST-0220284,XFMR-033960,FDR-0097,SUB-022,33.491983,-112.152652,14.1,5.2,lithium-ion,2021-07-01,SunPower,active
BATT-006543,CUST-0220304,XFMR-033962,FDR-0097,SUB-022,33.491589,-112.152076,14.1,5.3,NMC,2024-10-01,SolarEdge,active
BATT-006544,CUST-0220360,XFMR-033970,FDR-0097,SUB-022,33.491554,-112.150328,9.6,3.6,lithium-ion,2021-05-01,Enphase,active
BATT-006545,CUST-0220401,XFMR-033977,FDR-0097,SUB-022,33.492162,-112.148045,16.6,6.6,NMC,2023-01-01,SunPower,active
BATT-006546,CUST-0220416,XFMR-033981,FDR-0097,SUB-022,33.49216,-112.147774,15.1,5.4,lithium-ion,2023-09-01,SolarEdge,active
BATT-006547,CUST-0220454,XFMR-033987,FDR-0097,SUB-022,33.492121,-112.146045,17.0,6.9,LFP,2021-05-01,Enphase,active
BATT-006548,CUST-0220510,XFMR-033997,FDR-0097,SUB-022,33.492145,-112.143308,267.1,116.8,LFP,2024-03-01,SunPower,active
BATT-006549,CUST-0220515,XFMR-033998,FDR-0097,SUB-022,33.492159,-112.142592,11.3,4.5,lithium-ion,2021-04-01,SolarEdge,active
BATT-006550,CUST-0220614,XFMR-034012,FDR-0097,SUB-022,33.491658,-112.139577,17.0,8.0,LFP,2022-10-01,Tesla,active
BATT-006551,CUST-0220624,XFMR-034013,FDR-0097,SUB-022,33.491883,-112.138906,18.3,8.4,LFP,2024-04-01,SolarEdge,active
BATT-006552,CUST-0220661,XFMR-034018,FDR-0097,SUB-022,33.491479,-112.137645,20.5,7.8,NMC,2022-11-01,Enphase,inactive
BATT-006553,CUST-0220692,XFMR-034021,FDR-0097,SUB-022,33.492129,-112.136505,17.2,7.6,NMC,2023-12-01,Enphase,active
BATT-006554,CUST-0220700,XFMR-034022,FDR-0097,SUB-022,33.491571,-112.136717,10.0,4.1,lithium-ion,2023-05-01,Enphase,active
BATT-006555,CUST-0220701,XFMR-034022,FDR-0097,SUB-022,33.491502,-112.136576,21.7,9.4,NMC,2023-09-01,BYD,active
BATT-006556,CUST-0220787,XFMR-034035,FDR-0097,SUB-022,33.491435,-112.132924,16.3,5.8,lithium-ion,2023-10-01,BYD,active
BATT-006557,CUST-0220891,XFMR-034049,FDR-0097,SUB-022,33.49178,-112.12991,9.8,4.4,LFP,2021-05-01,Tesla,active
BATT-006558,CUST-0220909,XFMR-034052,FDR-0097,SUB-022,33.491595,-112.129115,19.7,8.2,LFP,2022-07-01,Tesla,active
BATT-006559,CUST-0220923,XFMR-034054,FDR-0097,SUB-022,33.492157,-112.127809,9.7,4.5,lithium-ion,2024-06-01,Tesla,active
BATT-006560,CUST-0220935,XFMR-034056,FDR-0097,SUB-022,33.491594,-112.127381,14.2,5.3,NMC,2024-10-01,BYD,active
BATT-006561,CUST-0220956,XFMR-034058,FDR-0097,SUB-022,33.492192,-112.126738,15.8,6.6,lithium-ion,2021-02-01,SunPower,active
BATT-006562,CUST-0220961,XFMR-034059,FDR-0097,SUB-022,33.491881,-112.126668,19.8,9.4,lithium-ion,2022-11-01,Generac,active
BATT-006563,CUST-0221096,XFMR-034078,FDR-0097,SUB-022,33.491893,-112.12205,13.1,5.6,lithium-ion,2020-09-01,Generac,active
BATT-006564,CUST-0221098,XFMR-034078,FDR-0097,SUB-022,33.491946,-112.121546,10.8,4.0,NMC,2022-04-01,SunPower,active
BATT-006565,CUST-0221106,XFMR-034079,FDR-0097,SUB-022,33.49202,-112.121634,9.2,4.2,lithium-ion,2022-12-01,SolarEdge,active
BATT-006566,CUST-0221125,XFMR-034082,FDR-0097,SUB-022,33.492121,-112.120537,18.9,8.9,LFP,2023-08-01,SunPower,active
BATT-006567,CUST-0221197,XFMR-034092,FDR-0097,SUB-022,33.491998,-112.118134,16.5,6.6,NMC,2023-01-01,Enphase,active
BATT-006568,CUST-0221232,XFMR-034095,FDR-0097,SUB-022,33.491922,-112.117547,14.7,6.1,lithium-ion,2023-07-01,Enphase,inactive
BATT-006569,CUST-0221236,XFMR-034096,FDR-0097,SUB-022,33.491632,-112.116886,13.9,5.3,lithium-ion,2023-09-01,Generac,active
BATT-006570,CUST-0221277,XFMR-034102,FDR-0097,SUB-022,33.491813,-112.1151,14.0,4.7,lithium-ion,2020-12-01,BYD,active
BATT-006571,CUST-0221282,XFMR-034103,FDR-0097,SUB-022,33.491872,-112.1151,9.3,3.5,LFP,2022-07-01,Enphase,active
BATT-006572,CUST-0221306,XFMR-034105,FDR-0097,SUB-022,33.492044,-112.114611,109.1,35.5,LFP,2023-12-01,SolarEdge,active
BATT-006573,CUST-0221372,XFMR-034118,FDR-0097,SUB-022,33.491918,-112.111182,58.6,26.0,lithium-ion,2021-10-01,SolarEdge,active
BATT-006574,CUST-0221404,XFMR-034124,FDR-0097,SUB-022,33.491926,-112.109976,10.7,3.4,lithium-ion,2022-06-01,SolarEdge,active
BATT-006575,CUST-0221441,XFMR-034128,FDR-0097,SUB-022,33.491776,-112.108501,14.2,5.3,LFP,2023-12-01,Enphase,active
BATT-006576,CUST-0221463,XFMR-034132,FDR-0097,SUB-022,33.491508,-112.106998,16.2,6.2,NMC,2024-03-01,Enphase,inactive
BATT-006577,CUST-0221495,XFMR-034138,FDR-0097,SUB-022,33.491833,-112.106288,12.9,5.1,NMC,2024-02-01,SolarEdge,active
BATT-006578,CUST-0221497,XFMR-034138,FDR-0097,SUB-022,33.492311,-112.106023,15.4,6.9,lithium-ion,2024-10-01,Generac,active
BATT-006579,CUST-0221567,XFMR-034150,FDR-0097,SUB-022,33.491628,-112.103115,13.5,6.6,lithium-ion,2024-10-01,SolarEdge,active
BATT-006580,CUST-0221611,XFMR-034155,FDR-0097,SUB-022,33.492188,-112.101318,10.1,3.2,NMC,2021-10-01,Enphase,active
BATT-006581,CUST-0221628,XFMR-034158,FDR-0097,SUB-022,33.492134,-112.100383,14.9,6.2,LFP,2022-10-01,SolarEdge,active
BATT-006582,CUST-0221690,XFMR-034171,FDR-0097,SUB-022,33.492273,-112.09699,9.1,2.8,NMC,2024-10-01,BYD,active
BATT-006583,CUST-0221700,XFMR-034174,FDR-0097,SUB-022,33.49172,-112.096073,11.0,3.5,LFP,2021-06-01,Enphase,active
BATT-006584,CUST-0221715,XFMR-034176,FDR-0097,SUB-022,33.492207,-112.096311,130.7,64.3,lithium-ion,2020-03-01,SunPower,active
BATT-006585,CUST-0221729,XFMR-034179,FDR-0097,SUB-022,33.491568,-112.094722,15.9,5.8,lithium-ion,2023-01-01,Enphase,active
BATT-006586,CUST-0221790,XFMR-034188,FDR-0097,SUB-022,33.491793,-112.092423,9.8,3.2,NMC,2022-09-01,BYD,active
BATT-006587,CUST-0221795,XFMR-034189,FDR-0097,SUB-022,33.491994,-112.092073,10.1,3.9,lithium-ion,2022-02-01,Generac,active
BATT-006588,CUST-0221825,XFMR-034191,FDR-0097,SUB-022,33.492158,-112.091888,10.2,4.3,LFP,2024-08-01,SunPower,active
BATT-006589,CUST-0221929,XFMR-034205,FDR-0097,SUB-022,33.492171,-112.088434,16.0,6.0,LFP,2022-05-01,BYD,active
BATT-006590,CUST-0221952,XFMR-034208,FDR-0097,SUB-022,33.491622,-112.087213,301.4,91.9,LFP,2020-10-01,SunPower,active
BATT-006591,CUST-0221986,XFMR-034213,FDR-0097,SUB-022,33.492138,-112.086274,15.2,6.6,LFP,2024-05-01,SolarEdge,active
BATT-006592,CUST-0222007,XFMR-034215,FDR-0097,SUB-022,33.49157,-112.085538,10.1,4.9,NMC,2024-01-01,SolarEdge,active
BATT-006593,CUST-0222037,XFMR-034219,FDR-0097,SUB-022,33.491769,-112.084352,10.7,5.0,LFP,2022-01-01,Tesla,active
BATT-006594,CUST-0222102,XFMR-034229,FDR-0098,SUB-022,33.492433,-112.178041,16.2,7.8,lithium-ion,2022-11-01,SolarEdge,active
BATT-006595,CUST-0222164,XFMR-034237,FDR-0098,SUB-022,33.493301,-112.177976,13.3,5.6,lithium-ion,2023-10-01,Tesla,active
BATT-006596,CUST-0222171,XFMR-034239,FDR-0098,SUB-022,33.493277,-112.178438,17.5,5.5,lithium-ion,2020-10-01,SolarEdge,active
BATT-006597,CUST-0222176,XFMR-034239,FDR-0098,SUB-022,33.493666,-112.178336,19.7,9.6,LFP,2024-09-01,Generac,active
BATT-006598,CUST-0222236,XFMR-034248,FDR-0098,SUB-022,33.495187,-112.178423,21.5,7.1,lithium-ion,2020-11-01,Generac,inactive
BATT-006599,CUST-0222254,XFMR-034250,FDR-0098,SUB-022,33.495256,-112.178447,15.6,7.1,lithium-ion,2024-08-01,Generac,active
BATT-006600,CUST-0222261,XFMR-034251,FDR-0098,SUB-022,33.495065,-112.178006,16.4,5.1,LFP,2024-09-01,Enphase,active
BATT-006601,CUST-0222289,XFMR-034256,FDR-0098,SUB-022,33.495434,-112.178163,383.1,136.1,LFP,2021-01-01,Enphase,active
BATT-006602,CUST-0222333,XFMR-034264,FDR-0098,SUB-022,33.497018,-112.1781,16.9,7.6,NMC,2021-11-01,BYD,active
BATT-006603,CUST-0222336,XFMR-034264,FDR-0098,SUB-022,33.496546,-112.178127,14.5,6.6,NMC,2023-05-01,SolarEdge,active
BATT-006604,CUST-0222439,XFMR-034279,FDR-0098,SUB-022,33.499016,-112.177952,14.5,6.2,NMC,2024-08-01,SunPower,active
BATT-006605,CUST-0222453,XFMR-034280,FDR-0098,SUB-022,33.498688,-112.178416,16.5,8.0,NMC,2024-06-01,SolarEdge,active
BATT-006606,CUST-0222471,XFMR-034282,FDR-0098,SUB-022,33.498844,-112.177793,14.1,6.1,LFP,2021-01-01,BYD,active
BATT-006607,CUST-0222514,XFMR-034288,FDR-0098,SUB-022,33.500028,-112.177984,20.0,9.5,NMC,2023-12-01,Generac,active
BATT-006608,CUST-0222519,XFMR-034289,FDR-0098,SUB-022,33.500496,-112.178597,18.5,8.6,lithium-ion,2020-08-01,Enphase,active
BATT-006609,CUST-0222702,XFMR-034315,FDR-0098,SUB-022,33.503395,-112.178263,20.7,9.2,NMC,2020-04-01,Tesla,active
BATT-006610,CUST-0222761,XFMR-034327,FDR-0098,SUB-022,33.504647,-112.177853,17.3,8.1,NMC,2023-12-01,Enphase,active
BATT-006611,CUST-0222892,XFMR-034345,FDR-0098,SUB-022,33.507402,-112.178329,14.4,5.1,NMC,2023-05-01,BYD,active
BATT-006612,CUST-0222952,XFMR-034355,FDR-0098,SUB-022,33.508166,-112.178551,16.0,4.9,lithium-ion,2024-03-01,SunPower,active
BATT-006613,CUST-0222968,XFMR-034357,FDR-0098,SUB-022,33.508819,-112.177889,15.2,5.6,NMC,2020-02-01,Enphase,active
BATT-006614,CUST-0222981,XFMR-034359,FDR-0098,SUB-022,33.509329,-112.17849,14.5,6.0,LFP,2023-11-01,BYD,active
BATT-006615,CUST-0222984,XFMR-034359,FDR-0098,SUB-022,33.508745,-112.17787,53.3,20.6,LFP,2022-08-01,BYD,active
BATT-006616,CUST-0223040,XFMR-034368,FDR-0098,SUB-022,33.510024,-112.178434,10.0,4.9,NMC,2023-04-01,Tesla,active
BATT-006617,CUST-0223042,XFMR-034368,FDR-0098,SUB-022,33.510296,-112.178547,94.0,42.6,lithium-ion,2022-01-01,SolarEdge,active
BATT-006618,CUST-0223053,XFMR-034370,FDR-0098,SUB-022,33.510408,-112.177973,15.0,5.8,LFP,2023-07-01,SunPower,active
BATT-006619,CUST-0223092,XFMR-034373,FDR-0098,SUB-022,33.510938,-112.178138,16.7,6.9,NMC,2021-11-01,SunPower,active
BATT-006620,CUST-0223099,XFMR-034373,FDR-0098,SUB-022,33.511319,-112.178618,9.9,3.6,lithium-ion,2020-02-01,Tesla,active
BATT-006621,CUST-0223113,XFMR-034376,FDR-0098,SUB-022,33.510881,-112.178532,18.8,6.9,NMC,2023-09-01,Enphase,active
BATT-006622,CUST-0223134,XFMR-034380,FDR-0098,SUB-022,33.511869,-112.17798,18.5,6.8,NMC,2020-12-01,BYD,active
BATT-006623,CUST-0223170,XFMR-034386,FDR-0098,SUB-022,33.512436,-112.178173,254.7,79.1,NMC,2021-07-01,Tesla,active
BATT-006624,CUST-0223251,XFMR-034395,FDR-0098,SUB-022,33.513921,-112.178456,15.9,4.9,lithium-ion,2021-12-01,Tesla,active
BATT-006625,CUST-0223279,XFMR-034400,FDR-0098,SUB-022,33.514542,-112.178379,19.3,6.0,lithium-ion,2022-01-01,Tesla,active
BATT-006626,CUST-0223333,XFMR-034408,FDR-0098,SUB-022,33.514996,-112.178551,14.7,6.3,LFP,2021-06-01,Generac,active
BATT-006627,CUST-0223337,XFMR-034409,FDR-0098,SUB-022,33.515432,-112.178453,434.5,139.6,LFP,2022-07-01,BYD,active
BATT-006628,CUST-0223409,XFMR-034420,FDR-0098,SUB-022,33.517052,-112.177809,12.7,5.6,NMC,2024-01-01,BYD,active
BATT-006629,CUST-0223466,XFMR-034427,FDR-0098,SUB-022,33.517752,-112.178623,15.9,6.5,LFP,2024-03-01,Tesla,active
BATT-006630,CUST-0223537,XFMR-034439,FDR-0098,SUB-022,33.519317,-112.177793,21.3,7.0,NMC,2020-11-01,Enphase,active
BATT-006631,CUST-0223596,XFMR-034448,FDR-0098,SUB-022,33.520776,-112.17841,17.2,7.6,lithium-ion,2022-03-01,Enphase,active
BATT-006632,CUST-0223656,XFMR-034457,FDR-0098,SUB-022,33.521588,-112.177944,21.0,10.1,NMC,2020-08-01,Tesla,active
BATT-006633,CUST-0223661,XFMR-034457,FDR-0098,SUB-022,33.521589,-112.178279,345.4,138.3,LFP,2023-05-01,BYD,active
BATT-006634,CUST-0223708,XFMR-034463,FDR-0098,SUB-022,33.522265,-112.178495,14.4,6.9,lithium-ion,2023-12-01,SolarEdge,active
BATT-006635,CUST-0223825,XFMR-034481,FDR-0098,SUB-022,33.524967,-112.177886,380.6,168.4,NMC,2023-06-01,SunPower,active
BATT-006636,CUST-0223836,XFMR-034483,FDR-0098,SUB-022,33.52479,-112.178417,20.5,7.7,lithium-ion,2023-12-01,Enphase,active
BATT-006637,CUST-0223869,XFMR-034488,FDR-0098,SUB-022,33.525966,-112.177953,74.0,23.1,NMC,2023-05-01,Generac,active
BATT-006638,CUST-0223945,XFMR-034500,FDR-0098,SUB-022,33.527591,-112.177683,19.8,8.0,lithium-ion,2023-03-01,BYD,active
BATT-006639,CUST-0224100,XFMR-034520,FDR-0099,SUB-022,33.488875,-112.178336,18.4,7.4,NMC,2022-10-01,Tesla,active
BATT-006640,CUST-0224104,XFMR-034521,FDR-0099,SUB-022,33.488896,-112.178172,18.8,7.3,LFP,2021-03-01,SunPower,active
BATT-006641,CUST-0224110,XFMR-034523,FDR-0099,SUB-022,33.488098,-112.177939,333.4,118.7,lithium-ion,2022-02-01,Generac,inactive
BATT-006642,CUST-0224144,XFMR-034533,FDR-0099,SUB-022,33.485452,-112.17849,15.4,5.1,lithium-ion,2024-06-01,Enphase,active
BATT-006643,CUST-0224157,XFMR-034535,FDR-0099,SUB-022,33.485674,-112.178357,21.9,9.7,LFP,2021-12-01,BYD,active
BATT-006644,CUST-0224186,XFMR-034539,FDR-0099,SUB-022,33.484245,-112.177816,21.1,6.6,lithium-ion,2020-12-01,Generac,inactive
BATT-006645,CUST-0224202,XFMR-034542,FDR-0099,SUB-022,33.484186,-112.17806,15.0,4.9,NMC,2023-08-01,SunPower,active
BATT-006646,CUST-0224273,XFMR-034552,FDR-0099,SUB-022,33.481641,-112.178539,15.0,7.3,NMC,2021-02-01,Tesla,active
BATT-006647,CUST-0224334,XFMR-034561,FDR-0099,SUB-022,33.479382,-112.17793,9.6,4.5,LFP,2021-02-01,Tesla,active
BATT-006648,CUST-0224349,XFMR-034562,FDR-0099,SUB-022,33.479496,-112.178081,9.4,3.5,LFP,2023-07-01,BYD,active
BATT-006649,CUST-0224381,XFMR-034568,FDR-0099,SUB-022,33.477728,-112.178594,13.4,5.9,LFP,2021-07-01,BYD,active
BATT-006650,CUST-0224545,XFMR-034595,FDR-0099,SUB-022,33.472408,-112.17771,19.7,8.8,NMC,2020-11-01,Enphase,active
BATT-006651,CUST-0224572,XFMR-034597,FDR-0099,SUB-022,33.47181,-112.178127,420.6,117.4,NMC,2024-05-01,Tesla,active
BATT-006652,CUST-0224592,XFMR-034601,FDR-0099,SUB-022,33.470839,-112.178351,16.2,6.5,LFP,2022-01-01,SunPower,active
BATT-006653,CUST-0224594,XFMR-034601,FDR-0099,SUB-022,33.470975,-112.178244,12.2,5.1,lithium-ion,2024-11-01,BYD,active
BATT-006654,CUST-0224619,XFMR-034604,FDR-0099,SUB-022,33.469682,-112.177847,16.1,5.9,lithium-ion,2023-09-01,Tesla,active
BATT-006655,CUST-0224620,XFMR-034604,FDR-0099,SUB-022,33.470183,-112.178357,14.6,7.2,LFP,2021-06-01,Enphase,active
BATT-006656,CUST-0224628,XFMR-034605,FDR-0099,SUB-022,33.46984,-112.178497,19.2,6.0,LFP,2024-09-01,Generac,active
BATT-006657,CUST-0224642,XFMR-034606,FDR-0099,SUB-022,33.46939,-112.177805,13.6,5.3,lithium-ion,2023-04-01,SunPower,active
BATT-006658,CUST-0224678,XFMR-034612,FDR-0099,SUB-022,33.4682,-112.178578,320.6,100.8,LFP,2020-12-01,Enphase,active
BATT-006659,CUST-0224712,XFMR-034615,FDR-0099,SUB-022,33.467879,-112.178445,134.5,36.5,lithium-ion,2022-06-01,Enphase,active
BATT-006660,CUST-0224750,XFMR-034622,FDR-0099,SUB-022,33.46612,-112.178533,13.6,5.5,LFP,2022-02-01,SunPower,active
BATT-006661,CUST-0224764,XFMR-034624,FDR-0099,SUB-022,33.46523,-112.178,20.2,8.0,LFP,2023-09-01,BYD,active
BATT-006662,CUST-0224856,XFMR-034644,FDR-0099,SUB-022,33.460889,-112.177949,40.5,17.1,LFP,2022-04-01,Enphase,active
BATT-006663,CUST-0224876,XFMR-034647,FDR-0099,SUB-022,33.460059,-112.178413,10.1,3.3,NMC,2023-01-01,SolarEdge,active
BATT-006664,CUST-0224891,XFMR-034651,FDR-0099,SUB-022,33.459454,-112.178481,17.0,7.4,LFP,2020-07-01,Enphase,active
BATT-006665,CUST-0224893,XFMR-034651,FDR-0099,SUB-022,33.459569,-112.178663,148.8,41.6,lithium-ion,2022-04-01,BYD,active
BATT-006666,CUST-0224911,XFMR-034654,FDR-0099,SUB-022,33.458732,-112.178308,19.3,8.1,LFP,2024-08-01,SolarEdge,active
BATT-006667,CUST-0224917,XFMR-034655,FDR-0099,SUB-022,33.458943,-112.178588,13.8,6.0,lithium-ion,2020-06-01,SolarEdge,active
BATT-006668,CUST-0224951,XFMR-034659,FDR-0099,SUB-022,33.457503,-112.177742,113.7,35.5,LFP,2024-10-01,Tesla,active
BATT-006669,CUST-0225010,XFMR-034671,FDR-0099,SUB-022,33.455359,-112.178602,15.7,6.9,lithium-ion,2020-03-01,Tesla,active
BATT-006670,CUST-0225018,XFMR-034672,FDR-0099,SUB-022,33.454662,-112.177976,16.6,6.3,NMC,2024-06-01,BYD,active
BATT-006671,CUST-0225052,XFMR-034676,FDR-0099,SUB-022,33.453734,-112.178692,19.4,8.8,lithium-ion,2023-05-01,SunPower,active
BATT-006672,CUST-0225079,XFMR-034680,FDR-0099,SUB-022,33.453429,-112.178321,57.8,18.7,lithium-ion,2024-09-01,SunPower,active
BATT-006673,CUST-0225217,XFMR-034701,FDR-0099,SUB-022,33.448661,-112.178492,13.5,5.2,LFP,2024-06-01,SunPower,active
BATT-006674,CUST-0225268,XFMR-034709,FDR-0099,SUB-022,33.446363,-112.177867,18.1,7.0,LFP,2020-02-01,Generac,active
BATT-006675,CUST-0225283,XFMR-034712,FDR-0099,SUB-022,33.445812,-112.178004,12.8,4.6,lithium-ion,2020-08-01,SolarEdge,active
BATT-006676,CUST-0225342,XFMR-034719,FDR-0099,SUB-022,33.444387,-112.178458,15.9,4.9,LFP,2022-05-01,Tesla,active
BATT-006677,CUST-0225369,XFMR-034724,FDR-0099,SUB-022,33.443537,-112.178691,10.6,3.8,NMC,2023-03-01,BYD,active
BATT-006678,CUST-0225384,XFMR-034726,FDR-0099,SUB-022,33.442557,-112.177999,10.5,3.4,NMC,2020-08-01,SunPower,active
BATT-006679,CUST-0225435,XFMR-034735,FDR-0099,SUB-022,33.440884,-112.177925,12.3,5.9,LFP,2024-03-01,BYD,active
BATT-006680,CUST-0225441,XFMR-034737,FDR-0099,SUB-022,33.439946,-112.178475,19.2,6.0,LFP,2020-02-01,Tesla,active
BATT-006681,CUST-0225516,XFMR-034752,FDR-0099,SUB-022,33.437006,-112.178391,12.6,5.4,lithium-ion,2021-09-01,Enphase,active
BATT-006682,CUST-0225524,XFMR-034752,FDR-0099,SUB-022,33.436679,-112.178394,21.7,9.7,lithium-ion,2020-09-01,SolarEdge,active
BATT-006683,CUST-0225755,XFMR-034789,FDR-0099,SUB-022,33.428987,-112.178292,18.1,8.8,LFP,2024-09-01,SolarEdge,active
BATT-006684,CUST-0225765,XFMR-034791,FDR-0099,SUB-022,33.428335,-112.178553,19.9,7.5,lithium-ion,2022-09-01,Generac,active
BATT-006685,CUST-0225777,XFMR-034792,FDR-0099,SUB-022,33.428156,-112.177938,137.1,37.4,lithium-ion,2022-02-01,Tesla,active
BATT-006686,CUST-0225780,XFMR-034793,FDR-0099,SUB-022,33.427752,-112.178473,14.6,6.0,NMC,2021-07-01,BYD,active
BATT-006687,CUST-0225810,XFMR-034796,FDR-0099,SUB-022,33.427096,-112.178421,12.9,5.2,LFP,2021-10-01,SolarEdge,active
BATT-006688,CUST-0225821,XFMR-034797,FDR-0099,SUB-022,33.427003,-112.17801,216.2,55.3,NMC,2022-09-01,SunPower,active
BATT-006689,CUST-0225842,XFMR-034801,FDR-0099,SUB-022,33.425662,-112.178663,10.8,3.4,NMC,2022-07-01,Generac,active
BATT-006690,CUST-0225881,XFMR-034807,FDR-0099,SUB-022,33.42498,-112.177924,16.3,4.9,LFP,2023-05-01,SunPower,active
BATT-006691,CUST-0225894,XFMR-034809,FDR-0099,SUB-022,33.424371,-112.178461,20.6,6.9,lithium-ion,2023-03-01,BYD,active
BATT-006692,CUST-0225897,XFMR-034810,FDR-0099,SUB-022,33.42364,-112.177893,16.3,5.0,NMC,2021-04-01,SolarEdge,active
BATT-006693,CUST-0225926,XFMR-034815,FDR-0099,SUB-022,33.42311,-112.177756,307.6,78.3,NMC,2023-10-01,Tesla,active
BATT-006694,CUST-0225937,XFMR-034817,FDR-0099,SUB-022,33.422317,-112.177928,15.8,6.1,NMC,2020-02-01,SunPower,active
BATT-006695,CUST-0225956,XFMR-034818,FDR-0099,SUB-022,33.421824,-112.177878,18.8,8.8,LFP,2021-07-01,SolarEdge,active
BATT-006696,CUST-0225978,XFMR-034821,FDR-0099,SUB-022,33.421731,-112.178086,459.8,195.1,LFP,2020-12-01,Enphase,active
BATT-006697,CUST-0226025,XFMR-034829,FDR-0099,SUB-022,33.420017,-112.178076,14.2,6.8,NMC,2020-05-01,BYD,active
BATT-006698,CUST-0226027,XFMR-034829,FDR-0099,SUB-022,33.420111,-112.178609,10.6,3.9,NMC,2024-06-01,Enphase,active
BATT-006699,CUST-0226028,XFMR-034830,FDR-0099,SUB-022,33.41944,-112.177895,9.9,4.4,NMC,2020-04-01,Enphase,active
BATT-006700,CUST-0226040,XFMR-034832,FDR-0099,SUB-022,33.418839,-112.178509,453.6,185.6,lithium-ion,2023-03-01,SunPower,active
BATT-006701,CUST-0226058,XFMR-034836,FDR-0099,SUB-022,33.418134,-112.17848,57.9,27.4,LFP,2021-10-01,BYD,active
BATT-006702,CUST-0226085,XFMR-034840,FDR-0099,SUB-022,33.417584,-112.178657,80.0,32.6,NMC,2020-08-01,Tesla,active
BATT-006703,CUST-0226100,XFMR-034844,FDR-0099,SUB-022,33.416623,-112.177943,13.9,6.9,LFP,2023-02-01,Generac,active
BATT-006704,CUST-0226122,XFMR-034848,FDR-0099,SUB-022,33.415265,-112.177808,16.4,5.8,LFP,2020-03-01,SolarEdge,active
BATT-006705,CUST-0226133,XFMR-034849,FDR-0099,SUB-022,33.41496,-112.178098,14.7,5.3,LFP,2020-09-01,Generac,active
BATT-006706,CUST-0226214,XFMR-034861,FDR-0099,SUB-022,33.412908,-112.177716,17.6,5.8,NMC,2020-10-01,SolarEdge,active
BATT-006707,CUST-0226217,XFMR-034861,FDR-0099,SUB-022,33.412835,-112.178323,14.2,5.6,NMC,2023-11-01,Tesla,active
BATT-006708,CUST-0226251,XFMR-034866,FDR-0099,SUB-022,33.411554,-112.178599,10.5,3.2,LFP,2022-07-01,Tesla,active
BATT-006709,CUST-0226413,XFMR-034894,FDR-0099,SUB-022,33.404868,-112.177917,19.6,9.7,lithium-ion,2022-04-01,Tesla,active
BATT-006710,CUST-0226426,XFMR-034895,FDR-0099,SUB-022,33.405149,-112.178037,9.8,4.5,NMC,2021-01-01,SunPower,active
BATT-006711,CUST-0226516,XFMR-034908,FDR-0099,SUB-022,33.402042,-112.177826,15.0,5.6,lithium-ion,2020-04-01,Tesla,active
BATT-006712,CUST-0226524,XFMR-034909,FDR-0099,SUB-022,33.401611,-112.178408,21.0,10.2,lithium-ion,2023-01-01,Tesla,active
BATT-006713,CUST-0226556,XFMR-034915,FDR-0099,SUB-022,33.400861,-112.17847,160.1,65.9,lithium-ion,2021-12-01,Generac,active
BATT-006714,CUST-0226591,XFMR-034922,FDR-0099,SUB-022,33.399419,-112.177747,15.8,6.6,NMC,2024-05-01,Enphase,active
BATT-006715,CUST-0226609,XFMR-034924,FDR-0099,SUB-022,33.398789,-112.178164,193.1,92.4,LFP,2021-03-01,Generac,active
BATT-006716,CUST-0226615,XFMR-034924,FDR-0099,SUB-022,33.398816,-112.17867,9.1,3.5,LFP,2022-04-01,Generac,active
BATT-006717,CUST-0226616,XFMR-034924,FDR-0099,SUB-022,33.398122,-112.178605,16.8,7.5,LFP,2023-01-01,SunPower,active
BATT-006718,CUST-0226722,XFMR-034943,FDR-0100,SUB-023,33.612493,-112.021524,57.0,21.7,NMC,2023-07-01,BYD,active
BATT-006719,CUST-0226798,XFMR-034952,FDR-0100,SUB-023,33.60497,-112.0217,12.4,5.2,lithium-ion,2022-04-01,SunPower,active
BATT-006720,CUST-0226828,XFMR-034958,FDR-0100,SUB-023,33.600367,-112.021694,491.4,211.5,NMC,2024-11-01,Enphase,active
BATT-006721,CUST-0226870,XFMR-034966,FDR-0100,SUB-023,33.593591,-112.021817,13.8,6.1,LFP,2024-09-01,SolarEdge,active
BATT-006722,CUST-0226928,XFMR-034974,FDR-0100,SUB-023,33.586585,-112.021532,371.2,139.3,lithium-ion,2021-10-01,Generac,active
BATT-006723,CUST-0226977,XFMR-034980,FDR-0100,SUB-023,33.581355,-112.021649,18.1,6.0,NMC,2022-04-01,SolarEdge,active
BATT-006724,CUST-0226985,XFMR-034981,FDR-0100,SUB-023,33.581152,-112.021654,11.0,5.4,NMC,2022-03-01,SolarEdge,active
BATT-006725,CUST-0227022,XFMR-034988,FDR-0100,SUB-023,33.575456,-112.022329,15.6,5.2,LFP,2024-06-01,Enphase,active
BATT-006726,CUST-0227049,XFMR-034991,FDR-0100,SUB-023,33.572195,-112.021661,43.3,15.0,NMC,2020-08-01,Generac,active
BATT-006727,CUST-0227059,XFMR-034994,FDR-0100,SUB-023,33.570309,-112.021775,17.0,6.4,lithium-ion,2024-07-01,Generac,active
BATT-006728,CUST-0227078,XFMR-034998,FDR-0100,SUB-023,33.566406,-112.021873,20.7,10.3,NMC,2023-05-01,Generac,active
BATT-006729,CUST-0227152,XFMR-035009,FDR-0100,SUB-023,33.557169,-112.021868,14.7,5.1,NMC,2020-04-01,Enphase,active
BATT-006730,CUST-0227165,XFMR-035013,FDR-0100,SUB-023,33.554261,-112.022142,13.9,4.3,lithium-ion,2021-01-01,SunPower,active
BATT-006731,CUST-0227190,XFMR-035016,FDR-0100,SUB-023,33.551442,-112.02166,12.8,6.1,NMC,2021-04-01,Enphase,active
BATT-006732,CUST-0227284,XFMR-035029,FDR-0100,SUB-023,33.540946,-112.022171,14.9,6.0,lithium-ion,2022-09-01,Tesla,active
BATT-006733,CUST-0227365,XFMR-035040,FDR-0100,SUB-023,33.531646,-112.021386,21.0,6.9,LFP,2022-05-01,SunPower,active
BATT-006734,CUST-0227387,XFMR-035045,FDR-0100,SUB-023,33.527789,-112.021939,10.0,4.7,LFP,2022-05-01,Generac,active
BATT-006735,CUST-0227422,XFMR-035050,FDR-0100,SUB-023,33.523086,-112.021481,14.9,6.1,lithium-ion,2022-06-01,Tesla,active
BATT-006736,CUST-0227424,XFMR-035050,FDR-0100,SUB-023,33.523783,-112.022029,346.5,113.9,LFP,2024-02-01,Tesla,active
BATT-006737,CUST-0227441,XFMR-035053,FDR-0100,SUB-023,33.520906,-112.02212,324.3,158.8,lithium-ion,2024-01-01,BYD,active
BATT-006738,CUST-0227463,XFMR-035057,FDR-0100,SUB-023,33.517697,-112.022373,227.0,92.4,lithium-ion,2020-10-01,Tesla,active
BATT-006739,CUST-0227529,XFMR-035070,FDR-0100,SUB-023,33.506849,-112.021618,10.1,4.6,NMC,2021-03-01,BYD,active
BATT-006740,CUST-0227546,XFMR-035076,FDR-0101,SUB-023,33.615184,-112.022703,16.1,6.0,lithium-ion,2024-08-01,BYD,active
BATT-006741,CUST-0227568,XFMR-035080,FDR-0101,SUB-023,33.614835,-112.022829,21.1,6.8,NMC,2024-04-01,BYD,active
BATT-006742,CUST-0227625,XFMR-035088,FDR-0101,SUB-023,33.614848,-112.02286,14.0,4.5,LFP,2024-11-01,BYD,active
BATT-006743,CUST-0227654,XFMR-035093,FDR-0101,SUB-023,33.615045,-112.024134,386.3,133.9,NMC,2022-07-01,Tesla,active
BATT-006744,CUST-0227722,XFMR-035106,FDR-0101,SUB-023,33.614704,-112.024471,9.3,4.5,lithium-ion,2024-10-01,SunPower,active
BATT-006745,CUST-0227733,XFMR-035107,FDR-0101,SUB-023,33.614833,-112.024632,15.1,4.7,NMC,2021-03-01,Enphase,active
BATT-006746,CUST-0227772,XFMR-035112,FDR-0101,SUB-023,33.615182,-112.025652,9.6,3.1,lithium-ion,2021-03-01,SolarEdge,active
BATT-006747,CUST-0227798,XFMR-035116,FDR-0101,SUB-023,33.615302,-112.025494,14.0,5.8,NMC,2021-04-01,SolarEdge,active
BATT-006748,CUST-0227803,XFMR-035116,FDR-0101,SUB-023,33.615289,-112.025644,13.4,4.1,lithium-ion,2020-05-01,SunPower,active
BATT-006749,CUST-0227928,XFMR-035140,FDR-0101,SUB-023,33.615106,-112.027805,10.2,3.3,LFP,2023-10-01,Tesla,active
BATT-006750,CUST-0228049,XFMR-035162,FDR-0101,SUB-023,33.614814,-112.030387,15.5,4.8,lithium-ion,2022-04-01,SolarEdge,active
BATT-006751,CUST-0228069,XFMR-035164,FDR-0101,SUB-023,33.614822,-112.030251,150.7,69.9,NMC,2020-03-01,SolarEdge,active
BATT-006752,CUST-0228076,XFMR-035165,FDR-0101,SUB-023,33.614741,-112.030339,12.9,6.2,LFP,2024-07-01,SolarEdge,active
BATT-006753,CUST-0228242,XFMR-035192,FDR-0101,SUB-023,33.615329,-112.03292,21.9,8.4,lithium-ion,2022-11-01,BYD,active
BATT-006754,CUST-0228246,XFMR-035192,FDR-0101,SUB-023,33.61493,-112.033503,9.4,4.2,lithium-ion,2021-07-01,BYD,active
BATT-006755,CUST-0228274,XFMR-035197,FDR-0101,SUB-023,33.61518,-112.033332,14.3,4.9,LFP,2020-12-01,Generac,active
BATT-006756,CUST-0228316,XFMR-035202,FDR-0101,SUB-023,33.615419,-112.034381,15.0,6.7,NMC,2024-09-01,SolarEdge,active
BATT-006757,CUST-0228337,XFMR-035206,FDR-0101,SUB-023,33.615015,-112.034404,16.9,5.3,lithium-ion,2023-04-01,Generac,active
BATT-006758,CUST-0228340,XFMR-035207,FDR-0101,SUB-023,33.61518,-112.034915,20.9,6.9,LFP,2021-01-01,Generac,active
BATT-006759,CUST-0228353,XFMR-035208,FDR-0101,SUB-023,33.615227,-112.034887,13.1,5.8,lithium-ion,2023-02-01,Tesla,active
BATT-006760,CUST-0228365,XFMR-035209,FDR-0101,SUB-023,33.614841,-112.035014,374.0,163.6,NMC,2020-05-01,SunPower,active
BATT-006761,CUST-0228376,XFMR-035212,FDR-0101,SUB-023,33.61541,-112.034875,20.7,6.8,lithium-ion,2023-09-01,Enphase,active
BATT-006762,CUST-0228435,XFMR-035218,FDR-0101,SUB-023,33.615042,-112.035143,19.4,9.0,LFP,2021-08-01,Generac,active
BATT-006763,CUST-0228472,XFMR-035224,FDR-0101,SUB-023,33.615213,-112.036362,14.9,4.5,LFP,2022-07-01,BYD,active
BATT-006764,CUST-0228508,XFMR-035228,FDR-0101,SUB-023,33.614813,-112.036237,237.0,80.4,lithium-ion,2020-09-01,SunPower,active
BATT-006765,CUST-0228540,XFMR-035236,FDR-0101,SUB-023,33.61469,-112.037193,18.6,8.1,NMC,2023-01-01,Generac,active
BATT-006766,CUST-0228590,XFMR-035244,FDR-0101,SUB-023,33.614843,-112.038356,17.2,5.5,lithium-ion,2024-02-01,Generac,active
BATT-006767,CUST-0228681,XFMR-035256,FDR-0101,SUB-023,33.61533,-112.039292,173.2,49.9,lithium-ion,2024-07-01,BYD,active
BATT-006768,CUST-0228686,XFMR-035257,FDR-0101,SUB-023,33.615275,-112.038992,18.4,8.8,LFP,2022-12-01,BYD,active
BATT-006769,CUST-0228691,XFMR-035258,FDR-0101,SUB-023,33.61496,-112.038905,21.8,6.9,NMC,2022-12-01,BYD,active
BATT-006770,CUST-0228763,XFMR-035270,FDR-0101,SUB-023,33.614825,-112.04063,9.6,3.9,lithium-ion,2022-01-01,Generac,active
BATT-006771,CUST-0228778,XFMR-035272,FDR-0101,SUB-023,33.614966,-112.040715,9.5,3.1,LFP,2020-11-01,SolarEdge,active
BATT-006772,CUST-0228852,XFMR-035285,FDR-0101,SUB-023,33.614728,-112.041513,13.4,5.0,lithium-ion,2021-06-01,SunPower,active
BATT-006773,CUST-0228867,XFMR-035287,FDR-0101,SUB-023,33.614658,-112.042412,182.8,46.5,lithium-ion,2021-08-01,BYD,active
BATT-006774,CUST-0228877,XFMR-035289,FDR-0101,SUB-023,33.614835,-112.042322,16.6,7.2,LFP,2022-04-01,Tesla,active
BATT-006775,CUST-0228883,XFMR-035290,FDR-0101,SUB-023,33.615361,-112.04279,18.7,8.9,lithium-ion,2022-09-01,SolarEdge,active
BATT-006776,CUST-0229005,XFMR-035306,FDR-0101,SUB-023,33.614762,-112.044292,21.2,6.9,NMC,2023-12-01,Tesla,active
BATT-006777,CUST-0229009,XFMR-035307,FDR-0101,SUB-023,33.614917,-112.044125,15.3,4.8,NMC,2022-10-01,SunPower,active
BATT-006778,CUST-0229011,XFMR-035307,FDR-0101,SUB-023,33.615453,-112.04396,12.5,4.0,LFP,2023-08-01,Tesla,active
BATT-006779,CUST-0229019,XFMR-035308,FDR-0101,SUB-023,33.614843,-112.043952,481.0,147.8,lithium-ion,2023-05-01,SolarEdge,active
BATT-006780,CUST-0229064,XFMR-035315,FDR-0101,SUB-023,33.614882,-112.044446,21.9,8.6,lithium-ion,2021-07-01,Generac,active
BATT-006781,CUST-0229065,XFMR-035315,FDR-0101,SUB-023,33.614918,-112.044799,10.9,4.8,LFP,2023-01-01,Enphase,active
BATT-006782,CUST-0229067,XFMR-035315,FDR-0101,SUB-023,33.614974,-112.044245,19.8,9.6,NMC,2022-12-01,Enphase,active
BATT-006783,CUST-0229144,XFMR-035327,FDR-0101,SUB-023,33.61541,-112.045929,20.1,9.6,LFP,2021-09-01,Enphase,active
BATT-006784,CUST-0229167,XFMR-035331,FDR-0101,SUB-023,33.614843,-112.045917,9.1,4.0,lithium-ion,2021-12-01,Generac,active
BATT-006785,CUST-0229168,XFMR-035331,FDR-0101,SUB-023,33.614785,-112.045842,447.8,126.6,lithium-ion,2024-01-01,Tesla,active
BATT-006786,CUST-0229234,XFMR-035341,FDR-0101,SUB-023,33.615061,-112.047197,31.1,12.0,NMC,2022-07-01,SunPower,active
BATT-006787,CUST-0229321,XFMR-035353,FDR-0101,SUB-023,33.615285,-112.048205,20.8,10.1,NMC,2023-11-01,Tesla,active
BATT-006788,CUST-0229325,XFMR-035354,FDR-0101,SUB-023,33.61488,-112.04849,15.2,4.8,NMC,2023-09-01,Enphase,active
BATT-006789,CUST-0229406,XFMR-035371,FDR-0101,SUB-023,33.614769,-112.049629,10.6,5.3,NMC,2020-02-01,Generac,active
BATT-006790,CUST-0229410,XFMR-035371,FDR-0101,SUB-023,33.615106,-112.049811,9.7,4.0,NMC,2021-11-01,Generac,active
BATT-006791,CUST-0229597,XFMR-035403,FDR-0101,SUB-023,33.61515,-112.052992,20.6,8.0,NMC,2023-08-01,Generac,active
BATT-006792,CUST-0229625,XFMR-035410,FDR-0101,SUB-023,33.615453,-112.053915,468.6,221.8,lithium-ion,2023-09-01,SunPower,active
BATT-006793,CUST-0229631,XFMR-035411,FDR-0101,SUB-023,33.615178,-112.054098,343.7,148.5,lithium-ion,2023-12-01,Tesla,active
BATT-006794,CUST-0229654,XFMR-035413,FDR-0101,SUB-023,33.614757,-112.054022,20.1,8.0,lithium-ion,2024-12-01,Enphase,active
BATT-006795,CUST-0229761,XFMR-035432,FDR-0101,SUB-023,33.614667,-112.055825,9.3,3.3,NMC,2020-02-01,Enphase,active
BATT-006796,CUST-0229797,XFMR-035437,FDR-0101,SUB-023,33.615041,-112.055703,177.2,59.5,lithium-ion,2020-01-01,SolarEdge,active
BATT-006797,CUST-0229823,XFMR-035442,FDR-0101,SUB-023,33.615367,-112.056851,13.5,5.3,lithium-ion,2021-12-01,BYD,active
BATT-006798,CUST-0229847,XFMR-035445,FDR-0101,SUB-023,33.614813,-112.05722,14.1,5.7,NMC,2023-05-01,Tesla,active
BATT-006799,CUST-0229848,XFMR-035445,FDR-0101,SUB-023,33.61524,-112.057161,14.5,6.9,lithium-ion,2020-01-01,Generac,active
BATT-006800,CUST-0229864,XFMR-035447,FDR-0101,SUB-023,33.614923,-112.056645,16.9,8.0,LFP,2023-04-01,SunPower,active
BATT-006801,CUST-0229914,XFMR-035453,FDR-0101,SUB-023,33.61522,-112.057697,377.6,176.4,NMC,2024-06-01,SunPower,active
BATT-006802,CUST-0229924,XFMR-035454,FDR-0101,SUB-023,33.615224,-112.057958,54.4,20.2,lithium-ion,2021-10-01,SolarEdge,active
BATT-006803,CUST-0229947,XFMR-035456,FDR-0101,SUB-023,33.615189,-112.057831,15.1,5.3,NMC,2021-09-01,SolarEdge,active
BATT-006804,CUST-0229985,XFMR-035461,FDR-0101,SUB-023,33.615324,-112.058116,18.8,6.4,lithium-ion,2024-09-01,SolarEdge,active
BATT-006805,CUST-0230036,XFMR-035469,FDR-0101,SUB-023,33.614778,-112.059361,14.7,4.8,NMC,2021-12-01,SunPower,active
BATT-006806,CUST-0230045,XFMR-035471,FDR-0101,SUB-023,33.614888,-112.059265,21.1,10.5,NMC,2021-11-01,BYD,active
BATT-006807,CUST-0230099,XFMR-035480,FDR-0101,SUB-023,33.61472,-112.060354,9.9,4.5,lithium-ion,2024-03-01,Enphase,active
BATT-006808,CUST-0230137,XFMR-035487,FDR-0101,SUB-023,33.614839,-112.061226,15.5,7.2,NMC,2021-06-01,Generac,active
BATT-006809,CUST-0230148,XFMR-035488,FDR-0101,SUB-023,33.615302,-112.061169,64.0,21.6,LFP,2024-03-01,Tesla,active
BATT-006810,CUST-0230161,XFMR-035489,FDR-0101,SUB-023,33.615348,-112.060479,385.2,139.4,lithium-ion,2023-05-01,SunPower,active
BATT-006811,CUST-0230191,XFMR-035495,FDR-0101,SUB-023,33.615372,-112.061794,20.9,8.0,lithium-ion,2021-11-01,Generac,active
BATT-006812,CUST-0230223,XFMR-035501,FDR-0101,SUB-023,33.615335,-112.061853,15.0,5.0,LFP,2021-05-01,BYD,active
BATT-006813,CUST-0230232,XFMR-035502,FDR-0101,SUB-023,33.614798,-112.062505,10.0,3.7,NMC,2021-10-01,Enphase,active
BATT-006814,CUST-0230233,XFMR-035502,FDR-0101,SUB-023,33.615232,-112.062279,15.9,5.1,LFP,2020-12-01,Tesla,active
BATT-006815,CUST-0230253,XFMR-035504,FDR-0101,SUB-023,33.615342,-112.062614,12.3,4.7,lithium-ion,2023-03-01,BYD,active
BATT-006816,CUST-0230260,XFMR-035506,FDR-0101,SUB-023,33.614966,-112.062404,14.6,6.3,LFP,2022-03-01,SunPower,active
BATT-006817,CUST-0230275,XFMR-035508,FDR-0101,SUB-023,33.614918,-112.062655,14.8,5.1,NMC,2020-12-01,SunPower,active
BATT-006818,CUST-0230290,XFMR-035509,FDR-0101,SUB-023,33.615355,-112.062964,16.8,6.0,lithium-ion,2021-03-01,SunPower,active
BATT-006819,CUST-0230306,XFMR-035512,FDR-0101,SUB-023,33.614796,-112.063517,14.2,5.3,NMC,2022-11-01,SolarEdge,active
BATT-006820,CUST-0230312,XFMR-035514,FDR-0101,SUB-023,33.614677,-112.062842,15.7,5.5,LFP,2024-06-01,Enphase,active
BATT-006821,CUST-0230323,XFMR-035518,FDR-0101,SUB-023,33.61486,-112.063361,12.5,5.5,lithium-ion,2020-01-01,SolarEdge,active
BATT-006822,CUST-0230328,XFMR-035519,FDR-0101,SUB-023,33.615213,-112.064153,20.3,9.9,NMC,2024-08-01,Generac,active
BATT-006823,CUST-0230362,XFMR-035524,FDR-0101,SUB-023,33.615256,-112.063841,10.5,3.6,LFP,2021-06-01,SolarEdge,active
BATT-006824,CUST-0230382,XFMR-035528,FDR-0101,SUB-023,33.614732,-112.065079,71.2,33.6,NMC,2022-12-01,SunPower,active
BATT-006825,CUST-0230444,XFMR-035538,FDR-0101,SUB-023,33.615329,-112.065471,185.1,46.4,LFP,2024-06-01,Generac,active
BATT-006826,CUST-0230496,XFMR-035547,FDR-0101,SUB-023,33.615305,-112.066659,68.5,25.6,NMC,2020-04-01,Tesla,active
BATT-006827,CUST-0230529,XFMR-035552,FDR-0101,SUB-023,33.614788,-112.06731,41.7,16.9,lithium-ion,2024-02-01,SunPower,active
BATT-006828,CUST-0230537,XFMR-035553,FDR-0101,SUB-023,33.614937,-112.066559,19.9,9.0,LFP,2021-07-01,Tesla,active
BATT-006829,CUST-0230541,XFMR-035553,FDR-0101,SUB-023,33.615328,-112.067302,14.1,5.0,LFP,2023-01-01,SunPower,active
BATT-006830,CUST-0230558,XFMR-035556,FDR-0101,SUB-023,33.614739,-112.067569,16.1,7.8,LFP,2024-11-01,BYD,active
BATT-006831,CUST-0230568,XFMR-035558,FDR-0101,SUB-023,33.615249,-112.067936,450.7,138.5,lithium-ion,2020-02-01,SolarEdge,active
BATT-006832,CUST-0230606,XFMR-035563,FDR-0101,SUB-023,33.614896,-112.068395,20.6,7.6,LFP,2021-08-01,Enphase,active
BATT-006833,CUST-0230612,XFMR-035565,FDR-0101,SUB-023,33.614753,-112.068276,12.3,4.2,NMC,2020-03-01,BYD,active
BATT-006834,CUST-0230656,XFMR-035572,FDR-0101,SUB-023,33.615134,-112.068749,15.6,6.1,lithium-ion,2024-11-01,Generac,active
BATT-006835,CUST-0230692,XFMR-035579,FDR-0101,SUB-023,33.614867,-112.06965,10.1,4.3,lithium-ion,2024-07-01,BYD,active
BATT-006836,CUST-0230701,XFMR-035579,FDR-0101,SUB-023,33.614778,-112.069108,20.1,6.1,NMC,2022-02-01,Tesla,active
BATT-006837,CUST-0230750,XFMR-035587,FDR-0101,SUB-023,33.614888,-112.070631,17.4,5.6,NMC,2020-08-01,Tesla,active
BATT-006838,CUST-0230765,XFMR-035589,FDR-0101,SUB-023,33.615332,-112.070128,10.1,4.2,LFP,2022-05-01,SolarEdge,active
BATT-006839,CUST-0230780,XFMR-035592,FDR-0101,SUB-023,33.615321,-112.07046,14.1,5.6,NMC,2024-02-01,Tesla,active
BATT-006840,CUST-0230802,XFMR-035596,FDR-0101,SUB-023,33.614761,-112.071574,10.9,3.5,lithium-ion,2020-02-01,Enphase,active
BATT-006841,CUST-0230803,XFMR-035596,FDR-0101,SUB-023,33.615187,-112.071066,17.5,7.3,NMC,2023-12-01,Generac,active
BATT-006842,CUST-0230815,XFMR-035598,FDR-0101,SUB-023,33.614718,-112.071427,14.7,4.7,NMC,2022-08-01,Tesla,active
BATT-006843,CUST-0230838,XFMR-035601,FDR-0101,SUB-023,33.615218,-112.071924,13.6,6.6,LFP,2023-08-01,SunPower,active
BATT-006844,CUST-0230881,XFMR-035608,FDR-0101,SUB-023,33.615424,-112.071976,383.5,123.9,NMC,2021-12-01,Tesla,active
BATT-006845,CUST-0230913,XFMR-035613,FDR-0102,SUB-023,33.614706,-112.021265,12.9,4.8,LFP,2022-01-01,Generac,active
BATT-006846,CUST-0231001,XFMR-035626,FDR-0102,SUB-023,33.615132,-112.019112,14.5,4.7,NMC,2020-12-01,Generac,active
BATT-006847,CUST-0231015,XFMR-035627,FDR-0102,SUB-023,33.615301,-112.019073,16.3,5.8,lithium-ion,2022-04-01,SunPower,active
BATT-006848,CUST-0231067,XFMR-035636,FDR-0102,SUB-023,33.615104,-112.017916,18.7,9.0,lithium-ion,2020-03-01,Generac,active
BATT-006849,CUST-0231100,XFMR-035639,FDR-0102,SUB-023,33.614912,-112.017217,140.3,62.1,lithium-ion,2024-10-01,Generac,active
BATT-006850,CUST-0231105,XFMR-035641,FDR-0102,SUB-023,33.615222,-112.017294,9.9,3.2,NMC,2020-09-01,SunPower,active
BATT-006851,CUST-0231144,XFMR-035648,FDR-0102,SUB-023,33.615097,-112.01636,19.6,7.1,lithium-ion,2020-04-01,Generac,active
BATT-006852,CUST-0231174,XFMR-035653,FDR-0102,SUB-023,33.614791,-112.015435,19.6,7.9,LFP,2023-11-01,Generac,active
BATT-006853,CUST-0231226,XFMR-035660,FDR-0102,SUB-023,33.614732,-112.014545,63.4,31.3,LFP,2023-02-01,Generac,active
BATT-006854,CUST-0231270,XFMR-035667,FDR-0102,SUB-023,33.615055,-112.013332,12.5,5.1,LFP,2024-09-01,Tesla,active
BATT-006855,CUST-0231298,XFMR-035674,FDR-0102,SUB-023,33.615097,-112.012236,18.8,6.4,lithium-ion,2021-07-01,SolarEdge,active
BATT-006856,CUST-0231339,XFMR-035679,FDR-0102,SUB-023,33.615339,-112.011605,203.4,92.7,NMC,2020-08-01,SolarEdge,active
BATT-006857,CUST-0231350,XFMR-035683,FDR-0102,SUB-023,33.615266,-112.010596,107.1,43.6,NMC,2023-08-01,Generac,active
BATT-006858,CUST-0231426,XFMR-035695,FDR-0102,SUB-023,33.615069,-112.008841,18.1,7.7,NMC,2021-08-01,SunPower,active
BATT-006859,CUST-0231432,XFMR-035697,FDR-0102,SUB-023,33.614822,-112.008874,16.1,7.7,lithium-ion,2022-05-01,SolarEdge,active
BATT-006860,CUST-0231441,XFMR-035698,FDR-0102,SUB-023,33.614793,-112.008555,10.6,5.2,lithium-ion,2020-09-01,SunPower,active
BATT-006861,CUST-0231463,XFMR-035700,FDR-0102,SUB-023,33.615103,-112.008686,18.3,6.4,lithium-ion,2024-04-01,SolarEdge,active
BATT-006862,CUST-0231473,XFMR-035701,FDR-0102,SUB-023,33.615094,-112.007955,12.3,4.1,lithium-ion,2020-08-01,Enphase,active
BATT-006863,CUST-0231498,XFMR-035706,FDR-0102,SUB-023,33.614607,-112.00703,13.1,6.2,NMC,2020-11-01,SunPower,active
BATT-006864,CUST-0231530,XFMR-035710,FDR-0102,SUB-023,33.615182,-112.006784,18.7,6.0,LFP,2023-07-01,Tesla,active
BATT-006865,CUST-0231595,XFMR-035721,FDR-0102,SUB-023,33.614648,-112.005547,21.6,7.2,NMC,2022-09-01,SunPower,active
BATT-006866,CUST-0231603,XFMR-035723,FDR-0102,SUB-023,33.614779,-112.004641,14.2,6.0,NMC,2020-02-01,Generac,active
BATT-006867,CUST-0231722,XFMR-035739,FDR-0102,SUB-023,33.61515,-112.002784,18.6,8.3,LFP,2021-01-01,Tesla,active
BATT-006868,CUST-0231726,XFMR-035739,FDR-0102,SUB-023,33.615141,-112.002246,20.7,7.1,NMC,2023-10-01,SunPower,active
BATT-006869,CUST-0231734,XFMR-035740,FDR-0102,SUB-023,33.614852,-112.002254,305.7,121.2,LFP,2021-03-01,Generac,active
BATT-006870,CUST-0231738,XFMR-035740,FDR-0102,SUB-023,33.614765,-112.002587,155.8,51.0,NMC,2021-07-01,Enphase,active
BATT-006871,CUST-0231809,XFMR-035749,FDR-0102,SUB-023,33.615447,-112.000726,16.9,5.3,NMC,2023-06-01,BYD,active
BATT-006872,CUST-0231812,XFMR-035749,FDR-0102,SUB-023,33.61494,-112.001394,14.3,5.6,lithium-ion,2022-07-01,SunPower,active
BATT-006873,CUST-0231897,XFMR-035764,FDR-0102,SUB-023,33.615145,-111.999327,10.4,5.0,NMC,2020-06-01,Tesla,active
BATT-006874,CUST-0231929,XFMR-035770,FDR-0102,SUB-023,33.614795,-111.997842,16.0,5.8,NMC,2023-01-01,Tesla,active
BATT-006875,CUST-0231932,XFMR-035770,FDR-0102,SUB-023,33.614734,-111.998128,10.0,5.0,lithium-ion,2022-09-01,Enphase,active
BATT-006876,CUST-0231947,XFMR-035772,FDR-0102,SUB-023,33.614849,-111.997517,15.7,7.5,NMC,2023-12-01,Tesla,active
BATT-006877,CUST-0231969,XFMR-035777,FDR-0102,SUB-023,33.6149,-111.997388,9.3,3.5,NMC,2021-10-01,BYD,active
BATT-006878,CUST-0231979,XFMR-035778,FDR-0102,SUB-023,33.614664,-111.997074,252.6,82.8,lithium-ion,2021-08-01,Generac,active
BATT-006879,CUST-0231981,XFMR-035778,FDR-0102,SUB-023,33.615132,-111.996733,12.8,3.9,LFP,2023-03-01,SolarEdge,active
BATT-006880,CUST-0231991,XFMR-035779,FDR-0102,SUB-023,33.614902,-111.996178,70.9,26.3,LFP,2021-07-01,Generac,active
BATT-006881,CUST-0232000,XFMR-035781,FDR-0102,SUB-023,33.614795,-111.996494,67.0,28.0,LFP,2022-03-01,BYD,active
BATT-006882,CUST-0232001,XFMR-035781,FDR-0102,SUB-023,33.615155,-111.995896,19.0,7.7,lithium-ion,2024-09-01,Generac,active
BATT-006883,CUST-0232011,XFMR-035783,FDR-0102,SUB-023,33.615136,-111.996114,21.0,7.7,LFP,2022-01-01,SunPower,active
BATT-006884,CUST-0232076,XFMR-035791,FDR-0102,SUB-023,33.614746,-111.994588,268.8,100.7,NMC,2021-02-01,Generac,active
BATT-006885,CUST-0232079,XFMR-035791,FDR-0102,SUB-023,33.614905,-111.9953,405.6,124.3,lithium-ion,2022-02-01,Generac,active
BATT-006886,CUST-0232084,XFMR-035792,FDR-0102,SUB-023,33.615386,-111.995142,10.5,4.8,lithium-ion,2024-12-01,Generac,active
BATT-006887,CUST-0232179,XFMR-035810,FDR-0102,SUB-023,33.615198,-111.991725,16.7,8.1,LFP,2020-09-01,SunPower,active
BATT-006888,CUST-0232194,XFMR-035812,FDR-0102,SUB-023,33.6151,-111.99223,9.2,3.2,LFP,2021-12-01,Tesla,active
BATT-006889,CUST-0232195,XFMR-035812,FDR-0102,SUB-023,33.614725,-111.991289,15.6,5.5,LFP,2023-11-01,Enphase,active
BATT-006890,CUST-0232220,XFMR-035818,FDR-0102,SUB-023,33.61529,-111.990524,10.1,3.3,NMC,2020-01-01,Tesla,active
BATT-006891,CUST-0232265,XFMR-035824,FDR-0102,SUB-023,33.61529,-111.990448,20.1,9.9,NMC,2024-07-01,BYD,active
BATT-006892,CUST-0232344,XFMR-035835,FDR-0102,SUB-023,33.615358,-111.988185,203.3,90.4,NMC,2023-03-01,Tesla,active
BATT-006893,CUST-0232386,XFMR-035840,FDR-0102,SUB-023,33.614848,-111.988123,313.1,133.4,NMC,2024-06-01,Generac,active
BATT-006894,CUST-0232406,XFMR-035843,FDR-0102,SUB-023,33.615285,-111.987092,14.1,6.6,lithium-ion,2022-10-01,SunPower,active
BATT-006895,CUST-0232463,XFMR-035852,FDR-0102,SUB-023,33.615185,-111.985506,17.3,8.1,LFP,2024-09-01,BYD,active
BATT-006896,CUST-0232506,XFMR-035856,FDR-0102,SUB-023,33.614763,-111.98531,398.0,173.1,NMC,2020-10-01,SolarEdge,active
BATT-006897,CUST-0232537,XFMR-035861,FDR-0102,SUB-023,33.61519,-111.984448,247.0,96.1,lithium-ion,2022-12-01,Enphase,active
BATT-006898,CUST-0232548,XFMR-035862,FDR-0102,SUB-023,33.614639,-111.984291,18.9,6.8,LFP,2023-11-01,Generac,inactive
BATT-006899,CUST-0232588,XFMR-035868,FDR-0102,SUB-023,33.615255,-111.983732,18.6,6.3,lithium-ion,2024-06-01,Tesla,active
BATT-006900,CUST-0232592,XFMR-035868,FDR-0102,SUB-023,33.614886,-111.983519,15.7,4.7,LFP,2023-05-01,SolarEdge,active
BATT-006901,CUST-0232603,XFMR-035870,FDR-0102,SUB-023,33.614957,-111.982896,13.7,6.7,NMC,2024-05-01,Generac,active
BATT-006902,CUST-0232633,XFMR-035874,FDR-0102,SUB-023,33.614803,-111.982443,12.5,4.7,NMC,2023-11-01,BYD,active
BATT-006903,CUST-0232666,XFMR-035878,FDR-0102,SUB-023,33.614788,-111.98213,9.6,4.4,lithium-ion,2020-06-01,SolarEdge,active
BATT-006904,CUST-0232671,XFMR-035879,FDR-0102,SUB-023,33.614736,-111.981939,16.9,5.7,lithium-ion,2024-01-01,Tesla,inactive
BATT-006905,CUST-0232795,XFMR-035904,FDR-0102,SUB-023,33.615269,-111.978599,95.6,44.2,NMC,2021-05-01,SunPower,active
BATT-006906,CUST-0232821,XFMR-035906,FDR-0102,SUB-023,33.614718,-111.977667,10.4,3.3,LFP,2022-08-01,SunPower,active
BATT-006907,CUST-0232849,XFMR-035910,FDR-0102,SUB-023,33.614974,-111.977307,16.0,7.6,LFP,2021-12-01,Tesla,active
BATT-006908,CUST-0232851,XFMR-035910,FDR-0102,SUB-023,33.615457,-111.976848,20.5,9.5,LFP,2021-01-01,Tesla,active
BATT-006909,CUST-0232922,XFMR-035921,FDR-0102,SUB-023,33.614892,-111.975431,18.4,6.1,LFP,2023-10-01,Tesla,active
BATT-006910,CUST-0233048,XFMR-035944,FDR-0102,SUB-023,33.614661,-111.972306,10.8,4.4,LFP,2020-01-01,Generac,active
BATT-006911,CUST-0233054,XFMR-035945,FDR-0102,SUB-023,33.614899,-111.972132,21.0,7.2,LFP,2022-08-01,SunPower,active
BATT-006912,CUST-0233068,XFMR-035948,FDR-0102,SUB-023,33.615021,-111.971531,9.4,4.7,lithium-ion,2021-05-01,SunPower,active
BATT-006913,CUST-0233088,XFMR-035951,FDR-0102,SUB-023,33.615366,-111.970906,18.3,5.6,NMC,2021-05-01,Enphase,active
BATT-006914,CUST-0233135,XFMR-035957,FDR-0102,SUB-023,33.615081,-111.970633,10.4,3.6,lithium-ion,2024-05-01,SolarEdge,active
BATT-006915,CUST-0233157,XFMR-035959,FDR-0102,SUB-023,33.614748,-111.970279,12.5,4.0,NMC,2020-07-01,Tesla,active
BATT-006916,CUST-0233158,XFMR-035959,FDR-0102,SUB-023,33.614669,-111.969704,12.3,5.9,lithium-ion,2020-10-01,Tesla,active
BATT-006917,CUST-0233224,XFMR-035969,FDR-0102,SUB-023,33.614897,-111.968813,16.6,6.8,NMC,2020-11-01,Generac,active
BATT-006918,CUST-0233366,XFMR-035987,FDR-0102,SUB-023,33.614878,-111.965561,20.8,8.6,LFP,2021-02-01,Tesla,active
BATT-006919,CUST-0233383,XFMR-035991,FDR-0102,SUB-023,33.615269,-111.965665,10.9,4.4,LFP,2022-05-01,Tesla,active
BATT-006920,CUST-0233392,XFMR-035993,FDR-0102,SUB-023,33.615151,-111.965259,18.1,5.8,NMC,2023-09-01,BYD,active
BATT-006921,CUST-0233443,XFMR-036002,FDR-0102,SUB-023,33.615426,-111.963992,9.4,4.4,LFP,2024-07-01,SolarEdge,active
BATT-006922,CUST-0233447,XFMR-036002,FDR-0102,SUB-023,33.615393,-111.964077,10.9,5.0,lithium-ion,2024-03-01,Generac,active
BATT-006923,CUST-0233472,XFMR-036007,FDR-0102,SUB-023,33.614845,-111.962972,95.6,34.6,NMC,2023-12-01,SolarEdge,active
BATT-006924,CUST-0233484,XFMR-036008,FDR-0102,SUB-023,33.615474,-111.962478,15.8,7.3,NMC,2021-06-01,SunPower,active
BATT-006925,CUST-0233494,XFMR-036009,FDR-0102,SUB-023,33.615277,-111.962995,471.9,209.7,NMC,2021-01-01,SolarEdge,active
BATT-006926,CUST-0233536,XFMR-036019,FDR-0102,SUB-023,33.615142,-111.961518,19.7,7.7,LFP,2020-07-01,Generac,active
BATT-006927,CUST-0233555,XFMR-036022,FDR-0102,SUB-023,33.61533,-111.960783,284.2,135.9,NMC,2021-10-01,Enphase,active
BATT-006928,CUST-0233591,XFMR-036028,FDR-0102,SUB-023,33.614759,-111.959662,10.6,4.2,LFP,2022-06-01,Generac,active
BATT-006929,CUST-0233598,XFMR-036029,FDR-0102,SUB-023,33.615041,-111.959499,10.6,3.3,lithium-ion,2022-04-01,SunPower,active
BATT-006930,CUST-0233600,XFMR-036029,FDR-0102,SUB-023,33.615071,-111.959933,13.1,6.0,NMC,2023-08-01,Enphase,active
BATT-006931,CUST-0233652,XFMR-036036,FDR-0102,SUB-023,33.614806,-111.958262,21.9,8.7,LFP,2021-08-01,SolarEdge,active
BATT-006932,CUST-0233697,XFMR-036042,FDR-0102,SUB-023,33.614797,-111.957613,254.9,108.6,LFP,2024-08-01,BYD,active
BATT-006933,CUST-0233740,XFMR-036048,FDR-0102,SUB-023,33.614703,-111.956619,303.1,84.0,lithium-ion,2022-11-01,SolarEdge,active
BATT-006934,CUST-0233763,XFMR-036050,FDR-0102,SUB-023,33.614958,-111.956865,299.8,96.9,NMC,2024-09-01,Enphase,active
BATT-006935,CUST-0233768,XFMR-036050,FDR-0102,SUB-023,33.615289,-111.957036,9.6,4.1,NMC,2021-11-01,SunPower,active
BATT-006936,CUST-0233776,XFMR-036051,FDR-0102,SUB-023,33.614916,-111.956275,21.2,7.3,lithium-ion,2022-04-01,Generac,active
BATT-006937,CUST-0233786,XFMR-036053,FDR-0102,SUB-023,33.614987,-111.955693,12.9,5.2,LFP,2020-01-01,Enphase,active
BATT-006938,CUST-0233823,XFMR-036059,FDR-0102,SUB-023,33.615002,-111.955457,391.8,145.6,NMC,2024-08-01,Enphase,active
BATT-006939,CUST-0233872,XFMR-036068,FDR-0102,SUB-023,33.614719,-111.953558,15.8,7.5,lithium-ion,2024-03-01,BYD,active
BATT-006940,CUST-0233911,XFMR-036072,FDR-0102,SUB-023,33.6153,-111.952994,16.7,7.6,LFP,2021-08-01,SolarEdge,active
BATT-006941,CUST-0233926,XFMR-036075,FDR-0102,SUB-023,33.614867,-111.952491,12.7,5.4,lithium-ion,2021-02-01,Tesla,active
BATT-006942,CUST-0233929,XFMR-036076,FDR-0102,SUB-023,33.614793,-111.952712,9.1,3.4,lithium-ion,2022-10-01,BYD,active
BATT-006943,CUST-0233987,XFMR-036083,FDR-0102,SUB-023,33.614706,-111.9517,14.1,4.7,lithium-ion,2021-09-01,SunPower,active
BATT-006944,CUST-0234021,XFMR-036092,FDR-0102,SUB-023,33.614991,-111.950562,51.2,20.7,NMC,2024-07-01,Tesla,active
BATT-006945,CUST-0234094,XFMR-036102,FDR-0102,SUB-023,33.615181,-111.948529,14.0,5.7,LFP,2023-10-01,Enphase,inactive
BATT-006946,CUST-0234155,XFMR-036111,FDR-0102,SUB-023,33.61469,-111.947267,17.2,7.0,NMC,2020-04-01,SunPower,active
BATT-006947,CUST-0234174,XFMR-036115,FDR-0102,SUB-023,33.615431,-111.94704,17.4,5.6,LFP,2022-03-01,Enphase,active
BATT-006948,CUST-0234295,XFMR-036132,FDR-0102,SUB-023,33.615222,-111.944278,12.4,4.5,NMC,2020-12-01,SunPower,active
BATT-006949,CUST-0234298,XFMR-036134,FDR-0102,SUB-023,33.615232,-111.944139,9.7,3.4,LFP,2020-06-01,Tesla,active
BATT-006950,CUST-0234307,XFMR-036135,FDR-0102,SUB-023,33.61503,-111.943734,13.1,5.2,NMC,2024-11-01,Generac,active
BATT-006951,CUST-0234312,XFMR-036136,FDR-0102,SUB-023,33.614917,-111.94401,21.3,7.6,lithium-ion,2021-03-01,Enphase,active
BATT-006952,CUST-0234333,XFMR-036138,FDR-0102,SUB-023,33.615119,-111.943494,12.2,5.4,LFP,2021-10-01,Generac,active
BATT-006953,CUST-0234334,XFMR-036139,FDR-0102,SUB-023,33.615317,-111.94375,10.2,4.5,lithium-ion,2021-11-01,Generac,active
BATT-006954,CUST-0234337,XFMR-036140,FDR-0102,SUB-023,33.615225,-111.943523,13.9,5.5,lithium-ion,2023-04-01,Generac,active
BATT-006955,CUST-0234386,XFMR-036149,FDR-0102,SUB-023,33.615433,-111.941677,10.2,4.8,NMC,2020-08-01,Enphase,active
BATT-006956,CUST-0234395,XFMR-036150,FDR-0102,SUB-023,33.615181,-111.941391,60.7,17.3,LFP,2020-12-01,BYD,active
BATT-006957,CUST-0234459,XFMR-036158,FDR-0102,SUB-023,33.615244,-111.940412,21.6,8.6,LFP,2022-04-01,Generac,active
BATT-006958,CUST-0234495,XFMR-036165,FDR-0103,SUB-023,33.616841,-112.021969,16.2,6.1,lithium-ion,2023-04-01,BYD,active
BATT-006959,CUST-0234513,XFMR-036166,FDR-0103,SUB-023,33.616961,-112.021488,20.4,8.0,LFP,2020-09-01,Enphase,active
BATT-006960,CUST-0234616,XFMR-036189,FDR-0103,SUB-023,33.625422,-112.022404,20.9,7.1,NMC,2023-03-01,Enphase,active
BATT-006961,CUST-0234674,XFMR-036196,FDR-0103,SUB-023,33.627893,-112.021663,98.0,32.5,NMC,2022-08-01,Tesla,active
BATT-006962,CUST-0234677,XFMR-036197,FDR-0103,SUB-023,33.627627,-112.022246,13.8,6.8,LFP,2024-06-01,Generac,active
BATT-006963,CUST-0234756,XFMR-036210,FDR-0103,SUB-023,33.632553,-112.02216,14.8,5.6,NMC,2021-02-01,BYD,active
BATT-006964,CUST-0234788,XFMR-036214,FDR-0103,SUB-023,33.633537,-112.021682,10.8,3.3,lithium-ion,2022-07-01,Tesla,active
BATT-006965,CUST-0234793,XFMR-036214,FDR-0103,SUB-023,33.633964,-112.021683,10.1,5.0,LFP,2020-09-01,SunPower,active
BATT-006966,CUST-0234806,XFMR-036216,FDR-0103,SUB-023,33.63485,-112.021758,16.1,5.6,lithium-ion,2023-04-01,SunPower,active
BATT-006967,CUST-0234828,XFMR-036218,FDR-0103,SUB-023,33.63523,-112.021806,19.5,9.5,lithium-ion,2021-02-01,Enphase,active
BATT-006968,CUST-0234851,XFMR-036223,FDR-0103,SUB-023,33.636973,-112.021649,15.4,5.3,NMC,2023-07-01,SunPower,active
BATT-006969,CUST-0234877,XFMR-036227,FDR-0103,SUB-023,33.638051,-112.021445,169.4,66.2,lithium-ion,2022-12-01,Enphase,active
BATT-006970,CUST-0234975,XFMR-036242,FDR-0103,SUB-023,33.643394,-112.02211,31.9,13.2,NMC,2023-12-01,Tesla,active
BATT-006971,CUST-0235003,XFMR-036248,FDR-0103,SUB-023,33.646112,-112.021677,14.6,4.6,LFP,2023-03-01,BYD,active
BATT-006972,CUST-0235011,XFMR-036249,FDR-0103,SUB-023,33.64602,-112.022264,392.3,102.4,lithium-ion,2022-11-01,SunPower,active
BATT-006973,CUST-0235026,XFMR-036251,FDR-0103,SUB-023,33.646981,-112.021406,12.9,4.2,lithium-ion,2020-10-01,SunPower,active
BATT-006974,CUST-0235065,XFMR-036256,FDR-0103,SUB-023,33.648993,-112.022065,13.1,5.3,LFP,2024-05-01,SunPower,active
BATT-006975,CUST-0235100,XFMR-036260,FDR-0103,SUB-023,33.650023,-112.021704,56.8,19.4,NMC,2021-11-01,Enphase,active
BATT-006976,CUST-0235110,XFMR-036261,FDR-0103,SUB-023,33.650518,-112.02144,11.5,5.6,NMC,2021-12-01,Generac,active
BATT-006977,CUST-0235112,XFMR-036261,FDR-0103,SUB-023,33.650409,-112.021607,87.3,28.5,LFP,2022-05-01,SunPower,inactive
BATT-006978,CUST-0235125,XFMR-036263,FDR-0103,SUB-023,33.650628,-112.022066,21.3,8.2,lithium-ion,2022-09-01,Enphase,active
BATT-006979,CUST-0235154,XFMR-036269,FDR-0103,SUB-023,33.653373,-112.022055,14.1,7.0,LFP,2022-06-01,Enphase,active
BATT-006980,CUST-0235162,XFMR-036270,FDR-0103,SUB-023,33.65318,-112.02221,14.2,5.8,lithium-ion,2024-09-01,Enphase,active
BATT-006981,CUST-0235174,XFMR-036273,FDR-0103,SUB-023,33.654448,-112.022164,338.1,162.8,lithium-ion,2024-01-01,Generac,active
BATT-006982,CUST-0235252,XFMR-036286,FDR-0103,SUB-023,33.659269,-112.021414,21.8,8.2,lithium-ion,2022-03-01,SunPower,active
BATT-006983,CUST-0235321,XFMR-036296,FDR-0103,SUB-023,33.662691,-112.022238,13.3,5.3,NMC,2022-02-01,BYD,active
BATT-006984,CUST-0235398,XFMR-036305,FDR-0103,SUB-023,33.66561,-112.021716,15.4,6.3,NMC,2020-11-01,SolarEdge,active
BATT-006985,CUST-0235424,XFMR-036309,FDR-0103,SUB-023,33.667534,-112.021551,15.9,7.6,NMC,2023-06-01,Enphase,active
BATT-006986,CUST-0235455,XFMR-036315,FDR-0103,SUB-023,33.669141,-112.022061,14.8,4.5,lithium-ion,2020-08-01,BYD,active
BATT-006987,CUST-0235472,XFMR-036318,FDR-0103,SUB-023,33.67012,-112.021671,71.4,32.6,lithium-ion,2024-09-01,SunPower,active
BATT-006988,CUST-0235475,XFMR-036319,FDR-0103,SUB-023,33.670892,-112.022046,16.4,7.6,lithium-ion,2024-09-01,SolarEdge,active
BATT-006989,CUST-0235524,XFMR-036327,FDR-0103,SUB-023,33.673256,-112.022249,10.7,3.3,lithium-ion,2021-01-01,Tesla,active
BATT-006990,CUST-0235525,XFMR-036327,FDR-0103,SUB-023,33.67367,-112.021637,12.2,5.7,LFP,2020-03-01,Enphase,active
BATT-006991,CUST-0235547,XFMR-036330,FDR-0103,SUB-023,33.674889,-112.022316,10.9,5.2,LFP,2022-07-01,Tesla,active
BATT-006992,CUST-0235569,XFMR-036332,FDR-0103,SUB-023,33.675228,-112.022229,17.4,7.5,NMC,2024-11-01,Enphase,inactive
BATT-006993,CUST-0235584,XFMR-036334,FDR-0103,SUB-023,33.675815,-112.022085,18.6,8.5,LFP,2022-03-01,BYD,active
BATT-006994,CUST-0235641,XFMR-036341,FDR-0103,SUB-023,33.67847,-112.021861,13.8,4.8,NMC,2024-06-01,BYD,active
BATT-006995,CUST-0235655,XFMR-036345,FDR-0103,SUB-023,33.679598,-112.021697,10.2,3.6,lithium-ion,2022-12-01,BYD,active
BATT-006996,CUST-0235682,XFMR-036348,FDR-0103,SUB-023,33.680393,-112.021673,19.1,9.4,lithium-ion,2024-09-01,Tesla,active
BATT-006997,CUST-0235774,XFMR-036365,FDR-0103,SUB-023,33.686487,-112.021591,22.0,9.5,lithium-ion,2021-01-01,Enphase,active
BATT-006998,CUST-0235791,XFMR-036366,FDR-0103,SUB-023,33.687411,-112.021949,9.2,3.1,LFP,2021-08-01,SunPower,active
BATT-006999,CUST-0235807,XFMR-036368,FDR-0103,SUB-023,33.687387,-112.021636,60.0,22.3,lithium-ion,2024-10-01,Enphase,active
BATT-007000,CUST-0235837,XFMR-036374,FDR-0103,SUB-023,33.690033,-112.022118,15.6,6.6,NMC,2021-05-01,SunPower,active
BATT-007001,CUST-0235844,XFMR-036374,FDR-0103,SUB-023,33.690164,-112.021481,10.8,4.5,NMC,2024-12-01,BYD,active
BATT-007002,CUST-0235891,XFMR-036381,FDR-0103,SUB-023,33.692289,-112.022312,15.9,6.1,NMC,2022-07-01,Enphase,active
BATT-007003,CUST-0235914,XFMR-036386,FDR-0103,SUB-023,33.693883,-112.021998,10.2,5.1,lithium-ion,2021-01-01,SunPower,active
BATT-007004,CUST-0235946,XFMR-036391,FDR-0103,SUB-023,33.695577,-112.022058,15.0,6.1,LFP,2020-09-01,BYD,active
BATT-007005,CUST-0236001,XFMR-036401,FDR-0103,SUB-023,33.699472,-112.022162,10.3,3.4,lithium-ion,2022-08-01,BYD,active
BATT-007006,CUST-0236077,XFMR-036409,FDR-0103,SUB-023,33.702305,-112.021647,19.0,7.3,NMC,2024-08-01,Generac,active
BATT-007007,CUST-0236103,XFMR-036411,FDR-0103,SUB-023,33.703114,-112.02197,19.3,6.2,NMC,2022-02-01,Tesla,active
BATT-007008,CUST-0236143,XFMR-036416,FDR-0103,SUB-023,33.704746,-112.022132,19.3,7.0,lithium-ion,2023-09-01,SunPower,active
BATT-007009,CUST-0236165,XFMR-036419,FDR-0104,SUB-023,33.613688,-112.021795,19.3,7.0,NMC,2020-08-01,Generac,active
BATT-007010,CUST-0236222,XFMR-036428,FDR-0104,SUB-023,33.610061,-112.021679,13.5,5.0,NMC,2022-01-01,Generac,active
BATT-007011,CUST-0236230,XFMR-036429,FDR-0104,SUB-023,33.609618,-112.021757,12.8,4.9,LFP,2020-10-01,BYD,active
BATT-007012,CUST-0236264,XFMR-036434,FDR-0104,SUB-023,33.60745,-112.022232,20.1,9.0,NMC,2020-06-01,SunPower,active
BATT-007013,CUST-0236277,XFMR-036435,FDR-0104,SUB-023,33.606808,-112.02193,12.9,5.2,LFP,2021-07-01,SunPower,active
BATT-007014,CUST-0236298,XFMR-036438,FDR-0104,SUB-023,33.605464,-112.022217,12.7,5.8,NMC,2021-03-01,Generac,active
BATT-007015,CUST-0236307,XFMR-036440,FDR-0104,SUB-023,33.604773,-112.022205,10.2,4.6,LFP,2020-02-01,Enphase,active
BATT-007016,CUST-0236336,XFMR-036443,FDR-0104,SUB-023,33.603237,-112.021597,9.9,4.7,LFP,2021-03-01,Generac,active
BATT-007017,CUST-0236351,XFMR-036445,FDR-0104,SUB-023,33.602526,-112.021997,15.7,5.6,NMC,2023-09-01,SolarEdge,active
BATT-007018,CUST-0236404,XFMR-036457,FDR-0104,SUB-023,33.5975,-112.021685,19.6,9.6,lithium-ion,2022-11-01,Tesla,inactive
BATT-007019,CUST-0236570,XFMR-036480,FDR-0104,SUB-023,33.58765,-112.021791,26.0,8.6,LFP,2021-07-01,Tesla,inactive
BATT-007020,CUST-0236600,XFMR-036487,FDR-0104,SUB-023,33.584859,-112.021414,10.4,3.7,LFP,2024-04-01,SolarEdge,active
BATT-007021,CUST-0236675,XFMR-036501,FDR-0104,SUB-023,33.57857,-112.021685,20.4,8.7,LFP,2021-01-01,BYD,active
BATT-007022,CUST-0236698,XFMR-036504,FDR-0104,SUB-023,33.576925,-112.021517,59.3,28.0,lithium-ion,2020-01-01,BYD,active
BATT-007023,CUST-0236709,XFMR-036505,FDR-0104,SUB-023,33.577169,-112.021735,90.3,33.5,NMC,2024-03-01,BYD,active
BATT-007024,CUST-0236776,XFMR-036517,FDR-0104,SUB-023,33.571752,-112.021449,10.4,4.5,LFP,2021-02-01,SunPower,active
BATT-007025,CUST-0236785,XFMR-036518,FDR-0104,SUB-023,33.570986,-112.02186,18.2,6.5,lithium-ion,2020-12-01,Generac,active
BATT-007026,CUST-0236810,XFMR-036521,FDR-0104,SUB-023,33.569842,-112.021563,10.6,3.7,lithium-ion,2022-10-01,Tesla,active
BATT-007027,CUST-0236824,XFMR-036525,FDR-0104,SUB-023,33.568256,-112.022216,21.2,8.3,lithium-ion,2022-04-01,SunPower,active
BATT-007028,CUST-0236834,XFMR-036527,FDR-0104,SUB-023,33.566987,-112.021552,210.1,94.9,LFP,2021-06-01,Enphase,active
BATT-007029,CUST-0236840,XFMR-036530,FDR-0104,SUB-023,33.5659,-112.02221,14.4,5.0,lithium-ion,2024-01-01,BYD,active
BATT-007030,CUST-0236869,XFMR-036533,FDR-0104,SUB-023,33.564998,-112.02148,14.4,6.0,NMC,2022-12-01,Tesla,active
BATT-007031,CUST-0236898,XFMR-036537,FDR-0104,SUB-023,33.562705,-112.022125,15.5,7.0,NMC,2023-07-01,Enphase,active
BATT-007032,CUST-0236905,XFMR-036539,FDR-0104,SUB-023,33.562159,-112.022065,16.6,7.1,LFP,2020-12-01,Generac,active
BATT-007033,CUST-0236923,XFMR-036542,FDR-0104,SUB-023,33.561246,-112.021868,10.8,3.7,lithium-ion,2023-08-01,BYD,active
BATT-007034,CUST-0236940,XFMR-036545,FDR-0104,SUB-023,33.55959,-112.021735,19.6,7.9,NMC,2021-04-01,SunPower,active
BATT-007035,CUST-0237012,XFMR-036558,FDR-0104,SUB-023,33.554142,-112.02189,13.4,4.6,NMC,2022-03-01,SolarEdge,active
BATT-007036,CUST-0237089,XFMR-036567,FDR-0104,SUB-023,33.550441,-112.022014,20.6,6.4,LFP,2022-06-01,BYD,active
BATT-007037,CUST-0237101,XFMR-036568,FDR-0104,SUB-023,33.549843,-112.021366,191.1,83.8,lithium-ion,2022-12-01,SolarEdge,active
BATT-007038,CUST-0237121,XFMR-036571,FDR-0104,SUB-023,33.548412,-112.022313,13.0,4.4,NMC,2023-02-01,SunPower,active
BATT-007039,CUST-0237126,XFMR-036571,FDR-0104,SUB-023,33.548133,-112.02165,14.6,4.8,LFP,2024-11-01,SunPower,active
BATT-007040,CUST-0237210,XFMR-036585,FDR-0104,SUB-023,33.542609,-112.022025,15.0,7.0,NMC,2021-04-01,Tesla,active
BATT-007041,CUST-0237255,XFMR-036593,FDR-0104,SUB-023,33.538657,-112.021856,21.4,7.7,lithium-ion,2024-10-01,SolarEdge,active
BATT-007042,CUST-0237316,XFMR-036606,FDR-0104,SUB-023,33.533437,-112.021731,19.1,8.0,NMC,2023-03-01,Enphase,active
BATT-007043,CUST-0237323,XFMR-036606,FDR-0104,SUB-023,33.533222,-112.02165,10.6,3.4,NMC,2021-07-01,Generac,inactive
BATT-007044,CUST-0237393,XFMR-036616,FDR-0104,SUB-023,33.529054,-112.02158,14.7,4.9,lithium-ion,2020-11-01,SunPower,active
BATT-007045,CUST-0237449,XFMR-036624,FDR-0104,SUB-023,33.525542,-112.022211,12.2,6.0,lithium-ion,2024-08-01,SolarEdge,active
BATT-007046,CUST-0237451,XFMR-036624,FDR-0104,SUB-023,33.525853,-112.022246,20.4,9.0,LFP,2021-01-01,SunPower,active
BATT-007047,CUST-0237466,XFMR-036627,FDR-0104,SUB-023,33.524482,-112.022296,14.6,4.5,NMC,2024-01-01,SolarEdge,active
BATT-007048,CUST-0237592,XFMR-036648,FDR-0104,SUB-023,33.51503,-112.021484,10.1,4.2,LFP,2020-12-01,BYD,active
BATT-007049,CUST-0237601,XFMR-036649,FDR-0104,SUB-023,33.514756,-112.021443,16.9,5.6,lithium-ion,2021-12-01,Tesla,active
BATT-007050,CUST-0237627,XFMR-036654,FDR-0104,SUB-023,33.513202,-112.022146,10.5,4.3,LFP,2022-12-01,Tesla,active
BATT-007051,CUST-0237631,XFMR-036654,FDR-0104,SUB-023,33.512809,-112.022189,14.2,6.2,lithium-ion,2023-04-01,BYD,active
BATT-007052,CUST-0237659,XFMR-036661,FDR-0104,SUB-023,33.510082,-112.022185,15.9,7.5,NMC,2024-09-01,Enphase,active
BATT-007053,CUST-0237663,XFMR-036661,FDR-0104,SUB-023,33.509454,-112.022309,248.5,106.9,NMC,2021-12-01,SunPower,active
BATT-007054,CUST-0237672,XFMR-036662,FDR-0104,SUB-023,33.509428,-112.022054,10.3,4.1,LFP,2022-01-01,Enphase,active
BATT-007055,CUST-0237679,XFMR-036664,FDR-0104,SUB-023,33.508865,-112.022362,486.7,166.1,LFP,2024-05-01,Enphase,active
