outage_id,feeder_id,substation_id,start_time,end_time,duration_hours,cause,customers_affected,equipment_involved,weather_related
OUT-00001,FDR-0001,SUB-001,2020-07-18 18:00,2020-07-18 21:30,3.5,equipment failure,836,transformer,1
OUT-00002,FDR-0001,SUB-001,2020-06-03 14:00,2020-06-03 16:09,2.16,overload,1063,recloser,1
OUT-00003,FDR-0001,SUB-001,2020-09-03 16:00,2020-09-04 04:55,12.93,storm damage,1508,cable,1
OUT-00004,FDR-0001,SUB-001,2020-09-02 17:00,2020-09-02 23:52,6.88,storm damage,1918,overhead line,1
OUT-00005,FDR-0001,SUB-001,2020-11-27 14:00,2020-11-27 17:56,3.94,equipment failure,500,recloser,0
OUT-00006,FDR-0001,SUB-001,2020-02-28 09:00,2020-02-28 09:16,0.28,equipment failure,487,switch,0
OUT-00007,FDR-0002,SUB-001,2020-07-05 14:00,2020-07-05 17:58,3.97,equipment failure,254,fuse,1
OUT-00008,FDR-0002,SUB-001,2020-07-18 16:00,2020-07-18 20:06,4.1,overload,340,overhead line,1
OUT-00009,FDR-0002,SUB-001,2020-08-03 14:00,2020-08-03 22:07,8.12,lightning,806,fuse,1
OUT-00010,FDR-0002,SUB-001,2020-08-04 18:00,2020-08-05 06:00,12.0,tree contact,855,fuse,1
OUT-00011,FDR-0002,SUB-001,2020-01-12 19:00,2020-01-12 20:06,1.11,scheduled maintenance,346,cable,0
OUT-00012,FDR-0003,SUB-001,2020-06-15 13:00,2020-06-15 14:06,1.1,overload,46,recloser,1
OUT-00013,FDR-0003,SUB-001,2020-06-17 14:00,2020-06-17 21:58,7.97,equipment failure,578,cable,1
OUT-00014,FDR-0003,SUB-001,2020-06-20 13:00,2020-06-20 14:13,1.23,equipment failure,1496,transformer,1
OUT-00015,FDR-0003,SUB-001,2020-07-08 18:00,2020-07-09 01:57,7.96,tree contact,908,fuse,1
OUT-00016,FDR-0003,SUB-001,2020-12-20 20:00,2020-12-21 00:45,4.75,storm damage,1007,overhead line,1
OUT-00017,FDR-0003,SUB-001,2020-01-06 06:00,2020-01-06 06:19,0.32,equipment failure,483,overhead line,0
OUT-00018,FDR-0003,SUB-001,2020-02-17 14:00,2020-02-17 16:25,2.42,underground cable fault,126,cable,0
OUT-00019,FDR-0003,SUB-001,2020-05-29 01:00,2020-05-29 03:17,2.29,scheduled maintenance,64,cable,0
OUT-00020,FDR-0004,SUB-002,2020-06-07 15:00,2020-06-07 22:58,7.98,underground cable fault,560,overhead line,1
OUT-00021,FDR-0004,SUB-002,2020-07-29 15:00,2020-07-29 21:13,6.22,overload,1002,cable,1
OUT-00022,FDR-0004,SUB-002,2020-08-03 16:00,2020-08-03 22:01,6.02,tree contact,2140,overhead line,1
OUT-00023,FDR-0004,SUB-002,2020-05-24 05:00,2020-05-24 05:19,0.32,underground cable fault,358,cable,0
OUT-00024,FDR-0005,SUB-002,2020-06-02 17:00,2020-06-02 19:42,2.71,equipment failure,269,fuse,1
OUT-00025,FDR-0005,SUB-002,2020-07-13 17:00,2020-07-13 23:06,6.1,equipment failure,1441,switch,1
OUT-00026,FDR-0005,SUB-002,2020-06-25 15:00,2020-06-25 21:11,6.19,overload,1456,overhead line,1
OUT-00027,FDR-0005,SUB-002,2020-09-03 16:00,2020-09-04 01:33,9.55,lightning,1408,cable,1
OUT-00028,FDR-0005,SUB-002,2020-08-25 17:00,2020-08-25 20:28,3.47,lightning,1244,recloser,1
OUT-00029,FDR-0005,SUB-002,2020-05-30 22:00,2020-05-31 00:45,2.75,underground cable fault,91,recloser,0
OUT-00030,FDR-0005,SUB-002,2020-10-31 14:00,2020-10-31 19:00,5.0,underground cable fault,420,overhead line,0
OUT-00031,FDR-0005,SUB-002,2020-11-04 03:00,2020-11-04 06:59,3.99,animal contact,319,fuse,0
OUT-00032,FDR-0006,SUB-002,2020-09-01 18:00,2020-09-02 01:03,7.06,overload,539,recloser,1
OUT-00033,FDR-0006,SUB-002,2020-06-25 13:00,2020-06-25 15:46,2.78,underground cable fault,561,recloser,1
OUT-00034,FDR-0006,SUB-002,2020-06-20 17:00,2020-06-21 00:16,7.27,underground cable fault,199,transformer,1
OUT-00035,FDR-0006,SUB-002,2020-07-23 16:00,2020-07-23 21:48,5.8,underground cable fault,718,switch,1
OUT-00036,FDR-0006,SUB-002,2020-09-02 18:00,2020-09-02 20:10,2.17,lightning,607,recloser,1
OUT-00037,FDR-0006,SUB-002,2020-12-20 17:00,2020-12-21 09:23,16.39,animal contact,1463,overhead line,1
OUT-00038,FDR-0006,SUB-002,2020-09-02 17:00,2020-09-02 20:04,3.07,lightning,128,switch,1
OUT-00039,FDR-0006,SUB-002,2020-11-05 17:00,2020-11-05 19:15,2.25,underground cable fault,227,recloser,0
OUT-00040,FDR-0006,SUB-002,2020-01-05 10:00,2020-01-05 14:31,4.52,animal contact,339,transformer,0
OUT-00041,FDR-0007,SUB-002,2020-09-14 15:00,2020-09-14 22:37,7.63,overload,477,switch,1
OUT-00042,FDR-0007,SUB-002,2020-07-19 15:00,2020-07-19 23:31,8.53,lightning,518,overhead line,1
OUT-00043,FDR-0007,SUB-002,2020-02-20 10:00,2020-02-20 13:08,3.14,animal contact,309,fuse,0
OUT-00044,FDR-0008,SUB-003,2020-09-08 14:00,2020-09-08 17:59,3.99,equipment failure,118,cable,1
OUT-00045,FDR-0008,SUB-003,2020-08-30 15:00,2020-08-30 22:48,7.81,equipment failure,98,fuse,1
OUT-00046,FDR-0008,SUB-003,2020-07-08 15:00,2020-07-08 21:37,6.62,storm damage,2875,switch,1
OUT-00047,FDR-0008,SUB-003,2020-03-15 12:00,2020-03-15 13:42,1.71,dig-in,63,cable,0
OUT-00048,FDR-0009,SUB-003,2020-08-28 17:00,2020-08-28 20:31,3.53,overload,1191,switch,1
OUT-00049,FDR-0009,SUB-003,2020-07-28 14:00,2020-07-28 21:58,7.98,underground cable fault,487,transformer,1
OUT-00050,FDR-0009,SUB-003,2020-09-07 18:00,2020-09-07 22:53,4.89,overload,349,switch,1
OUT-00051,FDR-0009,SUB-003,2020-02-13 14:00,2020-02-13 16:55,2.93,lightning,2641,recloser,1
OUT-00052,FDR-0009,SUB-003,2020-02-13 16:00,2020-02-14 08:03,16.06,animal contact,855,recloser,1
OUT-00053,FDR-0009,SUB-003,2020-12-10 20:00,2020-12-10 20:19,0.33,scheduled maintenance,490,fuse,0
OUT-00054,FDR-0009,SUB-003,2020-03-02 20:00,2020-03-02 22:59,2.99,scheduled maintenance,89,cable,0
OUT-00055,FDR-0010,SUB-003,2020-06-13 18:00,2020-06-14 00:31,6.52,overload,531,switch,1
OUT-00056,FDR-0010,SUB-003,2020-07-23 17:00,2020-07-24 00:36,7.6,overload,448,overhead line,1
OUT-00057,FDR-0010,SUB-003,2020-09-08 17:00,2020-09-08 18:15,1.26,equipment failure,624,fuse,1
OUT-00058,FDR-0010,SUB-003,2020-07-23 18:00,2020-07-24 08:22,14.37,tree contact,1030,fuse,1
OUT-00059,FDR-0010,SUB-003,2020-08-03 19:00,2020-08-03 22:38,3.64,animal contact,1406,fuse,1
OUT-00060,FDR-0010,SUB-003,2020-02-23 06:00,2020-02-23 08:28,2.47,equipment failure,304,fuse,0
OUT-00061,FDR-0010,SUB-003,2020-11-08 06:00,2020-11-08 06:18,0.31,underground cable fault,303,overhead line,0
OUT-00062,FDR-0011,SUB-004,2020-07-10 18:00,2020-07-10 20:36,2.61,overload,915,transformer,1
OUT-00063,FDR-0011,SUB-004,2020-06-27 13:00,2020-06-27 19:16,6.28,overload,708,cable,1
OUT-00064,FDR-0011,SUB-004,2020-08-29 18:00,2020-08-30 09:00,15.0,tree contact,601,recloser,1
OUT-00065,FDR-0011,SUB-004,2020-07-23 20:00,2020-07-24 12:23,16.39,tree contact,268,switch,1
OUT-00066,FDR-0011,SUB-004,2020-04-02 03:00,2020-04-02 04:02,1.04,vehicle accident,145,switch,0
OUT-00067,FDR-0012,SUB-004,2020-09-28 17:00,2020-09-28 18:43,1.72,overload,767,overhead line,1
OUT-00068,FDR-0012,SUB-004,2020-06-29 18:00,2020-06-29 23:00,5.0,overload,337,fuse,1
OUT-00069,FDR-0012,SUB-004,2020-01-01 20:00,2020-01-01 21:09,1.15,animal contact,295,recloser,1
OUT-00070,FDR-0012,SUB-004,2020-02-05 00:00,2020-02-05 00:28,0.48,dig-in,209,recloser,0
OUT-00071,FDR-0013,SUB-004,2020-09-04 16:00,2020-09-04 18:06,2.1,overload,1125,cable,1
OUT-00072,FDR-0013,SUB-004,2020-06-10 15:00,2020-06-10 20:27,5.46,equipment failure,456,switch,1
OUT-00073,FDR-0013,SUB-004,2020-09-21 15:00,2020-09-21 16:16,1.27,equipment failure,348,switch,1
OUT-00074,FDR-0013,SUB-004,2020-08-04 20:00,2020-08-05 06:07,10.12,storm damage,597,transformer,1
OUT-00075,FDR-0013,SUB-004,2020-07-19 20:00,2020-07-20 07:28,11.48,lightning,1169,cable,1
OUT-00076,FDR-0013,SUB-004,2020-01-17 09:00,2020-01-17 11:27,2.46,vehicle accident,305,fuse,0
OUT-00077,FDR-0013,SUB-004,2020-04-06 22:00,2020-04-06 23:45,1.76,scheduled maintenance,76,overhead line,0
OUT-00078,FDR-0013,SUB-004,2020-05-07 11:00,2020-05-07 15:02,4.04,animal contact,302,overhead line,0
OUT-00079,FDR-0014,SUB-004,2020-09-25 13:00,2020-09-25 15:41,2.69,overload,75,recloser,1
OUT-00080,FDR-0014,SUB-004,2020-07-18 16:00,2020-07-18 22:27,6.46,underground cable fault,61,switch,1
OUT-00081,FDR-0014,SUB-004,2020-06-10 18:00,2020-06-11 01:51,7.86,equipment failure,666,transformer,1
OUT-00082,FDR-0014,SUB-004,2020-08-29 19:00,2020-08-30 01:22,6.37,storm damage,290,fuse,1
OUT-00083,FDR-0014,SUB-004,2020-07-19 14:00,2020-07-20 03:21,13.36,lightning,1065,switch,1
OUT-00084,FDR-0014,SUB-004,2020-03-06 09:00,2020-03-06 12:53,3.89,animal contact,55,recloser,0
OUT-00085,FDR-0014,SUB-004,2020-11-20 15:00,2020-11-20 18:31,3.52,equipment failure,445,switch,0
OUT-00086,FDR-0014,SUB-004,2020-10-17 04:00,2020-10-17 09:55,5.92,scheduled maintenance,218,cable,0
OUT-00087,FDR-0015,SUB-004,2020-06-10 17:00,2020-06-10 22:50,5.84,underground cable fault,322,recloser,1
OUT-00088,FDR-0015,SUB-004,2020-06-29 16:00,2020-06-29 20:19,4.33,equipment failure,634,switch,1
OUT-00089,FDR-0015,SUB-004,2020-12-20 19:00,2020-12-20 23:48,4.81,storm damage,741,cable,1
OUT-00090,FDR-0015,SUB-004,2020-07-19 19:00,2020-07-19 23:51,4.85,storm damage,1311,cable,1
OUT-00091,FDR-0015,SUB-004,2020-10-17 10:00,2020-10-17 13:20,3.34,vehicle accident,467,switch,0
OUT-00092,FDR-0015,SUB-004,2020-02-27 10:00,2020-02-27 15:56,5.94,dig-in,490,switch,0
OUT-00093,FDR-0016,SUB-004,2020-09-21 14:00,2020-09-21 20:00,6.0,equipment failure,216,recloser,1
OUT-00094,FDR-0016,SUB-004,2020-07-12 15:00,2020-07-12 17:16,2.28,overload,321,cable,1
OUT-00095,FDR-0016,SUB-004,2020-06-28 14:00,2020-06-28 20:39,6.66,underground cable fault,387,switch,1
OUT-00096,FDR-0016,SUB-004,2020-02-13 16:00,2020-02-14 07:42,15.7,animal contact,218,switch,1
OUT-00097,FDR-0016,SUB-004,2020-12-20 20:00,2020-12-21 09:25,13.43,animal contact,361,fuse,1
OUT-00098,FDR-0016,SUB-004,2020-03-29 15:00,2020-03-29 20:13,5.22,equipment failure,268,switch,0
OUT-00099,FDR-0016,SUB-004,2020-10-29 10:00,2020-10-29 13:58,3.98,animal contact,204,cable,0
OUT-00100,FDR-0016,SUB-004,2020-11-29 14:00,2020-11-29 16:34,2.58,dig-in,41,cable,0
OUT-00101,FDR-0017,SUB-005,2020-06-01 15:00,2020-06-01 21:27,6.45,overload,659,fuse,1
OUT-00102,FDR-0017,SUB-005,2020-06-13 16:00,2020-06-13 22:46,6.77,overload,374,overhead line,1
OUT-00103,FDR-0017,SUB-005,2020-12-20 20:00,2020-12-21 12:38,16.64,animal contact,842,fuse,1
OUT-00104,FDR-0017,SUB-005,2020-03-25 10:00,2020-03-25 14:07,4.13,animal contact,195,transformer,0
OUT-00105,FDR-0018,SUB-005,2020-06-18 15:00,2020-06-18 20:54,5.9,underground cable fault,147,cable,1
OUT-00106,FDR-0018,SUB-005,2020-07-19 15:00,2020-07-20 01:28,10.48,animal contact,541,cable,1
OUT-00107,FDR-0018,SUB-005,2020-01-17 15:00,2020-01-17 18:58,3.98,underground cable fault,26,fuse,0
OUT-00108,FDR-0019,SUB-005,2020-07-29 16:00,2020-07-29 17:28,1.48,equipment failure,121,recloser,1
OUT-00109,FDR-0019,SUB-005,2020-08-11 16:00,2020-08-11 20:03,4.05,overload,263,recloser,1
OUT-00110,FDR-0019,SUB-005,2020-09-02 14:00,2020-09-03 00:47,10.79,storm damage,1212,transformer,1
OUT-00111,FDR-0019,SUB-005,2020-07-11 14:00,2020-07-12 03:51,13.85,tree contact,1263,switch,1
OUT-00112,FDR-0019,SUB-005,2020-01-17 00:00,2020-01-17 03:35,3.59,scheduled maintenance,341,transformer,0
OUT-00113,FDR-0019,SUB-005,2020-11-26 11:00,2020-11-26 12:22,1.37,vehicle accident,413,recloser,0
OUT-00114,FDR-0020,SUB-005,2020-06-08 18:00,2020-06-08 23:03,5.06,equipment failure,531,transformer,1
OUT-00115,FDR-0020,SUB-005,2020-07-02 17:00,2020-07-02 22:34,5.57,underground cable fault,94,recloser,1
OUT-00116,FDR-0020,SUB-005,2020-07-01 18:00,2020-07-02 00:15,6.25,overload,98,transformer,1
OUT-00117,FDR-0020,SUB-005,2020-07-19 17:00,2020-07-19 19:58,2.97,tree contact,620,transformer,1
OUT-00118,FDR-0020,SUB-005,2020-12-07 20:00,2020-12-08 01:48,5.81,lightning,518,overhead line,1
OUT-00119,FDR-0020,SUB-005,2020-05-19 11:00,2020-05-19 13:58,2.97,underground cable fault,104,fuse,0
OUT-00120,FDR-0020,SUB-005,2020-02-21 20:00,2020-02-21 22:15,2.25,vehicle accident,258,recloser,0
OUT-00121,FDR-0021,SUB-006,2020-09-16 15:00,2020-09-16 18:03,3.06,overload,589,overhead line,1
OUT-00122,FDR-0021,SUB-006,2020-01-01 14:00,2020-01-01 18:21,4.35,tree contact,2487,recloser,1
OUT-00123,FDR-0021,SUB-006,2020-01-04 14:00,2020-01-04 17:58,3.98,scheduled maintenance,182,overhead line,0
OUT-00124,FDR-0022,SUB-006,2020-08-10 16:00,2020-08-10 20:51,4.86,underground cable fault,949,cable,1
OUT-00125,FDR-0022,SUB-006,2020-06-21 14:00,2020-06-21 16:07,2.13,underground cable fault,120,overhead line,1
OUT-00126,FDR-0022,SUB-006,2020-06-25 14:00,2020-06-25 21:12,7.21,equipment failure,1460,fuse,1
OUT-00127,FDR-0022,SUB-006,2020-09-12 14:00,2020-09-13 01:36,11.6,lightning,73,overhead line,1
OUT-00128,FDR-0022,SUB-006,2020-02-01 20:00,2020-02-02 11:24,15.4,animal contact,1668,fuse,1
OUT-00129,FDR-0022,SUB-006,2020-02-27 00:00,2020-02-27 04:13,4.23,dig-in,103,transformer,0
OUT-00130,FDR-0022,SUB-006,2020-11-12 17:00,2020-11-12 22:39,5.65,scheduled maintenance,34,switch,0
OUT-00131,FDR-0022,SUB-006,2020-02-19 12:00,2020-02-19 15:59,3.99,animal contact,282,overhead line,0
OUT-00132,FDR-0023,SUB-006,2020-08-15 17:00,2020-08-15 19:04,2.07,equipment failure,533,transformer,1
OUT-00133,FDR-0023,SUB-006,2020-06-11 18:00,2020-06-11 20:10,2.17,overload,577,fuse,1
OUT-00134,FDR-0023,SUB-006,2020-08-04 19:00,2020-08-04 20:57,1.95,storm damage,478,transformer,1
OUT-00135,FDR-0023,SUB-006,2020-10-27 15:00,2020-10-27 17:43,2.72,underground cable fault,302,switch,0
OUT-00136,FDR-0024,SUB-006,2020-06-07 14:00,2020-06-07 18:00,4.0,overload,1043,cable,1
OUT-00137,FDR-0024,SUB-006,2020-09-26 18:00,2020-09-27 00:50,6.84,underground cable fault,341,switch,1
OUT-00138,FDR-0024,SUB-006,2020-07-19 15:00,2020-07-20 04:14,13.24,storm damage,1251,recloser,1
OUT-00139,FDR-0024,SUB-006,2020-12-26 09:00,2020-12-26 13:20,4.34,dig-in,345,overhead line,0
OUT-00140,FDR-0025,SUB-007,2020-07-06 16:00,2020-07-06 16:58,0.97,underground cable fault,593,switch,1
OUT-00141,FDR-0025,SUB-007,2020-08-20 15:00,2020-08-20 20:32,5.54,equipment failure,372,cable,1
OUT-00142,FDR-0025,SUB-007,2020-12-21 18:00,2020-12-22 09:39,15.65,animal contact,1009,recloser,1
OUT-00143,FDR-0025,SUB-007,2020-02-13 18:00,2020-02-14 01:27,7.46,tree contact,1013,cable,1
OUT-00144,FDR-0025,SUB-007,2020-02-11 20:00,2020-02-11 21:40,1.68,scheduled maintenance,161,fuse,0
OUT-00145,FDR-0025,SUB-007,2020-03-17 05:00,2020-03-17 08:15,3.26,dig-in,347,switch,0
OUT-00146,FDR-0026,SUB-007,2020-07-19 14:00,2020-07-19 15:21,1.36,overload,316,switch,1
OUT-00147,FDR-0026,SUB-007,2020-07-26 16:00,2020-07-26 21:47,5.79,overload,684,transformer,1
OUT-00148,FDR-0026,SUB-007,2020-07-08 20:00,2020-07-09 06:40,10.67,animal contact,2576,recloser,1
OUT-00149,FDR-0026,SUB-007,2020-04-12 04:00,2020-04-12 07:24,3.4,equipment failure,197,fuse,0
OUT-00150,FDR-0027,SUB-007,2020-07-16 13:00,2020-07-16 14:43,1.72,underground cable fault,906,overhead line,1
OUT-00151,FDR-0027,SUB-007,2020-08-20 17:00,2020-08-20 23:42,6.7,underground cable fault,116,switch,1
OUT-00152,FDR-0027,SUB-007,2020-06-26 14:00,2020-06-26 15:57,1.96,underground cable fault,868,recloser,1
OUT-00153,FDR-0027,SUB-007,2020-08-29 17:00,2020-08-29 19:53,2.89,storm damage,727,transformer,1
OUT-00154,FDR-0027,SUB-007,2020-01-01 18:00,2020-01-02 04:47,10.79,tree contact,81,switch,1
OUT-00155,FDR-0027,SUB-007,2020-01-23 13:00,2020-01-23 13:46,0.77,equipment failure,261,recloser,0
OUT-00156,FDR-0027,SUB-007,2020-04-18 22:00,2020-04-19 00:13,2.22,vehicle accident,73,recloser,0
OUT-00157,FDR-0027,SUB-007,2020-12-01 16:00,2020-12-01 20:21,4.35,animal contact,232,switch,0
OUT-00158,FDR-0028,SUB-007,2020-07-31 13:00,2020-07-31 16:28,3.48,overload,488,cable,1
OUT-00159,FDR-0028,SUB-007,2020-08-06 16:00,2020-08-06 21:55,5.93,equipment failure,979,transformer,1
OUT-00160,FDR-0028,SUB-007,2020-06-04 16:00,2020-06-04 19:41,3.69,overload,614,recloser,1
OUT-00161,FDR-0028,SUB-007,2020-08-02 14:00,2020-08-02 21:30,7.5,underground cable fault,963,overhead line,1
OUT-00162,FDR-0028,SUB-007,2020-07-11 16:00,2020-07-12 09:52,17.87,animal contact,412,cable,1
OUT-00163,FDR-0028,SUB-007,2020-02-01 14:00,2020-02-01 20:34,6.57,tree contact,65,overhead line,1
OUT-00164,FDR-0028,SUB-007,2020-12-20 16:00,2020-12-20 17:34,1.57,animal contact,470,switch,1
OUT-00165,FDR-0028,SUB-007,2020-10-17 03:00,2020-10-17 08:39,5.65,equipment failure,246,switch,0
OUT-00166,FDR-0028,SUB-007,2020-02-09 04:00,2020-02-09 06:47,2.79,scheduled maintenance,395,overhead line,0
OUT-00167,FDR-0029,SUB-008,2020-06-29 15:00,2020-06-29 20:45,5.76,underground cable fault,1022,overhead line,1
OUT-00168,FDR-0029,SUB-008,2020-07-06 14:00,2020-07-06 14:39,0.66,equipment failure,1234,cable,1
OUT-00169,FDR-0029,SUB-008,2020-09-30 13:00,2020-09-30 17:40,4.67,underground cable fault,1433,transformer,1
OUT-00170,FDR-0029,SUB-008,2020-08-29 14:00,2020-08-30 02:56,12.94,lightning,252,transformer,1
OUT-00171,FDR-0029,SUB-008,2020-07-19 20:00,2020-07-20 09:52,13.87,lightning,470,overhead line,1
OUT-00172,FDR-0029,SUB-008,2020-11-11 01:00,2020-11-11 06:38,5.64,dig-in,71,overhead line,0
OUT-00173,FDR-0029,SUB-008,2020-12-06 14:00,2020-12-06 17:10,3.18,dig-in,470,fuse,0
OUT-00174,FDR-0029,SUB-008,2020-12-06 13:00,2020-12-06 17:36,4.61,animal contact,243,recloser,0
OUT-00175,FDR-0030,SUB-008,2020-06-09 18:00,2020-06-10 01:55,7.93,overload,309,recloser,1
OUT-00176,FDR-0030,SUB-008,2020-06-19 14:00,2020-06-19 16:24,2.41,overload,350,recloser,1
OUT-00177,FDR-0030,SUB-008,2020-08-09 13:00,2020-08-09 15:25,2.42,underground cable fault,921,recloser,1
OUT-00178,FDR-0030,SUB-008,2020-09-04 13:00,2020-09-04 19:48,6.8,underground cable fault,862,recloser,1
OUT-00179,FDR-0030,SUB-008,2020-12-21 17:00,2020-12-22 02:15,9.25,storm damage,445,fuse,1
OUT-00180,FDR-0030,SUB-008,2020-08-03 19:00,2020-08-03 22:53,3.89,storm damage,397,recloser,1
OUT-00181,FDR-0030,SUB-008,2020-08-03 14:00,2020-08-03 17:37,3.62,lightning,228,cable,1
OUT-00182,FDR-0030,SUB-008,2020-04-19 20:00,2020-04-19 23:44,3.74,scheduled maintenance,162,recloser,0
OUT-00183,FDR-0030,SUB-008,2020-11-25 21:00,2020-11-25 23:30,2.5,underground cable fault,214,switch,0
OUT-00184,FDR-0031,SUB-008,2020-09-08 15:00,2020-09-08 19:30,4.5,underground cable fault,892,transformer,1
OUT-00185,FDR-0031,SUB-008,2020-09-19 17:00,2020-09-19 19:48,2.81,underground cable fault,731,transformer,1
OUT-00186,FDR-0031,SUB-008,2020-09-12 17:00,2020-09-12 22:00,5.0,overload,283,transformer,1
OUT-00187,FDR-0031,SUB-008,2020-09-29 13:00,2020-09-29 15:27,2.45,overload,1227,cable,1
OUT-00188,FDR-0031,SUB-008,2020-08-03 17:00,2020-08-04 09:54,16.91,animal contact,1066,transformer,1
OUT-00189,FDR-0031,SUB-008,2020-12-20 20:00,2020-12-21 05:03,9.06,tree contact,1861,transformer,1
OUT-00190,FDR-0031,SUB-008,2020-02-13 18:00,2020-02-14 05:03,11.05,tree contact,2262,cable,1
OUT-00191,FDR-0031,SUB-008,2020-10-11 22:00,2020-10-11 22:49,0.82,scheduled maintenance,247,cable,0
OUT-00192,FDR-0031,SUB-008,2020-04-22 10:00,2020-04-22 10:36,0.61,vehicle accident,302,overhead line,0
OUT-00193,FDR-0032,SUB-008,2020-08-24 14:00,2020-08-24 20:16,6.28,underground cable fault,183,recloser,1
OUT-00194,FDR-0032,SUB-008,2020-02-13 20:00,2020-02-14 06:25,10.43,storm damage,586,switch,1
OUT-00195,FDR-0032,SUB-008,2020-12-14 17:00,2020-12-14 21:27,4.45,scheduled maintenance,146,transformer,0
OUT-00196,FDR-0033,SUB-008,2020-09-07 16:00,2020-09-07 23:27,7.46,equipment failure,611,overhead line,1
OUT-00197,FDR-0033,SUB-008,2020-09-18 18:00,2020-09-18 21:45,3.75,overload,1115,fuse,1
OUT-00198,FDR-0033,SUB-008,2020-08-25 20:00,2020-08-26 10:43,14.72,storm damage,856,transformer,1
OUT-00199,FDR-0033,SUB-008,2020-05-25 05:00,2020-05-25 08:18,3.3,equipment failure,403,overhead line,0
OUT-00200,FDR-0034,SUB-009,2020-08-22 18:00,2020-08-22 18:57,0.95,overload,1187,overhead line,1
OUT-00201,FDR-0034,SUB-009,2020-08-25 17:00,2020-08-25 22:02,5.04,equipment failure,652,fuse,1
OUT-00202,FDR-0034,SUB-009,2020-07-21 15:00,2020-07-21 22:17,7.29,overload,1189,recloser,1
OUT-00203,FDR-0034,SUB-009,2020-07-19 14:00,2020-07-19 23:36,9.6,lightning,1263,switch,1
OUT-00204,FDR-0034,SUB-009,2020-09-03 19:00,2020-09-03 23:41,4.69,storm damage,537,transformer,1
OUT-00205,FDR-0034,SUB-009,2020-02-04 15:00,2020-02-04 16:28,1.48,dig-in,93,recloser,0
OUT-00206,FDR-0034,SUB-009,2020-12-03 17:00,2020-12-03 17:24,0.4,equipment failure,439,transformer,0
OUT-00207,FDR-0034,SUB-009,2020-05-19 15:00,2020-05-19 20:33,5.55,scheduled maintenance,392,recloser,0
OUT-00208,FDR-0035,SUB-009,2020-08-16 18:00,2020-08-16 23:00,5.0,equipment failure,1090,transformer,1
OUT-00209,FDR-0035,SUB-009,2020-08-08 15:00,2020-08-08 16:07,1.12,overload,796,recloser,1
OUT-00210,FDR-0035,SUB-009,2020-08-25 14:00,2020-08-25 20:11,6.19,overload,1220,cable,1
OUT-00211,FDR-0035,SUB-009,2020-01-01 15:00,2020-01-02 02:44,11.74,tree contact,2415,switch,1
OUT-00212,FDR-0035,SUB-009,2020-12-20 16:00,2020-12-20 20:31,4.53,animal contact,2089,recloser,1
OUT-00213,FDR-0035,SUB-009,2020-11-25 11:00,2020-11-25 13:07,2.12,animal contact,226,switch,0
OUT-00214,FDR-0035,SUB-009,2020-01-21 17:00,2020-01-21 21:40,4.67,equipment failure,330,recloser,0
OUT-00215,FDR-0036,SUB-009,2020-09-30 14:00,2020-09-30 15:13,1.22,overload,886,fuse,1
OUT-00216,FDR-0036,SUB-009,2020-08-08 18:00,2020-08-09 00:19,6.33,underground cable fault,745,overhead line,1
OUT-00217,FDR-0036,SUB-009,2020-08-03 15:00,2020-08-03 17:24,2.41,storm damage,114,recloser,1
OUT-00218,FDR-0036,SUB-009,2020-10-13 20:00,2020-10-14 01:30,5.51,animal contact,361,overhead line,0
OUT-00219,FDR-0037,SUB-010,2020-08-23 18:00,2020-08-23 20:59,2.99,underground cable fault,103,cable,1
OUT-00220,FDR-0037,SUB-010,2020-07-05 17:00,2020-07-05 19:42,2.7,equipment failure,403,fuse,1
OUT-00221,FDR-0037,SUB-010,2020-02-18 18:00,2020-02-19 04:33,10.55,lightning,2267,transformer,1
OUT-00222,FDR-0037,SUB-010,2020-07-11 14:00,2020-07-11 16:39,2.65,lightning,1394,transformer,1
OUT-00223,FDR-0037,SUB-010,2020-10-05 10:00,2020-10-05 12:27,2.45,vehicle accident,176,cable,0
OUT-00224,FDR-0037,SUB-010,2020-02-04 16:00,2020-02-04 19:45,3.75,vehicle accident,271,fuse,0
OUT-00225,FDR-0038,SUB-010,2020-08-20 13:00,2020-08-20 14:05,1.09,underground cable fault,483,fuse,1
OUT-00226,FDR-0038,SUB-010,2020-06-19 18:00,2020-06-20 01:45,7.75,underground cable fault,83,cable,1
OUT-00227,FDR-0038,SUB-010,2020-07-27 18:00,2020-07-27 23:06,5.1,equipment failure,1079,switch,1
OUT-00228,FDR-0038,SUB-010,2020-06-20 18:00,2020-06-20 23:04,5.08,underground cable fault,1122,overhead line,1
OUT-00229,FDR-0038,SUB-010,2020-08-04 19:00,2020-08-04 22:28,3.47,lightning,1248,switch,1
OUT-00230,FDR-0038,SUB-010,2020-09-12 15:00,2020-09-12 22:06,7.1,animal contact,1426,cable,1
OUT-00231,FDR-0038,SUB-010,2020-07-08 19:00,2020-07-09 03:31,8.53,storm damage,1522,transformer,1
OUT-00232,FDR-0038,SUB-010,2020-01-03 22:00,2020-01-03 22:43,0.73,dig-in,86,cable,0
OUT-00233,FDR-0038,SUB-010,2020-04-29 23:00,2020-04-30 04:24,5.41,underground cable fault,94,transformer,0
OUT-00234,FDR-0039,SUB-010,2020-09-22 15:00,2020-09-22 21:24,6.41,equipment failure,27,transformer,1
OUT-00235,FDR-0039,SUB-010,2020-12-07 18:00,2020-12-08 08:57,14.95,storm damage,140,cable,1
OUT-00236,FDR-0039,SUB-010,2020-11-29 08:00,2020-11-29 08:39,0.65,equipment failure,274,switch,0
OUT-00237,FDR-0040,SUB-010,2020-06-30 17:00,2020-06-30 22:51,5.86,overload,788,overhead line,1
OUT-00238,FDR-0040,SUB-010,2020-09-18 18:00,2020-09-18 23:22,5.37,overload,1053,cable,1
OUT-00239,FDR-0040,SUB-010,2020-08-03 18:00,2020-08-04 06:57,12.95,lightning,2450,cable,1
OUT-00240,FDR-0040,SUB-010,2020-12-20 18:00,2020-12-20 19:40,1.67,tree contact,2780,cable,1
OUT-00241,FDR-0040,SUB-010,2020-05-28 04:00,2020-05-28 08:31,4.52,scheduled maintenance,118,fuse,0
OUT-00242,FDR-0040,SUB-010,2020-05-22 17:00,2020-05-22 20:59,3.99,scheduled maintenance,41,cable,0
OUT-00243,FDR-0041,SUB-010,2020-07-18 16:00,2020-07-18 21:43,5.73,underground cable fault,549,switch,1
OUT-00244,FDR-0041,SUB-010,2020-08-22 13:00,2020-08-22 16:03,3.05,overload,65,fuse,1
OUT-00245,FDR-0041,SUB-010,2020-09-02 20:00,2020-09-03 11:17,15.29,lightning,1119,cable,1
OUT-00246,FDR-0041,SUB-010,2020-11-07 14:00,2020-11-07 18:36,4.6,animal contact,60,overhead line,0
OUT-00247,FDR-0042,SUB-010,2020-06-17 18:00,2020-06-17 20:16,2.28,equipment failure,525,fuse,1
OUT-00248,FDR-0042,SUB-010,2020-08-28 17:00,2020-08-28 18:30,1.51,overload,391,switch,1
OUT-00249,FDR-0042,SUB-010,2020-07-08 15:00,2020-07-09 06:46,15.77,tree contact,2721,transformer,1
OUT-00250,FDR-0042,SUB-010,2020-08-04 17:00,2020-08-04 20:53,3.89,storm damage,1076,recloser,1
OUT-00251,FDR-0042,SUB-010,2020-10-22 05:00,2020-10-22 08:46,3.78,scheduled maintenance,429,fuse,0
OUT-00252,FDR-0042,SUB-010,2020-05-23 15:00,2020-05-23 18:46,3.77,underground cable fault,74,overhead line,0
OUT-00253,FDR-0043,SUB-011,2020-08-31 18:00,2020-09-01 00:49,6.82,underground cable fault,77,fuse,1
OUT-00254,FDR-0043,SUB-011,2020-07-08 14:00,2020-07-09 03:25,13.43,tree contact,1048,transformer,1
OUT-00255,FDR-0043,SUB-011,2020-01-03 16:00,2020-01-03 18:45,2.76,animal contact,151,transformer,0
OUT-00256,FDR-0044,SUB-011,2020-07-21 14:00,2020-07-21 18:20,4.34,underground cable fault,317,overhead line,1
OUT-00257,FDR-0044,SUB-011,2020-07-30 14:00,2020-07-30 20:45,6.75,overload,1012,switch,1
OUT-00258,FDR-0044,SUB-011,2020-12-07 20:00,2020-12-08 11:23,15.39,lightning,114,overhead line,1
OUT-00259,FDR-0044,SUB-011,2020-09-02 15:00,2020-09-03 00:06,9.1,tree contact,1048,cable,1
OUT-00260,FDR-0044,SUB-011,2020-04-20 12:00,2020-04-20 14:31,2.52,underground cable fault,430,transformer,0
OUT-00261,FDR-0044,SUB-011,2020-12-17 01:00,2020-12-17 01:26,0.44,dig-in,123,overhead line,0
OUT-00262,FDR-0045,SUB-011,2020-09-04 14:00,2020-09-04 16:06,2.1,overload,1229,cable,1
OUT-00263,FDR-0045,SUB-011,2020-07-22 14:00,2020-07-22 20:56,6.94,underground cable fault,866,transformer,1
OUT-00264,FDR-0045,SUB-011,2020-12-20 16:00,2020-12-21 07:19,15.33,lightning,1185,fuse,1
OUT-00265,FDR-0045,SUB-011,2020-11-15 09:00,2020-11-15 10:02,1.04,dig-in,419,overhead line,0
OUT-00266,FDR-0046,SUB-011,2020-08-11 17:00,2020-08-12 00:24,7.4,underground cable fault,455,recloser,1
OUT-00267,FDR-0046,SUB-011,2020-07-25 14:00,2020-07-25 15:00,1.01,overload,618,recloser,1
OUT-00268,FDR-0046,SUB-011,2020-09-26 17:00,2020-09-26 19:09,2.16,equipment failure,443,fuse,1
OUT-00269,FDR-0046,SUB-011,2020-01-01 20:00,2020-01-02 06:05,10.09,tree contact,461,transformer,1
OUT-00270,FDR-0046,SUB-011,2020-07-11 14:00,2020-07-12 00:34,10.58,animal contact,104,fuse,1
OUT-00271,FDR-0046,SUB-011,2020-04-11 07:00,2020-04-11 10:45,3.75,equipment failure,459,overhead line,0
OUT-00272,FDR-0046,SUB-011,2020-04-11 08:00,2020-04-11 11:56,3.94,dig-in,301,recloser,0
OUT-00273,FDR-0046,SUB-011,2020-04-08 02:00,2020-04-08 05:25,3.42,scheduled maintenance,205,fuse,0
OUT-00274,FDR-0047,SUB-011,2020-09-21 18:00,2020-09-21 21:00,3.0,overload,43,fuse,1
OUT-00275,FDR-0047,SUB-011,2020-09-25 18:00,2020-09-26 01:30,7.51,equipment failure,644,overhead line,1
OUT-00276,FDR-0047,SUB-011,2020-06-01 18:00,2020-06-01 22:04,4.07,equipment failure,615,fuse,1
OUT-00277,FDR-0047,SUB-011,2020-08-29 16:00,2020-08-29 22:36,6.61,animal contact,522,overhead line,1
OUT-00278,FDR-0047,SUB-011,2020-02-13 17:00,2020-02-14 04:40,11.68,animal contact,149,switch,1
OUT-00279,FDR-0047,SUB-011,2020-02-24 19:00,2020-02-24 23:33,4.55,underground cable fault,122,switch,0
OUT-00280,FDR-0047,SUB-011,2020-02-05 19:00,2020-02-05 23:00,4.0,underground cable fault,7,switch,0
OUT-00281,FDR-0048,SUB-011,2020-08-16 17:00,2020-08-16 20:42,3.7,underground cable fault,1079,transformer,1
OUT-00282,FDR-0048,SUB-011,2020-09-01 14:00,2020-09-01 16:55,2.93,underground cable fault,407,fuse,1
OUT-00283,FDR-0048,SUB-011,2020-09-02 19:00,2020-09-03 10:25,15.43,lightning,1635,fuse,1
OUT-00284,FDR-0048,SUB-011,2020-10-20 09:00,2020-10-20 10:01,1.03,dig-in,384,fuse,0
OUT-00285,FDR-0049,SUB-012,2020-07-09 15:00,2020-07-09 18:24,3.4,underground cable fault,1435,fuse,1
OUT-00286,FDR-0049,SUB-012,2020-06-26 18:00,2020-06-26 23:18,5.3,overload,618,recloser,1
OUT-00287,FDR-0049,SUB-012,2020-02-01 18:00,2020-02-02 06:21,12.36,tree contact,1335,recloser,1
OUT-00288,FDR-0049,SUB-012,2020-07-19 16:00,2020-07-19 17:14,1.24,animal contact,824,overhead line,1
OUT-00289,FDR-0049,SUB-012,2020-03-12 09:00,2020-03-12 13:07,4.12,scheduled maintenance,16,switch,0
OUT-00290,FDR-0049,SUB-012,2020-04-19 11:00,2020-04-19 16:24,5.41,animal contact,300,overhead line,0
OUT-00291,FDR-0050,SUB-012,2020-08-02 15:00,2020-08-02 20:57,5.96,overload,184,cable,1
OUT-00292,FDR-0050,SUB-012,2020-08-01 14:00,2020-08-01 17:29,3.49,overload,1425,transformer,1
OUT-00293,FDR-0050,SUB-012,2020-09-02 15:00,2020-09-02 18:42,3.7,overload,230,switch,1
OUT-00294,FDR-0050,SUB-012,2020-01-01 16:00,2020-01-02 04:40,12.68,tree contact,1328,overhead line,1
OUT-00295,FDR-0050,SUB-012,2020-08-29 18:00,2020-08-29 22:19,4.33,storm damage,217,fuse,1
OUT-00296,FDR-0050,SUB-012,2020-04-19 20:00,2020-04-20 01:42,5.71,dig-in,391,transformer,0
OUT-00297,FDR-0050,SUB-012,2020-10-16 17:00,2020-10-16 20:19,3.32,underground cable fault,222,overhead line,0
OUT-00298,FDR-0050,SUB-012,2020-02-02 13:00,2020-02-02 14:13,1.22,dig-in,87,fuse,0
OUT-00299,FDR-0051,SUB-012,2020-09-17 14:00,2020-09-17 16:28,2.47,underground cable fault,569,fuse,1
OUT-00300,FDR-0051,SUB-012,2020-06-14 13:00,2020-06-14 17:12,4.21,equipment failure,1386,recloser,1
OUT-00301,FDR-0051,SUB-012,2020-08-04 17:00,2020-08-05 04:09,11.16,lightning,162,fuse,1
OUT-00302,FDR-0051,SUB-012,2020-01-01 15:00,2020-01-01 16:55,1.92,tree contact,1634,overhead line,1
OUT-00303,FDR-0051,SUB-012,2020-01-30 15:00,2020-01-30 17:01,2.02,dig-in,223,recloser,0
OUT-00304,FDR-0052,SUB-012,2020-06-07 14:00,2020-06-07 20:33,6.55,underground cable fault,506,overhead line,1
OUT-00305,FDR-0052,SUB-012,2020-08-07 15:00,2020-08-07 21:39,6.65,equipment failure,416,switch,1
OUT-00306,FDR-0052,SUB-012,2020-09-12 15:00,2020-09-13 06:51,15.86,tree contact,50,switch,1
OUT-00307,FDR-0052,SUB-012,2020-08-29 17:00,2020-08-30 10:02,17.04,lightning,619,switch,1
OUT-00308,FDR-0052,SUB-012,2020-11-01 06:00,2020-11-01 11:28,5.48,equipment failure,494,switch,0
OUT-00309,FDR-0053,SUB-012,2020-08-05 18:00,2020-08-05 22:43,4.72,overload,605,overhead line,1
OUT-00310,FDR-0053,SUB-012,2020-07-29 17:00,2020-07-29 20:48,3.8,underground cable fault,1475,transformer,1
OUT-00311,FDR-0053,SUB-012,2020-07-14 15:00,2020-07-14 16:05,1.09,equipment failure,476,cable,1
OUT-00312,FDR-0053,SUB-012,2020-07-11 18:00,2020-07-11 22:55,4.92,lightning,1088,recloser,1
OUT-00313,FDR-0053,SUB-012,2020-07-11 17:00,2020-07-12 07:06,14.11,animal contact,50,fuse,1
OUT-00314,FDR-0053,SUB-012,2020-05-30 05:00,2020-05-30 07:49,2.83,animal contact,267,recloser,0
OUT-00315,FDR-0053,SUB-012,2020-03-21 12:00,2020-03-21 13:42,1.7,dig-in,285,cable,0
OUT-00316,FDR-0053,SUB-012,2020-10-26 09:00,2020-10-26 12:00,3.0,underground cable fault,375,recloser,0
OUT-00317,FDR-0054,SUB-013,2020-07-19 13:00,2020-07-19 20:09,7.15,equipment failure,310,cable,1
OUT-00318,FDR-0054,SUB-013,2020-07-24 17:00,2020-07-24 23:10,6.17,equipment failure,77,fuse,1
OUT-00319,FDR-0054,SUB-013,2020-06-08 14:00,2020-06-08 19:10,5.18,equipment failure,98,recloser,1
OUT-00320,FDR-0054,SUB-013,2020-09-02 20:00,2020-09-03 01:12,5.21,storm damage,654,cable,1
OUT-00321,FDR-0054,SUB-013,2020-01-01 15:00,2020-01-01 21:53,6.89,storm damage,661,overhead line,1
OUT-00322,FDR-0054,SUB-013,2020-03-21 20:00,2020-03-21 22:56,2.94,animal contact,342,cable,0
OUT-00323,FDR-0054,SUB-013,2020-03-03 10:00,2020-03-03 10:34,0.57,dig-in,224,fuse,0
OUT-00324,FDR-0054,SUB-013,2020-01-27 22:00,2020-01-28 02:24,4.41,animal contact,429,transformer,0
OUT-00325,FDR-0055,SUB-013,2020-09-25 17:00,2020-09-25 21:31,4.52,equipment failure,675,switch,1
OUT-00326,FDR-0055,SUB-013,2020-06-15 16:00,2020-06-15 21:41,5.69,equipment failure,1480,fuse,1
OUT-00327,FDR-0055,SUB-013,2020-06-05 18:00,2020-06-06 00:43,6.72,equipment failure,1063,cable,1
OUT-00328,FDR-0055,SUB-013,2020-09-03 18:00,2020-09-03 21:06,3.1,lightning,1282,fuse,1
OUT-00329,FDR-0055,SUB-013,2020-07-23 19:00,2020-07-24 07:33,12.55,tree contact,1223,overhead line,1
OUT-00330,FDR-0055,SUB-013,2020-10-11 08:00,2020-10-11 11:58,3.98,vehicle accident,381,switch,0
OUT-00331,FDR-0055,SUB-013,2020-10-31 05:00,2020-10-31 10:43,5.73,dig-in,51,fuse,0
OUT-00332,FDR-0055,SUB-013,2020-04-21 23:00,2020-04-21 23:39,0.66,dig-in,99,switch,0
OUT-00333,FDR-0056,SUB-013,2020-08-29 14:00,2020-08-29 17:15,3.25,underground cable fault,685,cable,1
OUT-00334,FDR-0056,SUB-013,2020-06-15 16:00,2020-06-15 21:32,5.54,underground cable fault,532,switch,1
OUT-00335,FDR-0056,SUB-013,2020-02-13 16:00,2020-02-14 04:40,12.68,tree contact,545,fuse,1
OUT-00336,FDR-0056,SUB-013,2020-09-03 18:00,2020-09-04 06:44,12.74,storm damage,1013,fuse,1
OUT-00337,FDR-0056,SUB-013,2020-05-26 04:00,2020-05-26 09:28,5.48,animal contact,328,transformer,0
OUT-00338,FDR-0057,SUB-013,2020-09-13 18:00,2020-09-14 00:44,6.74,underground cable fault,1134,recloser,1
OUT-00339,FDR-0057,SUB-013,2020-08-03 14:00,2020-08-03 16:22,2.37,underground cable fault,884,cable,1
OUT-00340,FDR-0057,SUB-013,2020-09-24 18:00,2020-09-24 22:08,4.14,overload,1474,cable,1
OUT-00341,FDR-0057,SUB-013,2020-08-04 14:00,2020-08-04 18:31,4.52,animal contact,343,switch,1
OUT-00342,FDR-0057,SUB-013,2020-09-03 14:00,2020-09-03 22:10,8.17,lightning,295,overhead line,1
OUT-00343,FDR-0057,SUB-013,2020-10-17 18:00,2020-10-17 22:57,4.95,animal contact,178,recloser,0
OUT-00344,FDR-0057,SUB-013,2020-03-16 22:00,2020-03-17 02:28,4.47,equipment failure,95,transformer,0
OUT-00345,FDR-0058,SUB-013,2020-06-28 13:00,2020-06-28 19:58,6.97,overload,777,fuse,1
OUT-00346,FDR-0058,SUB-013,2020-06-14 17:00,2020-06-14 18:17,1.29,underground cable fault,1106,transformer,1
OUT-00347,FDR-0058,SUB-013,2020-08-29 18:00,2020-08-30 00:58,6.97,overload,1015,cable,1
OUT-00348,FDR-0058,SUB-013,2020-09-02 19:00,2020-09-03 04:06,9.1,animal contact,2153,transformer,1
OUT-00349,FDR-0058,SUB-013,2020-07-08 14:00,2020-07-09 00:15,10.25,animal contact,562,recloser,1
OUT-00350,FDR-0058,SUB-013,2020-12-03 17:00,2020-12-03 18:23,1.39,vehicle accident,335,fuse,0
OUT-00351,FDR-0058,SUB-013,2020-01-04 20:00,2020-01-05 01:18,5.3,scheduled maintenance,97,transformer,0
OUT-00352,FDR-0059,SUB-013,2020-09-05 16:00,2020-09-05 19:39,3.66,underground cable fault,51,fuse,1
OUT-00353,FDR-0059,SUB-013,2020-08-28 16:00,2020-08-28 17:14,1.24,overload,966,switch,1
OUT-00354,FDR-0059,SUB-013,2020-09-04 14:00,2020-09-04 16:19,2.33,underground cable fault,522,cable,1
OUT-00355,FDR-0059,SUB-013,2020-08-03 14:00,2020-08-03 23:51,9.85,lightning,2012,recloser,1
OUT-00356,FDR-0059,SUB-013,2020-02-01 19:00,2020-02-01 21:31,2.52,storm damage,1522,switch,1
OUT-00357,FDR-0059,SUB-013,2020-12-12 12:00,2020-12-12 16:10,4.17,vehicle accident,455,switch,0
OUT-00358,FDR-0059,SUB-013,2020-02-11 23:00,2020-02-12 03:24,4.41,animal contact,287,switch,0
OUT-00359,FDR-0059,SUB-013,2020-05-05 07:00,2020-05-05 08:50,1.84,animal contact,282,switch,0
OUT-00360,FDR-0060,SUB-014,2020-09-06 15:00,2020-09-06 22:45,7.76,equipment failure,768,cable,1
OUT-00361,FDR-0060,SUB-014,2020-06-06 13:00,2020-06-06 15:26,2.44,overload,784,cable,1
OUT-00362,FDR-0060,SUB-014,2020-09-18 17:00,2020-09-18 21:30,4.5,overload,1404,fuse,1
OUT-00363,FDR-0060,SUB-014,2020-02-13 20:00,2020-02-14 01:10,5.17,lightning,1877,overhead line,1
OUT-00364,FDR-0060,SUB-014,2020-01-01 14:00,2020-01-02 03:39,13.65,lightning,2230,fuse,1
OUT-00365,FDR-0060,SUB-014,2020-04-26 12:00,2020-04-26 14:54,2.91,dig-in,152,switch,0
OUT-00366,FDR-0060,SUB-014,2020-05-19 15:00,2020-05-19 19:53,4.89,animal contact,205,fuse,0
OUT-00367,FDR-0061,SUB-014,2020-09-29 13:00,2020-09-29 16:03,3.06,underground cable fault,429,switch,1
OUT-00368,FDR-0061,SUB-014,2020-09-01 16:00,2020-09-01 22:29,6.49,equipment failure,84,fuse,1
OUT-00369,FDR-0061,SUB-014,2020-06-27 13:00,2020-06-27 19:55,6.92,underground cable fault,674,recloser,1
OUT-00370,FDR-0061,SUB-014,2020-07-19 14:00,2020-07-20 00:20,10.34,animal contact,197,switch,1
OUT-00371,FDR-0061,SUB-014,2020-08-03 16:00,2020-08-04 05:56,13.94,storm damage,355,switch,1
OUT-00372,FDR-0061,SUB-014,2020-05-15 20:00,2020-05-15 20:54,0.9,equipment failure,243,cable,0
OUT-00373,FDR-0061,SUB-014,2020-05-28 09:00,2020-05-28 12:49,3.83,underground cable fault,3,cable,0
OUT-00374,FDR-0061,SUB-014,2020-10-24 13:00,2020-10-24 15:46,2.78,scheduled maintenance,293,switch,0
OUT-00375,FDR-0062,SUB-014,2020-08-19 16:00,2020-08-19 16:48,0.8,underground cable fault,1263,recloser,1
OUT-00376,FDR-0062,SUB-014,2020-07-30 18:00,2020-07-31 01:03,7.06,overload,240,fuse,1
OUT-00377,FDR-0062,SUB-014,2020-01-01 16:00,2020-01-02 09:20,17.34,tree contact,989,fuse,1
OUT-00378,FDR-0062,SUB-014,2020-12-14 08:00,2020-12-14 12:16,4.28,vehicle accident,178,fuse,0
OUT-00379,FDR-0063,SUB-014,2020-06-25 18:00,2020-06-26 00:23,6.39,overload,587,fuse,1
OUT-00380,FDR-0063,SUB-014,2020-06-21 16:00,2020-06-21 22:33,6.55,underground cable fault,436,overhead line,1
OUT-00381,FDR-0063,SUB-014,2020-08-04 17:00,2020-08-04 18:51,1.85,tree contact,575,switch,1
OUT-00382,FDR-0063,SUB-014,2020-02-01 20:00,2020-02-02 08:25,12.42,lightning,801,overhead line,1
OUT-00383,FDR-0063,SUB-014,2020-03-13 18:00,2020-03-13 18:59,0.99,scheduled maintenance,102,fuse,0
OUT-00384,FDR-0064,SUB-014,2020-07-09 15:00,2020-07-09 22:25,7.43,overload,159,transformer,1
OUT-00385,FDR-0064,SUB-014,2020-08-20 18:00,2020-08-21 00:40,6.67,equipment failure,189,overhead line,1
OUT-00386,FDR-0064,SUB-014,2020-02-18 15:00,2020-02-18 23:02,8.04,lightning,79,fuse,1
OUT-00387,FDR-0064,SUB-014,2020-09-11 21:00,2020-09-12 02:32,5.54,scheduled maintenance,457,recloser,0
OUT-00388,FDR-0065,SUB-014,2020-09-09 16:00,2020-09-09 18:47,2.79,underground cable fault,547,recloser,1
OUT-00389,FDR-0065,SUB-014,2020-08-03 14:00,2020-08-03 19:13,5.23,equipment failure,113,recloser,1
OUT-00390,FDR-0065,SUB-014,2020-09-04 16:00,2020-09-04 21:34,5.57,equipment failure,547,switch,1
OUT-00391,FDR-0065,SUB-014,2020-09-02 16:00,2020-09-03 09:48,17.8,tree contact,2796,transformer,1
OUT-00392,FDR-0065,SUB-014,2020-08-04 16:00,2020-08-05 09:44,17.74,storm damage,1026,transformer,1
OUT-00393,FDR-0065,SUB-014,2020-01-17 11:00,2020-01-17 11:57,0.96,animal contact,74,fuse,0
OUT-00394,FDR-0065,SUB-014,2020-04-30 22:00,2020-05-01 01:55,3.93,animal contact,193,cable,0
OUT-00395,FDR-0065,SUB-014,2020-01-09 06:00,2020-01-09 09:24,3.4,underground cable fault,105,recloser,0
OUT-00396,FDR-0066,SUB-015,2020-09-05 15:00,2020-09-05 18:22,3.37,equipment failure,811,transformer,1
OUT-00397,FDR-0066,SUB-015,2020-06-08 16:00,2020-06-08 22:22,6.37,equipment failure,517,transformer,1
OUT-00398,FDR-0066,SUB-015,2020-06-30 18:00,2020-06-30 21:21,3.36,underground cable fault,1482,recloser,1
OUT-00399,FDR-0066,SUB-015,2020-06-16 14:00,2020-06-16 14:33,0.56,equipment failure,949,overhead line,1
OUT-00400,FDR-0066,SUB-015,2020-01-01 16:00,2020-01-02 03:33,11.55,animal contact,2242,switch,1
OUT-00401,FDR-0066,SUB-015,2020-09-02 18:00,2020-09-03 02:48,8.81,tree contact,636,fuse,1
OUT-00402,FDR-0066,SUB-015,2020-12-20 17:00,2020-12-20 18:34,1.58,tree contact,1127,recloser,1
OUT-00403,FDR-0066,SUB-015,2020-03-06 18:00,2020-03-06 21:23,3.39,underground cable fault,140,cable,0
OUT-00404,FDR-0066,SUB-015,2020-05-07 19:00,2020-05-07 23:24,4.41,animal contact,274,transformer,0
OUT-00405,FDR-0067,SUB-015,2020-07-31 16:00,2020-07-31 16:43,0.73,overload,926,switch,1
OUT-00406,FDR-0067,SUB-015,2020-08-20 17:00,2020-08-20 17:43,0.72,equipment failure,384,transformer,1
OUT-00407,FDR-0067,SUB-015,2020-07-23 15:00,2020-07-24 02:21,11.36,storm damage,734,transformer,1
OUT-00408,FDR-0067,SUB-015,2020-12-16 19:00,2020-12-17 00:30,5.51,equipment failure,406,overhead line,0
OUT-00409,FDR-0068,SUB-015,2020-09-10 15:00,2020-09-10 19:00,4.01,equipment failure,73,switch,1
OUT-00410,FDR-0068,SUB-015,2020-08-15 18:00,2020-08-15 22:08,4.14,overload,556,switch,1
OUT-00411,FDR-0068,SUB-015,2020-06-02 17:00,2020-06-02 18:37,1.63,equipment failure,536,fuse,1
OUT-00412,FDR-0068,SUB-015,2020-12-21 18:00,2020-12-22 03:40,9.67,lightning,337,overhead line,1
OUT-00413,FDR-0068,SUB-015,2020-09-12 17:00,2020-09-13 02:06,9.1,animal contact,557,recloser,1
OUT-00414,FDR-0068,SUB-015,2020-10-19 00:00,2020-10-19 05:01,5.03,underground cable fault,386,recloser,0
OUT-00415,FDR-0068,SUB-015,2020-05-26 20:00,2020-05-26 21:20,1.34,animal contact,21,recloser,0
OUT-00416,FDR-0068,SUB-015,2020-12-27 21:00,2020-12-28 01:04,4.07,underground cable fault,432,fuse,0
OUT-00417,FDR-0069,SUB-015,2020-07-24 16:00,2020-07-24 19:23,3.39,overload,134,fuse,1
OUT-00418,FDR-0069,SUB-015,2020-09-05 16:00,2020-09-05 23:14,7.24,overload,153,overhead line,1
OUT-00419,FDR-0069,SUB-015,2020-02-13 17:00,2020-02-14 02:17,9.29,animal contact,213,transformer,1
OUT-00420,FDR-0069,SUB-015,2020-12-21 20:00,2020-12-22 05:31,9.53,storm damage,585,transformer,1
OUT-00421,FDR-0069,SUB-015,2020-05-19 20:00,2020-05-20 00:10,4.18,dig-in,440,fuse,0
OUT-00422,FDR-0069,SUB-015,2020-01-26 07:00,2020-01-26 10:01,3.03,vehicle accident,195,fuse,0
OUT-00423,FDR-0070,SUB-015,2020-08-02 13:00,2020-08-02 16:04,3.07,equipment failure,1159,overhead line,1
OUT-00424,FDR-0070,SUB-015,2020-09-01 17:00,2020-09-02 00:15,7.26,equipment failure,1346,fuse,1
OUT-00425,FDR-0070,SUB-015,2020-06-20 17:00,2020-06-20 19:55,2.92,underground cable fault,358,cable,1
OUT-00426,FDR-0070,SUB-015,2020-07-11 17:00,2020-07-11 23:23,6.39,storm damage,1276,cable,1
OUT-00427,FDR-0070,SUB-015,2020-08-03 18:00,2020-08-04 01:15,7.26,tree contact,2437,cable,1
OUT-00428,FDR-0070,SUB-015,2020-04-30 09:00,2020-04-30 10:50,1.84,dig-in,398,overhead line,0
OUT-00429,FDR-0070,SUB-015,2020-04-06 12:00,2020-04-06 17:24,5.4,dig-in,269,transformer,0
OUT-00430,FDR-0071,SUB-016,2020-06-24 16:00,2020-06-24 16:39,0.66,underground cable fault,815,fuse,1
OUT-00431,FDR-0071,SUB-016,2020-07-19 13:00,2020-07-19 16:48,3.81,equipment failure,1416,overhead line,1
OUT-00432,FDR-0071,SUB-016,2020-06-13 16:00,2020-06-13 22:21,6.35,underground cable fault,773,cable,1
OUT-00433,FDR-0071,SUB-016,2020-01-01 20:00,2020-01-02 13:50,17.84,animal contact,2610,switch,1
OUT-00434,FDR-0071,SUB-016,2020-12-07 15:00,2020-12-08 00:57,9.95,tree contact,1848,cable,1
OUT-00435,FDR-0071,SUB-016,2020-11-23 03:00,2020-11-23 07:13,4.22,underground cable fault,168,fuse,0
OUT-00436,FDR-0071,SUB-016,2020-04-23 16:00,2020-04-23 16:54,0.91,equipment failure,295,cable,0
OUT-00437,FDR-0071,SUB-016,2020-03-15 22:00,2020-03-16 01:39,3.65,animal contact,384,recloser,0
OUT-00438,FDR-0072,SUB-016,2020-06-12 17:00,2020-06-12 22:50,5.84,equipment failure,285,recloser,1
OUT-00439,FDR-0072,SUB-016,2020-07-02 16:00,2020-07-02 21:06,5.11,equipment failure,135,fuse,1
OUT-00440,FDR-0072,SUB-016,2020-02-01 15:00,2020-02-02 00:15,9.25,tree contact,136,switch,1
OUT-00441,FDR-0072,SUB-016,2020-02-01 18:00,2020-02-02 09:19,15.32,lightning,119,overhead line,1
OUT-00442,FDR-0072,SUB-016,2020-04-10 21:00,2020-04-11 01:08,4.14,underground cable fault,363,cable,0
OUT-00443,FDR-0072,SUB-016,2020-12-13 18:00,2020-12-13 20:59,2.99,vehicle accident,264,switch,0
OUT-00444,FDR-0073,SUB-016,2020-06-30 13:00,2020-06-30 17:54,4.91,underground cable fault,1012,overhead line,1
OUT-00445,FDR-0073,SUB-016,2020-08-31 14:00,2020-08-31 18:23,4.39,overload,105,cable,1
OUT-00446,FDR-0073,SUB-016,2020-08-04 16:00,2020-08-04 20:28,4.48,animal contact,1054,recloser,1
OUT-00447,FDR-0073,SUB-016,2020-12-20 15:00,2020-12-21 06:59,15.99,storm damage,1471,overhead line,1
OUT-00448,FDR-0073,SUB-016,2020-04-22 03:00,2020-04-22 08:42,5.71,dig-in,247,overhead line,0
OUT-00449,FDR-0074,SUB-016,2020-08-06 15:00,2020-08-06 17:04,2.07,underground cable fault,1400,cable,1
OUT-00450,FDR-0074,SUB-016,2020-09-16 18:00,2020-09-16 22:36,4.61,equipment failure,321,recloser,1
OUT-00451,FDR-0074,SUB-016,2020-06-24 17:00,2020-06-24 21:43,4.72,overload,1119,overhead line,1
OUT-00452,FDR-0074,SUB-016,2020-02-18 18:00,2020-02-18 19:01,1.02,animal contact,1591,cable,1
OUT-00453,FDR-0074,SUB-016,2020-09-03 20:00,2020-09-04 11:28,15.47,tree contact,1428,recloser,1
OUT-00454,FDR-0074,SUB-016,2020-12-13 07:00,2020-12-13 09:10,2.18,equipment failure,64,switch,0
OUT-00455,FDR-0074,SUB-016,2020-11-08 20:00,2020-11-09 00:21,4.35,equipment failure,161,transformer,0
OUT-00456,FDR-0074,SUB-016,2020-05-11 06:00,2020-05-11 06:20,0.34,underground cable fault,389,cable,0
OUT-00457,FDR-0075,SUB-016,2020-06-10 13:00,2020-06-10 20:06,7.11,underground cable fault,447,fuse,1
OUT-00458,FDR-0075,SUB-016,2020-09-15 14:00,2020-09-15 18:52,4.87,overload,273,fuse,1
OUT-00459,FDR-0075,SUB-016,2020-08-03 18:00,2020-08-03 21:46,3.77,lightning,836,recloser,1
OUT-00460,FDR-0075,SUB-016,2020-02-18 14:00,2020-02-18 23:25,9.42,tree contact,491,cable,1
OUT-00461,FDR-0075,SUB-016,2020-10-07 09:00,2020-10-07 11:36,2.61,dig-in,295,transformer,0
OUT-00462,FDR-0075,SUB-016,2020-12-17 06:00,2020-12-17 10:10,4.17,underground cable fault,354,fuse,0
OUT-00463,FDR-0076,SUB-017,2020-06-18 13:00,2020-06-18 19:21,6.35,overload,365,switch,1
OUT-00464,FDR-0076,SUB-017,2020-07-04 14:00,2020-07-04 15:11,1.19,equipment failure,995,switch,1
OUT-00465,FDR-0076,SUB-017,2020-09-12 19:00,2020-09-13 11:22,16.38,storm damage,2119,recloser,1
OUT-00466,FDR-0076,SUB-017,2020-07-08 20:00,2020-07-09 09:09,13.16,lightning,2181,recloser,1
OUT-00467,FDR-0076,SUB-017,2020-04-18 23:00,2020-04-19 02:54,3.91,dig-in,413,fuse,0
OUT-00468,FDR-0077,SUB-017,2020-08-15 13:00,2020-08-15 16:31,3.52,equipment failure,1270,switch,1
OUT-00469,FDR-0077,SUB-017,2020-09-05 16:00,2020-09-05 23:01,7.02,underground cable fault,1298,overhead line,1
OUT-00470,FDR-0077,SUB-017,2020-02-01 14:00,2020-02-01 21:33,7.55,animal contact,436,fuse,1
OUT-00471,FDR-0077,SUB-017,2020-12-20 20:00,2020-12-21 10:31,14.52,lightning,893,cable,1
OUT-00472,FDR-0077,SUB-017,2020-12-13 12:00,2020-12-13 17:54,5.9,animal contact,79,overhead line,0
OUT-00473,FDR-0078,SUB-017,2020-08-09 16:00,2020-08-09 20:16,4.27,underground cable fault,1307,recloser,1
OUT-00474,FDR-0078,SUB-017,2020-06-09 15:00,2020-06-09 15:46,0.77,overload,251,overhead line,1
OUT-00475,FDR-0078,SUB-017,2020-08-30 14:00,2020-08-30 21:06,7.11,underground cable fault,359,recloser,1
OUT-00476,FDR-0078,SUB-017,2020-09-12 14:00,2020-09-13 04:21,14.35,animal contact,1289,transformer,1
OUT-00477,FDR-0078,SUB-017,2020-07-08 14:00,2020-07-09 06:31,16.52,lightning,174,switch,1
OUT-00478,FDR-0078,SUB-017,2020-12-17 09:00,2020-12-17 11:33,2.56,dig-in,329,recloser,0
OUT-00479,FDR-0078,SUB-017,2020-12-23 00:00,2020-12-23 05:27,5.45,equipment failure,309,switch,0
OUT-00480,FDR-0079,SUB-017,2020-06-30 14:00,2020-06-30 18:28,4.47,underground cable fault,595,cable,1
OUT-00481,FDR-0079,SUB-017,2020-07-12 18:00,2020-07-12 18:34,0.57,overload,1496,switch,1
OUT-00482,FDR-0079,SUB-017,2020-06-23 14:00,2020-06-23 19:57,5.96,equipment failure,1193,transformer,1
OUT-00483,FDR-0079,SUB-017,2020-09-02 14:00,2020-09-02 17:10,3.18,storm damage,654,switch,1
OUT-00484,FDR-0079,SUB-017,2020-07-11 18:00,2020-07-12 01:36,7.6,storm damage,2644,recloser,1
OUT-00485,FDR-0079,SUB-017,2020-11-24 02:00,2020-11-24 04:54,2.9,scheduled maintenance,116,transformer,0
OUT-00486,FDR-0079,SUB-017,2020-12-16 03:00,2020-12-16 07:58,4.98,scheduled maintenance,391,transformer,0
OUT-00487,FDR-0079,SUB-017,2020-03-12 07:00,2020-03-12 11:47,4.79,equipment failure,376,fuse,0
OUT-00488,FDR-0080,SUB-018,2020-06-06 13:00,2020-06-06 17:49,4.83,overload,1442,overhead line,1
OUT-00489,FDR-0080,SUB-018,2020-09-12 19:00,2020-09-13 07:28,12.48,animal contact,2712,switch,1
OUT-00490,FDR-0080,SUB-018,2020-05-31 22:00,2020-06-01 00:09,2.15,equipment failure,178,overhead line,0
OUT-00491,FDR-0081,SUB-018,2020-07-22 14:00,2020-07-22 16:36,2.6,equipment failure,258,recloser,1
OUT-00492,FDR-0081,SUB-018,2020-07-23 20:00,2020-07-24 02:41,6.69,tree contact,966,overhead line,1
OUT-00493,FDR-0081,SUB-018,2020-03-06 00:00,2020-03-06 00:23,0.39,equipment failure,67,overhead line,0
OUT-00494,FDR-0082,SUB-018,2020-08-23 13:00,2020-08-23 15:19,2.33,underground cable fault,593,transformer,1
OUT-00495,FDR-0082,SUB-018,2020-07-28 17:00,2020-07-28 17:33,0.55,overload,704,overhead line,1
OUT-00496,FDR-0082,SUB-018,2020-06-26 13:00,2020-06-26 14:27,1.45,overload,99,transformer,1
OUT-00497,FDR-0082,SUB-018,2020-09-04 17:00,2020-09-04 17:58,0.97,equipment failure,1284,cable,1
OUT-00498,FDR-0082,SUB-018,2020-07-08 20:00,2020-07-09 11:21,15.35,animal contact,2907,recloser,1
OUT-00499,FDR-0082,SUB-018,2020-07-23 20:00,2020-07-24 00:37,4.63,tree contact,898,switch,1
OUT-00500,FDR-0082,SUB-018,2020-12-20 20:00,2020-12-21 10:49,14.82,animal contact,2910,overhead line,1
OUT-00501,FDR-0082,SUB-018,2020-05-31 05:00,2020-05-31 06:01,1.03,equipment failure,232,overhead line,0
OUT-00502,FDR-0082,SUB-018,2020-10-31 13:00,2020-10-31 17:57,4.96,equipment failure,224,overhead line,0
OUT-00503,FDR-0083,SUB-018,2020-06-16 18:00,2020-06-17 01:16,7.27,underground cable fault,1324,overhead line,1
OUT-00504,FDR-0083,SUB-018,2020-12-21 20:00,2020-12-22 12:36,16.61,storm damage,2012,transformer,1
OUT-00505,FDR-0083,SUB-018,2020-04-06 21:00,2020-04-06 22:02,1.04,dig-in,422,cable,0
OUT-00506,FDR-0084,SUB-018,2020-09-07 15:00,2020-09-07 19:11,4.19,underground cable fault,35,cable,1
OUT-00507,FDR-0084,SUB-018,2020-06-30 17:00,2020-06-30 18:52,1.87,underground cable fault,621,recloser,1
OUT-00508,FDR-0084,SUB-018,2020-09-02 19:00,2020-09-03 07:37,12.62,animal contact,719,transformer,1
OUT-00509,FDR-0084,SUB-018,2020-02-18 14:00,2020-02-19 04:57,14.96,tree contact,219,recloser,1
OUT-00510,FDR-0084,SUB-018,2020-01-14 06:00,2020-01-14 08:09,2.16,equipment failure,443,transformer,0
OUT-00511,FDR-0085,SUB-019,2020-09-02 18:00,2020-09-02 18:40,0.67,underground cable fault,252,fuse,1
OUT-00512,FDR-0085,SUB-019,2020-09-02 16:00,2020-09-03 06:19,14.33,storm damage,1249,transformer,1
OUT-00513,FDR-0085,SUB-019,2020-03-30 18:00,2020-03-30 23:53,5.89,scheduled maintenance,458,recloser,0
OUT-00514,FDR-0086,SUB-019,2020-07-23 17:00,2020-07-24 00:00,7.0,underground cable fault,455,overhead line,1
OUT-00515,FDR-0086,SUB-019,2020-07-05 14:00,2020-07-05 21:29,7.49,underground cable fault,284,cable,1
OUT-00516,FDR-0086,SUB-019,2020-08-29 19:00,2020-08-30 11:30,16.5,animal contact,385,overhead line,1
OUT-00517,FDR-0086,SUB-019,2020-02-13 17:00,2020-02-14 09:13,16.22,tree contact,1683,switch,1
OUT-00518,FDR-0086,SUB-019,2020-12-27 06:00,2020-12-27 08:09,2.16,vehicle accident,297,recloser,0
OUT-00519,FDR-0087,SUB-019,2020-09-18 15:00,2020-09-18 22:49,7.83,equipment failure,1396,transformer,1
OUT-00520,FDR-0087,SUB-019,2020-06-01 15:00,2020-06-01 16:37,1.62,underground cable fault,472,recloser,1
OUT-00521,FDR-0087,SUB-019,2020-07-19 17:00,2020-07-20 09:24,16.41,animal contact,2424,recloser,1
OUT-00522,FDR-0087,SUB-019,2020-12-07 20:00,2020-12-08 13:00,17.01,animal contact,2680,overhead line,1
OUT-00523,FDR-0087,SUB-019,2020-10-09 20:00,2020-10-09 21:29,1.49,dig-in,455,overhead line,0
OUT-00524,FDR-0088,SUB-020,2020-08-29 16:00,2020-08-29 18:58,2.97,equipment failure,1075,overhead line,1
OUT-00525,FDR-0088,SUB-020,2020-09-30 14:00,2020-09-30 17:11,3.19,equipment failure,263,transformer,1
OUT-00526,FDR-0088,SUB-020,2020-07-15 18:00,2020-07-16 00:37,6.63,underground cable fault,741,switch,1
OUT-00527,FDR-0088,SUB-020,2020-02-01 20:00,2020-02-02 04:40,8.67,storm damage,1547,cable,1
OUT-00528,FDR-0088,SUB-020,2020-08-25 18:00,2020-08-26 06:06,12.11,animal contact,820,overhead line,1
OUT-00529,FDR-0088,SUB-020,2020-03-25 19:00,2020-03-25 20:58,1.97,equipment failure,474,transformer,0
OUT-00530,FDR-0088,SUB-020,2020-05-11 07:00,2020-05-11 08:21,1.36,equipment failure,463,recloser,0
OUT-00531,FDR-0088,SUB-020,2020-05-17 20:00,2020-05-18 01:26,5.44,scheduled maintenance,37,switch,0
OUT-00532,FDR-0089,SUB-020,2020-06-04 18:00,2020-06-04 23:01,5.02,equipment failure,410,fuse,1
OUT-00533,FDR-0089,SUB-020,2020-09-19 15:00,2020-09-19 20:21,5.36,equipment failure,343,recloser,1
OUT-00534,FDR-0089,SUB-020,2020-06-27 13:00,2020-06-27 18:55,5.93,equipment failure,1200,recloser,1
OUT-00535,FDR-0089,SUB-020,2020-08-25 19:00,2020-08-26 09:56,14.94,tree contact,418,switch,1
OUT-00536,FDR-0089,SUB-020,2020-08-04 16:00,2020-08-05 05:15,13.25,storm damage,72,overhead line,1
OUT-00537,FDR-0089,SUB-020,2020-01-31 12:00,2020-01-31 15:06,3.1,animal contact,299,fuse,0
OUT-00538,FDR-0089,SUB-020,2020-02-14 03:00,2020-02-14 07:01,4.02,dig-in,322,fuse,0
OUT-00539,FDR-0089,SUB-020,2020-05-20 23:00,2020-05-20 23:33,0.56,equipment failure,275,overhead line,0
OUT-00540,FDR-0090,SUB-020,2020-09-26 16:00,2020-09-26 20:38,4.64,equipment failure,279,overhead line,1
OUT-00541,FDR-0090,SUB-020,2020-08-09 14:00,2020-08-09 18:04,4.07,overload,904,switch,1
OUT-00542,FDR-0090,SUB-020,2020-06-21 16:00,2020-06-21 16:54,0.9,equipment failure,72,recloser,1
OUT-00543,FDR-0090,SUB-020,2020-08-08 17:00,2020-08-08 20:36,3.6,equipment failure,299,fuse,1
OUT-00544,FDR-0090,SUB-020,2020-09-03 20:00,2020-09-04 07:10,11.18,lightning,949,recloser,1
OUT-00545,FDR-0090,SUB-020,2020-12-21 19:00,2020-12-22 01:58,6.98,tree contact,501,cable,1
OUT-00546,FDR-0090,SUB-020,2020-07-11 16:00,2020-07-12 06:19,14.32,animal contact,401,cable,1
OUT-00547,FDR-0090,SUB-020,2020-02-02 00:00,2020-02-02 03:07,3.13,dig-in,396,overhead line,0
OUT-00548,FDR-0090,SUB-020,2020-10-08 02:00,2020-10-08 03:49,1.82,underground cable fault,50,overhead line,0
OUT-00549,FDR-0091,SUB-020,2020-09-28 18:00,2020-09-28 23:59,5.99,underground cable fault,260,overhead line,1
OUT-00550,FDR-0091,SUB-020,2020-09-24 13:00,2020-09-24 14:23,1.39,overload,208,recloser,1
OUT-00551,FDR-0091,SUB-020,2020-08-17 18:00,2020-08-18 00:07,6.12,underground cable fault,912,transformer,1
OUT-00552,FDR-0091,SUB-020,2020-07-23 14:00,2020-07-23 17:12,3.21,tree contact,58,fuse,1
OUT-00553,FDR-0091,SUB-020,2020-12-07 16:00,2020-12-07 17:09,1.16,lightning,1208,fuse,1
OUT-00554,FDR-0091,SUB-020,2020-11-13 20:00,2020-11-13 21:34,1.57,animal contact,18,transformer,0
OUT-00555,FDR-0091,SUB-020,2020-05-23 00:00,2020-05-23 01:28,1.48,dig-in,401,fuse,0
OUT-00556,FDR-0091,SUB-020,2020-11-23 11:00,2020-11-23 12:36,1.61,animal contact,429,recloser,0
OUT-00557,FDR-0092,SUB-020,2020-07-16 15:00,2020-07-16 17:08,2.14,overload,60,cable,1
OUT-00558,FDR-0092,SUB-020,2020-09-20 17:00,2020-09-20 21:54,4.9,overload,642,switch,1
OUT-00559,FDR-0092,SUB-020,2020-09-12 17:00,2020-09-12 20:10,3.18,lightning,2537,transformer,1
OUT-00560,FDR-0092,SUB-020,2020-01-13 22:00,2020-01-14 03:33,5.56,scheduled maintenance,465,overhead line,0
OUT-00561,FDR-0093,SUB-020,2020-06-17 18:00,2020-06-17 23:27,5.46,overload,783,fuse,1
OUT-00562,FDR-0093,SUB-020,2020-06-06 16:00,2020-06-06 23:24,7.4,equipment failure,1129,transformer,1
OUT-00563,FDR-0093,SUB-020,2020-08-17 14:00,2020-08-17 21:34,7.58,overload,1337,recloser,1
OUT-00564,FDR-0093,SUB-020,2020-02-13 14:00,2020-02-13 19:07,5.12,animal contact,2555,overhead line,1
OUT-00565,FDR-0093,SUB-020,2020-07-19 14:00,2020-07-19 16:55,2.93,storm damage,2407,fuse,1
OUT-00566,FDR-0093,SUB-020,2020-12-11 22:00,2020-12-12 01:21,3.36,scheduled maintenance,209,transformer,0
OUT-00567,FDR-0093,SUB-020,2020-04-17 12:00,2020-04-17 17:15,5.26,vehicle accident,417,cable,0
OUT-00568,FDR-0094,SUB-021,2020-09-07 13:00,2020-09-07 19:27,6.46,underground cable fault,110,transformer,1
OUT-00569,FDR-0094,SUB-021,2020-08-03 17:00,2020-08-04 00:59,7.99,equipment failure,911,overhead line,1
OUT-00570,FDR-0094,SUB-021,2020-08-26 17:00,2020-08-26 19:01,2.03,overload,474,transformer,1
OUT-00571,FDR-0094,SUB-021,2020-09-02 19:00,2020-09-03 05:16,10.28,tree contact,640,switch,1
OUT-00572,FDR-0094,SUB-021,2020-12-20 17:00,2020-12-20 21:48,4.8,storm damage,2925,overhead line,1
OUT-00573,FDR-0094,SUB-021,2020-11-09 05:00,2020-11-09 06:06,1.1,dig-in,468,transformer,0
OUT-00574,FDR-0094,SUB-021,2020-12-30 19:00,2020-12-30 19:17,0.29,animal contact,8,fuse,0
OUT-00575,FDR-0094,SUB-021,2020-02-07 03:00,2020-02-07 06:15,3.26,dig-in,261,overhead line,0
OUT-00576,FDR-0095,SUB-021,2020-06-15 14:00,2020-06-15 19:24,5.41,underground cable fault,1316,switch,1
OUT-00577,FDR-0095,SUB-021,2020-06-12 15:00,2020-06-12 19:03,4.06,equipment failure,485,transformer,1
OUT-00578,FDR-0095,SUB-021,2020-02-18 16:00,2020-02-19 05:09,13.15,animal contact,464,overhead line,1
OUT-00579,FDR-0095,SUB-021,2020-07-19 19:00,2020-07-20 03:51,8.86,tree contact,454,fuse,1
OUT-00580,FDR-0095,SUB-021,2020-04-29 13:00,2020-04-29 14:06,1.11,vehicle accident,56,cable,0
OUT-00581,FDR-0095,SUB-021,2020-11-21 11:00,2020-11-21 14:24,3.41,dig-in,308,overhead line,0
OUT-00582,FDR-0096,SUB-021,2020-07-12 16:00,2020-07-12 21:49,5.83,underground cable fault,1271,fuse,1
OUT-00583,FDR-0096,SUB-021,2020-06-06 13:00,2020-06-06 15:31,2.53,equipment failure,1232,overhead line,1
OUT-00584,FDR-0096,SUB-021,2020-09-13 13:00,2020-09-13 19:39,6.66,overload,408,overhead line,1
OUT-00585,FDR-0096,SUB-021,2020-08-04 15:00,2020-08-04 21:30,6.51,animal contact,880,cable,1
OUT-00586,FDR-0096,SUB-021,2020-12-07 16:00,2020-12-07 22:43,6.73,storm damage,284,fuse,1
OUT-00587,FDR-0096,SUB-021,2020-05-02 15:00,2020-05-02 16:55,1.92,underground cable fault,57,switch,0
OUT-00588,FDR-0096,SUB-021,2020-02-22 09:00,2020-02-22 12:24,3.4,scheduled maintenance,66,recloser,0
OUT-00589,FDR-0096,SUB-021,2020-12-01 19:00,2020-12-01 23:07,4.13,equipment failure,297,fuse,0
OUT-00590,FDR-0097,SUB-022,2020-08-03 17:00,2020-08-03 22:56,5.94,equipment failure,247,switch,1
OUT-00591,FDR-0097,SUB-022,2020-09-18 14:00,2020-09-18 17:41,3.69,equipment failure,822,cable,1
OUT-00592,FDR-0097,SUB-022,2020-08-04 18:00,2020-08-05 08:48,14.81,tree contact,798,fuse,1
OUT-00593,FDR-0097,SUB-022,2020-08-25 17:00,2020-08-26 05:04,12.08,storm damage,630,transformer,1
OUT-00594,FDR-0097,SUB-022,2020-01-24 23:00,2020-01-25 03:58,4.98,underground cable fault,442,cable,0
OUT-00595,FDR-0098,SUB-022,2020-09-08 13:00,2020-09-08 20:37,7.63,equipment failure,1414,overhead line,1
OUT-00596,FDR-0098,SUB-022,2020-08-02 16:00,2020-08-02 22:39,6.66,overload,823,switch,1
OUT-00597,FDR-0098,SUB-022,2020-09-12 20:00,2020-09-13 09:26,13.44,storm damage,799,transformer,1
OUT-00598,FDR-0098,SUB-022,2020-09-12 16:00,2020-09-13 06:33,14.55,tree contact,648,switch,1
OUT-00599,FDR-0098,SUB-022,2020-10-15 07:00,2020-10-15 11:17,4.29,underground cable fault,36,switch,0
OUT-00600,FDR-0099,SUB-022,2020-09-22 13:00,2020-09-22 18:24,5.41,overload,1316,switch,1
OUT-00601,FDR-0099,SUB-022,2020-06-13 13:00,2020-06-13 15:20,2.34,overload,894,cable,1
OUT-00602,FDR-0099,SUB-022,2020-08-24 14:00,2020-08-24 15:07,1.13,overload,733,overhead line,1
OUT-00603,FDR-0099,SUB-022,2020-12-07 15:00,2020-12-08 01:28,10.47,lightning,1185,fuse,1
OUT-00604,FDR-0099,SUB-022,2020-09-03 17:00,2020-09-04 07:48,14.8,animal contact,117,switch,1
OUT-00605,FDR-0099,SUB-022,2020-03-20 21:00,2020-03-21 00:31,3.52,vehicle accident,240,cable,0
OUT-00606,FDR-0099,SUB-022,2020-04-21 09:00,2020-04-21 09:58,0.98,equipment failure,99,fuse,0
OUT-00607,FDR-0099,SUB-022,2020-02-16 14:00,2020-02-16 15:39,1.65,vehicle accident,143,transformer,0
OUT-00608,FDR-0100,SUB-023,2020-09-29 14:00,2020-09-29 18:37,4.63,underground cable fault,206,recloser,1
OUT-00609,FDR-0100,SUB-023,2020-09-03 17:00,2020-09-04 10:09,17.15,animal contact,537,overhead line,1
OUT-00610,FDR-0100,SUB-023,2020-12-29 08:00,2020-12-29 12:55,4.93,vehicle accident,350,fuse,0
OUT-00611,FDR-0101,SUB-023,2020-07-14 13:00,2020-07-14 14:36,1.6,underground cable fault,782,recloser,1
OUT-00612,FDR-0101,SUB-023,2020-07-02 18:00,2020-07-02 23:49,5.83,equipment failure,139,cable,1
OUT-00613,FDR-0101,SUB-023,2020-08-04 15:00,2020-08-05 01:27,10.46,lightning,1310,fuse,1
OUT-00614,FDR-0101,SUB-023,2020-01-14 01:00,2020-01-14 06:24,5.4,equipment failure,154,fuse,0
OUT-00615,FDR-0102,SUB-023,2020-08-27 16:00,2020-08-27 19:33,3.56,equipment failure,1001,transformer,1
OUT-00616,FDR-0102,SUB-023,2020-08-07 16:00,2020-08-07 20:28,4.47,underground cable fault,926,recloser,1
OUT-00617,FDR-0102,SUB-023,2020-06-12 14:00,2020-06-12 19:51,5.85,equipment failure,204,recloser,1
OUT-00618,FDR-0102,SUB-023,2020-01-01 14:00,2020-01-02 07:01,17.02,tree contact,2785,cable,1
OUT-00619,FDR-0102,SUB-023,2020-12-07 17:00,2020-12-08 10:37,17.63,animal contact,2873,switch,1
OUT-00620,FDR-0102,SUB-023,2020-04-29 14:00,2020-04-29 15:42,1.71,dig-in,200,recloser,0
OUT-00621,FDR-0102,SUB-023,2020-12-23 17:00,2020-12-23 18:39,1.66,animal contact,456,cable,0
OUT-00622,FDR-0102,SUB-023,2020-11-17 07:00,2020-11-17 08:30,1.51,scheduled maintenance,345,overhead line,0
OUT-00623,FDR-0103,SUB-023,2020-08-13 13:00,2020-08-13 14:10,1.18,equipment failure,96,fuse,1
OUT-00624,FDR-0103,SUB-023,2020-07-08 14:00,2020-07-08 22:03,8.05,tree contact,1191,transformer,1
OUT-00625,FDR-0103,SUB-023,2020-10-25 18:00,2020-10-25 19:22,1.37,underground cable fault,322,cable,0
OUT-00626,FDR-0104,SUB-023,2020-06-25 15:00,2020-06-25 17:44,2.74,equipment failure,913,cable,1
OUT-00627,FDR-0104,SUB-023,2020-06-17 16:00,2020-06-17 17:06,1.1,overload,1001,overhead line,1
OUT-00628,FDR-0104,SUB-023,2020-08-01 13:00,2020-08-01 15:43,2.73,equipment failure,1134,transformer,1
OUT-00629,FDR-0104,SUB-023,2020-07-19 18:00,2020-07-20 04:54,10.91,lightning,1246,cable,1
OUT-00630,FDR-0104,SUB-023,2020-01-01 16:00,2020-01-02 05:28,13.47,tree contact,1139,switch,1
OUT-00631,FDR-0104,SUB-023,2020-02-12 23:00,2020-02-12 23:36,0.61,underground cable fault,292,overhead line,0
OUT-00632,FDR-0104,SUB-023,2020-11-21 21:00,2020-11-22 01:55,4.93,scheduled maintenance,115,switch,0
OUT-00633,FDR-0001,SUB-001,2021-08-07 16:00,2021-08-07 21:40,5.67,underground cable fault,1028,switch,1
OUT-00634,FDR-0001,SUB-001,2021-08-09 17:00,2021-08-09 21:15,4.25,equipment failure,1182,switch,1
OUT-00635,FDR-0001,SUB-001,2021-09-16 13:00,2021-09-16 20:30,7.51,overload,919,switch,1
OUT-00636,FDR-0001,SUB-001,2021-09-09 15:00,2021-09-09 21:40,6.68,equipment failure,791,fuse,1
OUT-00637,FDR-0001,SUB-001,2021-01-01 19:00,2021-01-02 03:24,8.41,lightning,537,recloser,1
OUT-00638,FDR-0001,SUB-001,2021-07-25 18:00,2021-07-25 19:29,1.49,animal contact,2204,cable,1
OUT-00639,FDR-0001,SUB-001,2021-09-05 19:00,2021-09-05 21:29,2.49,storm damage,1859,switch,1
OUT-00640,FDR-0001,SUB-001,2021-03-27 04:00,2021-03-27 08:23,4.39,dig-in,167,transformer,0
OUT-00641,FDR-0001,SUB-001,2021-10-01 18:00,2021-10-01 21:59,3.99,dig-in,410,fuse,0
OUT-00642,FDR-0001,SUB-001,2021-01-05 00:00,2021-01-05 05:04,5.07,vehicle accident,29,overhead line,0
OUT-00643,FDR-0002,SUB-001,2021-07-14 15:00,2021-07-14 16:45,1.76,overload,627,overhead line,1
OUT-00644,FDR-0002,SUB-001,2021-07-09 13:00,2021-07-09 14:40,1.68,overload,881,transformer,1
OUT-00645,FDR-0002,SUB-001,2021-09-05 20:00,2021-09-06 09:04,13.07,storm damage,436,recloser,1
OUT-00646,FDR-0002,SUB-001,2021-03-31 08:00,2021-03-31 08:37,0.63,scheduled maintenance,236,recloser,0
OUT-00647,FDR-0003,SUB-001,2021-07-25 13:00,2021-07-25 16:46,3.77,equipment failure,180,overhead line,1
OUT-00648,FDR-0003,SUB-001,2021-08-29 13:00,2021-08-29 16:48,3.8,equipment failure,1491,transformer,1
OUT-00649,FDR-0003,SUB-001,2021-07-06 18:00,2021-07-06 19:29,1.49,underground cable fault,364,switch,1
OUT-00650,FDR-0003,SUB-001,2021-01-12 20:00,2021-01-13 10:34,14.57,tree contact,844,cable,1
OUT-00651,FDR-0003,SUB-001,2021-12-22 19:00,2021-12-23 12:31,17.52,lightning,50,cable,1
OUT-00652,FDR-0003,SUB-001,2021-05-14 10:00,2021-05-14 14:42,4.7,underground cable fault,163,recloser,0
OUT-00653,FDR-0003,SUB-001,2021-10-04 11:00,2021-10-04 14:16,3.27,animal contact,312,cable,0
OUT-00654,FDR-0004,SUB-002,2021-06-22 17:00,2021-06-23 00:44,7.74,equipment failure,864,overhead line,1
OUT-00655,FDR-0004,SUB-002,2021-06-21 15:00,2021-06-21 19:54,4.9,underground cable fault,110,transformer,1
OUT-00656,FDR-0004,SUB-002,2021-06-16 18:00,2021-06-17 01:14,7.24,overload,685,transformer,1
OUT-00657,FDR-0004,SUB-002,2021-09-19 17:00,2021-09-19 20:38,3.64,overload,468,transformer,1
OUT-00658,FDR-0004,SUB-002,2021-07-25 17:00,2021-07-25 18:13,1.23,storm damage,252,fuse,1
OUT-00659,FDR-0004,SUB-002,2021-12-22 18:00,2021-12-23 02:56,8.94,storm damage,1211,transformer,1
OUT-00660,FDR-0004,SUB-002,2021-01-28 16:00,2021-01-28 18:22,2.37,lightning,1404,transformer,1
OUT-00661,FDR-0004,SUB-002,2021-11-29 16:00,2021-11-29 20:52,4.87,dig-in,38,fuse,0
OUT-00662,FDR-0004,SUB-002,2021-02-17 22:00,2021-02-18 03:16,5.27,vehicle accident,287,switch,0
OUT-00663,FDR-0004,SUB-002,2021-04-21 19:00,2021-04-21 20:49,1.83,equipment failure,111,fuse,0
OUT-00664,FDR-0005,SUB-002,2021-07-28 18:00,2021-07-29 01:50,7.84,overload,344,transformer,1
OUT-00665,FDR-0005,SUB-002,2021-06-30 17:00,2021-06-30 23:37,6.62,underground cable fault,1101,fuse,1
OUT-00666,FDR-0005,SUB-002,2021-06-14 14:00,2021-06-14 16:51,2.86,overload,700,overhead line,1
OUT-00667,FDR-0005,SUB-002,2021-02-12 17:00,2021-02-13 02:15,9.25,storm damage,2373,fuse,1
OUT-00668,FDR-0005,SUB-002,2021-01-12 17:00,2021-01-13 10:21,17.35,storm damage,1359,recloser,1
OUT-00669,FDR-0005,SUB-002,2021-02-06 03:00,2021-02-06 05:07,2.13,scheduled maintenance,174,fuse,0
OUT-00670,FDR-0005,SUB-002,2021-01-27 21:00,2021-01-28 02:45,5.76,animal contact,58,cable,0
OUT-00671,FDR-0006,SUB-002,2021-09-13 14:00,2021-09-13 21:55,7.93,equipment failure,799,fuse,1
OUT-00672,FDR-0006,SUB-002,2021-07-25 18:00,2021-07-25 18:36,0.6,equipment failure,578,transformer,1
OUT-00673,FDR-0006,SUB-002,2021-07-09 16:00,2021-07-09 17:54,1.9,storm damage,674,recloser,1
OUT-00674,FDR-0006,SUB-002,2021-09-07 15:00,2021-09-08 06:51,15.86,storm damage,953,fuse,1
OUT-00675,FDR-0006,SUB-002,2021-05-03 23:00,2021-05-04 01:25,2.42,scheduled maintenance,90,cable,0
OUT-00676,FDR-0007,SUB-002,2021-09-06 18:00,2021-09-06 19:19,1.33,overload,600,recloser,1
OUT-00677,FDR-0007,SUB-002,2021-09-22 14:00,2021-09-22 20:25,6.42,overload,151,transformer,1
OUT-00678,FDR-0007,SUB-002,2021-08-05 15:00,2021-08-05 20:43,5.73,underground cable fault,677,cable,1
OUT-00679,FDR-0007,SUB-002,2021-09-30 14:00,2021-09-30 17:06,3.1,equipment failure,38,switch,1
OUT-00680,FDR-0007,SUB-002,2021-09-07 16:00,2021-09-08 04:05,12.09,lightning,172,fuse,1
OUT-00681,FDR-0007,SUB-002,2021-07-13 16:00,2021-07-14 01:08,9.14,lightning,791,recloser,1
OUT-00682,FDR-0007,SUB-002,2021-07-09 15:00,2021-07-09 20:55,5.93,animal contact,372,recloser,1
OUT-00683,FDR-0007,SUB-002,2021-01-02 02:00,2021-01-02 06:49,4.82,animal contact,300,transformer,0
OUT-00684,FDR-0007,SUB-002,2021-01-21 21:00,2021-01-21 23:25,2.43,equipment failure,97,fuse,0
OUT-00685,FDR-0007,SUB-002,2021-03-13 16:00,2021-03-13 18:21,2.35,vehicle accident,400,cable,0
OUT-00686,FDR-0008,SUB-003,2021-07-22 16:00,2021-07-22 19:31,3.53,overload,1419,recloser,1
OUT-00687,FDR-0008,SUB-003,2021-07-27 14:00,2021-07-27 20:41,6.69,overload,180,transformer,1
OUT-00688,FDR-0008,SUB-003,2021-08-15 15:00,2021-08-15 22:09,7.15,equipment failure,422,overhead line,1
OUT-00689,FDR-0008,SUB-003,2021-06-16 15:00,2021-06-16 20:01,5.02,overload,222,fuse,1
OUT-00690,FDR-0008,SUB-003,2021-01-28 16:00,2021-01-29 03:22,11.38,storm damage,2149,switch,1
OUT-00691,FDR-0008,SUB-003,2021-08-10 15:00,2021-08-11 06:12,15.2,animal contact,2435,recloser,1
OUT-00692,FDR-0008,SUB-003,2021-02-12 14:00,2021-02-12 19:25,5.42,lightning,2942,transformer,1
OUT-00693,FDR-0008,SUB-003,2021-03-23 17:00,2021-03-23 17:37,0.63,underground cable fault,45,fuse,0
OUT-00694,FDR-0008,SUB-003,2021-12-05 20:00,2021-12-06 00:23,4.39,equipment failure,305,cable,0
OUT-00695,FDR-0008,SUB-003,2021-05-16 00:00,2021-05-16 03:36,3.61,equipment failure,3,switch,0
OUT-00696,FDR-0009,SUB-003,2021-06-02 17:00,2021-06-02 21:45,4.75,overload,1375,fuse,1
OUT-00697,FDR-0009,SUB-003,2021-09-24 16:00,2021-09-24 22:39,6.65,equipment failure,1281,switch,1
OUT-00698,FDR-0009,SUB-003,2021-09-26 15:00,2021-09-26 16:30,1.5,equipment failure,1086,cable,1
OUT-00699,FDR-0009,SUB-003,2021-08-29 15:00,2021-08-29 22:54,7.9,equipment failure,661,fuse,1
OUT-00700,FDR-0009,SUB-003,2021-07-27 20:00,2021-07-28 09:16,13.27,lightning,2914,recloser,1
OUT-00701,FDR-0009,SUB-003,2021-01-12 19:00,2021-01-13 09:58,14.98,animal contact,2935,switch,1
OUT-00702,FDR-0009,SUB-003,2021-07-13 18:00,2021-07-14 02:55,8.92,storm damage,383,switch,1
OUT-00703,FDR-0009,SUB-003,2021-03-20 05:00,2021-03-20 06:13,1.22,animal contact,426,transformer,0
OUT-00704,FDR-0009,SUB-003,2021-10-11 01:00,2021-10-11 04:15,3.26,vehicle accident,361,fuse,0
OUT-00705,FDR-0009,SUB-003,2021-02-02 04:00,2021-02-02 04:31,0.52,dig-in,20,cable,0
OUT-00706,FDR-0010,SUB-003,2021-08-15 16:00,2021-08-15 19:35,3.59,equipment failure,512,cable,1
OUT-00707,FDR-0010,SUB-003,2021-07-07 17:00,2021-07-07 19:57,2.96,underground cable fault,1184,recloser,1
OUT-00708,FDR-0010,SUB-003,2021-08-30 14:00,2021-08-31 02:18,12.3,storm damage,1399,recloser,1
OUT-00709,FDR-0010,SUB-003,2021-07-25 15:00,2021-07-25 18:49,3.83,tree contact,1487,cable,1
OUT-00710,FDR-0010,SUB-003,2021-03-06 04:00,2021-03-06 08:07,4.12,underground cable fault,317,fuse,0
OUT-00711,FDR-0010,SUB-003,2021-04-22 23:00,2021-04-23 01:10,2.18,dig-in,432,fuse,0
OUT-00712,FDR-0011,SUB-004,2021-07-28 13:00,2021-07-28 17:03,4.05,equipment failure,874,fuse,1
OUT-00713,FDR-0011,SUB-004,2021-09-28 17:00,2021-09-29 00:39,7.66,underground cable fault,324,fuse,1
OUT-00714,FDR-0011,SUB-004,2021-01-09 16:00,2021-01-09 21:56,5.94,animal contact,520,recloser,1
OUT-00715,FDR-0011,SUB-004,2021-01-12 18:00,2021-01-12 19:15,1.25,storm damage,508,cable,1
OUT-00716,FDR-0011,SUB-004,2021-11-03 04:00,2021-11-03 09:55,5.93,dig-in,103,fuse,0
OUT-00717,FDR-0012,SUB-004,2021-09-05 18:00,2021-09-06 00:13,6.22,underground cable fault,64,switch,1
OUT-00718,FDR-0012,SUB-004,2021-07-01 14:00,2021-07-01 19:33,5.55,overload,91,transformer,1
OUT-00719,FDR-0012,SUB-004,2021-07-24 17:00,2021-07-24 22:48,5.8,underground cable fault,1044,switch,1
OUT-00720,FDR-0012,SUB-004,2021-09-27 18:00,2021-09-28 00:13,6.23,underground cable fault,426,recloser,1
OUT-00721,FDR-0012,SUB-004,2021-02-03 19:00,2021-02-04 08:06,13.1,lightning,1730,recloser,1
OUT-00722,FDR-0012,SUB-004,2021-02-04 14:00,2021-02-04 17:01,3.03,tree contact,1829,switch,1
OUT-00723,FDR-0012,SUB-004,2021-07-27 16:00,2021-07-27 20:57,4.96,lightning,1994,switch,1
OUT-00724,FDR-0012,SUB-004,2021-04-12 19:00,2021-04-12 21:30,2.5,dig-in,270,fuse,0
OUT-00725,FDR-0012,SUB-004,2021-11-09 02:00,2021-11-09 07:54,5.9,underground cable fault,256,fuse,0
OUT-00726,FDR-0012,SUB-004,2021-10-30 17:00,2021-10-30 17:55,0.93,equipment failure,270,overhead line,0
OUT-00727,FDR-0013,SUB-004,2021-06-09 18:00,2021-06-10 01:36,7.61,overload,1085,switch,1
OUT-00728,FDR-0013,SUB-004,2021-08-29 15:00,2021-08-29 19:33,4.55,underground cable fault,1159,switch,1
OUT-00729,FDR-0013,SUB-004,2021-09-26 13:00,2021-09-26 20:00,7.0,equipment failure,750,overhead line,1
OUT-00730,FDR-0013,SUB-004,2021-06-09 16:00,2021-06-09 18:47,2.79,overload,1486,transformer,1
OUT-00731,FDR-0013,SUB-004,2021-09-02 14:00,2021-09-03 03:06,13.1,lightning,528,overhead line,1
OUT-00732,FDR-0013,SUB-004,2021-07-17 17:00,2021-07-17 18:57,1.96,tree contact,1067,transformer,1
OUT-00733,FDR-0013,SUB-004,2021-08-10 17:00,2021-08-10 18:36,1.6,tree contact,967,switch,1
OUT-00734,FDR-0013,SUB-004,2021-05-30 18:00,2021-05-30 18:21,0.36,animal contact,202,cable,0
OUT-00735,FDR-0013,SUB-004,2021-11-17 03:00,2021-11-17 07:45,4.76,vehicle accident,409,overhead line,0
OUT-00736,FDR-0014,SUB-004,2021-09-04 18:00,2021-09-04 19:55,1.92,underground cable fault,71,fuse,1
OUT-00737,FDR-0014,SUB-004,2021-09-23 18:00,2021-09-23 19:32,1.54,overload,36,overhead line,1
OUT-00738,FDR-0014,SUB-004,2021-01-28 15:00,2021-01-29 01:35,10.59,tree contact,1082,switch,1
OUT-00739,FDR-0014,SUB-004,2021-01-01 19:00,2021-01-02 09:30,14.5,storm damage,193,transformer,1
OUT-00740,FDR-0014,SUB-004,2021-10-17 02:00,2021-10-17 02:49,0.82,animal contact,325,recloser,0
OUT-00741,FDR-0015,SUB-004,2021-07-08 18:00,2021-07-09 00:12,6.2,equipment failure,22,fuse,1
OUT-00742,FDR-0015,SUB-004,2021-06-11 18:00,2021-06-11 19:55,1.93,underground cable fault,562,transformer,1
OUT-00743,FDR-0015,SUB-004,2021-09-14 14:00,2021-09-14 20:00,6.01,equipment failure,138,cable,1
OUT-00744,FDR-0015,SUB-004,2021-07-09 20:00,2021-07-10 04:22,8.37,animal contact,1242,transformer,1
OUT-00745,FDR-0015,SUB-004,2021-01-12 16:00,2021-01-13 01:24,9.4,lightning,1632,switch,1
OUT-00746,FDR-0015,SUB-004,2021-12-20 08:00,2021-12-20 12:56,4.94,animal contact,282,switch,0
OUT-00747,FDR-0015,SUB-004,2021-11-20 16:00,2021-11-20 18:51,2.85,underground cable fault,312,switch,0
OUT-00748,FDR-0015,SUB-004,2021-12-26 02:00,2021-12-26 07:42,5.7,equipment failure,97,switch,0
OUT-00749,FDR-0016,SUB-004,2021-06-04 14:00,2021-06-04 15:33,1.56,underground cable fault,178,recloser,1
OUT-00750,FDR-0016,SUB-004,2021-07-01 13:00,2021-07-01 20:54,7.91,underground cable fault,418,transformer,1
OUT-00751,FDR-0016,SUB-004,2021-02-04 20:00,2021-02-05 02:41,6.69,lightning,198,transformer,1
OUT-00752,FDR-0016,SUB-004,2021-08-30 18:00,2021-08-31 02:38,8.64,lightning,497,switch,1
OUT-00753,FDR-0016,SUB-004,2021-02-25 11:00,2021-02-25 13:08,2.14,animal contact,398,fuse,0
OUT-00754,FDR-0016,SUB-004,2021-05-20 20:00,2021-05-20 23:15,3.25,scheduled maintenance,267,overhead line,0
OUT-00755,FDR-0017,SUB-005,2021-07-20 14:00,2021-07-20 20:02,6.04,overload,394,switch,1
OUT-00756,FDR-0017,SUB-005,2021-06-21 15:00,2021-06-21 21:46,6.78,overload,1297,cable,1
OUT-00757,FDR-0017,SUB-005,2021-02-12 18:00,2021-02-13 11:53,17.89,animal contact,1017,fuse,1
OUT-00758,FDR-0017,SUB-005,2021-01-06 23:00,2021-01-07 00:50,1.84,vehicle accident,128,cable,0
OUT-00759,FDR-0018,SUB-005,2021-09-01 18:00,2021-09-01 22:05,4.09,underground cable fault,746,transformer,1
OUT-00760,FDR-0018,SUB-005,2021-07-30 13:00,2021-07-30 13:54,0.9,underground cable fault,359,switch,1
OUT-00761,FDR-0018,SUB-005,2021-01-01 17:00,2021-01-02 10:39,17.65,tree contact,1065,cable,1
OUT-00762,FDR-0018,SUB-005,2021-12-22 18:00,2021-12-23 04:44,10.74,lightning,217,overhead line,1
OUT-00763,FDR-0018,SUB-005,2021-05-15 10:00,2021-05-15 12:14,2.24,vehicle accident,113,cable,0
OUT-00764,FDR-0018,SUB-005,2021-05-15 21:00,2021-05-16 00:41,3.69,vehicle accident,192,switch,0
OUT-00765,FDR-0019,SUB-005,2021-07-23 13:00,2021-07-23 20:58,7.97,underground cable fault,901,recloser,1
OUT-00766,FDR-0019,SUB-005,2021-08-05 15:00,2021-08-05 19:21,4.36,underground cable fault,919,overhead line,1
OUT-00767,FDR-0019,SUB-005,2021-06-29 13:00,2021-06-29 20:44,7.74,underground cable fault,1355,fuse,1
OUT-00768,FDR-0019,SUB-005,2021-09-09 14:00,2021-09-09 18:10,4.18,underground cable fault,1097,overhead line,1
OUT-00769,FDR-0019,SUB-005,2021-01-12 17:00,2021-01-12 21:28,4.48,storm damage,1665,switch,1
OUT-00770,FDR-0019,SUB-005,2021-01-28 18:00,2021-01-29 08:35,14.59,lightning,1363,cable,1
OUT-00771,FDR-0019,SUB-005,2021-02-03 17:00,2021-02-04 03:10,10.18,animal contact,1317,fuse,1
OUT-00772,FDR-0019,SUB-005,2021-04-12 22:00,2021-04-12 22:22,0.37,underground cable fault,124,overhead line,0
OUT-00773,FDR-0019,SUB-005,2021-05-23 14:00,2021-05-23 17:15,3.26,scheduled maintenance,308,recloser,0
OUT-00774,FDR-0020,SUB-005,2021-09-16 18:00,2021-09-17 00:19,6.33,equipment failure,153,cable,1
OUT-00775,FDR-0020,SUB-005,2021-06-27 17:00,2021-06-28 00:50,7.84,equipment failure,239,cable,1
OUT-00776,FDR-0020,SUB-005,2021-01-01 14:00,2021-01-01 23:30,9.51,lightning,271,cable,1
OUT-00777,FDR-0020,SUB-005,2021-01-12 17:00,2021-01-13 07:34,14.58,animal contact,74,switch,1
OUT-00778,FDR-0020,SUB-005,2021-05-22 19:00,2021-05-22 21:23,2.39,animal contact,345,overhead line,0
OUT-00779,FDR-0020,SUB-005,2021-11-09 08:00,2021-11-09 13:25,5.42,dig-in,223,overhead line,0
OUT-00780,FDR-0021,SUB-006,2021-08-09 18:00,2021-08-09 23:02,5.04,underground cable fault,333,overhead line,1
OUT-00781,FDR-0021,SUB-006,2021-08-12 14:00,2021-08-12 16:28,2.47,equipment failure,859,transformer,1
OUT-00782,FDR-0021,SUB-006,2021-02-04 14:00,2021-02-05 06:29,16.49,lightning,2332,recloser,1
OUT-00783,FDR-0021,SUB-006,2021-01-01 16:00,2021-01-02 03:26,11.44,animal contact,2708,transformer,1
OUT-00784,FDR-0021,SUB-006,2021-04-03 12:00,2021-04-03 14:49,2.83,equipment failure,212,cable,0
OUT-00785,FDR-0021,SUB-006,2021-01-07 18:00,2021-01-07 21:51,3.86,equipment failure,16,switch,0
OUT-00786,FDR-0022,SUB-006,2021-09-29 17:00,2021-09-29 20:07,3.12,equipment failure,91,overhead line,1
OUT-00787,FDR-0022,SUB-006,2021-08-11 18:00,2021-08-12 00:33,6.55,equipment failure,1168,recloser,1
OUT-00788,FDR-0022,SUB-006,2021-02-12 14:00,2021-02-12 18:46,4.77,animal contact,1366,fuse,1
OUT-00789,FDR-0022,SUB-006,2021-02-15 21:00,2021-02-16 00:59,3.99,animal contact,380,cable,0
OUT-00790,FDR-0023,SUB-006,2021-06-10 18:00,2021-06-10 21:28,3.48,equipment failure,553,cable,1
OUT-00791,FDR-0023,SUB-006,2021-08-16 13:00,2021-08-16 18:48,5.81,equipment failure,253,switch,1
OUT-00792,FDR-0023,SUB-006,2021-09-07 18:00,2021-09-08 03:10,9.17,tree contact,408,cable,1
OUT-00793,FDR-0023,SUB-006,2021-12-22 15:00,2021-12-22 16:57,1.96,tree contact,184,overhead line,1
OUT-00794,FDR-0023,SUB-006,2021-12-04 14:00,2021-12-04 14:21,0.35,dig-in,306,cable,0
OUT-00795,FDR-0024,SUB-006,2021-08-02 16:00,2021-08-02 22:22,6.37,underground cable fault,563,transformer,1
OUT-00796,FDR-0024,SUB-006,2021-08-14 17:00,2021-08-14 23:01,6.03,equipment failure,1056,overhead line,1
OUT-00797,FDR-0024,SUB-006,2021-07-31 16:00,2021-07-31 20:32,4.54,equipment failure,768,cable,1
OUT-00798,FDR-0024,SUB-006,2021-09-02 18:00,2021-09-03 09:52,15.87,animal contact,471,recloser,1
OUT-00799,FDR-0024,SUB-006,2021-09-02 17:00,2021-09-03 08:21,15.35,animal contact,1220,fuse,1
OUT-00800,FDR-0024,SUB-006,2021-02-09 06:00,2021-02-09 07:45,1.76,vehicle accident,184,switch,0
OUT-00801,FDR-0024,SUB-006,2021-04-03 22:00,2021-04-04 00:28,2.48,dig-in,97,switch,0
OUT-00802,FDR-0024,SUB-006,2021-03-31 05:00,2021-03-31 08:36,3.6,underground cable fault,409,fuse,0
OUT-00803,FDR-0025,SUB-007,2021-09-13 13:00,2021-09-13 14:57,1.95,equipment failure,1176,fuse,1
OUT-00804,FDR-0025,SUB-007,2021-09-20 15:00,2021-09-20 20:19,5.33,underground cable fault,1214,switch,1
OUT-00805,FDR-0025,SUB-007,2021-08-10 15:00,2021-08-10 19:17,4.29,lightning,1490,fuse,1
OUT-00806,FDR-0025,SUB-007,2021-09-02 16:00,2021-09-02 19:00,3.0,lightning,2002,overhead line,1
OUT-00807,FDR-0025,SUB-007,2021-10-09 06:00,2021-10-09 11:37,5.63,animal contact,233,switch,0
OUT-00808,FDR-0026,SUB-007,2021-07-28 13:00,2021-07-28 15:18,2.3,underground cable fault,1419,overhead line,1
OUT-00809,FDR-0026,SUB-007,2021-07-16 17:00,2021-07-16 23:13,6.23,equipment failure,1318,overhead line,1
OUT-00810,FDR-0026,SUB-007,2021-07-20 14:00,2021-07-20 17:35,3.59,overload,1363,switch,1
OUT-00811,FDR-0026,SUB-007,2021-09-14 18:00,2021-09-14 20:07,2.13,overload,228,cable,1
OUT-00812,FDR-0026,SUB-007,2021-12-22 17:00,2021-12-23 01:30,8.5,tree contact,1363,fuse,1
OUT-00813,FDR-0026,SUB-007,2021-07-25 17:00,2021-07-26 01:54,8.9,storm damage,1386,recloser,1
OUT-00814,FDR-0026,SUB-007,2021-07-27 16:00,2021-07-27 19:14,3.24,tree contact,1412,switch,1
OUT-00815,FDR-0026,SUB-007,2021-10-27 11:00,2021-10-27 12:01,1.03,animal contact,455,switch,0
OUT-00816,FDR-0026,SUB-007,2021-12-24 07:00,2021-12-24 10:36,3.6,dig-in,231,recloser,0
OUT-00817,FDR-0027,SUB-007,2021-06-15 18:00,2021-06-15 21:04,3.08,overload,1039,transformer,1
OUT-00818,FDR-0027,SUB-007,2021-06-02 14:00,2021-06-02 15:18,1.3,underground cable fault,833,overhead line,1
OUT-00819,FDR-0027,SUB-007,2021-07-05 18:00,2021-07-05 20:21,2.35,equipment failure,467,transformer,1
OUT-00820,FDR-0027,SUB-007,2021-09-07 18:00,2021-09-08 01:56,7.94,underground cable fault,459,transformer,1
OUT-00821,FDR-0027,SUB-007,2021-09-02 14:00,2021-09-02 15:36,1.61,storm damage,717,fuse,1
OUT-00822,FDR-0027,SUB-007,2021-01-28 18:00,2021-01-29 11:24,17.41,animal contact,1008,overhead line,1
OUT-00823,FDR-0027,SUB-007,2021-09-05 14:00,2021-09-06 06:21,16.36,storm damage,443,switch,1
OUT-00824,FDR-0027,SUB-007,2021-01-29 02:00,2021-01-29 06:57,4.96,animal contact,422,recloser,0
OUT-00825,FDR-0027,SUB-007,2021-12-23 16:00,2021-12-23 20:38,4.64,underground cable fault,151,recloser,0
OUT-00826,FDR-0027,SUB-007,2021-03-22 01:00,2021-03-22 06:58,5.97,scheduled maintenance,416,recloser,0
OUT-00827,FDR-0028,SUB-007,2021-09-30 17:00,2021-09-30 18:14,1.24,underground cable fault,992,overhead line,1
OUT-00828,FDR-0028,SUB-007,2021-09-21 13:00,2021-09-21 18:28,5.48,overload,1033,overhead line,1
OUT-00829,FDR-0028,SUB-007,2021-09-26 13:00,2021-09-26 19:49,6.83,overload,70,overhead line,1
OUT-00830,FDR-0028,SUB-007,2021-07-13 14:00,2021-07-13 19:07,5.13,tree contact,144,cable,1
OUT-00831,FDR-0028,SUB-007,2021-09-07 15:00,2021-09-08 04:27,13.46,tree contact,1235,recloser,1
OUT-00832,FDR-0028,SUB-007,2021-05-31 18:00,2021-05-31 20:21,2.36,scheduled maintenance,499,fuse,0
OUT-00833,FDR-0028,SUB-007,2021-12-26 21:00,2021-12-26 22:51,1.86,equipment failure,32,cable,0
OUT-00834,FDR-0028,SUB-007,2021-03-23 10:00,2021-03-23 13:05,3.09,scheduled maintenance,484,switch,0
OUT-00835,FDR-0029,SUB-008,2021-06-26 13:00,2021-06-26 20:53,7.89,overload,376,switch,1
OUT-00836,FDR-0029,SUB-008,2021-07-05 18:00,2021-07-05 19:36,1.61,underground cable fault,1250,overhead line,1
OUT-00837,FDR-0029,SUB-008,2021-01-09 16:00,2021-01-10 06:42,14.71,animal contact,1460,fuse,1
OUT-00838,FDR-0029,SUB-008,2021-09-05 16:00,2021-09-06 03:34,11.57,storm damage,1389,switch,1
OUT-00839,FDR-0029,SUB-008,2021-03-30 06:00,2021-03-30 06:48,0.8,dig-in,62,recloser,0
OUT-00840,FDR-0029,SUB-008,2021-10-19 13:00,2021-10-19 18:03,5.06,animal contact,204,switch,0
OUT-00841,FDR-0030,SUB-008,2021-07-27 13:00,2021-07-27 15:57,2.95,underground cable fault,443,overhead line,1
OUT-00842,FDR-0030,SUB-008,2021-06-26 14:00,2021-06-26 14:47,0.79,equipment failure,365,recloser,1
OUT-00843,FDR-0030,SUB-008,2021-08-10 20:00,2021-08-11 12:14,16.24,tree contact,181,fuse,1
OUT-00844,FDR-0030,SUB-008,2021-11-03 11:00,2021-11-03 14:34,3.58,animal contact,446,transformer,0
OUT-00845,FDR-0031,SUB-008,2021-07-01 13:00,2021-07-01 15:51,2.85,overload,1353,cable,1
OUT-00846,FDR-0031,SUB-008,2021-08-20 17:00,2021-08-20 20:26,3.44,equipment failure,1386,recloser,1
OUT-00847,FDR-0031,SUB-008,2021-09-16 17:00,2021-09-16 23:26,6.44,overload,301,fuse,1
OUT-00848,FDR-0031,SUB-008,2021-09-07 20:00,2021-09-08 08:12,12.2,tree contact,1192,cable,1
OUT-00849,FDR-0031,SUB-008,2021-01-12 16:00,2021-01-13 08:32,16.54,lightning,939,recloser,1
OUT-00850,FDR-0031,SUB-008,2021-04-11 22:00,2021-04-12 00:15,2.25,scheduled maintenance,418,transformer,0
OUT-00851,FDR-0031,SUB-008,2021-11-17 19:00,2021-11-18 00:00,5.01,scheduled maintenance,137,fuse,0
OUT-00852,FDR-0032,SUB-008,2021-07-17 17:00,2021-07-17 21:21,4.36,underground cable fault,88,fuse,1
OUT-00853,FDR-0032,SUB-008,2021-09-21 15:00,2021-09-21 16:31,1.52,underground cable fault,560,fuse,1
OUT-00854,FDR-0032,SUB-008,2021-07-18 15:00,2021-07-18 22:07,7.13,underground cable fault,622,transformer,1
OUT-00855,FDR-0032,SUB-008,2021-08-25 16:00,2021-08-25 18:51,2.85,overload,41,fuse,1
OUT-00856,FDR-0032,SUB-008,2021-09-02 18:00,2021-09-03 08:55,14.92,animal contact,164,overhead line,1
OUT-00857,FDR-0032,SUB-008,2021-12-22 18:00,2021-12-23 01:57,7.96,lightning,178,cable,1
OUT-00858,FDR-0032,SUB-008,2021-01-12 18:00,2021-01-13 09:01,15.02,tree contact,627,switch,1
OUT-00859,FDR-0032,SUB-008,2021-03-31 07:00,2021-03-31 11:03,4.06,scheduled maintenance,363,cable,0
OUT-00860,FDR-0032,SUB-008,2021-04-30 00:00,2021-04-30 05:28,5.48,scheduled maintenance,55,switch,0
OUT-00861,FDR-0032,SUB-008,2021-04-05 05:00,2021-04-05 08:44,3.74,equipment failure,264,recloser,0
OUT-00862,FDR-0033,SUB-008,2021-06-18 14:00,2021-06-18 20:06,6.11,overload,997,recloser,1
OUT-00863,FDR-0033,SUB-008,2021-07-07 18:00,2021-07-07 22:34,4.58,overload,217,switch,1
OUT-00864,FDR-0033,SUB-008,2021-07-22 18:00,2021-07-23 00:29,6.49,underground cable fault,1238,switch,1
OUT-00865,FDR-0033,SUB-008,2021-07-25 16:00,2021-07-26 02:05,10.09,lightning,1185,fuse,1
OUT-00866,FDR-0033,SUB-008,2021-02-03 16:00,2021-02-04 02:38,10.64,lightning,482,recloser,1
OUT-00867,FDR-0033,SUB-008,2021-01-05 00:00,2021-01-05 03:49,3.83,scheduled maintenance,368,switch,0
OUT-00868,FDR-0033,SUB-008,2021-11-29 15:00,2021-11-29 16:34,1.57,scheduled maintenance,424,cable,0
OUT-00869,FDR-0034,SUB-009,2021-08-24 14:00,2021-08-24 16:39,2.65,underground cable fault,548,transformer,1
OUT-00870,FDR-0034,SUB-009,2021-09-06 13:00,2021-09-06 19:10,6.18,underground cable fault,123,cable,1
OUT-00871,FDR-0034,SUB-009,2021-08-30 14:00,2021-08-30 19:34,5.57,tree contact,2809,fuse,1
OUT-00872,FDR-0034,SUB-009,2021-11-30 21:00,2021-12-01 02:54,5.91,underground cable fault,327,overhead line,0
OUT-00873,FDR-0035,SUB-009,2021-06-07 14:00,2021-06-07 21:46,7.77,underground cable fault,55,transformer,1
OUT-00874,FDR-0035,SUB-009,2021-08-06 13:00,2021-08-06 19:01,6.03,equipment failure,763,cable,1
OUT-00875,FDR-0035,SUB-009,2021-07-21 18:00,2021-07-21 20:36,2.61,underground cable fault,1438,fuse,1
OUT-00876,FDR-0035,SUB-009,2021-08-10 14:00,2021-08-10 18:59,4.99,lightning,2015,cable,1
OUT-00877,FDR-0035,SUB-009,2021-02-12 19:00,2021-02-13 03:40,8.68,lightning,2041,fuse,1
OUT-00878,FDR-0035,SUB-009,2021-03-12 12:00,2021-03-12 17:40,5.68,scheduled maintenance,334,overhead line,0
OUT-00879,FDR-0035,SUB-009,2021-05-24 02:00,2021-05-24 07:07,5.13,scheduled maintenance,104,transformer,0
OUT-00880,FDR-0036,SUB-009,2021-09-26 15:00,2021-09-26 21:45,6.75,overload,1260,switch,1
OUT-00881,FDR-0036,SUB-009,2021-07-23 17:00,2021-07-23 23:33,6.56,underground cable fault,123,overhead line,1
OUT-00882,FDR-0036,SUB-009,2021-01-12 20:00,2021-01-12 23:57,3.95,tree contact,2674,switch,1
OUT-00883,FDR-0036,SUB-009,2021-07-27 20:00,2021-07-27 23:26,3.44,storm damage,436,transformer,1
OUT-00884,FDR-0036,SUB-009,2021-04-20 20:00,2021-04-20 22:07,2.13,animal contact,112,transformer,0
OUT-00885,FDR-0037,SUB-010,2021-06-05 14:00,2021-06-05 15:47,1.79,equipment failure,476,cable,1
OUT-00886,FDR-0037,SUB-010,2021-07-08 16:00,2021-07-08 19:07,3.13,underground cable fault,1117,cable,1
OUT-00887,FDR-0037,SUB-010,2021-07-13 18:00,2021-07-14 09:42,15.7,lightning,732,recloser,1
OUT-00888,FDR-0037,SUB-010,2021-05-11 03:00,2021-05-11 04:51,1.85,underground cable fault,347,fuse,0
OUT-00889,FDR-0038,SUB-010,2021-06-27 15:00,2021-06-27 21:22,6.37,equipment failure,156,switch,1
OUT-00890,FDR-0038,SUB-010,2021-07-02 17:00,2021-07-02 19:27,2.46,overload,435,cable,1
OUT-00891,FDR-0038,SUB-010,2021-01-12 17:00,2021-01-13 10:50,17.84,storm damage,226,recloser,1
OUT-00892,FDR-0038,SUB-010,2021-05-13 09:00,2021-05-13 10:58,1.98,dig-in,236,switch,0
OUT-00893,FDR-0039,SUB-010,2021-06-16 17:00,2021-06-16 21:03,4.06,underground cable fault,517,cable,1
OUT-00894,FDR-0039,SUB-010,2021-06-07 15:00,2021-06-07 22:13,7.23,overload,717,cable,1
OUT-00895,FDR-0039,SUB-010,2021-08-05 14:00,2021-08-05 21:51,7.85,equipment failure,252,switch,1
OUT-00896,FDR-0039,SUB-010,2021-07-29 18:00,2021-07-29 23:54,5.91,underground cable fault,721,fuse,1
OUT-00897,FDR-0039,SUB-010,2021-07-27 16:00,2021-07-28 03:12,11.21,lightning,869,overhead line,1
OUT-00898,FDR-0039,SUB-010,2021-12-22 18:00,2021-12-23 05:46,11.77,tree contact,248,switch,1
OUT-00899,FDR-0039,SUB-010,2021-02-12 14:00,2021-02-13 06:46,16.77,animal contact,91,transformer,1
OUT-00900,FDR-0039,SUB-010,2021-01-16 00:00,2021-01-16 05:00,5.01,equipment failure,315,fuse,0
OUT-00901,FDR-0039,SUB-010,2021-05-05 14:00,2021-05-05 14:40,0.67,scheduled maintenance,426,cable,0
OUT-00902,FDR-0039,SUB-010,2021-05-19 16:00,2021-05-19 18:19,2.33,vehicle accident,38,fuse,0
OUT-00903,FDR-0040,SUB-010,2021-07-05 17:00,2021-07-05 21:02,4.04,overload,45,transformer,1
OUT-00904,FDR-0040,SUB-010,2021-06-02 13:00,2021-06-02 19:18,6.3,underground cable fault,714,recloser,1
OUT-00905,FDR-0040,SUB-010,2021-06-20 13:00,2021-06-20 17:31,4.53,underground cable fault,423,switch,1
OUT-00906,FDR-0040,SUB-010,2021-08-15 14:00,2021-08-15 21:15,7.26,underground cable fault,1153,transformer,1
OUT-00907,FDR-0040,SUB-010,2021-09-02 19:00,2021-09-03 07:21,12.35,tree contact,1476,fuse,1
OUT-00908,FDR-0040,SUB-010,2021-09-07 15:00,2021-09-08 02:07,11.12,tree contact,1294,switch,1
OUT-00909,FDR-0040,SUB-010,2021-01-01 15:00,2021-01-02 01:04,10.08,lightning,1283,fuse,1
OUT-00910,FDR-0040,SUB-010,2021-05-18 01:00,2021-05-18 01:42,0.71,dig-in,399,cable,0
OUT-00911,FDR-0040,SUB-010,2021-10-27 01:00,2021-10-27 05:42,4.7,vehicle accident,254,fuse,0
OUT-00912,FDR-0040,SUB-010,2021-05-20 04:00,2021-05-20 06:48,2.81,animal contact,444,switch,0
OUT-00913,FDR-0041,SUB-010,2021-08-19 14:00,2021-08-19 17:50,3.84,equipment failure,1310,transformer,1
OUT-00914,FDR-0041,SUB-010,2021-08-09 15:00,2021-08-09 16:47,1.79,overload,840,transformer,1
OUT-00915,FDR-0041,SUB-010,2021-09-07 15:00,2021-09-07 20:58,5.98,animal contact,1491,transformer,1
OUT-00916,FDR-0041,SUB-010,2021-10-24 16:00,2021-10-24 20:38,4.64,scheduled maintenance,394,fuse,0
OUT-00917,FDR-0042,SUB-010,2021-09-15 16:00,2021-09-15 21:06,5.11,overload,210,switch,1
OUT-00918,FDR-0042,SUB-010,2021-07-08 16:00,2021-07-08 19:47,3.79,equipment failure,1068,switch,1
OUT-00919,FDR-0042,SUB-010,2021-09-04 13:00,2021-09-04 14:01,1.02,overload,1146,cable,1
OUT-00920,FDR-0042,SUB-010,2021-07-27 20:00,2021-07-28 09:42,13.71,lightning,324,overhead line,1
OUT-00921,FDR-0042,SUB-010,2021-02-12 20:00,2021-02-13 11:03,15.06,animal contact,64,transformer,1
OUT-00922,FDR-0042,SUB-010,2021-11-01 21:00,2021-11-02 02:36,5.61,equipment failure,453,cable,0
OUT-00923,FDR-0042,SUB-010,2021-12-28 12:00,2021-12-28 12:43,0.72,dig-in,153,cable,0
OUT-00924,FDR-0042,SUB-010,2021-03-22 19:00,2021-03-22 22:34,3.58,dig-in,111,fuse,0
OUT-00925,FDR-0043,SUB-011,2021-06-27 15:00,2021-06-27 17:24,2.41,underground cable fault,903,fuse,1
OUT-00926,FDR-0043,SUB-011,2021-09-17 16:00,2021-09-17 23:18,7.3,equipment failure,396,switch,1
OUT-00927,FDR-0043,SUB-011,2021-12-22 18:00,2021-12-22 19:52,1.88,animal contact,225,transformer,1
OUT-00928,FDR-0043,SUB-011,2021-03-08 11:00,2021-03-08 12:16,1.27,underground cable fault,454,recloser,0
OUT-00929,FDR-0044,SUB-011,2021-08-02 18:00,2021-08-03 00:36,6.61,equipment failure,307,overhead line,1
OUT-00930,FDR-0044,SUB-011,2021-08-26 15:00,2021-08-26 17:54,2.91,underground cable fault,887,fuse,1
OUT-00931,FDR-0044,SUB-011,2021-12-22 17:00,2021-12-22 21:03,4.06,lightning,77,recloser,1
OUT-00932,FDR-0044,SUB-011,2021-10-13 14:00,2021-10-13 19:27,5.45,animal contact,285,fuse,0
OUT-00933,FDR-0045,SUB-011,2021-07-27 13:00,2021-07-27 13:42,0.71,overload,163,fuse,1
OUT-00934,FDR-0045,SUB-011,2021-07-12 13:00,2021-07-12 18:55,5.92,overload,453,transformer,1
OUT-00935,FDR-0045,SUB-011,2021-09-04 14:00,2021-09-04 21:31,7.53,overload,1138,fuse,1
OUT-00936,FDR-0045,SUB-011,2021-07-09 20:00,2021-07-10 00:16,4.27,tree contact,261,transformer,1
OUT-00937,FDR-0045,SUB-011,2021-02-12 14:00,2021-02-13 02:08,12.14,storm damage,1537,recloser,1
OUT-00938,FDR-0045,SUB-011,2021-03-01 19:00,2021-03-01 23:06,4.1,animal contact,410,switch,0
OUT-00939,FDR-0045,SUB-011,2021-10-06 06:00,2021-10-06 11:27,5.46,animal contact,357,switch,0
OUT-00940,FDR-0045,SUB-011,2021-01-25 04:00,2021-01-25 05:07,1.13,dig-in,265,transformer,0
OUT-00941,FDR-0046,SUB-011,2021-08-27 14:00,2021-08-27 19:18,5.3,overload,734,cable,1
OUT-00942,FDR-0046,SUB-011,2021-06-06 16:00,2021-06-06 21:14,5.24,equipment failure,1116,switch,1
OUT-00943,FDR-0046,SUB-011,2021-09-12 13:00,2021-09-12 15:52,2.87,equipment failure,971,fuse,1
OUT-00944,FDR-0046,SUB-011,2021-12-22 18:00,2021-12-23 00:48,6.81,animal contact,435,fuse,1
OUT-00945,FDR-0046,SUB-011,2021-01-01 18:00,2021-01-02 07:48,13.81,storm damage,1179,transformer,1
OUT-00946,FDR-0046,SUB-011,2021-03-21 21:00,2021-03-21 22:31,1.52,scheduled maintenance,286,fuse,0
OUT-00947,FDR-0046,SUB-011,2021-10-21 13:00,2021-10-21 15:25,2.43,equipment failure,228,overhead line,0
OUT-00948,FDR-0047,SUB-011,2021-06-20 13:00,2021-06-20 20:19,7.32,overload,48,overhead line,1
OUT-00949,FDR-0047,SUB-011,2021-06-05 13:00,2021-06-05 17:09,4.15,equipment failure,26,transformer,1
OUT-00950,FDR-0047,SUB-011,2021-02-04 20:00,2021-02-04 23:28,3.48,lightning,576,cable,1
OUT-00951,FDR-0047,SUB-011,2021-02-07 19:00,2021-02-07 21:59,2.99,dig-in,83,recloser,0
OUT-00952,FDR-0048,SUB-011,2021-06-18 15:00,2021-06-18 17:31,2.53,equipment failure,817,cable,1
OUT-00953,FDR-0048,SUB-011,2021-07-18 14:00,2021-07-18 20:33,6.55,overload,593,fuse,1
OUT-00954,FDR-0048,SUB-011,2021-07-23 13:00,2021-07-23 14:00,1.01,equipment failure,52,fuse,1
OUT-00955,FDR-0048,SUB-011,2021-09-02 17:00,2021-09-02 18:30,1.51,lightning,2267,transformer,1
OUT-00956,FDR-0048,SUB-011,2021-07-13 14:00,2021-07-14 02:50,12.84,animal contact,2179,transformer,1
OUT-00957,FDR-0048,SUB-011,2021-03-19 04:00,2021-03-19 05:45,1.75,underground cable fault,313,overhead line,0
OUT-00958,FDR-0048,SUB-011,2021-03-22 03:00,2021-03-22 06:22,3.37,equipment failure,413,cable,0
OUT-00959,FDR-0048,SUB-011,2021-04-05 01:00,2021-04-05 02:11,1.19,animal contact,403,fuse,0
OUT-00960,FDR-0049,SUB-012,2021-08-27 17:00,2021-08-27 19:34,2.58,overload,939,cable,1
OUT-00961,FDR-0049,SUB-012,2021-09-20 16:00,2021-09-20 20:51,4.85,overload,944,switch,1
OUT-00962,FDR-0049,SUB-012,2021-09-05 20:00,2021-09-06 05:13,9.23,storm damage,1207,fuse,1
OUT-00963,FDR-0049,SUB-012,2021-04-13 08:00,2021-04-13 13:43,5.73,vehicle accident,352,switch,0
OUT-00964,FDR-0050,SUB-012,2021-08-07 14:00,2021-08-07 15:59,1.99,equipment failure,642,overhead line,1
OUT-00965,FDR-0050,SUB-012,2021-07-14 13:00,2021-07-14 17:47,4.79,underground cable fault,1179,fuse,1
OUT-00966,FDR-0050,SUB-012,2021-06-15 13:00,2021-06-15 20:45,7.76,overload,1072,fuse,1
OUT-00967,FDR-0050,SUB-012,2021-09-16 15:00,2021-09-16 20:31,5.52,equipment failure,953,switch,1
OUT-00968,FDR-0050,SUB-012,2021-01-12 17:00,2021-01-13 08:40,15.68,lightning,1852,recloser,1
OUT-00969,FDR-0050,SUB-012,2021-09-07 18:00,2021-09-07 19:22,1.37,storm damage,1105,fuse,1
OUT-00970,FDR-0050,SUB-012,2021-01-12 14:00,2021-01-12 23:51,9.85,animal contact,542,cable,1
OUT-00971,FDR-0050,SUB-012,2021-03-22 04:00,2021-03-22 06:57,2.95,equipment failure,421,cable,0
OUT-00972,FDR-0050,SUB-012,2021-10-08 20:00,2021-10-08 20:28,0.48,dig-in,82,switch,0
OUT-00973,FDR-0051,SUB-012,2021-07-11 17:00,2021-07-11 23:57,6.96,overload,1493,cable,1
OUT-00974,FDR-0051,SUB-012,2021-07-18 17:00,2021-07-18 21:20,4.34,equipment failure,1348,transformer,1
OUT-00975,FDR-0051,SUB-012,2021-08-30 14:00,2021-08-31 02:55,12.93,storm damage,759,cable,1
OUT-00976,FDR-0051,SUB-012,2021-03-04 20:00,2021-03-05 01:35,5.59,animal contact,376,switch,0
OUT-00977,FDR-0052,SUB-012,2021-08-16 13:00,2021-08-16 18:40,5.67,overload,680,overhead line,1
OUT-00978,FDR-0052,SUB-012,2021-06-29 17:00,2021-06-29 18:11,1.19,overload,171,switch,1
OUT-00979,FDR-0052,SUB-012,2021-07-25 18:00,2021-07-25 22:49,4.83,equipment failure,801,overhead line,1
OUT-00980,FDR-0052,SUB-012,2021-07-01 17:00,2021-07-01 21:48,4.81,underground cable fault,551,fuse,1
OUT-00981,FDR-0052,SUB-012,2021-12-22 19:00,2021-12-23 03:28,8.48,animal contact,361,cable,1
OUT-00982,FDR-0052,SUB-012,2021-08-30 19:00,2021-08-31 06:03,11.05,animal contact,857,overhead line,1
OUT-00983,FDR-0052,SUB-012,2021-07-16 15:00,2021-07-17 02:43,11.72,tree contact,713,overhead line,1
OUT-00984,FDR-0052,SUB-012,2021-02-18 05:00,2021-02-18 10:15,5.26,dig-in,106,fuse,0
OUT-00985,FDR-0052,SUB-012,2021-03-08 05:00,2021-03-08 06:40,1.67,scheduled maintenance,190,switch,0
OUT-00986,FDR-0053,SUB-012,2021-07-26 16:00,2021-07-26 18:40,2.67,equipment failure,834,recloser,1
OUT-00987,FDR-0053,SUB-012,2021-09-15 16:00,2021-09-15 23:52,7.88,equipment failure,1476,switch,1
OUT-00988,FDR-0053,SUB-012,2021-08-03 15:00,2021-08-03 20:58,5.98,overload,429,switch,1
OUT-00989,FDR-0053,SUB-012,2021-08-24 15:00,2021-08-24 19:25,4.42,equipment failure,954,recloser,1
OUT-00990,FDR-0053,SUB-012,2021-02-03 14:00,2021-02-04 06:21,16.36,animal contact,1847,fuse,1
OUT-00991,FDR-0053,SUB-012,2021-02-12 20:00,2021-02-13 04:04,8.08,lightning,2288,cable,1
OUT-00992,FDR-0053,SUB-012,2021-02-04 17:00,2021-02-04 18:19,1.32,lightning,1250,recloser,1
OUT-00993,FDR-0053,SUB-012,2021-10-20 08:00,2021-10-20 11:46,3.77,scheduled maintenance,361,transformer,0
OUT-00994,FDR-0053,SUB-012,2021-12-25 20:00,2021-12-26 01:41,5.69,scheduled maintenance,362,fuse,0
OUT-00995,FDR-0053,SUB-012,2021-11-15 02:00,2021-11-15 06:39,4.65,equipment failure,11,overhead line,0
OUT-00996,FDR-0054,SUB-013,2021-06-29 15:00,2021-06-29 19:18,4.31,overload,251,recloser,1
OUT-00997,FDR-0054,SUB-013,2021-08-18 16:00,2021-08-18 20:29,4.49,equipment failure,769,switch,1
OUT-00998,FDR-0054,SUB-013,2021-07-17 16:00,2021-07-18 09:40,17.67,lightning,537,recloser,1
OUT-00999,FDR-0054,SUB-013,2021-05-28 16:00,2021-05-28 17:21,1.36,underground cable fault,151,cable,0
OUT-01000,FDR-0055,SUB-013,2021-08-03 13:00,2021-08-03 13:31,0.52,equipment failure,1431,transformer,1
OUT-01001,FDR-0055,SUB-013,2021-09-12 15:00,2021-09-12 22:52,7.88,equipment failure,172,transformer,1
OUT-01002,FDR-0055,SUB-013,2021-07-02 15:00,2021-07-02 21:23,6.39,underground cable fault,573,switch,1
OUT-01003,FDR-0055,SUB-013,2021-09-26 18:00,2021-09-26 20:52,2.88,overload,748,recloser,1
OUT-01004,FDR-0055,SUB-013,2021-08-30 17:00,2021-08-31 03:13,10.23,lightning,2925,cable,1
OUT-01005,FDR-0055,SUB-013,2021-02-12 20:00,2021-02-13 06:51,10.86,lightning,1212,fuse,1
OUT-01006,FDR-0055,SUB-013,2021-09-07 16:00,2021-09-08 08:45,16.75,lightning,880,cable,1
OUT-01007,FDR-0055,SUB-013,2021-02-19 20:00,2021-02-20 01:31,5.52,animal contact,368,overhead line,0
OUT-01008,FDR-0055,SUB-013,2021-10-22 15:00,2021-10-22 18:06,3.11,scheduled maintenance,280,transformer,0
OUT-01009,FDR-0056,SUB-013,2021-08-21 14:00,2021-08-21 19:34,5.58,equipment failure,364,switch,1
OUT-01010,FDR-0056,SUB-013,2021-07-29 18:00,2021-07-29 20:04,2.07,equipment failure,328,switch,1
OUT-01011,FDR-0056,SUB-013,2021-09-04 14:00,2021-09-04 21:27,7.45,underground cable fault,401,switch,1
OUT-01012,FDR-0056,SUB-013,2021-12-22 14:00,2021-12-22 15:29,1.49,storm damage,922,overhead line,1
OUT-01013,FDR-0056,SUB-013,2021-01-01 16:00,2021-01-02 05:24,13.4,tree contact,605,overhead line,1
OUT-01014,FDR-0056,SUB-013,2021-02-27 00:00,2021-02-27 04:53,4.89,dig-in,61,fuse,0
OUT-01015,FDR-0056,SUB-013,2021-10-25 23:00,2021-10-26 00:16,1.28,animal contact,336,fuse,0
OUT-01016,FDR-0056,SUB-013,2021-02-07 04:00,2021-02-07 09:24,5.41,dig-in,10,overhead line,0
OUT-01017,FDR-0057,SUB-013,2021-07-16 13:00,2021-07-16 20:58,7.98,underground cable fault,112,recloser,1
OUT-01018,FDR-0057,SUB-013,2021-08-24 17:00,2021-08-24 17:59,0.99,underground cable fault,988,fuse,1
OUT-01019,FDR-0057,SUB-013,2021-07-27 15:00,2021-07-27 21:34,6.58,animal contact,1413,switch,1
OUT-01020,FDR-0057,SUB-013,2021-02-12 14:00,2021-02-13 00:58,10.97,lightning,1498,overhead line,1
OUT-01021,FDR-0057,SUB-013,2021-04-23 19:00,2021-04-23 20:49,1.82,dig-in,224,overhead line,0
OUT-01022,FDR-0057,SUB-013,2021-01-22 10:00,2021-01-22 14:13,4.23,vehicle accident,277,switch,0
OUT-01023,FDR-0058,SUB-013,2021-06-08 17:00,2021-06-08 19:27,2.46,underground cable fault,505,transformer,1
OUT-01024,FDR-0058,SUB-013,2021-06-09 14:00,2021-06-09 19:45,5.75,equipment failure,729,recloser,1
OUT-01025,FDR-0058,SUB-013,2021-01-12 19:00,2021-01-13 03:07,8.13,animal contact,2795,transformer,1
OUT-01026,FDR-0058,SUB-013,2021-04-19 01:00,2021-04-19 06:55,5.92,scheduled maintenance,360,cable,0
OUT-01027,FDR-0059,SUB-013,2021-07-18 18:00,2021-07-19 00:20,6.34,equipment failure,26,transformer,1
OUT-01028,FDR-0059,SUB-013,2021-09-01 15:00,2021-09-01 18:01,3.03,overload,694,transformer,1
OUT-01029,FDR-0059,SUB-013,2021-07-17 14:00,2021-07-17 20:29,6.49,underground cable fault,1012,overhead line,1
OUT-01030,FDR-0059,SUB-013,2021-07-07 14:00,2021-07-07 14:36,0.6,overload,94,recloser,1
OUT-01031,FDR-0059,SUB-013,2021-12-22 17:00,2021-12-23 02:16,9.28,storm damage,2605,overhead line,1
OUT-01032,FDR-0059,SUB-013,2021-07-13 17:00,2021-07-14 05:54,12.91,tree contact,2513,overhead line,1
OUT-01033,FDR-0059,SUB-013,2021-09-07 15:00,2021-09-07 19:57,4.96,tree contact,2158,recloser,1
OUT-01034,FDR-0059,SUB-013,2021-11-11 05:00,2021-11-11 08:42,3.7,dig-in,105,overhead line,0
OUT-01035,FDR-0059,SUB-013,2021-11-07 02:00,2021-11-07 04:26,2.44,scheduled maintenance,489,cable,0
OUT-01036,FDR-0060,SUB-014,2021-07-07 16:00,2021-07-07 20:04,4.08,underground cable fault,410,overhead line,1
OUT-01037,FDR-0060,SUB-014,2021-09-26 18:00,2021-09-26 18:37,0.63,equipment failure,558,fuse,1
OUT-01038,FDR-0060,SUB-014,2021-09-25 13:00,2021-09-25 20:42,7.7,equipment failure,527,transformer,1
OUT-01039,FDR-0060,SUB-014,2021-06-10 15:00,2021-06-10 20:37,5.62,underground cable fault,140,switch,1
OUT-01040,FDR-0060,SUB-014,2021-07-17 14:00,2021-07-18 04:22,14.38,tree contact,1453,recloser,1
OUT-01041,FDR-0060,SUB-014,2021-01-09 20:00,2021-01-10 06:54,10.91,lightning,655,cable,1
OUT-01042,FDR-0060,SUB-014,2021-01-12 18:00,2021-01-13 00:55,6.92,lightning,1827,switch,1
OUT-01043,FDR-0060,SUB-014,2021-12-05 16:00,2021-12-05 21:52,5.87,vehicle accident,411,overhead line,0
OUT-01044,FDR-0060,SUB-014,2021-12-17 07:00,2021-12-17 08:07,1.13,underground cable fault,278,fuse,0
OUT-01045,FDR-0061,SUB-014,2021-07-21 13:00,2021-07-21 17:28,4.48,underground cable fault,511,switch,1
OUT-01046,FDR-0061,SUB-014,2021-09-18 17:00,2021-09-18 17:45,0.75,equipment failure,38,overhead line,1
OUT-01047,FDR-0061,SUB-014,2021-01-09 18:00,2021-01-10 10:06,16.1,lightning,592,transformer,1
OUT-01048,FDR-0061,SUB-014,2021-07-09 18:00,2021-07-10 03:44,9.74,tree contact,634,switch,1
OUT-01049,FDR-0061,SUB-014,2021-02-14 15:00,2021-02-14 20:33,5.55,animal contact,28,fuse,0
OUT-01050,FDR-0062,SUB-014,2021-07-06 13:00,2021-07-06 19:40,6.68,underground cable fault,1028,switch,1
OUT-01051,FDR-0062,SUB-014,2021-06-18 16:00,2021-06-18 19:36,3.6,equipment failure,847,fuse,1
OUT-01052,FDR-0062,SUB-014,2021-08-05 15:00,2021-08-05 20:24,5.4,overload,1125,transformer,1
OUT-01053,FDR-0062,SUB-014,2021-07-13 14:00,2021-07-13 14:32,0.54,equipment failure,412,transformer,1
OUT-01054,FDR-0062,SUB-014,2021-07-13 16:00,2021-07-14 08:04,16.07,lightning,2052,switch,1
OUT-01055,FDR-0062,SUB-014,2021-07-25 16:00,2021-07-26 02:47,10.79,lightning,1623,overhead line,1
OUT-01056,FDR-0062,SUB-014,2021-12-22 17:00,2021-12-22 21:30,4.51,animal contact,301,transformer,1
OUT-01057,FDR-0062,SUB-014,2021-10-14 13:00,2021-10-14 15:34,2.58,scheduled maintenance,259,cable,0
OUT-01058,FDR-0062,SUB-014,2021-10-26 11:00,2021-10-26 12:26,1.44,vehicle accident,197,transformer,0
OUT-01059,FDR-0062,SUB-014,2021-10-28 07:00,2021-10-28 10:10,3.18,dig-in,493,switch,0
OUT-01060,FDR-0063,SUB-014,2021-09-30 13:00,2021-09-30 15:22,2.37,overload,361,recloser,1
OUT-01061,FDR-0063,SUB-014,2021-07-06 17:00,2021-07-06 21:00,4.0,overload,488,recloser,1
OUT-01062,FDR-0063,SUB-014,2021-08-10 14:00,2021-08-10 18:46,4.77,storm damage,693,cable,1
OUT-01063,FDR-0063,SUB-014,2021-07-09 14:00,2021-07-10 06:06,16.1,animal contact,214,switch,1
OUT-01064,FDR-0063,SUB-014,2021-01-31 23:00,2021-02-01 00:15,1.25,animal contact,110,transformer,0
OUT-01065,FDR-0063,SUB-014,2021-10-11 15:00,2021-10-11 20:38,5.64,scheduled maintenance,87,transformer,0
OUT-01066,FDR-0064,SUB-014,2021-07-27 17:00,2021-07-27 23:42,6.71,equipment failure,99,overhead line,1
OUT-01067,FDR-0064,SUB-014,2021-08-25 16:00,2021-08-25 23:04,7.08,underground cable fault,136,recloser,1
OUT-01068,FDR-0064,SUB-014,2021-07-10 16:00,2021-07-10 19:09,3.15,underground cable fault,440,fuse,1
OUT-01069,FDR-0064,SUB-014,2021-07-27 17:00,2021-07-27 23:00,6.0,underground cable fault,147,overhead line,1
OUT-01070,FDR-0064,SUB-014,2021-02-12 14:00,2021-02-13 03:53,13.89,storm damage,141,fuse,1
OUT-01071,FDR-0064,SUB-014,2021-08-10 19:00,2021-08-10 21:36,2.61,tree contact,83,overhead line,1
OUT-01072,FDR-0064,SUB-014,2021-01-09 18:00,2021-01-10 11:04,17.08,tree contact,133,switch,1
OUT-01073,FDR-0064,SUB-014,2021-02-09 23:00,2021-02-10 04:43,5.72,animal contact,172,recloser,0
OUT-01074,FDR-0064,SUB-014,2021-12-16 13:00,2021-12-16 13:45,0.75,animal contact,274,fuse,0
OUT-01075,FDR-0064,SUB-014,2021-05-09 16:00,2021-05-09 20:10,4.17,scheduled maintenance,478,fuse,0
OUT-01076,FDR-0065,SUB-014,2021-07-31 13:00,2021-07-31 20:18,7.3,equipment failure,25,cable,1
OUT-01077,FDR-0065,SUB-014,2021-09-26 14:00,2021-09-26 19:41,5.69,underground cable fault,935,overhead line,1
OUT-01078,FDR-0065,SUB-014,2021-07-16 17:00,2021-07-17 00:17,7.29,tree contact,662,cable,1
OUT-01079,FDR-0065,SUB-014,2021-07-17 20:00,2021-07-17 23:57,3.96,storm damage,2589,recloser,1
OUT-01080,FDR-0065,SUB-014,2021-05-27 09:00,2021-05-27 09:46,0.77,equipment failure,466,switch,0
OUT-01081,FDR-0066,SUB-015,2021-06-24 16:00,2021-06-24 21:52,5.87,overload,479,overhead line,1
OUT-01082,FDR-0066,SUB-015,2021-09-18 17:00,2021-09-18 23:30,6.51,equipment failure,929,switch,1
OUT-01083,FDR-0066,SUB-015,2021-02-03 16:00,2021-02-04 09:15,17.25,storm damage,2448,transformer,1
OUT-01084,FDR-0066,SUB-015,2021-08-30 16:00,2021-08-30 19:45,3.75,tree contact,1150,transformer,1
OUT-01085,FDR-0066,SUB-015,2021-03-05 03:00,2021-03-05 04:04,1.08,animal contact,489,transformer,0
OUT-01086,FDR-0067,SUB-015,2021-09-07 15:00,2021-09-07 22:36,7.6,equipment failure,324,overhead line,1
OUT-01087,FDR-0067,SUB-015,2021-07-01 14:00,2021-07-01 19:38,5.64,equipment failure,630,recloser,1
OUT-01088,FDR-0067,SUB-015,2021-07-25 15:00,2021-07-26 01:28,10.47,animal contact,564,recloser,1
OUT-01089,FDR-0067,SUB-015,2021-12-03 09:00,2021-12-03 11:26,2.44,vehicle accident,337,switch,0
OUT-01090,FDR-0068,SUB-015,2021-07-01 17:00,2021-07-01 19:32,2.54,underground cable fault,395,cable,1
OUT-01091,FDR-0068,SUB-015,2021-06-27 16:00,2021-06-27 18:40,2.67,underground cable fault,546,cable,1
OUT-01092,FDR-0068,SUB-015,2021-08-10 18:00,2021-08-10 21:18,3.3,lightning,90,fuse,1
OUT-01093,FDR-0068,SUB-015,2021-02-12 20:00,2021-02-13 06:18,10.3,animal contact,342,cable,1
OUT-01094,FDR-0068,SUB-015,2021-04-21 14:00,2021-04-21 16:28,2.47,animal contact,53,fuse,0
OUT-01095,FDR-0069,SUB-015,2021-06-23 15:00,2021-06-23 19:39,4.66,underground cable fault,197,overhead line,1
OUT-01096,FDR-0069,SUB-015,2021-08-25 14:00,2021-08-25 17:48,3.8,equipment failure,127,overhead line,1
OUT-01097,FDR-0069,SUB-015,2021-01-28 18:00,2021-01-29 10:20,16.34,storm damage,153,overhead line,1
OUT-01098,FDR-0069,SUB-015,2021-10-30 17:00,2021-10-30 20:36,3.6,underground cable fault,3,cable,0
OUT-01099,FDR-0070,SUB-015,2021-07-28 18:00,2021-07-29 01:28,7.48,underground cable fault,1182,overhead line,1
OUT-01100,FDR-0070,SUB-015,2021-09-01 14:00,2021-09-01 20:27,6.45,equipment failure,1454,overhead line,1
OUT-01101,FDR-0070,SUB-015,2021-09-27 15:00,2021-09-27 17:16,2.28,underground cable fault,580,transformer,1
OUT-01102,FDR-0070,SUB-015,2021-06-10 13:00,2021-06-10 14:10,1.18,overload,332,recloser,1
OUT-01103,FDR-0070,SUB-015,2021-08-10 16:00,2021-08-11 02:23,10.39,tree contact,303,overhead line,1
OUT-01104,FDR-0070,SUB-015,2021-08-30 17:00,2021-08-31 05:49,12.83,storm damage,537,transformer,1
OUT-01105,FDR-0070,SUB-015,2021-02-12 18:00,2021-02-12 22:57,4.95,tree contact,2913,transformer,1
OUT-01106,FDR-0070,SUB-015,2021-03-24 02:00,2021-03-24 04:09,2.16,underground cable fault,496,fuse,0
OUT-01107,FDR-0070,SUB-015,2021-02-09 10:00,2021-02-09 10:40,0.67,equipment failure,224,overhead line,0
OUT-01108,FDR-0071,SUB-016,2021-08-28 16:00,2021-08-28 22:58,6.98,equipment failure,1448,recloser,1
OUT-01109,FDR-0071,SUB-016,2021-08-01 15:00,2021-08-01 19:07,4.13,underground cable fault,89,recloser,1
OUT-01110,FDR-0071,SUB-016,2021-07-17 15:00,2021-07-18 08:06,17.1,lightning,2481,cable,1
OUT-01111,FDR-0071,SUB-016,2021-04-23 05:00,2021-04-23 10:42,5.7,vehicle accident,211,cable,0
OUT-01112,FDR-0072,SUB-016,2021-09-14 13:00,2021-09-14 19:08,6.14,equipment failure,163,switch,1
OUT-01113,FDR-0072,SUB-016,2021-07-26 17:00,2021-07-26 19:09,2.16,overload,174,switch,1
OUT-01114,FDR-0072,SUB-016,2021-07-18 13:00,2021-07-18 15:48,2.81,overload,166,switch,1
OUT-01115,FDR-0072,SUB-016,2021-07-16 19:00,2021-07-17 06:45,11.76,lightning,165,cable,1
OUT-01116,FDR-0072,SUB-016,2021-09-07 20:00,2021-09-08 13:17,17.29,animal contact,122,transformer,1
OUT-01117,FDR-0072,SUB-016,2021-02-09 01:00,2021-02-09 05:36,4.61,animal contact,90,switch,0
OUT-01118,FDR-0072,SUB-016,2021-10-14 23:00,2021-10-15 03:37,4.63,equipment failure,337,fuse,0
OUT-01119,FDR-0072,SUB-016,2021-02-21 23:00,2021-02-22 04:03,5.05,underground cable fault,10,transformer,0
OUT-01120,FDR-0073,SUB-016,2021-08-04 14:00,2021-08-04 15:38,1.64,equipment failure,1045,cable,1
OUT-01121,FDR-0073,SUB-016,2021-08-29 15:00,2021-08-29 18:08,3.14,overload,927,fuse,1
OUT-01122,FDR-0073,SUB-016,2021-06-12 16:00,2021-06-12 17:27,1.45,overload,32,fuse,1
OUT-01123,FDR-0073,SUB-016,2021-09-07 19:00,2021-09-07 21:01,2.03,storm damage,1511,recloser,1
OUT-01124,FDR-0073,SUB-016,2021-09-07 20:00,2021-09-08 07:42,11.71,animal contact,803,overhead line,1
OUT-01125,FDR-0073,SUB-016,2021-04-29 13:00,2021-04-29 18:52,5.87,dig-in,119,transformer,0
OUT-01126,FDR-0073,SUB-016,2021-03-09 09:00,2021-03-09 10:06,1.1,scheduled maintenance,236,fuse,0
OUT-01127,FDR-0074,SUB-016,2021-09-15 13:00,2021-09-15 14:55,1.93,equipment failure,634,fuse,1
OUT-01128,FDR-0074,SUB-016,2021-08-11 15:00,2021-08-11 17:40,2.67,equipment failure,1334,fuse,1
OUT-01129,FDR-0074,SUB-016,2021-09-07 15:00,2021-09-08 04:46,13.77,storm damage,2412,cable,1
OUT-01130,FDR-0074,SUB-016,2021-04-21 17:00,2021-04-21 22:19,5.33,underground cable fault,450,cable,0
OUT-01131,FDR-0075,SUB-016,2021-06-23 18:00,2021-06-24 01:36,7.61,underground cable fault,504,fuse,1
OUT-01132,FDR-0075,SUB-016,2021-07-27 18:00,2021-07-28 01:03,7.05,underground cable fault,254,fuse,1
OUT-01133,FDR-0075,SUB-016,2021-08-30 18:00,2021-08-31 02:41,8.69,animal contact,227,recloser,1
OUT-01134,FDR-0075,SUB-016,2021-02-04 17:00,2021-02-05 06:28,13.48,tree contact,837,switch,1
OUT-01135,FDR-0075,SUB-016,2021-05-31 13:00,2021-05-31 13:29,0.49,dig-in,185,fuse,0
OUT-01136,FDR-0075,SUB-016,2021-01-13 07:00,2021-01-13 08:39,1.65,underground cable fault,52,transformer,0
OUT-01137,FDR-0076,SUB-017,2021-08-03 16:00,2021-08-03 20:46,4.77,underground cable fault,270,switch,1
OUT-01138,FDR-0076,SUB-017,2021-09-06 17:00,2021-09-06 20:31,3.52,underground cable fault,296,fuse,1
OUT-01139,FDR-0076,SUB-017,2021-07-13 17:00,2021-07-13 19:01,2.02,storm damage,1507,transformer,1
OUT-01140,FDR-0076,SUB-017,2021-04-29 21:00,2021-04-30 00:01,3.02,equipment failure,150,recloser,0
OUT-01141,FDR-0077,SUB-017,2021-06-30 15:00,2021-06-30 21:44,6.74,underground cable fault,623,overhead line,1
OUT-01142,FDR-0077,SUB-017,2021-06-28 14:00,2021-06-28 17:49,3.82,overload,249,switch,1
OUT-01143,FDR-0077,SUB-017,2021-07-25 15:00,2021-07-25 18:45,3.76,overload,1094,transformer,1
OUT-01144,FDR-0077,SUB-017,2021-09-27 18:00,2021-09-27 20:06,2.1,equipment failure,848,fuse,1
OUT-01145,FDR-0077,SUB-017,2021-01-12 20:00,2021-01-12 21:56,1.94,storm damage,1461,transformer,1
OUT-01146,FDR-0077,SUB-017,2021-07-27 17:00,2021-07-28 05:43,12.72,lightning,1179,recloser,1
OUT-01147,FDR-0077,SUB-017,2021-01-28 20:00,2021-01-29 13:14,17.24,animal contact,1100,transformer,1
OUT-01148,FDR-0077,SUB-017,2021-02-07 00:00,2021-02-07 04:18,4.31,equipment failure,118,switch,0
OUT-01149,FDR-0077,SUB-017,2021-02-07 02:00,2021-02-07 06:19,4.32,vehicle accident,378,recloser,0
OUT-01150,FDR-0078,SUB-017,2021-08-16 17:00,2021-08-16 18:11,1.19,equipment failure,384,overhead line,1
OUT-01151,FDR-0078,SUB-017,2021-07-16 15:00,2021-07-16 22:43,7.72,underground cable fault,1394,cable,1
OUT-01152,FDR-0078,SUB-017,2021-07-13 14:00,2021-07-13 18:42,4.7,overload,25,overhead line,1
OUT-01153,FDR-0078,SUB-017,2021-06-29 17:00,2021-06-30 00:31,7.52,underground cable fault,143,cable,1
OUT-01154,FDR-0078,SUB-017,2021-09-07 15:00,2021-09-07 23:09,8.16,animal contact,1404,transformer,1
OUT-01155,FDR-0078,SUB-017,2021-07-25 15:00,2021-07-25 16:45,1.75,tree contact,150,cable,1
OUT-01156,FDR-0078,SUB-017,2021-08-10 17:00,2021-08-10 20:54,3.91,tree contact,153,transformer,1
OUT-01157,FDR-0078,SUB-017,2021-05-31 05:00,2021-05-31 07:45,2.75,dig-in,459,transformer,0
OUT-01158,FDR-0078,SUB-017,2021-01-15 07:00,2021-01-15 07:21,0.36,scheduled maintenance,245,fuse,0
OUT-01159,FDR-0079,SUB-017,2021-06-23 13:00,2021-06-23 19:16,6.27,underground cable fault,642,cable,1
OUT-01160,FDR-0079,SUB-017,2021-09-03 13:00,2021-09-03 17:15,4.25,underground cable fault,424,fuse,1
OUT-01161,FDR-0079,SUB-017,2021-08-01 15:00,2021-08-01 22:26,7.44,underground cable fault,604,recloser,1
OUT-01162,FDR-0079,SUB-017,2021-08-13 13:00,2021-08-13 14:19,1.33,overload,839,transformer,1
OUT-01163,FDR-0079,SUB-017,2021-09-02 16:00,2021-09-03 03:57,11.95,tree contact,728,transformer,1
OUT-01164,FDR-0079,SUB-017,2021-07-13 15:00,2021-07-13 22:46,7.78,tree contact,736,switch,1
OUT-01165,FDR-0079,SUB-017,2021-01-09 16:00,2021-01-10 07:34,15.57,lightning,596,cable,1
OUT-01166,FDR-0079,SUB-017,2021-04-19 12:00,2021-04-19 13:07,1.12,scheduled maintenance,59,overhead line,0
OUT-01167,FDR-0079,SUB-017,2021-12-18 03:00,2021-12-18 04:13,1.22,dig-in,298,fuse,0
OUT-01168,FDR-0079,SUB-017,2021-01-13 17:00,2021-01-13 20:00,3.01,animal contact,145,overhead line,0
OUT-01169,FDR-0080,SUB-018,2021-08-24 14:00,2021-08-24 15:31,1.53,overload,1353,transformer,1
OUT-01170,FDR-0080,SUB-018,2021-08-05 17:00,2021-08-05 22:24,5.4,underground cable fault,495,recloser,1
OUT-01171,FDR-0080,SUB-018,2021-06-23 16:00,2021-06-23 20:28,4.48,overload,332,recloser,1
OUT-01172,FDR-0080,SUB-018,2021-07-16 16:00,2021-07-16 19:07,3.12,animal contact,1220,recloser,1
OUT-01173,FDR-0080,SUB-018,2021-09-05 16:00,2021-09-05 23:58,7.98,tree contact,142,cable,1
OUT-01174,FDR-0080,SUB-018,2021-10-03 09:00,2021-10-03 10:19,1.33,underground cable fault,66,transformer,0
OUT-01175,FDR-0080,SUB-018,2021-10-25 06:00,2021-10-25 10:19,4.32,scheduled maintenance,22,switch,0
OUT-01176,FDR-0080,SUB-018,2021-04-12 15:00,2021-04-12 16:55,1.92,vehicle accident,475,switch,0
OUT-01177,FDR-0081,SUB-018,2021-08-02 17:00,2021-08-02 21:00,4.01,equipment failure,806,recloser,1
OUT-01178,FDR-0081,SUB-018,2021-06-19 15:00,2021-06-19 17:04,2.08,overload,175,overhead line,1
OUT-01179,FDR-0081,SUB-018,2021-07-30 15:00,2021-07-30 19:46,4.77,equipment failure,302,recloser,1
OUT-01180,FDR-0081,SUB-018,2021-07-30 17:00,2021-07-30 23:04,6.08,underground cable fault,894,fuse,1
OUT-01181,FDR-0081,SUB-018,2021-08-30 17:00,2021-08-31 07:40,14.68,animal contact,1956,overhead line,1
OUT-01182,FDR-0081,SUB-018,2021-08-10 18:00,2021-08-11 05:24,11.41,animal contact,901,cable,1
OUT-01183,FDR-0081,SUB-018,2021-01-28 19:00,2021-01-29 09:55,14.92,animal contact,901,cable,1
OUT-01184,FDR-0081,SUB-018,2021-11-01 11:00,2021-11-01 12:18,1.31,dig-in,165,transformer,0
OUT-01185,FDR-0081,SUB-018,2021-03-14 22:00,2021-03-14 23:40,1.68,underground cable fault,453,cable,0
OUT-01186,FDR-0081,SUB-018,2021-10-08 04:00,2021-10-08 09:25,5.43,vehicle accident,162,transformer,0
OUT-01187,FDR-0082,SUB-018,2021-06-08 13:00,2021-06-08 16:40,3.67,equipment failure,792,transformer,1
OUT-01188,FDR-0082,SUB-018,2021-08-22 18:00,2021-08-23 01:42,7.71,equipment failure,1260,overhead line,1
OUT-01189,FDR-0082,SUB-018,2021-09-22 14:00,2021-09-22 17:49,3.82,underground cable fault,881,recloser,1
OUT-01190,FDR-0082,SUB-018,2021-09-10 17:00,2021-09-10 21:32,4.54,equipment failure,893,overhead line,1
OUT-01191,FDR-0082,SUB-018,2021-09-05 20:00,2021-09-06 05:43,9.72,storm damage,2621,transformer,1
OUT-01192,FDR-0082,SUB-018,2021-01-12 20:00,2021-01-13 09:16,13.28,tree contact,870,recloser,1
OUT-01193,FDR-0082,SUB-018,2021-07-13 20:00,2021-07-14 00:52,4.88,animal contact,1285,overhead line,1
OUT-01194,FDR-0082,SUB-018,2021-11-10 21:00,2021-11-10 22:13,1.22,animal contact,189,fuse,0
OUT-01195,FDR-0082,SUB-018,2021-05-11 12:00,2021-05-11 16:40,4.68,equipment failure,476,transformer,0
OUT-01196,FDR-0082,SUB-018,2021-11-21 05:00,2021-11-21 06:41,1.69,equipment failure,381,transformer,0
OUT-01197,FDR-0083,SUB-018,2021-07-01 14:00,2021-07-01 16:36,2.6,equipment failure,1090,fuse,1
OUT-01198,FDR-0083,SUB-018,2021-06-03 17:00,2021-06-03 18:34,1.57,equipment failure,550,cable,1
OUT-01199,FDR-0083,SUB-018,2021-08-02 16:00,2021-08-02 20:04,4.08,equipment failure,767,fuse,1
OUT-01200,FDR-0083,SUB-018,2021-07-25 14:00,2021-07-26 04:19,14.32,lightning,2384,transformer,1
OUT-01201,FDR-0083,SUB-018,2021-02-03 17:00,2021-02-04 04:33,11.56,storm damage,1995,overhead line,1
OUT-01202,FDR-0083,SUB-018,2021-11-20 18:00,2021-11-20 23:43,5.73,equipment failure,58,recloser,0
OUT-01203,FDR-0083,SUB-018,2021-04-03 05:00,2021-04-03 08:52,3.87,dig-in,16,switch,0
OUT-01204,FDR-0083,SUB-018,2021-05-20 08:00,2021-05-20 10:03,2.06,dig-in,272,fuse,0
OUT-01205,FDR-0084,SUB-018,2021-08-28 17:00,2021-08-29 00:40,7.68,underground cable fault,46,cable,1
OUT-01206,FDR-0084,SUB-018,2021-06-19 13:00,2021-06-19 19:22,6.37,underground cable fault,1494,overhead line,1
OUT-01207,FDR-0084,SUB-018,2021-01-09 20:00,2021-01-10 08:43,12.72,tree contact,721,cable,1
OUT-01208,FDR-0084,SUB-018,2021-04-21 03:00,2021-04-21 04:11,1.19,scheduled maintenance,473,recloser,0
OUT-01209,FDR-0085,SUB-019,2021-07-13 18:00,2021-07-13 19:16,1.27,underground cable fault,1008,fuse,1
OUT-01210,FDR-0085,SUB-019,2021-08-28 14:00,2021-08-28 21:22,7.37,underground cable fault,909,overhead line,1
OUT-01211,FDR-0085,SUB-019,2021-07-15 14:00,2021-07-15 17:34,3.57,equipment failure,1389,overhead line,1
OUT-01212,FDR-0085,SUB-019,2021-07-26 13:00,2021-07-26 18:10,5.17,underground cable fault,352,fuse,1
OUT-01213,FDR-0085,SUB-019,2021-09-05 16:00,2021-09-06 04:13,12.23,animal contact,543,cable,1
OUT-01214,FDR-0085,SUB-019,2021-08-10 16:00,2021-08-11 09:01,17.03,storm damage,854,overhead line,1
OUT-01215,FDR-0085,SUB-019,2021-09-02 19:00,2021-09-03 09:24,14.4,storm damage,996,fuse,1
OUT-01216,FDR-0085,SUB-019,2021-04-08 12:00,2021-04-08 16:24,4.41,dig-in,162,fuse,0
OUT-01217,FDR-0085,SUB-019,2021-10-10 05:00,2021-10-10 07:07,2.13,underground cable fault,260,cable,0
OUT-01218,FDR-0085,SUB-019,2021-03-24 04:00,2021-03-24 05:49,1.82,underground cable fault,197,cable,0
OUT-01219,FDR-0086,SUB-019,2021-08-12 15:00,2021-08-12 17:15,2.25,overload,503,transformer,1
OUT-01220,FDR-0086,SUB-019,2021-07-16 18:00,2021-07-16 22:40,4.67,underground cable fault,21,fuse,1
OUT-01221,FDR-0086,SUB-019,2021-06-27 15:00,2021-06-27 21:01,6.02,underground cable fault,1128,fuse,1
OUT-01222,FDR-0086,SUB-019,2021-07-26 14:00,2021-07-26 16:15,2.26,overload,987,overhead line,1
OUT-01223,FDR-0086,SUB-019,2021-08-30 17:00,2021-08-31 02:24,9.4,lightning,1837,cable,1
OUT-01224,FDR-0086,SUB-019,2021-09-07 20:00,2021-09-08 04:11,8.19,lightning,1086,transformer,1
OUT-01225,FDR-0086,SUB-019,2021-02-12 17:00,2021-02-13 08:30,15.51,tree contact,2097,recloser,1
OUT-01226,FDR-0086,SUB-019,2021-02-26 18:00,2021-02-26 21:18,3.3,equipment failure,317,fuse,0
OUT-01227,FDR-0086,SUB-019,2021-01-20 23:00,2021-01-21 04:43,5.73,dig-in,126,switch,0
OUT-01228,FDR-0087,SUB-019,2021-06-17 14:00,2021-06-17 19:27,5.46,overload,1326,switch,1
OUT-01229,FDR-0087,SUB-019,2021-07-09 17:00,2021-07-09 23:52,6.87,equipment failure,834,switch,1
OUT-01230,FDR-0087,SUB-019,2021-07-17 17:00,2021-07-18 05:46,12.78,tree contact,2036,cable,1
OUT-01231,FDR-0087,SUB-019,2021-01-14 11:00,2021-01-14 14:33,3.56,underground cable fault,265,recloser,0
OUT-01232,FDR-0088,SUB-020,2021-07-23 13:00,2021-07-23 14:13,1.22,underground cable fault,1488,fuse,1
OUT-01233,FDR-0088,SUB-020,2021-08-04 16:00,2021-08-04 17:51,1.85,overload,331,overhead line,1
OUT-01234,FDR-0088,SUB-020,2021-01-12 19:00,2021-01-13 00:42,5.71,animal contact,852,transformer,1
OUT-01235,FDR-0088,SUB-020,2021-05-10 19:00,2021-05-10 19:51,0.85,vehicle accident,322,overhead line,0
OUT-01236,FDR-0089,SUB-020,2021-08-28 13:00,2021-08-28 15:44,2.74,underground cable fault,798,switch,1
OUT-01237,FDR-0089,SUB-020,2021-08-21 13:00,2021-08-21 20:29,7.49,overload,239,switch,1
OUT-01238,FDR-0089,SUB-020,2021-01-28 15:00,2021-01-28 18:13,3.22,storm damage,1123,recloser,1
OUT-01239,FDR-0089,SUB-020,2021-09-02 15:00,2021-09-02 19:21,4.36,storm damage,1168,fuse,1
OUT-01240,FDR-0089,SUB-020,2021-10-03 09:00,2021-10-03 10:58,1.97,underground cable fault,187,switch,0
OUT-01241,FDR-0089,SUB-020,2021-11-15 00:00,2021-11-15 01:24,1.4,vehicle accident,316,transformer,0
OUT-01242,FDR-0090,SUB-020,2021-08-11 14:00,2021-08-11 16:01,2.02,underground cable fault,487,transformer,1
OUT-01243,FDR-0090,SUB-020,2021-08-11 16:00,2021-08-11 23:36,7.6,overload,231,overhead line,1
OUT-01244,FDR-0090,SUB-020,2021-07-25 20:00,2021-07-26 02:49,6.83,animal contact,620,cable,1
OUT-01245,FDR-0090,SUB-020,2021-07-13 19:00,2021-07-13 21:01,2.02,animal contact,228,cable,1
OUT-01246,FDR-0090,SUB-020,2021-04-10 07:00,2021-04-10 07:43,0.73,scheduled maintenance,51,fuse,0
OUT-01247,FDR-0090,SUB-020,2021-05-11 02:00,2021-05-11 03:13,1.23,vehicle accident,266,switch,0
OUT-01248,FDR-0091,SUB-020,2021-09-26 13:00,2021-09-26 19:08,6.14,equipment failure,184,cable,1
OUT-01249,FDR-0091,SUB-020,2021-09-06 15:00,2021-09-06 18:31,3.52,equipment failure,968,switch,1
OUT-01250,FDR-0091,SUB-020,2021-09-02 16:00,2021-09-03 05:57,13.95,animal contact,625,fuse,1
OUT-01251,FDR-0091,SUB-020,2021-12-22 15:00,2021-12-22 16:48,1.81,lightning,124,transformer,1
OUT-01252,FDR-0091,SUB-020,2021-04-10 03:00,2021-04-10 06:25,3.42,equipment failure,128,fuse,0
OUT-01253,FDR-0092,SUB-020,2021-09-05 17:00,2021-09-05 23:43,6.72,underground cable fault,865,fuse,1
OUT-01254,FDR-0092,SUB-020,2021-07-09 15:00,2021-07-09 19:20,4.34,underground cable fault,351,transformer,1
OUT-01255,FDR-0092,SUB-020,2021-08-27 17:00,2021-08-27 22:15,5.26,equipment failure,829,transformer,1
OUT-01256,FDR-0092,SUB-020,2021-01-12 16:00,2021-01-13 05:20,13.34,animal contact,560,switch,1
OUT-01257,FDR-0092,SUB-020,2021-01-01 19:00,2021-01-01 22:58,3.97,lightning,1411,recloser,1
OUT-01258,FDR-0092,SUB-020,2021-10-27 22:00,2021-10-28 01:09,3.16,vehicle accident,192,overhead line,0
OUT-01259,FDR-0092,SUB-020,2021-05-19 14:00,2021-05-19 14:30,0.51,dig-in,394,cable,0
OUT-01260,FDR-0092,SUB-020,2021-01-21 12:00,2021-01-21 15:32,3.54,underground cable fault,161,recloser,0
OUT-01261,FDR-0093,SUB-020,2021-06-09 15:00,2021-06-09 22:56,7.94,equipment failure,1053,overhead line,1
OUT-01262,FDR-0093,SUB-020,2021-08-05 18:00,2021-08-05 21:10,3.17,equipment failure,608,transformer,1
OUT-01263,FDR-0093,SUB-020,2021-06-04 15:00,2021-06-04 16:06,1.1,equipment failure,467,fuse,1
OUT-01264,FDR-0093,SUB-020,2021-07-16 19:00,2021-07-17 03:00,8.01,lightning,452,cable,1
OUT-01265,FDR-0093,SUB-020,2021-01-28 20:00,2021-01-29 10:00,14.01,tree contact,1261,recloser,1
OUT-01266,FDR-0093,SUB-020,2021-12-17 22:00,2021-12-18 00:38,2.64,scheduled maintenance,402,transformer,0
OUT-01267,FDR-0093,SUB-020,2021-10-15 12:00,2021-10-15 14:18,2.3,dig-in,337,cable,0
OUT-01268,FDR-0093,SUB-020,2021-03-19 18:00,2021-03-19 21:08,3.14,equipment failure,52,recloser,0
OUT-01269,FDR-0094,SUB-021,2021-08-03 17:00,2021-08-04 00:10,7.17,overload,554,cable,1
OUT-01270,FDR-0094,SUB-021,2021-08-19 17:00,2021-08-19 19:40,2.67,overload,1282,cable,1
OUT-01271,FDR-0094,SUB-021,2021-06-20 14:00,2021-06-20 14:36,0.6,underground cable fault,1385,cable,1
OUT-01272,FDR-0094,SUB-021,2021-07-27 17:00,2021-07-27 19:31,2.52,overload,492,fuse,1
OUT-01273,FDR-0094,SUB-021,2021-09-05 15:00,2021-09-06 07:01,16.02,tree contact,384,switch,1
OUT-01274,FDR-0094,SUB-021,2021-08-30 14:00,2021-08-30 20:54,6.9,lightning,2288,switch,1
OUT-01275,FDR-0094,SUB-021,2021-07-13 15:00,2021-07-14 04:42,13.7,tree contact,1096,overhead line,1
OUT-01276,FDR-0094,SUB-021,2021-05-15 04:00,2021-05-15 09:28,5.47,underground cable fault,193,cable,0
OUT-01277,FDR-0094,SUB-021,2021-02-25 03:00,2021-02-25 08:04,5.08,vehicle accident,235,fuse,0
OUT-01278,FDR-0094,SUB-021,2021-05-07 06:00,2021-05-07 06:31,0.52,equipment failure,266,fuse,0
OUT-01279,FDR-0095,SUB-021,2021-07-25 17:00,2021-07-25 18:28,1.47,underground cable fault,744,switch,1
OUT-01280,FDR-0095,SUB-021,2021-08-18 15:00,2021-08-18 22:43,7.73,underground cable fault,154,switch,1
OUT-01281,FDR-0095,SUB-021,2021-01-01 18:00,2021-01-02 10:04,16.08,animal contact,2354,transformer,1
OUT-01282,FDR-0095,SUB-021,2021-09-02 20:00,2021-09-03 11:54,15.9,storm damage,325,transformer,1
OUT-01283,FDR-0095,SUB-021,2021-01-10 08:00,2021-01-10 10:34,2.57,animal contact,148,fuse,0
OUT-01284,FDR-0096,SUB-021,2021-06-20 16:00,2021-06-20 23:58,7.97,overload,20,cable,1
OUT-01285,FDR-0096,SUB-021,2021-08-01 14:00,2021-08-01 15:43,1.73,equipment failure,1163,switch,1
OUT-01286,FDR-0096,SUB-021,2021-08-21 15:00,2021-08-21 15:36,0.61,overload,1237,cable,1
OUT-01287,FDR-0096,SUB-021,2021-08-27 13:00,2021-08-27 20:51,7.86,overload,1087,cable,1
OUT-01288,FDR-0096,SUB-021,2021-01-01 20:00,2021-01-02 00:57,4.95,tree contact,529,overhead line,1
OUT-01289,FDR-0096,SUB-021,2021-07-17 16:00,2021-07-17 22:19,6.32,lightning,678,switch,1
OUT-01290,FDR-0096,SUB-021,2021-01-12 15:00,2021-01-13 07:45,16.75,lightning,1207,fuse,1
OUT-01291,FDR-0096,SUB-021,2021-01-05 04:00,2021-01-05 06:55,2.92,dig-in,90,switch,0
OUT-01292,FDR-0096,SUB-021,2021-03-18 15:00,2021-03-18 15:22,0.37,vehicle accident,38,recloser,0
OUT-01293,FDR-0097,SUB-022,2021-07-23 17:00,2021-07-23 22:28,5.47,overload,640,transformer,1
OUT-01294,FDR-0097,SUB-022,2021-08-11 17:00,2021-08-11 22:37,5.62,equipment failure,481,recloser,1
OUT-01295,FDR-0097,SUB-022,2021-08-16 16:00,2021-08-16 20:12,4.2,overload,596,fuse,1
OUT-01296,FDR-0097,SUB-022,2021-09-02 15:00,2021-09-02 21:58,6.98,tree contact,81,cable,1
OUT-01297,FDR-0097,SUB-022,2021-02-12 15:00,2021-02-13 01:04,10.08,animal contact,1371,recloser,1
OUT-01298,FDR-0097,SUB-022,2021-04-28 13:00,2021-04-28 14:06,1.11,dig-in,488,cable,0
OUT-01299,FDR-0097,SUB-022,2021-01-25 10:00,2021-01-25 14:02,4.04,dig-in,73,switch,0
OUT-01300,FDR-0098,SUB-022,2021-06-20 14:00,2021-06-20 20:27,6.45,equipment failure,951,cable,1
OUT-01301,FDR-0098,SUB-022,2021-08-07 13:00,2021-08-07 19:30,6.5,underground cable fault,244,recloser,1
OUT-01302,FDR-0098,SUB-022,2021-01-09 20:00,2021-01-09 22:49,2.83,lightning,1007,overhead line,1
OUT-01303,FDR-0098,SUB-022,2021-03-16 01:00,2021-03-16 05:34,4.57,underground cable fault,202,overhead line,0
OUT-01304,FDR-0099,SUB-022,2021-07-08 15:00,2021-07-08 17:35,2.59,equipment failure,897,switch,1
OUT-01305,FDR-0099,SUB-022,2021-08-30 18:00,2021-08-31 00:48,6.81,equipment failure,392,transformer,1
OUT-01306,FDR-0099,SUB-022,2021-09-22 13:00,2021-09-22 19:51,6.86,equipment failure,1202,switch,1
OUT-01307,FDR-0099,SUB-022,2021-07-25 19:00,2021-07-25 20:16,1.27,tree contact,2214,cable,1
OUT-01308,FDR-0099,SUB-022,2021-07-16 16:00,2021-07-17 06:36,14.6,lightning,1361,overhead line,1
OUT-01309,FDR-0099,SUB-022,2021-10-07 19:00,2021-10-08 00:13,5.22,underground cable fault,317,cable,0
OUT-01310,FDR-0099,SUB-022,2021-04-29 02:00,2021-04-29 04:12,2.2,underground cable fault,80,cable,0
OUT-01311,FDR-0099,SUB-022,2021-12-13 12:00,2021-12-13 17:51,5.85,scheduled maintenance,168,recloser,0
OUT-01312,FDR-0100,SUB-023,2021-09-20 18:00,2021-09-21 01:22,7.37,underground cable fault,826,switch,1
OUT-01313,FDR-0100,SUB-023,2021-09-29 14:00,2021-09-29 15:40,1.68,underground cable fault,219,overhead line,1
OUT-01314,FDR-0100,SUB-023,2021-01-01 17:00,2021-01-02 05:15,12.26,lightning,221,fuse,1
OUT-01315,FDR-0100,SUB-023,2021-03-20 12:00,2021-03-20 15:43,3.73,scheduled maintenance,69,overhead line,0
OUT-01316,FDR-0101,SUB-023,2021-07-09 16:00,2021-07-09 21:55,5.92,underground cable fault,1025,recloser,1
OUT-01317,FDR-0101,SUB-023,2021-08-02 16:00,2021-08-02 18:10,2.17,underground cable fault,1296,fuse,1
OUT-01318,FDR-0101,SUB-023,2021-02-04 18:00,2021-02-05 00:11,6.19,tree contact,750,switch,1
OUT-01319,FDR-0101,SUB-023,2021-10-27 23:00,2021-10-28 01:13,2.22,animal contact,420,fuse,0
OUT-01320,FDR-0102,SUB-023,2021-07-05 17:00,2021-07-05 21:48,4.8,underground cable fault,285,transformer,1
OUT-01321,FDR-0102,SUB-023,2021-07-03 17:00,2021-07-03 19:19,2.33,overload,722,recloser,1
OUT-01322,FDR-0102,SUB-023,2021-06-28 16:00,2021-06-28 20:58,4.98,underground cable fault,978,recloser,1
OUT-01323,FDR-0102,SUB-023,2021-01-09 16:00,2021-01-09 19:09,3.16,storm damage,498,switch,1
OUT-01324,FDR-0102,SUB-023,2021-01-01 17:00,2021-01-01 23:08,6.14,storm damage,524,recloser,1
OUT-01325,FDR-0102,SUB-023,2021-11-28 23:00,2021-11-29 04:19,5.33,underground cable fault,428,overhead line,0
OUT-01326,FDR-0102,SUB-023,2021-02-02 18:00,2021-02-02 19:40,1.67,underground cable fault,148,switch,0
OUT-01327,FDR-0102,SUB-023,2021-11-10 13:00,2021-11-10 16:48,3.81,equipment failure,411,transformer,0
OUT-01328,FDR-0103,SUB-023,2021-06-21 17:00,2021-06-21 18:22,1.38,underground cable fault,1004,fuse,1
OUT-01329,FDR-0103,SUB-023,2021-08-08 14:00,2021-08-08 16:27,2.45,underground cable fault,107,switch,1
OUT-01330,FDR-0103,SUB-023,2021-07-10 16:00,2021-07-10 17:45,1.75,underground cable fault,743,transformer,1
OUT-01331,FDR-0103,SUB-023,2021-01-01 20:00,2021-01-01 23:24,3.41,animal contact,513,switch,1
OUT-01332,FDR-0103,SUB-023,2021-09-02 17:00,2021-09-03 09:30,16.5,lightning,1297,overhead line,1
OUT-01333,FDR-0103,SUB-023,2021-11-10 14:00,2021-11-10 14:42,0.7,dig-in,92,fuse,0
OUT-01334,FDR-0103,SUB-023,2021-01-10 06:00,2021-01-10 11:52,5.87,vehicle accident,234,overhead line,0
OUT-01335,FDR-0104,SUB-023,2021-07-02 14:00,2021-07-02 18:25,4.42,overload,274,fuse,1
OUT-01336,FDR-0104,SUB-023,2021-06-12 18:00,2021-06-12 20:41,2.69,overload,447,transformer,1
OUT-01337,FDR-0104,SUB-023,2021-08-10 14:00,2021-08-10 21:29,7.49,storm damage,759,transformer,1
OUT-01338,FDR-0104,SUB-023,2021-01-20 09:00,2021-01-20 13:10,4.17,equipment failure,107,switch,0
OUT-01339,FDR-0001,SUB-001,2022-06-09 18:00,2022-06-10 01:18,7.31,underground cable fault,426,switch,1
OUT-01340,FDR-0001,SUB-001,2022-06-30 15:00,2022-06-30 22:09,7.15,underground cable fault,1407,switch,1
OUT-01341,FDR-0001,SUB-001,2022-06-23 13:00,2022-06-23 17:17,4.29,underground cable fault,1325,transformer,1
OUT-01342,FDR-0001,SUB-001,2022-07-26 18:00,2022-07-27 03:42,9.71,tree contact,1236,cable,1
OUT-01343,FDR-0001,SUB-001,2022-07-29 17:00,2022-07-30 08:28,15.47,animal contact,2118,fuse,1
OUT-01344,FDR-0001,SUB-001,2022-03-19 04:00,2022-03-19 09:43,5.72,animal contact,31,overhead line,0
OUT-01345,FDR-0001,SUB-001,2022-01-03 11:00,2022-01-03 11:42,0.7,vehicle accident,380,cable,0
OUT-01346,FDR-0001,SUB-001,2022-11-02 02:00,2022-11-02 07:13,5.22,underground cable fault,302,overhead line,0
OUT-01347,FDR-0002,SUB-001,2022-08-01 18:00,2022-08-01 21:33,3.56,underground cable fault,150,fuse,1
OUT-01348,FDR-0002,SUB-001,2022-08-11 16:00,2022-08-11 19:16,3.27,overload,1017,overhead line,1
OUT-01349,FDR-0002,SUB-001,2022-07-04 13:00,2022-07-04 17:40,4.67,equipment failure,635,switch,1
OUT-01350,FDR-0002,SUB-001,2022-07-19 15:00,2022-07-19 22:54,7.91,underground cable fault,782,switch,1
OUT-01351,FDR-0002,SUB-001,2022-07-21 16:00,2022-07-22 07:56,15.94,storm damage,648,switch,1
OUT-01352,FDR-0002,SUB-001,2022-09-14 17:00,2022-09-14 22:04,5.08,lightning,207,overhead line,1
OUT-01353,FDR-0002,SUB-001,2022-01-12 17:00,2022-01-12 18:03,1.06,lightning,988,switch,1
OUT-01354,FDR-0002,SUB-001,2022-01-30 14:00,2022-01-30 17:01,3.03,dig-in,133,switch,0
OUT-01355,FDR-0002,SUB-001,2022-05-14 08:00,2022-05-14 13:01,5.02,scheduled maintenance,413,overhead line,0
OUT-01356,FDR-0002,SUB-001,2022-04-24 08:00,2022-04-24 11:57,3.96,underground cable fault,465,cable,0
OUT-01357,FDR-0003,SUB-001,2022-07-17 18:00,2022-07-18 00:28,6.48,equipment failure,726,recloser,1
OUT-01358,FDR-0003,SUB-001,2022-07-15 15:00,2022-07-15 19:04,4.08,overload,371,cable,1
OUT-01359,FDR-0003,SUB-001,2022-07-07 16:00,2022-07-07 20:02,4.04,underground cable fault,898,fuse,1
OUT-01360,FDR-0003,SUB-001,2022-08-01 16:00,2022-08-01 17:19,1.32,underground cable fault,101,cable,1
OUT-01361,FDR-0003,SUB-001,2022-08-27 16:00,2022-08-28 08:25,16.42,animal contact,1165,cable,1
OUT-01362,FDR-0003,SUB-001,2022-08-07 15:00,2022-08-08 05:37,14.63,storm damage,1838,overhead line,1
OUT-01363,FDR-0003,SUB-001,2022-08-07 15:00,2022-08-08 04:01,13.03,animal contact,1018,transformer,1
OUT-01364,FDR-0003,SUB-001,2022-12-12 22:00,2022-12-12 23:43,1.72,equipment failure,330,fuse,0
OUT-01365,FDR-0003,SUB-001,2022-05-25 19:00,2022-05-26 00:48,5.81,dig-in,353,fuse,0
OUT-01366,FDR-0003,SUB-001,2022-04-20 12:00,2022-04-20 17:21,5.36,dig-in,303,switch,0
OUT-01367,FDR-0004,SUB-002,2022-09-20 17:00,2022-09-20 21:25,4.43,underground cable fault,592,recloser,1
OUT-01368,FDR-0004,SUB-002,2022-07-27 18:00,2022-07-28 00:21,6.36,overload,1134,recloser,1
OUT-01369,FDR-0004,SUB-002,2022-08-21 14:00,2022-08-21 16:38,2.64,equipment failure,880,fuse,1
OUT-01370,FDR-0004,SUB-002,2022-09-02 16:00,2022-09-02 19:52,3.87,overload,75,overhead line,1
OUT-01371,FDR-0004,SUB-002,2022-08-27 17:00,2022-08-27 22:04,5.08,storm damage,1680,recloser,1
OUT-01372,FDR-0004,SUB-002,2022-12-13 19:00,2022-12-14 04:36,9.6,storm damage,1177,cable,1
OUT-01373,FDR-0004,SUB-002,2022-12-06 15:00,2022-12-07 03:16,12.27,tree contact,2201,recloser,1
OUT-01374,FDR-0004,SUB-002,2022-11-27 11:00,2022-11-27 16:12,5.2,dig-in,282,fuse,0
OUT-01375,FDR-0004,SUB-002,2022-03-07 19:00,2022-03-07 23:37,4.63,vehicle accident,21,switch,0
OUT-01376,FDR-0005,SUB-002,2022-07-11 17:00,2022-07-11 21:52,4.87,overload,1235,overhead line,1
OUT-01377,FDR-0005,SUB-002,2022-08-03 17:00,2022-08-03 17:31,0.53,overload,824,overhead line,1
OUT-01378,FDR-0005,SUB-002,2022-09-14 15:00,2022-09-15 08:09,17.15,tree contact,1645,switch,1
OUT-01379,FDR-0005,SUB-002,2022-01-09 17:00,2022-01-10 00:29,7.49,tree contact,1796,transformer,1
OUT-01380,FDR-0005,SUB-002,2022-12-30 09:00,2022-12-30 10:35,1.59,equipment failure,464,cable,0
OUT-01381,FDR-0006,SUB-002,2022-08-21 14:00,2022-08-21 18:30,4.5,equipment failure,901,overhead line,1
OUT-01382,FDR-0006,SUB-002,2022-06-26 17:00,2022-06-26 17:55,0.93,equipment failure,985,cable,1
OUT-01383,FDR-0006,SUB-002,2022-09-28 17:00,2022-09-28 19:07,2.12,overload,1357,fuse,1
OUT-01384,FDR-0006,SUB-002,2022-09-30 17:00,2022-09-30 21:13,4.22,equipment failure,528,switch,1
OUT-01385,FDR-0006,SUB-002,2022-08-07 19:00,2022-08-07 21:55,2.92,animal contact,1691,recloser,1
OUT-01386,FDR-0006,SUB-002,2022-08-07 20:00,2022-08-08 06:34,10.57,lightning,1953,transformer,1
OUT-01387,FDR-0006,SUB-002,2022-02-11 15:00,2022-02-11 22:10,7.18,tree contact,448,overhead line,1
OUT-01388,FDR-0006,SUB-002,2022-10-10 07:00,2022-10-10 12:41,5.69,equipment failure,120,recloser,0
OUT-01389,FDR-0006,SUB-002,2022-02-22 21:00,2022-02-22 22:14,1.24,underground cable fault,159,transformer,0
OUT-01390,FDR-0006,SUB-002,2022-05-16 20:00,2022-05-16 21:13,1.23,vehicle accident,71,overhead line,0
OUT-01391,FDR-0007,SUB-002,2022-08-10 15:00,2022-08-10 22:25,7.43,equipment failure,76,transformer,1
OUT-01392,FDR-0007,SUB-002,2022-06-21 13:00,2022-06-21 13:33,0.56,underground cable fault,778,fuse,1
OUT-01393,FDR-0007,SUB-002,2022-08-07 17:00,2022-08-08 01:42,8.71,tree contact,269,overhead line,1
OUT-01394,FDR-0007,SUB-002,2022-02-24 20:00,2022-02-24 23:09,3.15,animal contact,449,switch,1
OUT-01395,FDR-0007,SUB-002,2022-02-17 16:00,2022-02-17 17:58,1.98,animal contact,223,fuse,0
OUT-01396,FDR-0007,SUB-002,2022-04-26 14:00,2022-04-26 16:46,2.77,scheduled maintenance,411,recloser,0
OUT-01397,FDR-0008,SUB-003,2022-06-08 15:00,2022-06-08 17:45,2.76,overload,1217,switch,1
OUT-01398,FDR-0008,SUB-003,2022-07-02 18:00,2022-07-03 00:04,6.08,overload,318,fuse,1
OUT-01399,FDR-0008,SUB-003,2022-09-08 18:00,2022-09-08 23:45,5.75,overload,430,cable,1
OUT-01400,FDR-0008,SUB-003,2022-02-24 20:00,2022-02-25 02:30,6.51,storm damage,566,recloser,1
OUT-01401,FDR-0008,SUB-003,2022-08-27 18:00,2022-08-27 21:18,3.31,tree contact,220,fuse,1
OUT-01402,FDR-0008,SUB-003,2022-02-04 11:00,2022-02-04 12:41,1.69,equipment failure,340,overhead line,0
OUT-01403,FDR-0008,SUB-003,2022-12-12 08:00,2022-12-12 09:41,1.69,scheduled maintenance,100,transformer,0
OUT-01404,FDR-0009,SUB-003,2022-09-09 17:00,2022-09-09 19:21,2.36,underground cable fault,355,fuse,1
OUT-01405,FDR-0009,SUB-003,2022-06-30 13:00,2022-06-30 14:06,1.1,underground cable fault,76,transformer,1
OUT-01406,FDR-0009,SUB-003,2022-02-24 18:00,2022-02-25 04:43,10.72,storm damage,587,switch,1
OUT-01407,FDR-0009,SUB-003,2022-02-03 16:00,2022-02-03 17:51,1.86,underground cable fault,354,switch,0
OUT-01408,FDR-0010,SUB-003,2022-06-06 17:00,2022-06-06 23:18,6.31,underground cable fault,802,switch,1
OUT-01409,FDR-0010,SUB-003,2022-09-17 14:00,2022-09-17 17:39,3.65,underground cable fault,421,switch,1
OUT-01410,FDR-0010,SUB-003,2022-08-27 17:00,2022-08-27 20:02,3.04,animal contact,1163,recloser,1
OUT-01411,FDR-0010,SUB-003,2022-01-09 19:00,2022-01-10 10:11,15.19,tree contact,1360,overhead line,1
OUT-01412,FDR-0010,SUB-003,2022-12-24 09:00,2022-12-24 12:54,3.91,underground cable fault,317,transformer,0
OUT-01413,FDR-0011,SUB-004,2022-08-24 18:00,2022-08-24 23:13,5.22,equipment failure,1043,cable,1
OUT-01414,FDR-0011,SUB-004,2022-07-05 14:00,2022-07-05 20:51,6.85,equipment failure,991,cable,1
OUT-01415,FDR-0011,SUB-004,2022-07-26 15:00,2022-07-27 06:10,15.18,animal contact,582,recloser,1
OUT-01416,FDR-0011,SUB-004,2022-05-21 02:00,2022-05-21 06:13,4.23,vehicle accident,399,transformer,0
OUT-01417,FDR-0012,SUB-004,2022-09-27 14:00,2022-09-27 15:28,1.47,overload,1261,recloser,1
OUT-01418,FDR-0012,SUB-004,2022-07-08 15:00,2022-07-08 19:04,4.07,overload,632,fuse,1
OUT-01419,FDR-0012,SUB-004,2022-09-27 16:00,2022-09-27 23:58,7.98,overload,1396,switch,1
OUT-01420,FDR-0012,SUB-004,2022-07-08 20:00,2022-07-08 23:09,3.16,animal contact,754,recloser,1
OUT-01421,FDR-0012,SUB-004,2022-12-06 14:00,2022-12-06 23:03,9.06,storm damage,388,overhead line,1
OUT-01422,FDR-0012,SUB-004,2022-02-25 21:00,2022-02-26 02:48,5.81,equipment failure,477,transformer,0
OUT-01423,FDR-0012,SUB-004,2022-01-30 12:00,2022-01-30 12:43,0.72,underground cable fault,266,overhead line,0
OUT-01424,FDR-0012,SUB-004,2022-12-19 13:00,2022-12-19 16:49,3.82,equipment failure,52,fuse,0
OUT-01425,FDR-0013,SUB-004,2022-08-25 16:00,2022-08-25 18:24,2.4,equipment failure,428,overhead line,1
OUT-01426,FDR-0013,SUB-004,2022-07-27 13:00,2022-07-27 19:20,6.34,equipment failure,996,recloser,1
OUT-01427,FDR-0013,SUB-004,2022-07-26 15:00,2022-07-27 03:16,12.28,lightning,433,recloser,1
OUT-01428,FDR-0013,SUB-004,2022-07-26 20:00,2022-07-27 04:36,8.61,lightning,303,recloser,1
OUT-01429,FDR-0013,SUB-004,2022-02-28 17:00,2022-02-28 17:16,0.27,animal contact,443,cable,0
OUT-01430,FDR-0014,SUB-004,2022-07-10 16:00,2022-07-10 23:43,7.73,overload,610,overhead line,1
OUT-01431,FDR-0014,SUB-004,2022-09-11 14:00,2022-09-11 15:37,1.63,overload,884,transformer,1
OUT-01432,FDR-0014,SUB-004,2022-07-26 14:00,2022-07-27 01:09,11.16,storm damage,53,recloser,1
OUT-01433,FDR-0014,SUB-004,2022-09-26 20:00,2022-09-26 22:44,2.74,tree contact,504,recloser,1
OUT-01434,FDR-0014,SUB-004,2022-12-22 06:00,2022-12-22 09:30,3.5,vehicle accident,221,recloser,0
OUT-01435,FDR-0015,SUB-004,2022-08-26 17:00,2022-08-26 20:36,3.61,equipment failure,1014,switch,1
OUT-01436,FDR-0015,SUB-004,2022-06-04 18:00,2022-06-04 22:16,4.27,overload,110,fuse,1
OUT-01437,FDR-0015,SUB-004,2022-07-11 17:00,2022-07-11 19:14,2.24,overload,983,transformer,1
OUT-01438,FDR-0015,SUB-004,2022-12-06 17:00,2022-12-06 22:05,5.09,lightning,250,overhead line,1
OUT-01439,FDR-0015,SUB-004,2022-07-29 18:00,2022-07-29 23:10,5.18,animal contact,1559,cable,1
OUT-01440,FDR-0015,SUB-004,2022-01-26 10:00,2022-01-26 10:49,0.83,vehicle accident,3,switch,0
OUT-01441,FDR-0015,SUB-004,2022-04-04 22:00,2022-04-05 02:28,4.48,equipment failure,408,switch,0
OUT-01442,FDR-0016,SUB-004,2022-09-09 18:00,2022-09-09 19:24,1.41,overload,318,overhead line,1
OUT-01443,FDR-0016,SUB-004,2022-06-11 17:00,2022-06-11 19:27,2.46,equipment failure,21,overhead line,1
OUT-01444,FDR-0016,SUB-004,2022-07-15 14:00,2022-07-15 16:39,2.65,overload,102,transformer,1
OUT-01445,FDR-0016,SUB-004,2022-01-09 19:00,2022-01-10 12:52,17.88,animal contact,176,transformer,1
OUT-01446,FDR-0016,SUB-004,2022-02-11 14:00,2022-02-11 17:55,3.93,storm damage,89,cable,1
OUT-01447,FDR-0016,SUB-004,2022-11-21 11:00,2022-11-21 15:44,4.74,animal contact,208,cable,0
OUT-01448,FDR-0016,SUB-004,2022-01-11 05:00,2022-01-11 10:03,5.05,vehicle accident,156,switch,0
OUT-01449,FDR-0016,SUB-004,2022-03-07 21:00,2022-03-08 00:28,3.47,vehicle accident,70,switch,0
OUT-01450,FDR-0017,SUB-005,2022-09-15 15:00,2022-09-15 18:22,3.38,underground cable fault,538,overhead line,1
OUT-01451,FDR-0017,SUB-005,2022-08-06 17:00,2022-08-06 21:00,4.01,underground cable fault,1256,switch,1
OUT-01452,FDR-0017,SUB-005,2022-01-16 20:00,2022-01-16 21:48,1.8,lightning,327,recloser,1
OUT-01453,FDR-0017,SUB-005,2022-07-26 18:00,2022-07-27 04:02,10.04,animal contact,1705,switch,1
OUT-01454,FDR-0017,SUB-005,2022-10-20 20:00,2022-10-20 21:11,1.19,vehicle accident,131,switch,0
OUT-01455,FDR-0018,SUB-005,2022-09-03 14:00,2022-09-03 20:10,6.18,underground cable fault,899,cable,1
OUT-01456,FDR-0018,SUB-005,2022-09-23 15:00,2022-09-23 15:59,0.99,equipment failure,364,switch,1
OUT-01457,FDR-0018,SUB-005,2022-07-15 17:00,2022-07-16 02:38,9.64,storm damage,416,overhead line,1
OUT-01458,FDR-0018,SUB-005,2022-10-06 19:00,2022-10-06 23:03,4.05,dig-in,487,transformer,0
OUT-01459,FDR-0019,SUB-005,2022-07-08 14:00,2022-07-08 15:46,1.78,overload,881,overhead line,1
OUT-01460,FDR-0019,SUB-005,2022-06-09 14:00,2022-06-09 20:11,6.19,overload,505,cable,1
OUT-01461,FDR-0019,SUB-005,2022-12-13 15:00,2022-12-14 06:37,15.62,tree contact,842,fuse,1
OUT-01462,FDR-0019,SUB-005,2022-07-21 18:00,2022-07-21 21:25,3.43,animal contact,1909,fuse,1
OUT-01463,FDR-0019,SUB-005,2022-03-25 17:00,2022-03-25 21:16,4.27,dig-in,319,switch,0
OUT-01464,FDR-0020,SUB-005,2022-09-30 13:00,2022-09-30 14:58,1.97,underground cable fault,207,overhead line,1
OUT-01465,FDR-0020,SUB-005,2022-06-06 13:00,2022-06-06 16:37,3.62,overload,154,switch,1
OUT-01466,FDR-0020,SUB-005,2022-07-26 19:00,2022-07-27 07:09,12.16,animal contact,247,switch,1
OUT-01467,FDR-0020,SUB-005,2022-12-06 15:00,2022-12-07 03:12,12.2,animal contact,524,switch,1
OUT-01468,FDR-0020,SUB-005,2022-02-22 07:00,2022-02-22 10:46,3.77,vehicle accident,200,cable,0
OUT-01469,FDR-0020,SUB-005,2022-11-21 18:00,2022-11-21 19:04,1.08,animal contact,134,cable,0
OUT-01470,FDR-0021,SUB-006,2022-06-23 15:00,2022-06-23 19:24,4.41,overload,697,recloser,1
OUT-01471,FDR-0021,SUB-006,2022-06-01 17:00,2022-06-01 23:07,6.12,overload,450,transformer,1
OUT-01472,FDR-0021,SUB-006,2022-07-10 16:00,2022-07-10 23:41,7.69,overload,732,transformer,1
OUT-01473,FDR-0021,SUB-006,2022-07-04 16:00,2022-07-04 21:08,5.14,overload,733,recloser,1
OUT-01474,FDR-0021,SUB-006,2022-02-11 19:00,2022-02-12 11:01,16.03,animal contact,2017,transformer,1
OUT-01475,FDR-0021,SUB-006,2022-01-15 14:00,2022-01-16 00:52,10.88,lightning,1299,cable,1
OUT-01476,FDR-0021,SUB-006,2022-07-15 15:00,2022-07-15 17:09,2.16,lightning,2470,recloser,1
OUT-01477,FDR-0021,SUB-006,2022-12-14 13:00,2022-12-14 13:48,0.8,underground cable fault,383,overhead line,0
OUT-01478,FDR-0021,SUB-006,2022-10-08 11:00,2022-10-08 15:31,4.53,scheduled maintenance,460,recloser,0
OUT-01479,FDR-0021,SUB-006,2022-02-20 07:00,2022-02-20 10:24,3.4,animal contact,416,fuse,0
OUT-01480,FDR-0022,SUB-006,2022-06-12 16:00,2022-06-12 22:12,6.21,underground cable fault,746,recloser,1
OUT-01481,FDR-0022,SUB-006,2022-06-05 14:00,2022-06-05 20:21,6.36,overload,1061,transformer,1
OUT-01482,FDR-0022,SUB-006,2022-01-15 15:00,2022-01-16 02:31,11.53,lightning,985,fuse,1
OUT-01483,FDR-0022,SUB-006,2022-09-02 16:00,2022-09-02 20:48,4.8,tree contact,1111,transformer,1
OUT-01484,FDR-0022,SUB-006,2022-04-08 19:00,2022-04-08 20:35,1.59,underground cable fault,221,fuse,0
OUT-01485,FDR-0022,SUB-006,2022-01-06 11:00,2022-01-06 15:31,4.53,vehicle accident,126,transformer,0
OUT-01486,FDR-0023,SUB-006,2022-08-04 14:00,2022-08-04 18:45,4.75,overload,562,fuse,1
OUT-01487,FDR-0023,SUB-006,2022-07-12 17:00,2022-07-12 23:10,6.18,overload,552,switch,1
OUT-01488,FDR-0023,SUB-006,2022-08-25 13:00,2022-08-25 13:37,0.63,underground cable fault,131,cable,1
OUT-01489,FDR-0023,SUB-006,2022-08-24 17:00,2022-08-24 23:55,6.92,underground cable fault,359,cable,1
OUT-01490,FDR-0023,SUB-006,2022-01-09 17:00,2022-01-10 01:04,8.07,storm damage,111,cable,1
OUT-01491,FDR-0023,SUB-006,2022-07-29 20:00,2022-07-30 10:48,14.81,animal contact,413,switch,1
OUT-01492,FDR-0023,SUB-006,2022-07-21 16:00,2022-07-21 18:55,2.92,storm damage,375,overhead line,1
OUT-01493,FDR-0023,SUB-006,2022-02-23 08:00,2022-02-23 11:10,3.17,animal contact,371,transformer,0
OUT-01494,FDR-0023,SUB-006,2022-04-17 13:00,2022-04-17 14:47,1.79,scheduled maintenance,158,recloser,0
OUT-01495,FDR-0024,SUB-006,2022-06-27 17:00,2022-06-28 00:42,7.71,overload,185,overhead line,1
OUT-01496,FDR-0024,SUB-006,2022-06-26 13:00,2022-06-26 15:25,2.42,overload,642,transformer,1
OUT-01497,FDR-0024,SUB-006,2022-08-07 17:00,2022-08-08 01:46,8.77,tree contact,467,transformer,1
OUT-01498,FDR-0024,SUB-006,2022-01-12 17:00,2022-01-13 09:26,16.44,animal contact,385,overhead line,1
OUT-01499,FDR-0024,SUB-006,2022-02-19 01:00,2022-02-19 05:34,4.57,animal contact,95,transformer,0
OUT-01500,FDR-0024,SUB-006,2022-11-14 11:00,2022-11-14 11:23,0.39,scheduled maintenance,273,cable,0
OUT-01501,FDR-0025,SUB-007,2022-06-12 18:00,2022-06-12 20:33,2.55,overload,808,cable,1
OUT-01502,FDR-0025,SUB-007,2022-07-24 13:00,2022-07-24 18:11,5.19,underground cable fault,1274,overhead line,1
OUT-01503,FDR-0025,SUB-007,2022-08-09 18:00,2022-08-09 21:07,3.12,equipment failure,1258,overhead line,1
OUT-01504,FDR-0025,SUB-007,2022-06-04 18:00,2022-06-04 21:32,3.54,equipment failure,1339,overhead line,1
OUT-01505,FDR-0025,SUB-007,2022-09-15 19:00,2022-09-15 23:33,4.55,tree contact,159,transformer,1
OUT-01506,FDR-0025,SUB-007,2022-09-26 18:00,2022-09-27 05:17,11.29,animal contact,1262,fuse,1
OUT-01507,FDR-0025,SUB-007,2022-07-26 20:00,2022-07-26 23:18,3.31,animal contact,2075,recloser,1
OUT-01508,FDR-0025,SUB-007,2022-05-02 22:00,2022-05-03 03:15,5.25,equipment failure,350,cable,0
OUT-01509,FDR-0025,SUB-007,2022-10-30 06:00,2022-10-30 09:18,3.3,dig-in,313,overhead line,0
OUT-01510,FDR-0025,SUB-007,2022-04-01 15:00,2022-04-01 19:10,4.17,dig-in,330,transformer,0
OUT-01511,FDR-0026,SUB-007,2022-08-23 13:00,2022-08-23 15:10,2.18,underground cable fault,946,fuse,1
OUT-01512,FDR-0026,SUB-007,2022-09-18 17:00,2022-09-18 19:27,2.45,overload,86,transformer,1
OUT-01513,FDR-0026,SUB-007,2022-07-16 16:00,2022-07-16 21:39,5.66,overload,119,transformer,1
OUT-01514,FDR-0026,SUB-007,2022-08-27 15:00,2022-08-27 21:17,6.29,equipment failure,1136,recloser,1
OUT-01515,FDR-0026,SUB-007,2022-09-19 18:00,2022-09-20 11:46,17.78,tree contact,572,recloser,1
OUT-01516,FDR-0026,SUB-007,2022-01-15 17:00,2022-01-15 22:09,5.16,lightning,2537,switch,1
OUT-01517,FDR-0026,SUB-007,2022-07-25 16:00,2022-07-26 01:01,9.03,tree contact,633,recloser,1
OUT-01518,FDR-0026,SUB-007,2022-02-20 10:00,2022-02-20 15:29,5.49,animal contact,461,overhead line,0
OUT-01519,FDR-0026,SUB-007,2022-05-28 04:00,2022-05-28 04:19,0.32,dig-in,9,transformer,0
OUT-01520,FDR-0027,SUB-007,2022-09-07 13:00,2022-09-07 18:00,5.01,underground cable fault,423,transformer,1
OUT-01521,FDR-0027,SUB-007,2022-06-29 17:00,2022-06-29 19:37,2.62,underground cable fault,449,recloser,1
OUT-01522,FDR-0027,SUB-007,2022-09-20 13:00,2022-09-20 15:15,2.26,underground cable fault,872,switch,1
OUT-01523,FDR-0027,SUB-007,2022-01-09 14:00,2022-01-10 00:25,10.42,animal contact,746,cable,1
OUT-01524,FDR-0027,SUB-007,2022-07-29 18:00,2022-07-29 19:59,1.99,lightning,502,cable,1
OUT-01525,FDR-0027,SUB-007,2022-03-10 17:00,2022-03-10 17:47,0.79,scheduled maintenance,155,fuse,0
OUT-01526,FDR-0027,SUB-007,2022-02-26 09:00,2022-02-26 10:55,1.92,equipment failure,161,recloser,0
OUT-01527,FDR-0028,SUB-007,2022-08-11 18:00,2022-08-11 23:42,5.71,equipment failure,967,fuse,1
OUT-01528,FDR-0028,SUB-007,2022-08-24 14:00,2022-08-24 19:20,5.34,equipment failure,79,switch,1
OUT-01529,FDR-0028,SUB-007,2022-08-23 15:00,2022-08-23 18:23,3.39,underground cable fault,244,recloser,1
OUT-01530,FDR-0028,SUB-007,2022-06-17 17:00,2022-06-17 19:25,2.42,equipment failure,868,transformer,1
OUT-01531,FDR-0028,SUB-007,2022-07-08 19:00,2022-07-09 08:26,13.44,lightning,470,overhead line,1
OUT-01532,FDR-0028,SUB-007,2022-08-07 15:00,2022-08-07 21:49,6.83,tree contact,206,recloser,1
OUT-01533,FDR-0028,SUB-007,2022-02-24 14:00,2022-02-25 03:25,13.42,lightning,209,recloser,1
OUT-01534,FDR-0028,SUB-007,2022-05-21 08:00,2022-05-21 09:50,1.84,animal contact,59,switch,0
OUT-01535,FDR-0028,SUB-007,2022-12-25 04:00,2022-12-25 07:10,3.17,equipment failure,65,overhead line,0
OUT-01536,FDR-0029,SUB-008,2022-07-19 16:00,2022-07-19 22:10,6.17,equipment failure,334,switch,1
OUT-01537,FDR-0029,SUB-008,2022-06-22 13:00,2022-06-22 14:02,1.04,overload,165,overhead line,1
OUT-01538,FDR-0029,SUB-008,2022-09-02 14:00,2022-09-03 03:45,13.75,animal contact,1208,transformer,1
OUT-01539,FDR-0029,SUB-008,2022-09-26 20:00,2022-09-27 00:55,4.93,animal contact,694,transformer,1
OUT-01540,FDR-0029,SUB-008,2022-02-18 08:00,2022-02-18 09:48,1.81,animal contact,183,cable,0
OUT-01541,FDR-0029,SUB-008,2022-10-02 13:00,2022-10-02 18:29,5.49,dig-in,478,switch,0
OUT-01542,FDR-0030,SUB-008,2022-06-27 14:00,2022-06-27 15:57,1.95,overload,284,transformer,1
OUT-01543,FDR-0030,SUB-008,2022-06-18 17:00,2022-06-18 19:45,2.76,underground cable fault,666,fuse,1
OUT-01544,FDR-0030,SUB-008,2022-07-25 18:00,2022-07-25 19:29,1.49,equipment failure,680,recloser,1
OUT-01545,FDR-0030,SUB-008,2022-09-11 19:00,2022-09-12 02:42,7.71,lightning,508,cable,1
OUT-01546,FDR-0030,SUB-008,2022-08-07 16:00,2022-08-08 08:13,16.22,storm damage,842,overhead line,1
OUT-01547,FDR-0030,SUB-008,2022-01-20 05:00,2022-01-20 05:34,0.58,underground cable fault,401,switch,0
OUT-01548,FDR-0030,SUB-008,2022-11-17 12:00,2022-11-17 15:54,3.91,vehicle accident,352,switch,0
OUT-01549,FDR-0030,SUB-008,2022-04-23 09:00,2022-04-23 12:15,3.25,vehicle accident,450,cable,0
OUT-01550,FDR-0031,SUB-008,2022-09-23 14:00,2022-09-23 21:21,7.35,overload,985,transformer,1
OUT-01551,FDR-0031,SUB-008,2022-08-24 14:00,2022-08-24 15:25,1.43,overload,951,cable,1
OUT-01552,FDR-0031,SUB-008,2022-09-15 18:00,2022-09-15 21:49,3.83,storm damage,943,fuse,1
OUT-01553,FDR-0031,SUB-008,2022-02-06 03:00,2022-02-06 08:02,5.04,underground cable fault,273,transformer,0
OUT-01554,FDR-0032,SUB-008,2022-08-30 16:00,2022-08-30 19:09,3.16,equipment failure,843,switch,1
OUT-01555,FDR-0032,SUB-008,2022-09-08 15:00,2022-09-08 22:01,7.02,overload,215,overhead line,1
OUT-01556,FDR-0032,SUB-008,2022-07-08 20:00,2022-07-09 10:46,14.78,tree contact,77,switch,1
OUT-01557,FDR-0032,SUB-008,2022-07-21 18:00,2022-07-22 09:30,15.51,storm damage,763,switch,1
OUT-01558,FDR-0032,SUB-008,2022-04-08 12:00,2022-04-08 13:00,1.0,scheduled maintenance,89,overhead line,0
OUT-01559,FDR-0032,SUB-008,2022-10-06 23:00,2022-10-06 23:21,0.35,animal contact,203,recloser,0
OUT-01560,FDR-0033,SUB-008,2022-09-28 17:00,2022-09-28 18:46,1.78,equipment failure,1139,switch,1
OUT-01561,FDR-0033,SUB-008,2022-06-09 14:00,2022-06-09 21:55,7.93,underground cable fault,1034,cable,1
OUT-01562,FDR-0033,SUB-008,2022-06-25 15:00,2022-06-25 16:30,1.5,underground cable fault,834,overhead line,1
OUT-01563,FDR-0033,SUB-008,2022-07-12 13:00,2022-07-12 15:21,2.36,equipment failure,165,fuse,1
OUT-01564,FDR-0033,SUB-008,2022-07-29 18:00,2022-07-30 11:43,17.72,lightning,1382,recloser,1
OUT-01565,FDR-0033,SUB-008,2022-01-16 20:00,2022-01-17 10:37,14.62,lightning,391,switch,1
OUT-01566,FDR-0033,SUB-008,2022-08-07 17:00,2022-08-08 01:48,8.8,animal contact,727,recloser,1
OUT-01567,FDR-0033,SUB-008,2022-05-22 02:00,2022-05-22 07:36,5.6,underground cable fault,163,overhead line,0
OUT-01568,FDR-0033,SUB-008,2022-01-01 16:00,2022-01-01 17:07,1.12,underground cable fault,87,recloser,0
OUT-01569,FDR-0033,SUB-008,2022-04-19 07:00,2022-04-19 07:55,0.93,underground cable fault,370,recloser,0
OUT-01570,FDR-0034,SUB-009,2022-08-15 18:00,2022-08-15 21:00,3.01,equipment failure,317,fuse,1
OUT-01571,FDR-0034,SUB-009,2022-09-18 14:00,2022-09-18 14:39,0.65,overload,890,switch,1
OUT-01572,FDR-0034,SUB-009,2022-06-03 15:00,2022-06-03 15:51,0.86,equipment failure,1032,fuse,1
OUT-01573,FDR-0034,SUB-009,2022-06-11 18:00,2022-06-11 23:35,5.59,overload,495,transformer,1
OUT-01574,FDR-0034,SUB-009,2022-08-07 19:00,2022-08-07 23:54,4.9,storm damage,2679,cable,1
OUT-01575,FDR-0034,SUB-009,2022-02-24 15:00,2022-02-24 23:45,8.76,tree contact,1880,fuse,1
OUT-01576,FDR-0034,SUB-009,2022-12-13 19:00,2022-12-14 05:35,10.59,tree contact,908,recloser,1
OUT-01577,FDR-0034,SUB-009,2022-04-16 08:00,2022-04-16 08:23,0.39,animal contact,397,transformer,0
OUT-01578,FDR-0034,SUB-009,2022-01-25 01:00,2022-01-25 06:21,5.36,scheduled maintenance,175,overhead line,0
OUT-01579,FDR-0034,SUB-009,2022-12-24 04:00,2022-12-24 06:23,2.39,animal contact,448,switch,0
OUT-01580,FDR-0035,SUB-009,2022-09-20 17:00,2022-09-20 20:23,3.39,underground cable fault,182,overhead line,1
OUT-01581,FDR-0035,SUB-009,2022-06-08 16:00,2022-06-08 21:09,5.16,equipment failure,120,fuse,1
OUT-01582,FDR-0035,SUB-009,2022-09-26 14:00,2022-09-26 22:48,8.8,storm damage,371,overhead line,1
OUT-01583,FDR-0035,SUB-009,2022-01-16 14:00,2022-01-16 17:46,3.77,animal contact,572,recloser,1
OUT-01584,FDR-0035,SUB-009,2022-01-30 15:00,2022-01-30 20:10,5.17,equipment failure,462,switch,0
OUT-01585,FDR-0035,SUB-009,2022-12-22 00:00,2022-12-22 03:45,3.76,vehicle accident,120,fuse,0
OUT-01586,FDR-0036,SUB-009,2022-06-16 14:00,2022-06-16 15:05,1.09,underground cable fault,848,transformer,1
OUT-01587,FDR-0036,SUB-009,2022-06-28 18:00,2022-06-29 01:42,7.71,overload,1431,fuse,1
OUT-01588,FDR-0036,SUB-009,2022-09-07 17:00,2022-09-07 19:07,2.13,underground cable fault,1494,cable,1
OUT-01589,FDR-0036,SUB-009,2022-09-26 16:00,2022-09-26 20:47,4.79,storm damage,1652,transformer,1
OUT-01590,FDR-0036,SUB-009,2022-09-19 20:00,2022-09-20 09:57,13.96,lightning,2720,overhead line,1
OUT-01591,FDR-0036,SUB-009,2022-01-30 06:00,2022-01-30 11:11,5.19,underground cable fault,201,switch,0
OUT-01592,FDR-0036,SUB-009,2022-02-15 01:00,2022-02-15 06:15,5.26,animal contact,317,overhead line,0
OUT-01593,FDR-0036,SUB-009,2022-01-04 03:00,2022-01-04 06:37,3.63,underground cable fault,233,fuse,0
OUT-01594,FDR-0037,SUB-010,2022-06-03 15:00,2022-06-03 20:06,5.1,underground cable fault,835,transformer,1
OUT-01595,FDR-0037,SUB-010,2022-09-27 17:00,2022-09-28 00:16,7.28,equipment failure,1397,cable,1
OUT-01596,FDR-0037,SUB-010,2022-08-07 19:00,2022-08-08 11:33,16.55,animal contact,1416,overhead line,1
OUT-01597,FDR-0037,SUB-010,2022-03-24 08:00,2022-03-24 09:48,1.8,dig-in,495,transformer,0
OUT-01598,FDR-0038,SUB-010,2022-06-23 16:00,2022-06-23 18:26,2.44,overload,973,fuse,1
OUT-01599,FDR-0038,SUB-010,2022-09-02 14:00,2022-09-02 18:59,4.99,equipment failure,1026,overhead line,1
OUT-01600,FDR-0038,SUB-010,2022-09-09 13:00,2022-09-09 19:50,6.84,equipment failure,825,recloser,1
OUT-01601,FDR-0038,SUB-010,2022-08-30 14:00,2022-08-30 17:57,3.96,equipment failure,887,recloser,1
OUT-01602,FDR-0038,SUB-010,2022-01-15 18:00,2022-01-15 22:21,4.35,lightning,1198,cable,1
OUT-01603,FDR-0038,SUB-010,2022-07-19 16:00,2022-07-20 03:33,11.55,storm damage,1199,recloser,1
OUT-01604,FDR-0038,SUB-010,2022-12-13 16:00,2022-12-13 23:50,7.84,storm damage,187,cable,1
OUT-01605,FDR-0038,SUB-010,2022-02-15 15:00,2022-02-15 20:12,5.21,dig-in,146,fuse,0
OUT-01606,FDR-0038,SUB-010,2022-12-23 02:00,2022-12-23 07:47,5.79,underground cable fault,271,transformer,0
OUT-01607,FDR-0038,SUB-010,2022-04-01 14:00,2022-04-01 17:43,3.73,equipment failure,231,recloser,0
OUT-01608,FDR-0039,SUB-010,2022-06-16 15:00,2022-06-16 19:58,4.97,equipment failure,616,switch,1
OUT-01609,FDR-0039,SUB-010,2022-06-30 15:00,2022-06-30 16:27,1.46,overload,388,recloser,1
OUT-01610,FDR-0039,SUB-010,2022-09-23 17:00,2022-09-23 22:18,5.3,equipment failure,136,transformer,1
OUT-01611,FDR-0039,SUB-010,2022-07-29 15:00,2022-07-30 05:07,14.12,storm damage,759,fuse,1
OUT-01612,FDR-0039,SUB-010,2022-01-16 18:00,2022-01-17 02:31,8.52,storm damage,881,fuse,1
OUT-01613,FDR-0039,SUB-010,2022-12-27 08:00,2022-12-27 10:54,2.91,equipment failure,245,transformer,0
OUT-01614,FDR-0039,SUB-010,2022-11-12 18:00,2022-11-12 19:01,1.03,vehicle accident,214,switch,0
OUT-01615,FDR-0040,SUB-010,2022-07-22 17:00,2022-07-23 00:03,7.06,equipment failure,85,overhead line,1
OUT-01616,FDR-0040,SUB-010,2022-09-08 18:00,2022-09-08 22:38,4.64,equipment failure,1014,recloser,1
OUT-01617,FDR-0040,SUB-010,2022-08-18 18:00,2022-08-19 01:58,7.97,overload,762,recloser,1
OUT-01618,FDR-0040,SUB-010,2022-09-15 15:00,2022-09-16 00:31,9.53,lightning,512,cable,1
OUT-01619,FDR-0040,SUB-010,2022-12-06 15:00,2022-12-07 06:40,15.68,lightning,2500,switch,1
OUT-01620,FDR-0040,SUB-010,2022-02-22 14:00,2022-02-22 19:27,5.45,animal contact,398,recloser,0
OUT-01621,FDR-0040,SUB-010,2022-02-19 20:00,2022-02-19 22:19,2.33,underground cable fault,448,overhead line,0
OUT-01622,FDR-0040,SUB-010,2022-02-26 17:00,2022-02-26 20:25,3.42,underground cable fault,415,overhead line,0
OUT-01623,FDR-0041,SUB-010,2022-08-09 16:00,2022-08-09 20:01,4.02,overload,1268,cable,1
OUT-01624,FDR-0041,SUB-010,2022-08-20 18:00,2022-08-20 23:58,5.98,equipment failure,864,recloser,1
OUT-01625,FDR-0041,SUB-010,2022-12-13 14:00,2022-12-13 22:30,8.5,animal contact,1404,fuse,1
OUT-01626,FDR-0041,SUB-010,2022-11-29 06:00,2022-11-29 07:46,1.78,underground cable fault,87,cable,0
OUT-01627,FDR-0042,SUB-010,2022-06-21 17:00,2022-06-21 18:08,1.14,equipment failure,1382,transformer,1
OUT-01628,FDR-0042,SUB-010,2022-06-25 16:00,2022-06-25 16:50,0.84,underground cable fault,1101,transformer,1
OUT-01629,FDR-0042,SUB-010,2022-09-11 15:00,2022-09-11 15:57,0.95,overload,477,recloser,1
OUT-01630,FDR-0042,SUB-010,2022-07-08 15:00,2022-07-08 20:18,5.31,equipment failure,882,fuse,1
OUT-01631,FDR-0042,SUB-010,2022-12-13 19:00,2022-12-14 10:35,15.59,storm damage,2054,recloser,1
OUT-01632,FDR-0042,SUB-010,2022-01-09 15:00,2022-01-10 07:19,16.32,lightning,2404,switch,1
OUT-01633,FDR-0042,SUB-010,2022-09-11 17:00,2022-09-12 02:20,9.34,lightning,289,overhead line,1
OUT-01634,FDR-0042,SUB-010,2022-05-16 07:00,2022-05-16 08:28,1.48,scheduled maintenance,280,switch,0
OUT-01635,FDR-0042,SUB-010,2022-01-05 20:00,2022-01-06 00:13,4.22,animal contact,69,recloser,0
OUT-01636,FDR-0042,SUB-010,2022-03-04 02:00,2022-03-04 07:39,5.66,underground cable fault,251,transformer,0
OUT-01637,FDR-0043,SUB-011,2022-06-05 16:00,2022-06-05 20:54,4.9,equipment failure,561,switch,1
OUT-01638,FDR-0043,SUB-011,2022-09-13 13:00,2022-09-13 15:51,2.85,underground cable fault,561,fuse,1
OUT-01639,FDR-0043,SUB-011,2022-08-08 14:00,2022-08-08 18:36,4.6,underground cable fault,232,overhead line,1
OUT-01640,FDR-0043,SUB-011,2022-07-25 18:00,2022-07-26 01:34,7.58,tree contact,925,recloser,1
OUT-01641,FDR-0043,SUB-011,2022-02-24 19:00,2022-02-25 04:07,9.12,lightning,799,recloser,1
OUT-01642,FDR-0043,SUB-011,2022-05-03 15:00,2022-05-03 19:10,4.17,dig-in,308,cable,0
OUT-01643,FDR-0043,SUB-011,2022-12-30 17:00,2022-12-30 22:10,5.17,underground cable fault,324,cable,0
OUT-01644,FDR-0043,SUB-011,2022-05-30 06:00,2022-05-30 11:10,5.17,animal contact,198,fuse,0
OUT-01645,FDR-0044,SUB-011,2022-07-16 14:00,2022-07-16 21:19,7.32,overload,359,recloser,1
OUT-01646,FDR-0044,SUB-011,2022-07-28 15:00,2022-07-28 21:44,6.74,underground cable fault,973,switch,1
OUT-01647,FDR-0044,SUB-011,2022-08-19 14:00,2022-08-19 17:22,3.38,underground cable fault,841,fuse,1
OUT-01648,FDR-0044,SUB-011,2022-09-10 16:00,2022-09-10 20:04,4.07,overload,1390,fuse,1
OUT-01649,FDR-0044,SUB-011,2022-08-27 17:00,2022-08-28 02:48,9.8,lightning,431,switch,1
OUT-01650,FDR-0044,SUB-011,2022-01-09 19:00,2022-01-09 22:49,3.83,storm damage,677,transformer,1
OUT-01651,FDR-0044,SUB-011,2022-01-15 19:00,2022-01-15 22:51,3.85,lightning,266,fuse,1
OUT-01652,FDR-0044,SUB-011,2022-01-21 02:00,2022-01-21 06:40,4.68,scheduled maintenance,453,recloser,0
OUT-01653,FDR-0044,SUB-011,2022-03-18 19:00,2022-03-18 22:31,3.52,vehicle accident,273,recloser,0
OUT-01654,FDR-0045,SUB-011,2022-06-04 15:00,2022-06-04 22:57,7.95,overload,961,cable,1
OUT-01655,FDR-0045,SUB-011,2022-07-03 14:00,2022-07-03 16:38,2.64,overload,1320,fuse,1
OUT-01656,FDR-0045,SUB-011,2022-08-23 16:00,2022-08-23 17:16,1.28,equipment failure,866,overhead line,1
OUT-01657,FDR-0045,SUB-011,2022-07-04 17:00,2022-07-04 22:24,5.4,equipment failure,677,fuse,1
OUT-01658,FDR-0045,SUB-011,2022-07-08 18:00,2022-07-09 00:45,6.76,tree contact,555,fuse,1
OUT-01659,FDR-0045,SUB-011,2022-09-19 14:00,2022-09-19 16:12,2.2,tree contact,2556,switch,1
OUT-01660,FDR-0045,SUB-011,2022-01-15 17:00,2022-01-16 03:37,10.62,storm damage,2350,transformer,1
OUT-01661,FDR-0045,SUB-011,2022-05-28 10:00,2022-05-28 15:34,5.57,animal contact,81,cable,0
OUT-01662,FDR-0045,SUB-011,2022-12-03 04:00,2022-12-03 04:16,0.28,dig-in,347,overhead line,0
OUT-01663,FDR-0045,SUB-011,2022-05-23 10:00,2022-05-23 12:24,2.4,vehicle accident,173,transformer,0
OUT-01664,FDR-0046,SUB-011,2022-06-03 13:00,2022-06-03 20:17,7.29,equipment failure,359,switch,1
OUT-01665,FDR-0046,SUB-011,2022-06-23 16:00,2022-06-23 19:19,3.32,underground cable fault,273,cable,1
OUT-01666,FDR-0046,SUB-011,2022-09-26 14:00,2022-09-26 20:11,6.19,equipment failure,937,cable,1
OUT-01667,FDR-0046,SUB-011,2022-07-15 18:00,2022-07-16 07:28,13.47,storm damage,1389,recloser,1
OUT-01668,FDR-0046,SUB-011,2022-01-09 20:00,2022-01-10 03:24,7.4,lightning,663,fuse,1
OUT-01669,FDR-0046,SUB-011,2022-10-05 11:00,2022-10-05 14:47,3.79,scheduled maintenance,260,cable,0
OUT-01670,FDR-0046,SUB-011,2022-10-21 21:00,2022-10-22 01:41,4.69,equipment failure,490,transformer,0
OUT-01671,FDR-0046,SUB-011,2022-01-26 11:00,2022-01-26 16:52,5.88,dig-in,178,fuse,0
OUT-01672,FDR-0047,SUB-011,2022-08-23 13:00,2022-08-23 20:57,7.96,overload,839,cable,1
OUT-01673,FDR-0047,SUB-011,2022-07-15 13:00,2022-07-15 17:54,4.91,overload,254,transformer,1
OUT-01674,FDR-0047,SUB-011,2022-09-20 18:00,2022-09-21 01:36,7.61,underground cable fault,618,transformer,1
OUT-01675,FDR-0047,SUB-011,2022-06-10 13:00,2022-06-10 14:54,1.9,overload,969,transformer,1
OUT-01676,FDR-0047,SUB-011,2022-01-09 15:00,2022-01-09 17:29,2.49,tree contact,940,transformer,1
OUT-01677,FDR-0047,SUB-011,2022-07-29 20:00,2022-07-30 09:44,13.74,animal contact,191,transformer,1
OUT-01678,FDR-0047,SUB-011,2022-01-15 15:00,2022-01-15 18:51,3.86,lightning,54,cable,1
OUT-01679,FDR-0047,SUB-011,2022-03-21 14:00,2022-03-21 16:32,2.54,scheduled maintenance,477,recloser,0
OUT-01680,FDR-0047,SUB-011,2022-05-19 00:00,2022-05-19 01:37,1.62,equipment failure,270,switch,0
OUT-01681,FDR-0047,SUB-011,2022-05-05 19:00,2022-05-06 00:30,5.51,underground cable fault,398,fuse,0
OUT-01682,FDR-0048,SUB-011,2022-06-02 18:00,2022-06-02 21:42,3.7,equipment failure,1457,switch,1
OUT-01683,FDR-0048,SUB-011,2022-06-17 18:00,2022-06-17 19:52,1.88,equipment failure,671,switch,1
OUT-01684,FDR-0048,SUB-011,2022-06-18 15:00,2022-06-18 22:51,7.86,equipment failure,1275,transformer,1
OUT-01685,FDR-0048,SUB-011,2022-07-21 20:00,2022-07-21 22:26,2.44,storm damage,2089,cable,1
OUT-01686,FDR-0048,SUB-011,2022-09-11 15:00,2022-09-11 21:34,6.57,tree contact,1803,switch,1
OUT-01687,FDR-0048,SUB-011,2022-10-27 03:00,2022-10-27 06:45,3.75,dig-in,297,transformer,0
OUT-01688,FDR-0048,SUB-011,2022-11-27 16:00,2022-11-27 21:06,5.11,scheduled maintenance,160,switch,0
OUT-01689,FDR-0049,SUB-012,2022-08-15 18:00,2022-08-15 22:43,4.72,underground cable fault,359,switch,1
OUT-01690,FDR-0049,SUB-012,2022-09-28 18:00,2022-09-28 21:38,3.64,equipment failure,1070,transformer,1
OUT-01691,FDR-0049,SUB-012,2022-09-15 18:00,2022-09-16 10:28,16.48,lightning,925,switch,1
OUT-01692,FDR-0049,SUB-012,2022-12-12 17:00,2022-12-12 18:09,1.16,dig-in,92,cable,0
OUT-01693,FDR-0050,SUB-012,2022-06-04 16:00,2022-06-04 21:55,5.92,equipment failure,1006,switch,1
OUT-01694,FDR-0050,SUB-012,2022-06-16 14:00,2022-06-16 15:37,1.63,equipment failure,854,switch,1
OUT-01695,FDR-0050,SUB-012,2022-08-22 13:00,2022-08-22 13:37,0.62,overload,1280,recloser,1
OUT-01696,FDR-0050,SUB-012,2022-09-24 15:00,2022-09-24 16:16,1.28,overload,1434,overhead line,1
OUT-01697,FDR-0050,SUB-012,2022-01-15 16:00,2022-01-15 19:46,3.77,lightning,1488,transformer,1
OUT-01698,FDR-0050,SUB-012,2022-09-02 19:00,2022-09-02 22:51,3.85,lightning,456,switch,1
OUT-01699,FDR-0050,SUB-012,2022-02-11 19:00,2022-02-11 23:46,4.78,animal contact,766,cable,1
OUT-01700,FDR-0050,SUB-012,2022-03-24 19:00,2022-03-24 20:33,1.56,equipment failure,327,overhead line,0
OUT-01701,FDR-0050,SUB-012,2022-01-30 12:00,2022-01-30 16:11,4.19,equipment failure,38,cable,0
OUT-01702,FDR-0050,SUB-012,2022-11-11 04:00,2022-11-11 07:55,3.92,dig-in,150,overhead line,0
OUT-01703,FDR-0051,SUB-012,2022-06-29 14:00,2022-06-29 17:47,3.79,equipment failure,259,overhead line,1
OUT-01704,FDR-0051,SUB-012,2022-07-01 18:00,2022-07-02 01:54,7.9,overload,174,transformer,1
OUT-01705,FDR-0051,SUB-012,2022-12-06 14:00,2022-12-07 03:58,13.98,animal contact,1198,switch,1
OUT-01706,FDR-0051,SUB-012,2022-09-14 17:00,2022-09-14 18:16,1.28,lightning,1052,fuse,1
OUT-01707,FDR-0051,SUB-012,2022-04-10 06:00,2022-04-10 07:52,1.87,underground cable fault,344,transformer,0
OUT-01708,FDR-0051,SUB-012,2022-03-17 21:00,2022-03-18 02:01,5.03,animal contact,403,transformer,0
OUT-01709,FDR-0052,SUB-012,2022-06-13 18:00,2022-06-13 22:03,4.06,underground cable fault,215,overhead line,1
OUT-01710,FDR-0052,SUB-012,2022-08-17 18:00,2022-08-18 00:47,6.79,underground cable fault,480,transformer,1
OUT-01711,FDR-0052,SUB-012,2022-07-15 14:00,2022-07-16 06:04,16.08,storm damage,702,recloser,1
OUT-01712,FDR-0052,SUB-012,2022-09-11 16:00,2022-09-12 02:25,10.43,storm damage,828,cable,1
OUT-01713,FDR-0052,SUB-012,2022-10-20 18:00,2022-10-20 21:10,3.18,animal contact,458,overhead line,0
OUT-01714,FDR-0053,SUB-012,2022-08-08 17:00,2022-08-08 18:45,1.76,overload,1431,switch,1
OUT-01715,FDR-0053,SUB-012,2022-06-12 13:00,2022-06-12 18:12,5.21,equipment failure,133,fuse,1
OUT-01716,FDR-0053,SUB-012,2022-08-05 14:00,2022-08-05 15:57,1.95,equipment failure,1077,recloser,1
OUT-01717,FDR-0053,SUB-012,2022-06-09 17:00,2022-06-09 18:57,1.96,overload,971,switch,1
OUT-01718,FDR-0053,SUB-012,2022-09-14 16:00,2022-09-15 04:51,12.85,storm damage,2131,recloser,1
OUT-01719,FDR-0053,SUB-012,2022-12-13 18:00,2022-12-14 01:20,7.34,lightning,1454,cable,1
OUT-01720,FDR-0053,SUB-012,2022-08-07 16:00,2022-08-07 18:56,2.94,storm damage,325,switch,1
OUT-01721,FDR-0053,SUB-012,2022-12-24 04:00,2022-12-24 07:27,3.46,equipment failure,303,overhead line,0
OUT-01722,FDR-0053,SUB-012,2022-12-04 22:00,2022-12-04 23:30,1.51,dig-in,431,cable,0
OUT-01723,FDR-0054,SUB-013,2022-08-10 18:00,2022-08-10 21:33,3.56,overload,703,overhead line,1
OUT-01724,FDR-0054,SUB-013,2022-07-12 14:00,2022-07-12 21:24,7.41,underground cable fault,127,cable,1
OUT-01725,FDR-0054,SUB-013,2022-01-15 17:00,2022-01-15 21:39,4.66,lightning,219,transformer,1
OUT-01726,FDR-0054,SUB-013,2022-07-26 14:00,2022-07-26 19:00,5.01,animal contact,103,overhead line,1
OUT-01727,FDR-0054,SUB-013,2022-01-18 02:00,2022-01-18 03:12,1.21,vehicle accident,11,transformer,0
OUT-01728,FDR-0054,SUB-013,2022-02-18 01:00,2022-02-18 02:46,1.78,dig-in,471,recloser,0
OUT-01729,FDR-0055,SUB-013,2022-06-28 13:00,2022-06-28 20:37,7.62,underground cable fault,949,switch,1
OUT-01730,FDR-0055,SUB-013,2022-06-28 14:00,2022-06-28 18:36,4.61,underground cable fault,138,transformer,1
OUT-01731,FDR-0055,SUB-013,2022-08-26 18:00,2022-08-26 22:32,4.54,overload,1396,overhead line,1
OUT-01732,FDR-0055,SUB-013,2022-07-19 17:00,2022-07-20 04:15,11.25,storm damage,572,recloser,1
OUT-01733,FDR-0055,SUB-013,2022-01-12 20:00,2022-01-12 22:18,2.31,animal contact,1838,switch,1
OUT-01734,FDR-0055,SUB-013,2022-04-07 16:00,2022-04-07 18:43,2.72,scheduled maintenance,436,fuse,0
OUT-01735,FDR-0055,SUB-013,2022-10-26 05:00,2022-10-26 09:02,4.04,vehicle accident,148,overhead line,0
OUT-01736,FDR-0055,SUB-013,2022-04-20 09:00,2022-04-20 14:24,5.41,scheduled maintenance,19,overhead line,0
OUT-01737,FDR-0056,SUB-013,2022-06-04 18:00,2022-06-04 23:42,5.71,equipment failure,736,overhead line,1
OUT-01738,FDR-0056,SUB-013,2022-09-29 16:00,2022-09-29 19:34,3.58,equipment failure,1022,fuse,1
OUT-01739,FDR-0056,SUB-013,2022-07-19 20:00,2022-07-20 03:16,7.27,storm damage,66,overhead line,1
OUT-01740,FDR-0056,SUB-013,2022-04-01 19:00,2022-04-01 21:34,2.57,vehicle accident,259,overhead line,0
OUT-01741,FDR-0057,SUB-013,2022-09-23 17:00,2022-09-23 22:36,5.6,underground cable fault,92,fuse,1
OUT-01742,FDR-0057,SUB-013,2022-06-29 13:00,2022-06-29 18:40,5.67,underground cable fault,622,overhead line,1
OUT-01743,FDR-0057,SUB-013,2022-02-11 14:00,2022-02-12 04:05,14.09,tree contact,1446,overhead line,1
OUT-01744,FDR-0057,SUB-013,2022-09-11 18:00,2022-09-12 10:33,16.56,tree contact,1614,cable,1
OUT-01745,FDR-0057,SUB-013,2022-03-28 10:00,2022-03-28 12:03,2.06,scheduled maintenance,361,fuse,0
OUT-01746,FDR-0058,SUB-013,2022-07-01 13:00,2022-07-01 15:41,2.69,overload,1394,fuse,1
OUT-01747,FDR-0058,SUB-013,2022-09-22 18:00,2022-09-23 01:13,7.23,overload,676,overhead line,1
OUT-01748,FDR-0058,SUB-013,2022-08-30 18:00,2022-08-30 19:01,1.03,overload,434,overhead line,1
OUT-01749,FDR-0058,SUB-013,2022-09-02 16:00,2022-09-02 21:44,5.74,lightning,1888,transformer,1
OUT-01750,FDR-0058,SUB-013,2022-12-06 20:00,2022-12-07 13:07,17.12,tree contact,1839,fuse,1
OUT-01751,FDR-0058,SUB-013,2022-05-30 20:00,2022-05-31 00:58,4.97,animal contact,478,cable,0
OUT-01752,FDR-0058,SUB-013,2022-01-20 21:00,2022-01-21 02:09,5.15,vehicle accident,235,recloser,0
OUT-01753,FDR-0058,SUB-013,2022-03-02 16:00,2022-03-02 21:07,5.13,animal contact,433,switch,0
OUT-01754,FDR-0059,SUB-013,2022-06-25 13:00,2022-06-25 13:59,0.99,underground cable fault,980,transformer,1
OUT-01755,FDR-0059,SUB-013,2022-06-12 18:00,2022-06-13 00:34,6.57,overload,108,switch,1
OUT-01756,FDR-0059,SUB-013,2022-09-26 16:00,2022-09-27 07:26,15.44,tree contact,1302,fuse,1
OUT-01757,FDR-0059,SUB-013,2022-09-14 17:00,2022-09-15 02:23,9.39,lightning,347,overhead line,1
OUT-01758,FDR-0059,SUB-013,2022-01-28 11:00,2022-01-28 14:51,3.86,dig-in,149,cable,0
OUT-01759,FDR-0060,SUB-014,2022-06-03 14:00,2022-06-03 19:40,5.68,overload,741,switch,1
OUT-01760,FDR-0060,SUB-014,2022-07-08 14:00,2022-07-08 20:45,6.76,underground cable fault,232,fuse,1
OUT-01761,FDR-0060,SUB-014,2022-09-08 16:00,2022-09-08 20:31,4.53,overload,799,recloser,1
OUT-01762,FDR-0060,SUB-014,2022-07-30 18:00,2022-07-30 20:57,2.95,equipment failure,450,cable,1
OUT-01763,FDR-0060,SUB-014,2022-09-02 16:00,2022-09-03 07:31,15.53,tree contact,989,recloser,1
OUT-01764,FDR-0060,SUB-014,2022-09-26 16:00,2022-09-26 19:40,3.67,lightning,904,transformer,1
OUT-01765,FDR-0060,SUB-014,2022-07-08 17:00,2022-07-08 19:49,2.82,tree contact,2205,cable,1
OUT-01766,FDR-0060,SUB-014,2022-02-07 16:00,2022-02-07 21:49,5.82,dig-in,279,cable,0
OUT-01767,FDR-0060,SUB-014,2022-04-19 13:00,2022-04-19 17:15,4.26,underground cable fault,239,fuse,0
OUT-01768,FDR-0060,SUB-014,2022-11-11 08:00,2022-11-11 08:49,0.83,equipment failure,27,overhead line,0
OUT-01769,FDR-0061,SUB-014,2022-08-11 15:00,2022-08-11 18:56,3.94,overload,21,transformer,1
OUT-01770,FDR-0061,SUB-014,2022-07-09 13:00,2022-07-09 14:22,1.37,overload,298,overhead line,1
OUT-01771,FDR-0061,SUB-014,2022-06-30 17:00,2022-06-30 19:09,2.15,underground cable fault,208,fuse,1
OUT-01772,FDR-0061,SUB-014,2022-06-05 13:00,2022-06-05 20:07,7.13,underground cable fault,380,switch,1
OUT-01773,FDR-0061,SUB-014,2022-09-02 15:00,2022-09-02 22:24,7.4,animal contact,57,cable,1
OUT-01774,FDR-0061,SUB-014,2022-12-06 17:00,2022-12-07 05:55,12.93,storm damage,363,cable,1
OUT-01775,FDR-0061,SUB-014,2022-07-29 20:00,2022-07-30 09:49,13.82,storm damage,546,overhead line,1
OUT-01776,FDR-0061,SUB-014,2022-10-02 17:00,2022-10-02 19:16,2.27,animal contact,478,fuse,0
OUT-01777,FDR-0061,SUB-014,2022-12-23 17:00,2022-12-23 19:19,2.32,equipment failure,420,cable,0
OUT-01778,FDR-0061,SUB-014,2022-03-01 08:00,2022-03-01 12:07,4.12,vehicle accident,462,cable,0
OUT-01779,FDR-0062,SUB-014,2022-08-15 14:00,2022-08-15 17:54,3.91,overload,689,recloser,1
OUT-01780,FDR-0062,SUB-014,2022-06-12 15:00,2022-06-12 16:43,1.73,equipment failure,718,fuse,1
OUT-01781,FDR-0062,SUB-014,2022-01-15 17:00,2022-01-16 09:10,16.17,storm damage,1859,transformer,1
OUT-01782,FDR-0062,SUB-014,2022-03-02 03:00,2022-03-02 07:15,4.26,animal contact,301,recloser,0
OUT-01783,FDR-0063,SUB-014,2022-06-25 18:00,2022-06-25 20:12,2.2,overload,239,cable,1
OUT-01784,FDR-0063,SUB-014,2022-09-22 15:00,2022-09-22 21:16,6.27,overload,464,transformer,1
OUT-01785,FDR-0063,SUB-014,2022-07-05 15:00,2022-07-05 19:36,4.6,equipment failure,78,switch,1
OUT-01786,FDR-0063,SUB-014,2022-09-14 19:00,2022-09-15 08:06,13.1,animal contact,547,fuse,1
OUT-01787,FDR-0063,SUB-014,2022-07-19 16:00,2022-07-20 00:50,8.84,lightning,562,fuse,1
OUT-01788,FDR-0063,SUB-014,2022-10-22 06:00,2022-10-22 09:31,3.53,equipment failure,281,switch,0
OUT-01789,FDR-0063,SUB-014,2022-10-21 08:00,2022-10-21 09:02,1.04,scheduled maintenance,255,cable,0
OUT-01790,FDR-0064,SUB-014,2022-08-24 14:00,2022-08-24 20:24,6.4,underground cable fault,348,switch,1
OUT-01791,FDR-0064,SUB-014,2022-06-16 15:00,2022-06-16 21:01,6.02,underground cable fault,316,fuse,1
OUT-01792,FDR-0064,SUB-014,2022-09-02 15:00,2022-09-03 08:14,17.24,tree contact,392,transformer,1
OUT-01793,FDR-0064,SUB-014,2022-02-24 15:00,2022-02-25 07:58,16.97,storm damage,258,fuse,1
OUT-01794,FDR-0064,SUB-014,2022-10-01 23:00,2022-10-02 04:41,5.69,scheduled maintenance,159,switch,0
OUT-01795,FDR-0064,SUB-014,2022-11-15 10:00,2022-11-15 14:45,4.76,scheduled maintenance,242,fuse,0
OUT-01796,FDR-0065,SUB-014,2022-09-07 14:00,2022-09-07 19:22,5.38,underground cable fault,1499,switch,1
OUT-01797,FDR-0065,SUB-014,2022-09-01 16:00,2022-09-01 20:13,4.23,overload,473,transformer,1
OUT-01798,FDR-0065,SUB-014,2022-08-23 16:00,2022-08-23 18:55,2.93,equipment failure,502,transformer,1
OUT-01799,FDR-0065,SUB-014,2022-01-09 20:00,2022-01-10 13:08,17.14,storm damage,2752,recloser,1
OUT-01800,FDR-0065,SUB-014,2022-07-29 17:00,2022-07-29 18:53,1.89,tree contact,1988,switch,1
OUT-01801,FDR-0065,SUB-014,2022-01-10 19:00,2022-01-10 22:50,3.84,equipment failure,169,switch,0
OUT-01802,FDR-0065,SUB-014,2022-04-04 23:00,2022-04-05 04:03,5.06,equipment failure,13,cable,0
OUT-01803,FDR-0065,SUB-014,2022-04-08 14:00,2022-04-08 16:21,2.36,equipment failure,269,overhead line,0
OUT-01804,FDR-0066,SUB-015,2022-09-12 14:00,2022-09-12 16:24,2.41,overload,906,cable,1
OUT-01805,FDR-0066,SUB-015,2022-07-21 18:00,2022-07-21 22:33,4.55,underground cable fault,585,overhead line,1
OUT-01806,FDR-0066,SUB-015,2022-07-24 17:00,2022-07-25 00:15,7.26,overload,1193,switch,1
OUT-01807,FDR-0066,SUB-015,2022-07-04 17:00,2022-07-04 18:09,1.16,underground cable fault,283,overhead line,1
OUT-01808,FDR-0066,SUB-015,2022-07-26 14:00,2022-07-27 00:49,10.82,animal contact,121,fuse,1
OUT-01809,FDR-0066,SUB-015,2022-12-13 18:00,2022-12-13 22:12,4.2,lightning,2514,fuse,1
OUT-01810,FDR-0066,SUB-015,2022-02-11 17:00,2022-02-11 21:19,4.32,tree contact,261,transformer,1
OUT-01811,FDR-0066,SUB-015,2022-04-22 05:00,2022-04-22 05:27,0.46,animal contact,258,cable,0
OUT-01812,FDR-0066,SUB-015,2022-11-06 23:00,2022-11-06 23:39,0.66,underground cable fault,132,transformer,0
OUT-01813,FDR-0066,SUB-015,2022-02-19 14:00,2022-02-19 18:30,4.5,underground cable fault,2,transformer,0
OUT-01814,FDR-0067,SUB-015,2022-06-01 16:00,2022-06-01 18:13,2.23,equipment failure,772,switch,1
OUT-01815,FDR-0067,SUB-015,2022-09-18 14:00,2022-09-18 16:48,2.8,equipment failure,888,switch,1
OUT-01816,FDR-0067,SUB-015,2022-06-20 15:00,2022-06-20 17:07,2.12,overload,834,overhead line,1
OUT-01817,FDR-0067,SUB-015,2022-09-18 16:00,2022-09-18 18:49,2.82,equipment failure,505,fuse,1
OUT-01818,FDR-0067,SUB-015,2022-09-26 17:00,2022-09-27 05:08,12.14,tree contact,708,switch,1
OUT-01819,FDR-0067,SUB-015,2022-08-07 16:00,2022-08-07 20:21,4.36,animal contact,1011,recloser,1
OUT-01820,FDR-0067,SUB-015,2022-07-19 18:00,2022-07-20 10:42,16.71,animal contact,498,cable,1
OUT-01821,FDR-0067,SUB-015,2022-11-12 04:00,2022-11-12 06:27,2.45,underground cable fault,27,transformer,0
OUT-01822,FDR-0067,SUB-015,2022-12-22 20:00,2022-12-22 23:55,3.93,underground cable fault,493,overhead line,0
OUT-01823,FDR-0067,SUB-015,2022-04-14 04:00,2022-04-14 06:42,2.7,dig-in,369,switch,0
OUT-01824,FDR-0068,SUB-015,2022-06-14 13:00,2022-06-14 14:00,1.0,overload,148,transformer,1
OUT-01825,FDR-0068,SUB-015,2022-08-08 14:00,2022-08-08 19:58,5.98,overload,460,switch,1
OUT-01826,FDR-0068,SUB-015,2022-09-30 15:00,2022-09-30 20:50,5.84,underground cable fault,199,fuse,1
OUT-01827,FDR-0068,SUB-015,2022-07-15 20:00,2022-07-16 04:18,8.31,storm damage,628,transformer,1
OUT-01828,FDR-0068,SUB-015,2022-01-15 18:00,2022-01-16 10:41,16.69,storm damage,408,recloser,1
OUT-01829,FDR-0068,SUB-015,2022-04-04 03:00,2022-04-04 04:18,1.3,equipment failure,166,cable,0
OUT-01830,FDR-0068,SUB-015,2022-12-14 07:00,2022-12-14 11:20,4.34,underground cable fault,161,transformer,0
OUT-01831,FDR-0068,SUB-015,2022-11-25 18:00,2022-11-25 21:18,3.31,underground cable fault,75,switch,0
OUT-01832,FDR-0069,SUB-015,2022-09-27 17:00,2022-09-27 18:25,1.43,overload,276,cable,1
OUT-01833,FDR-0069,SUB-015,2022-08-16 14:00,2022-08-16 15:48,1.81,overload,59,overhead line,1
OUT-01834,FDR-0069,SUB-015,2022-08-01 17:00,2022-08-01 21:01,4.02,equipment failure,524,switch,1
OUT-01835,FDR-0069,SUB-015,2022-09-02 18:00,2022-09-03 04:09,10.15,storm damage,430,recloser,1
OUT-01836,FDR-0069,SUB-015,2022-09-14 14:00,2022-09-14 16:24,2.41,storm damage,479,overhead line,1
OUT-01837,FDR-0069,SUB-015,2022-12-22 19:00,2022-12-22 19:30,0.51,vehicle accident,362,switch,0
OUT-01838,FDR-0069,SUB-015,2022-12-26 05:00,2022-12-26 05:50,0.84,dig-in,235,fuse,0
OUT-01839,FDR-0070,SUB-015,2022-08-09 16:00,2022-08-09 23:36,7.6,equipment failure,701,transformer,1
OUT-01840,FDR-0070,SUB-015,2022-07-21 15:00,2022-07-21 22:37,7.62,equipment failure,1108,overhead line,1
OUT-01841,FDR-0070,SUB-015,2022-09-30 13:00,2022-09-30 20:19,7.32,overload,1144,fuse,1
OUT-01842,FDR-0070,SUB-015,2022-12-06 14:00,2022-12-07 02:25,12.43,lightning,1584,switch,1
OUT-01843,FDR-0070,SUB-015,2022-09-11 14:00,2022-09-12 03:45,13.75,tree contact,1616,transformer,1
OUT-01844,FDR-0070,SUB-015,2022-04-04 09:00,2022-04-04 13:51,4.85,vehicle accident,59,fuse,0
OUT-01845,FDR-0070,SUB-015,2022-05-09 05:00,2022-05-09 07:00,2.01,underground cable fault,261,transformer,0
OUT-01846,FDR-0070,SUB-015,2022-11-05 04:00,2022-11-05 05:07,1.13,dig-in,193,cable,0
OUT-01847,FDR-0071,SUB-016,2022-08-01 18:00,2022-08-02 01:49,7.83,underground cable fault,1165,cable,1
OUT-01848,FDR-0071,SUB-016,2022-09-03 15:00,2022-09-03 17:19,2.32,equipment failure,522,switch,1
OUT-01849,FDR-0071,SUB-016,2022-08-04 13:00,2022-08-04 20:33,7.55,underground cable fault,418,fuse,1
OUT-01850,FDR-0071,SUB-016,2022-09-28 18:00,2022-09-28 23:05,5.09,equipment failure,571,transformer,1
OUT-01851,FDR-0071,SUB-016,2022-12-13 14:00,2022-12-13 23:09,9.16,storm damage,1627,fuse,1
OUT-01852,FDR-0071,SUB-016,2022-07-15 16:00,2022-07-16 09:18,17.31,animal contact,351,recloser,1
OUT-01853,FDR-0071,SUB-016,2022-01-12 20:00,2022-01-13 00:22,4.37,tree contact,809,overhead line,1
OUT-01854,FDR-0071,SUB-016,2022-01-31 08:00,2022-01-31 11:10,3.18,dig-in,138,switch,0
OUT-01855,FDR-0071,SUB-016,2022-03-24 02:00,2022-03-24 04:52,2.88,underground cable fault,2,cable,0
OUT-01856,FDR-0071,SUB-016,2022-12-21 06:00,2022-12-21 08:45,2.75,dig-in,347,switch,0
OUT-01857,FDR-0072,SUB-016,2022-09-12 16:00,2022-09-12 16:43,0.73,underground cable fault,220,cable,1
OUT-01858,FDR-0072,SUB-016,2022-07-22 16:00,2022-07-22 19:39,3.65,underground cable fault,219,cable,1
OUT-01859,FDR-0072,SUB-016,2022-09-02 14:00,2022-09-02 23:57,9.96,animal contact,380,switch,1
OUT-01860,FDR-0072,SUB-016,2022-09-02 15:00,2022-09-03 02:58,11.97,animal contact,103,cable,1
OUT-01861,FDR-0072,SUB-016,2022-01-18 02:00,2022-01-18 04:13,2.22,dig-in,141,switch,0
OUT-01862,FDR-0072,SUB-016,2022-12-28 02:00,2022-12-28 03:16,1.28,vehicle accident,78,transformer,0
OUT-01863,FDR-0073,SUB-016,2022-09-23 16:00,2022-09-23 18:58,2.97,overload,734,overhead line,1
OUT-01864,FDR-0073,SUB-016,2022-07-05 16:00,2022-07-05 16:46,0.77,equipment failure,1142,cable,1
OUT-01865,FDR-0073,SUB-016,2022-08-10 17:00,2022-08-11 00:55,7.93,underground cable fault,1016,cable,1
OUT-01866,FDR-0073,SUB-016,2022-02-11 16:00,2022-02-12 08:22,16.37,lightning,912,cable,1
OUT-01867,FDR-0073,SUB-016,2022-07-29 16:00,2022-07-29 19:45,3.76,animal contact,636,recloser,1
OUT-01868,FDR-0073,SUB-016,2022-10-03 21:00,2022-10-04 00:38,3.64,scheduled maintenance,320,overhead line,0
OUT-01869,FDR-0073,SUB-016,2022-04-01 04:00,2022-04-01 06:46,2.77,scheduled maintenance,112,switch,0
OUT-01870,FDR-0074,SUB-016,2022-09-23 15:00,2022-09-23 22:18,7.3,equipment failure,263,overhead line,1
OUT-01871,FDR-0074,SUB-016,2022-09-14 16:00,2022-09-14 19:05,3.09,overload,941,fuse,1
OUT-01872,FDR-0074,SUB-016,2022-12-13 16:00,2022-12-14 05:06,13.1,animal contact,1288,transformer,1
OUT-01873,FDR-0074,SUB-016,2022-07-26 15:00,2022-07-26 23:15,8.26,tree contact,1651,recloser,1
OUT-01874,FDR-0074,SUB-016,2022-01-31 07:00,2022-01-31 11:21,4.35,animal contact,185,transformer,0
OUT-01875,FDR-0074,SUB-016,2022-03-11 02:00,2022-03-11 06:41,4.69,equipment failure,261,transformer,0
OUT-01876,FDR-0075,SUB-016,2022-06-15 14:00,2022-06-15 18:53,4.89,equipment failure,599,transformer,1
OUT-01877,FDR-0075,SUB-016,2022-09-05 15:00,2022-09-05 22:16,7.27,equipment failure,225,cable,1
OUT-01878,FDR-0075,SUB-016,2022-08-05 16:00,2022-08-05 22:31,6.52,overload,402,transformer,1
OUT-01879,FDR-0075,SUB-016,2022-02-24 20:00,2022-02-25 06:51,10.86,storm damage,58,transformer,1
OUT-01880,FDR-0075,SUB-016,2022-12-06 14:00,2022-12-06 15:46,1.78,storm damage,524,fuse,1
OUT-01881,FDR-0075,SUB-016,2022-03-25 19:00,2022-03-25 20:40,1.67,animal contact,361,switch,0
OUT-01882,FDR-0075,SUB-016,2022-03-15 07:00,2022-03-15 09:48,2.8,animal contact,70,fuse,0
OUT-01883,FDR-0075,SUB-016,2022-02-06 14:00,2022-02-06 18:32,4.54,vehicle accident,314,transformer,0
OUT-01884,FDR-0076,SUB-017,2022-06-06 17:00,2022-06-06 18:07,1.13,equipment failure,756,cable,1
OUT-01885,FDR-0076,SUB-017,2022-09-03 14:00,2022-09-03 16:18,2.31,equipment failure,1053,switch,1
OUT-01886,FDR-0076,SUB-017,2022-07-29 14:00,2022-07-29 20:28,6.48,underground cable fault,1449,cable,1
OUT-01887,FDR-0076,SUB-017,2022-08-15 13:00,2022-08-15 20:50,7.84,underground cable fault,544,cable,1
OUT-01888,FDR-0076,SUB-017,2022-09-26 18:00,2022-09-27 06:57,12.96,tree contact,1258,overhead line,1
OUT-01889,FDR-0076,SUB-017,2022-07-08 18:00,2022-07-08 21:00,3.01,tree contact,1503,cable,1
OUT-01890,FDR-0076,SUB-017,2022-07-19 18:00,2022-07-20 11:51,17.86,animal contact,1799,switch,1
OUT-01891,FDR-0076,SUB-017,2022-02-17 16:00,2022-02-17 21:44,5.74,scheduled maintenance,87,transformer,0
OUT-01892,FDR-0076,SUB-017,2022-02-12 00:00,2022-02-12 00:17,0.29,animal contact,396,overhead line,0
OUT-01893,FDR-0076,SUB-017,2022-12-17 05:00,2022-12-17 06:41,1.69,equipment failure,76,overhead line,0
OUT-01894,FDR-0077,SUB-017,2022-07-07 16:00,2022-07-07 20:48,4.81,equipment failure,1445,recloser,1
OUT-01895,FDR-0077,SUB-017,2022-06-26 17:00,2022-06-26 22:40,5.67,equipment failure,1166,switch,1
OUT-01896,FDR-0077,SUB-017,2022-06-08 14:00,2022-06-08 17:27,3.45,underground cable fault,743,cable,1
OUT-01897,FDR-0077,SUB-017,2022-06-29 14:00,2022-06-29 20:24,6.4,underground cable fault,1101,recloser,1
OUT-01898,FDR-0077,SUB-017,2022-02-11 16:00,2022-02-11 23:04,7.07,lightning,1552,transformer,1
OUT-01899,FDR-0077,SUB-017,2022-07-25 14:00,2022-07-25 20:16,6.28,lightning,404,recloser,1
OUT-01900,FDR-0077,SUB-017,2022-01-09 16:00,2022-01-09 22:40,6.67,tree contact,790,recloser,1
OUT-01901,FDR-0077,SUB-017,2022-04-18 23:00,2022-04-19 02:28,3.48,scheduled maintenance,117,cable,0
OUT-01902,FDR-0077,SUB-017,2022-05-02 11:00,2022-05-02 16:55,5.92,underground cable fault,113,switch,0
OUT-01903,FDR-0077,SUB-017,2022-05-25 12:00,2022-05-25 17:12,5.2,vehicle accident,74,transformer,0
OUT-01904,FDR-0078,SUB-017,2022-07-17 15:00,2022-07-17 22:15,7.25,equipment failure,1257,recloser,1
OUT-01905,FDR-0078,SUB-017,2022-08-21 18:00,2022-08-21 22:55,4.93,overload,625,fuse,1
OUT-01906,FDR-0078,SUB-017,2022-01-15 15:00,2022-01-16 02:53,11.89,lightning,981,switch,1
OUT-01907,FDR-0078,SUB-017,2022-09-15 18:00,2022-09-16 04:26,10.44,storm damage,1637,overhead line,1
OUT-01908,FDR-0078,SUB-017,2022-04-08 17:00,2022-04-08 21:20,4.34,dig-in,93,switch,0
OUT-01909,FDR-0078,SUB-017,2022-02-08 06:00,2022-02-08 09:28,3.47,underground cable fault,14,overhead line,0
OUT-01910,FDR-0079,SUB-017,2022-06-01 14:00,2022-06-01 17:09,3.16,equipment failure,1500,transformer,1
OUT-01911,FDR-0079,SUB-017,2022-07-31 14:00,2022-07-31 15:09,1.15,overload,723,switch,1
OUT-01912,FDR-0079,SUB-017,2022-09-02 19:00,2022-09-03 09:56,14.94,animal contact,1134,fuse,1
OUT-01913,FDR-0079,SUB-017,2022-02-11 20:00,2022-02-11 22:39,2.65,animal contact,1555,fuse,1
OUT-01914,FDR-0079,SUB-017,2022-11-11 09:00,2022-11-11 13:24,4.4,equipment failure,312,switch,0
OUT-01915,FDR-0080,SUB-018,2022-08-23 18:00,2022-08-23 19:05,1.09,overload,1195,recloser,1
OUT-01916,FDR-0080,SUB-018,2022-07-17 13:00,2022-07-17 16:13,3.22,overload,1274,recloser,1
OUT-01917,FDR-0080,SUB-018,2022-08-03 16:00,2022-08-03 19:44,3.74,equipment failure,1024,cable,1
OUT-01918,FDR-0080,SUB-018,2022-07-25 15:00,2022-07-26 03:49,12.83,tree contact,1395,fuse,1
OUT-01919,FDR-0080,SUB-018,2022-01-16 17:00,2022-01-17 06:14,13.24,tree contact,154,fuse,1
OUT-01920,FDR-0080,SUB-018,2022-03-10 08:00,2022-03-10 12:49,4.83,vehicle accident,143,transformer,0
OUT-01921,FDR-0080,SUB-018,2022-05-23 16:00,2022-05-23 17:23,1.39,dig-in,169,recloser,0
OUT-01922,FDR-0081,SUB-018,2022-09-07 18:00,2022-09-07 22:51,4.85,overload,1400,fuse,1
OUT-01923,FDR-0081,SUB-018,2022-06-09 16:00,2022-06-09 17:26,1.44,underground cable fault,384,cable,1
OUT-01924,FDR-0081,SUB-018,2022-06-04 14:00,2022-06-04 17:27,3.46,underground cable fault,518,recloser,1
OUT-01925,FDR-0081,SUB-018,2022-09-08 17:00,2022-09-08 21:12,4.21,overload,275,transformer,1
OUT-01926,FDR-0081,SUB-018,2022-07-15 15:00,2022-07-16 01:09,10.15,animal contact,1165,fuse,1
OUT-01927,FDR-0081,SUB-018,2022-09-02 18:00,2022-09-03 06:28,12.47,lightning,598,recloser,1
OUT-01928,FDR-0081,SUB-018,2022-07-29 16:00,2022-07-29 21:07,5.12,tree contact,994,cable,1
OUT-01929,FDR-0081,SUB-018,2022-05-13 10:00,2022-05-13 10:27,0.45,animal contact,97,fuse,0
OUT-01930,FDR-0081,SUB-018,2022-05-01 18:00,2022-05-01 20:13,2.22,dig-in,8,switch,0
OUT-01931,FDR-0081,SUB-018,2022-05-06 12:00,2022-05-06 14:24,2.41,equipment failure,351,cable,0
OUT-01932,FDR-0082,SUB-018,2022-07-11 13:00,2022-07-11 18:54,5.91,underground cable fault,1058,cable,1
OUT-01933,FDR-0082,SUB-018,2022-09-09 13:00,2022-09-09 20:59,7.99,underground cable fault,327,switch,1
OUT-01934,FDR-0082,SUB-018,2022-07-23 18:00,2022-07-24 00:23,6.39,equipment failure,1407,fuse,1
OUT-01935,FDR-0082,SUB-018,2022-09-14 16:00,2022-09-15 09:45,17.75,lightning,128,fuse,1
OUT-01936,FDR-0082,SUB-018,2022-07-21 18:00,2022-07-22 01:12,7.21,storm damage,2318,overhead line,1
OUT-01937,FDR-0082,SUB-018,2022-04-29 10:00,2022-04-29 13:54,3.91,dig-in,160,transformer,0
OUT-01938,FDR-0082,SUB-018,2022-10-12 07:00,2022-10-12 11:12,4.2,underground cable fault,60,switch,0
OUT-01939,FDR-0082,SUB-018,2022-04-21 09:00,2022-04-21 09:36,0.61,underground cable fault,244,fuse,0
OUT-01940,FDR-0083,SUB-018,2022-08-19 15:00,2022-08-19 22:48,7.8,underground cable fault,1473,transformer,1
OUT-01941,FDR-0083,SUB-018,2022-08-29 16:00,2022-08-29 20:13,4.22,underground cable fault,1045,recloser,1
OUT-01942,FDR-0083,SUB-018,2022-08-27 14:00,2022-08-28 01:58,11.98,lightning,676,overhead line,1
OUT-01943,FDR-0083,SUB-018,2022-09-11 14:00,2022-09-12 07:27,17.46,lightning,2631,overhead line,1
OUT-01944,FDR-0083,SUB-018,2022-12-21 08:00,2022-12-21 09:54,1.91,vehicle accident,134,overhead line,0
OUT-01945,FDR-0084,SUB-018,2022-08-08 16:00,2022-08-08 20:14,4.24,overload,1081,switch,1
OUT-01946,FDR-0084,SUB-018,2022-09-15 15:00,2022-09-15 19:39,4.66,underground cable fault,34,switch,1
OUT-01947,FDR-0084,SUB-018,2022-08-02 15:00,2022-08-02 21:21,6.36,equipment failure,313,cable,1
OUT-01948,FDR-0084,SUB-018,2022-07-15 16:00,2022-07-16 06:01,14.02,animal contact,204,cable,1
OUT-01949,FDR-0084,SUB-018,2022-01-09 20:00,2022-01-10 01:39,5.65,lightning,1774,recloser,1
OUT-01950,FDR-0084,SUB-018,2022-03-31 00:00,2022-03-31 04:41,4.69,scheduled maintenance,228,cable,0
OUT-01951,FDR-0084,SUB-018,2022-02-21 00:00,2022-02-21 05:51,5.85,vehicle accident,56,recloser,0
OUT-01952,FDR-0084,SUB-018,2022-04-27 00:00,2022-04-27 05:06,5.1,dig-in,463,recloser,0
OUT-01953,FDR-0085,SUB-019,2022-08-05 16:00,2022-08-05 23:36,7.61,underground cable fault,402,overhead line,1
OUT-01954,FDR-0085,SUB-019,2022-09-02 14:00,2022-09-02 16:49,2.82,equipment failure,238,overhead line,1
OUT-01955,FDR-0085,SUB-019,2022-08-04 14:00,2022-08-04 15:03,1.06,equipment failure,642,recloser,1
OUT-01956,FDR-0085,SUB-019,2022-09-01 15:00,2022-09-01 20:25,5.42,equipment failure,166,switch,1
OUT-01957,FDR-0085,SUB-019,2022-01-09 16:00,2022-01-10 08:58,16.97,storm damage,603,cable,1
OUT-01958,FDR-0085,SUB-019,2022-01-12 20:00,2022-01-13 02:23,6.39,tree contact,929,switch,1
OUT-01959,FDR-0085,SUB-019,2022-08-07 18:00,2022-08-08 07:11,13.19,storm damage,580,fuse,1
OUT-01960,FDR-0085,SUB-019,2022-11-05 11:00,2022-11-05 13:01,2.03,underground cable fault,433,overhead line,0
OUT-01961,FDR-0085,SUB-019,2022-11-05 10:00,2022-11-05 15:45,5.76,vehicle accident,446,transformer,0
OUT-01962,FDR-0085,SUB-019,2022-02-23 04:00,2022-02-23 06:56,2.94,underground cable fault,443,cable,0
OUT-01963,FDR-0086,SUB-019,2022-08-20 18:00,2022-08-21 00:24,6.41,underground cable fault,963,fuse,1
OUT-01964,FDR-0086,SUB-019,2022-08-17 14:00,2022-08-17 17:57,3.96,underground cable fault,688,overhead line,1
OUT-01965,FDR-0086,SUB-019,2022-09-10 13:00,2022-09-10 20:53,7.89,underground cable fault,1304,fuse,1
OUT-01966,FDR-0086,SUB-019,2022-01-09 17:00,2022-01-10 08:16,15.27,lightning,1505,switch,1
OUT-01967,FDR-0086,SUB-019,2022-12-06 18:00,2022-12-07 11:38,17.64,tree contact,640,recloser,1
OUT-01968,FDR-0086,SUB-019,2022-05-28 11:00,2022-05-28 14:58,3.97,dig-in,208,switch,0
OUT-01969,FDR-0086,SUB-019,2022-04-13 00:00,2022-04-13 05:23,5.39,animal contact,456,recloser,0
OUT-01970,FDR-0086,SUB-019,2022-10-29 14:00,2022-10-29 14:38,0.64,equipment failure,285,fuse,0
OUT-01971,FDR-0087,SUB-019,2022-06-04 13:00,2022-06-04 18:19,5.32,underground cable fault,169,overhead line,1
OUT-01972,FDR-0087,SUB-019,2022-06-08 18:00,2022-06-08 19:24,1.41,underground cable fault,304,recloser,1
OUT-01973,FDR-0087,SUB-019,2022-08-06 14:00,2022-08-06 17:00,3.01,underground cable fault,257,switch,1
OUT-01974,FDR-0087,SUB-019,2022-06-04 16:00,2022-06-04 22:40,6.68,equipment failure,40,overhead line,1
OUT-01975,FDR-0087,SUB-019,2022-08-07 20:00,2022-08-07 21:32,1.54,animal contact,1534,recloser,1
OUT-01976,FDR-0087,SUB-019,2022-02-24 18:00,2022-02-25 04:39,10.65,animal contact,1263,fuse,1
OUT-01977,FDR-0087,SUB-019,2022-08-07 17:00,2022-08-08 00:36,7.6,storm damage,654,transformer,1
OUT-01978,FDR-0087,SUB-019,2022-01-19 02:00,2022-01-19 04:58,2.98,animal contact,206,transformer,0
OUT-01979,FDR-0087,SUB-019,2022-11-24 16:00,2022-11-24 20:48,4.8,underground cable fault,422,switch,0
OUT-01980,FDR-0087,SUB-019,2022-12-30 08:00,2022-12-30 13:08,5.14,dig-in,270,overhead line,0
OUT-01981,FDR-0088,SUB-020,2022-06-27 14:00,2022-06-27 18:01,4.02,underground cable fault,40,fuse,1
OUT-01982,FDR-0088,SUB-020,2022-09-24 16:00,2022-09-24 20:24,4.4,equipment failure,931,overhead line,1
OUT-01983,FDR-0088,SUB-020,2022-07-11 17:00,2022-07-11 19:21,2.35,equipment failure,438,switch,1
OUT-01984,FDR-0088,SUB-020,2022-06-12 13:00,2022-06-12 17:27,4.45,underground cable fault,893,cable,1
OUT-01985,FDR-0088,SUB-020,2022-01-16 18:00,2022-01-17 07:04,13.08,storm damage,758,overhead line,1
OUT-01986,FDR-0088,SUB-020,2022-12-06 14:00,2022-12-07 05:52,15.88,animal contact,984,overhead line,1
OUT-01987,FDR-0088,SUB-020,2022-09-02 14:00,2022-09-03 01:03,11.05,storm damage,1788,overhead line,1
OUT-01988,FDR-0088,SUB-020,2022-01-28 01:00,2022-01-28 01:34,0.58,scheduled maintenance,440,fuse,0
OUT-01989,FDR-0088,SUB-020,2022-04-29 11:00,2022-04-29 13:59,2.99,animal contact,343,fuse,0
OUT-01990,FDR-0088,SUB-020,2022-05-09 15:00,2022-05-09 20:37,5.63,vehicle accident,121,recloser,0
OUT-01991,FDR-0089,SUB-020,2022-08-25 18:00,2022-08-25 22:29,4.49,underground cable fault,1114,overhead line,1
OUT-01992,FDR-0089,SUB-020,2022-06-18 17:00,2022-06-18 21:37,4.63,equipment failure,335,cable,1
OUT-01993,FDR-0089,SUB-020,2022-08-30 18:00,2022-08-30 23:51,5.86,underground cable fault,1394,transformer,1
OUT-01994,FDR-0089,SUB-020,2022-09-23 16:00,2022-09-23 17:49,1.82,equipment failure,291,transformer,1
OUT-01995,FDR-0089,SUB-020,2022-09-02 14:00,2022-09-02 15:24,1.41,animal contact,778,fuse,1
OUT-01996,FDR-0089,SUB-020,2022-09-02 14:00,2022-09-03 02:12,12.2,lightning,302,recloser,1
OUT-01997,FDR-0089,SUB-020,2022-09-15 19:00,2022-09-15 20:37,1.63,animal contact,1790,fuse,1
OUT-01998,FDR-0089,SUB-020,2022-03-26 12:00,2022-03-26 14:25,2.43,dig-in,422,recloser,0
OUT-01999,FDR-0089,SUB-020,2022-03-29 05:00,2022-03-29 07:07,2.13,dig-in,162,recloser,0
OUT-02000,FDR-0090,SUB-020,2022-06-06 13:00,2022-06-06 15:14,2.24,overload,421,fuse,1
OUT-02001,FDR-0090,SUB-020,2022-07-09 18:00,2022-07-10 01:25,7.42,equipment failure,907,recloser,1
OUT-02002,FDR-0090,SUB-020,2022-12-13 14:00,2022-12-14 02:43,12.72,storm damage,591,switch,1
OUT-02003,FDR-0090,SUB-020,2022-07-25 14:00,2022-07-25 18:36,4.6,animal contact,398,fuse,1
OUT-02004,FDR-0090,SUB-020,2022-10-07 15:00,2022-10-07 20:06,5.11,animal contact,65,cable,0
OUT-02005,FDR-0091,SUB-020,2022-07-24 13:00,2022-07-24 19:45,6.76,underground cable fault,428,switch,1
OUT-02006,FDR-0091,SUB-020,2022-06-17 16:00,2022-06-17 21:57,5.96,overload,448,overhead line,1
OUT-02007,FDR-0091,SUB-020,2022-07-19 16:00,2022-07-19 20:09,4.16,equipment failure,940,recloser,1
OUT-02008,FDR-0091,SUB-020,2022-01-16 16:00,2022-01-17 05:14,13.24,tree contact,525,overhead line,1
OUT-02009,FDR-0091,SUB-020,2022-07-29 19:00,2022-07-30 04:25,9.42,lightning,909,cable,1
OUT-02010,FDR-0091,SUB-020,2022-10-23 03:00,2022-10-23 07:34,4.57,animal contact,281,overhead line,0
OUT-02011,FDR-0091,SUB-020,2022-03-09 23:00,2022-03-10 04:58,5.98,dig-in,8,switch,0
OUT-02012,FDR-0091,SUB-020,2022-03-06 04:00,2022-03-06 09:41,5.69,animal contact,126,fuse,0
OUT-02013,FDR-0092,SUB-020,2022-07-07 16:00,2022-07-07 23:15,7.26,overload,486,fuse,1
OUT-02014,FDR-0092,SUB-020,2022-07-15 16:00,2022-07-15 19:24,3.4,equipment failure,548,transformer,1
OUT-02015,FDR-0092,SUB-020,2022-08-29 14:00,2022-08-29 17:09,3.15,underground cable fault,946,recloser,1
OUT-02016,FDR-0092,SUB-020,2022-06-04 14:00,2022-06-04 19:36,5.61,underground cable fault,803,switch,1
OUT-02017,FDR-0092,SUB-020,2022-01-15 20:00,2022-01-16 13:03,17.06,animal contact,1817,transformer,1
OUT-02018,FDR-0092,SUB-020,2022-08-07 14:00,2022-08-08 02:57,12.95,animal contact,1630,switch,1
OUT-02019,FDR-0092,SUB-020,2022-01-12 15:00,2022-01-13 05:40,14.68,tree contact,1906,switch,1
OUT-02020,FDR-0092,SUB-020,2022-01-25 18:00,2022-01-25 18:31,0.52,scheduled maintenance,161,switch,0
OUT-02021,FDR-0092,SUB-020,2022-10-14 19:00,2022-10-14 20:11,1.19,equipment failure,111,switch,0
OUT-02022,FDR-0093,SUB-020,2022-08-24 18:00,2022-08-25 01:51,7.85,equipment failure,637,switch,1
OUT-02023,FDR-0093,SUB-020,2022-06-22 13:00,2022-06-22 13:52,0.88,equipment failure,514,recloser,1
OUT-02024,FDR-0093,SUB-020,2022-01-09 18:00,2022-01-09 19:49,1.83,tree contact,1525,cable,1
OUT-02025,FDR-0093,SUB-020,2022-01-15 14:00,2022-01-15 17:17,3.29,storm damage,429,transformer,1
OUT-02026,FDR-0093,SUB-020,2022-11-15 23:00,2022-11-16 04:23,5.39,vehicle accident,106,fuse,0
OUT-02027,FDR-0094,SUB-021,2022-08-31 15:00,2022-08-31 15:40,0.68,underground cable fault,99,transformer,1
OUT-02028,FDR-0094,SUB-021,2022-09-09 17:00,2022-09-09 19:58,2.98,equipment failure,346,switch,1
OUT-02029,FDR-0094,SUB-021,2022-07-31 13:00,2022-07-31 20:59,7.99,equipment failure,67,overhead line,1
OUT-02030,FDR-0094,SUB-021,2022-09-11 17:00,2022-09-11 22:17,5.29,storm damage,66,cable,1
OUT-02031,FDR-0094,SUB-021,2022-12-13 17:00,2022-12-14 10:46,17.78,lightning,1702,recloser,1
OUT-02032,FDR-0094,SUB-021,2022-03-14 06:00,2022-03-14 09:30,3.51,equipment failure,469,transformer,0
OUT-02033,FDR-0094,SUB-021,2022-04-16 17:00,2022-04-16 18:34,1.58,vehicle accident,440,switch,0
OUT-02034,FDR-0095,SUB-021,2022-08-10 15:00,2022-08-10 18:39,3.65,underground cable fault,525,fuse,1
OUT-02035,FDR-0095,SUB-021,2022-08-16 16:00,2022-08-16 21:36,5.6,overload,315,cable,1
OUT-02036,FDR-0095,SUB-021,2022-09-05 18:00,2022-09-06 00:25,6.43,underground cable fault,1355,switch,1
OUT-02037,FDR-0095,SUB-021,2022-08-20 18:00,2022-08-20 19:44,1.74,underground cable fault,175,fuse,1
OUT-02038,FDR-0095,SUB-021,2022-07-29 20:00,2022-07-30 01:31,5.53,storm damage,642,overhead line,1
OUT-02039,FDR-0095,SUB-021,2022-07-08 18:00,2022-07-08 22:39,4.65,storm damage,202,cable,1
OUT-02040,FDR-0095,SUB-021,2022-07-21 15:00,2022-07-22 03:40,12.68,animal contact,1850,recloser,1
OUT-02041,FDR-0095,SUB-021,2022-01-08 18:00,2022-01-08 22:01,4.03,equipment failure,464,cable,0
OUT-02042,FDR-0095,SUB-021,2022-02-08 22:00,2022-02-09 00:34,2.58,scheduled maintenance,227,transformer,0
OUT-02043,FDR-0095,SUB-021,2022-05-03 12:00,2022-05-03 17:39,5.66,animal contact,256,cable,0
OUT-02044,FDR-0096,SUB-021,2022-06-28 14:00,2022-06-28 15:23,1.39,underground cable fault,1379,overhead line,1
OUT-02045,FDR-0096,SUB-021,2022-09-02 15:00,2022-09-02 19:57,4.96,underground cable fault,1218,cable,1
OUT-02046,FDR-0096,SUB-021,2022-08-21 14:00,2022-08-21 19:07,5.13,overload,1153,fuse,1
OUT-02047,FDR-0096,SUB-021,2022-07-26 18:00,2022-07-27 10:39,16.66,animal contact,775,transformer,1
OUT-02048,FDR-0096,SUB-021,2022-08-07 15:00,2022-08-08 00:43,9.73,animal contact,1586,switch,1
OUT-02049,FDR-0096,SUB-021,2022-02-05 06:00,2022-02-05 07:28,1.47,scheduled maintenance,343,overhead line,0
OUT-02050,FDR-0096,SUB-021,2022-02-25 03:00,2022-02-25 06:40,3.68,equipment failure,345,recloser,0
OUT-02051,FDR-0096,SUB-021,2022-01-08 09:00,2022-01-08 12:37,3.63,animal contact,377,transformer,0
OUT-02052,FDR-0097,SUB-022,2022-08-21 18:00,2022-08-21 20:54,2.9,overload,994,recloser,1
OUT-02053,FDR-0097,SUB-022,2022-06-14 14:00,2022-06-14 17:53,3.89,underground cable fault,1239,overhead line,1
OUT-02054,FDR-0097,SUB-022,2022-09-02 17:00,2022-09-02 18:49,1.83,equipment failure,732,transformer,1
OUT-02055,FDR-0097,SUB-022,2022-09-29 15:00,2022-09-29 21:53,6.89,overload,974,transformer,1
OUT-02056,FDR-0097,SUB-022,2022-09-15 14:00,2022-09-15 20:40,6.67,lightning,97,cable,1
OUT-02057,FDR-0097,SUB-022,2022-02-24 14:00,2022-02-24 17:31,3.53,tree contact,1716,switch,1
OUT-02058,FDR-0097,SUB-022,2022-07-15 14:00,2022-07-16 02:20,12.34,tree contact,844,switch,1
OUT-02059,FDR-0097,SUB-022,2022-10-17 09:00,2022-10-17 14:00,5.01,underground cable fault,272,transformer,0
OUT-02060,FDR-0097,SUB-022,2022-01-25 15:00,2022-01-25 20:32,5.54,underground cable fault,23,recloser,0
OUT-02061,FDR-0098,SUB-022,2022-09-06 16:00,2022-09-06 20:47,4.79,equipment failure,1301,cable,1
OUT-02062,FDR-0098,SUB-022,2022-06-09 18:00,2022-06-10 01:10,7.17,overload,814,cable,1
OUT-02063,FDR-0098,SUB-022,2022-08-16 16:00,2022-08-16 20:37,4.63,equipment failure,1305,switch,1
OUT-02064,FDR-0098,SUB-022,2022-08-28 18:00,2022-08-28 23:34,5.58,equipment failure,594,transformer,1
OUT-02065,FDR-0098,SUB-022,2022-07-26 18:00,2022-07-26 23:08,5.14,animal contact,359,recloser,1
OUT-02066,FDR-0098,SUB-022,2022-09-14 16:00,2022-09-14 21:36,5.61,animal contact,425,switch,1
OUT-02067,FDR-0098,SUB-022,2022-09-19 17:00,2022-09-20 08:46,15.78,tree contact,584,switch,1
OUT-02068,FDR-0098,SUB-022,2022-02-09 10:00,2022-02-09 14:10,4.18,underground cable fault,226,recloser,0
OUT-02069,FDR-0098,SUB-022,2022-05-23 04:00,2022-05-23 07:02,3.04,vehicle accident,119,fuse,0
OUT-02070,FDR-0099,SUB-022,2022-09-28 13:00,2022-09-28 15:16,2.28,underground cable fault,1079,overhead line,1
OUT-02071,FDR-0099,SUB-022,2022-06-29 16:00,2022-06-29 23:12,7.2,underground cable fault,95,recloser,1
OUT-02072,FDR-0099,SUB-022,2022-07-12 14:00,2022-07-12 20:28,6.47,overload,1218,transformer,1
OUT-02073,FDR-0099,SUB-022,2022-07-21 18:00,2022-07-22 06:43,12.72,storm damage,287,fuse,1
OUT-02074,FDR-0099,SUB-022,2022-09-11 16:00,2022-09-11 17:46,1.77,animal contact,1008,cable,1
OUT-02075,FDR-0099,SUB-022,2022-02-05 18:00,2022-02-05 18:25,0.42,scheduled maintenance,426,cable,0
OUT-02076,FDR-0099,SUB-022,2022-11-07 02:00,2022-11-07 04:10,2.18,vehicle accident,38,switch,0
OUT-02077,FDR-0100,SUB-023,2022-09-15 18:00,2022-09-16 01:31,7.52,overload,820,fuse,1
OUT-02078,FDR-0100,SUB-023,2022-09-09 18:00,2022-09-09 21:19,3.32,overload,50,transformer,1
OUT-02079,FDR-0100,SUB-023,2022-02-24 14:00,2022-02-24 20:54,6.91,lightning,205,cable,1
OUT-02080,FDR-0100,SUB-023,2022-07-08 17:00,2022-07-09 06:38,13.64,storm damage,736,overhead line,1
OUT-02081,FDR-0100,SUB-023,2022-05-09 10:00,2022-05-09 14:59,4.99,vehicle accident,493,switch,0
OUT-02082,FDR-0100,SUB-023,2022-02-05 15:00,2022-02-05 17:12,2.2,dig-in,379,switch,0
OUT-02083,FDR-0101,SUB-023,2022-08-18 16:00,2022-08-18 22:16,6.28,overload,1252,recloser,1
OUT-02084,FDR-0101,SUB-023,2022-06-29 13:00,2022-06-29 15:15,2.25,underground cable fault,666,fuse,1
OUT-02085,FDR-0101,SUB-023,2022-09-27 14:00,2022-09-27 21:04,7.08,overload,1149,fuse,1
OUT-02086,FDR-0101,SUB-023,2022-07-14 13:00,2022-07-14 17:00,4.0,underground cable fault,863,overhead line,1
OUT-02087,FDR-0101,SUB-023,2022-12-13 17:00,2022-12-13 19:45,2.75,animal contact,1093,cable,1
OUT-02088,FDR-0101,SUB-023,2022-01-16 19:00,2022-01-17 06:00,11.0,storm damage,2266,recloser,1
OUT-02089,FDR-0101,SUB-023,2022-09-26 19:00,2022-09-27 08:58,13.97,lightning,681,transformer,1
OUT-02090,FDR-0101,SUB-023,2022-12-10 02:00,2022-12-10 05:24,3.4,dig-in,249,fuse,0
OUT-02091,FDR-0101,SUB-023,2022-02-02 03:00,2022-02-02 08:29,5.49,animal contact,124,recloser,0
OUT-02092,FDR-0102,SUB-023,2022-08-02 15:00,2022-08-02 18:16,3.28,overload,687,transformer,1
OUT-02093,FDR-0102,SUB-023,2022-06-04 16:00,2022-06-04 23:10,7.18,overload,784,switch,1
OUT-02094,FDR-0102,SUB-023,2022-07-08 16:00,2022-07-09 03:10,11.17,animal contact,1090,fuse,1
OUT-02095,FDR-0102,SUB-023,2022-07-19 16:00,2022-07-19 18:09,2.16,tree contact,2019,transformer,1
OUT-02096,FDR-0102,SUB-023,2022-10-31 19:00,2022-11-01 00:07,5.13,animal contact,3,recloser,0
OUT-02097,FDR-0102,SUB-023,2022-12-16 13:00,2022-12-16 18:03,5.05,animal contact,432,fuse,0
OUT-02098,FDR-0103,SUB-023,2022-09-20 17:00,2022-09-20 18:31,1.52,equipment failure,410,fuse,1
OUT-02099,FDR-0103,SUB-023,2022-06-05 15:00,2022-06-05 19:17,4.29,overload,718,overhead line,1
OUT-02100,FDR-0103,SUB-023,2022-07-17 13:00,2022-07-17 20:22,7.38,underground cable fault,492,overhead line,1
OUT-02101,FDR-0103,SUB-023,2022-08-20 17:00,2022-08-20 21:57,4.95,underground cable fault,1315,overhead line,1
OUT-02102,FDR-0103,SUB-023,2022-07-29 16:00,2022-07-29 20:18,4.31,animal contact,351,switch,1
OUT-02103,FDR-0103,SUB-023,2022-01-16 15:00,2022-01-16 18:43,3.72,lightning,290,fuse,1
OUT-02104,FDR-0103,SUB-023,2022-07-29 15:00,2022-07-29 22:58,7.97,lightning,591,switch,1
OUT-02105,FDR-0103,SUB-023,2022-05-21 14:00,2022-05-21 19:38,5.64,dig-in,414,fuse,0
OUT-02106,FDR-0103,SUB-023,2022-11-20 19:00,2022-11-21 00:18,5.31,dig-in,471,overhead line,0
OUT-02107,FDR-0103,SUB-023,2022-03-05 12:00,2022-03-05 13:01,1.03,animal contact,455,switch,0
OUT-02108,FDR-0104,SUB-023,2022-08-07 13:00,2022-08-07 13:48,0.81,equipment failure,969,overhead line,1
OUT-02109,FDR-0104,SUB-023,2022-06-16 13:00,2022-06-16 13:46,0.77,equipment failure,1184,transformer,1
OUT-02110,FDR-0104,SUB-023,2022-06-21 13:00,2022-06-21 13:52,0.88,equipment failure,1496,cable,1
OUT-02111,FDR-0104,SUB-023,2022-09-11 19:00,2022-09-12 10:12,15.21,animal contact,109,switch,1
OUT-02112,FDR-0104,SUB-023,2022-09-26 14:00,2022-09-27 05:21,15.36,lightning,1333,overhead line,1
OUT-02113,FDR-0104,SUB-023,2022-04-24 22:00,2022-04-25 00:48,2.81,scheduled maintenance,394,fuse,0
OUT-02114,FDR-0104,SUB-023,2022-01-18 17:00,2022-01-18 18:34,1.57,equipment failure,248,fuse,0
OUT-02115,FDR-0001,SUB-001,2023-06-05 13:00,2023-06-05 15:55,2.93,underground cable fault,853,overhead line,1
OUT-02116,FDR-0001,SUB-001,2023-07-05 17:00,2023-07-05 18:43,1.73,overload,1304,cable,1
OUT-02117,FDR-0001,SUB-001,2023-06-07 14:00,2023-06-07 17:33,3.56,overload,25,recloser,1
OUT-02118,FDR-0001,SUB-001,2023-08-16 17:00,2023-08-16 22:21,5.36,tree contact,1285,transformer,1
OUT-02119,FDR-0001,SUB-001,2023-07-17 16:00,2023-07-18 02:15,10.25,storm damage,906,cable,1
OUT-02120,FDR-0001,SUB-001,2023-02-10 04:00,2023-02-10 04:36,0.6,equipment failure,82,recloser,0
OUT-02121,FDR-0001,SUB-001,2023-04-30 13:00,2023-04-30 18:42,5.71,equipment failure,96,switch,0
OUT-02122,FDR-0001,SUB-001,2023-04-29 01:00,2023-04-29 04:28,3.47,equipment failure,265,fuse,0
OUT-02123,FDR-0002,SUB-001,2023-06-09 16:00,2023-06-09 21:49,5.82,underground cable fault,169,fuse,1
OUT-02124,FDR-0002,SUB-001,2023-06-11 15:00,2023-06-11 22:25,7.43,underground cable fault,146,overhead line,1
OUT-02125,FDR-0002,SUB-001,2023-07-31 14:00,2023-07-31 19:34,5.57,overload,324,recloser,1
OUT-02126,FDR-0002,SUB-001,2023-09-15 17:00,2023-09-15 22:46,5.77,animal contact,153,fuse,1
OUT-02127,FDR-0002,SUB-001,2023-07-05 15:00,2023-07-06 05:49,14.82,storm damage,241,overhead line,1
OUT-02128,FDR-0002,SUB-001,2023-11-03 01:00,2023-11-03 01:40,0.67,scheduled maintenance,347,switch,0
OUT-02129,FDR-0002,SUB-001,2023-11-06 12:00,2023-11-06 14:43,2.72,dig-in,98,overhead line,0
OUT-02130,FDR-0003,SUB-001,2023-09-25 16:00,2023-09-25 18:50,2.84,equipment failure,912,transformer,1
OUT-02131,FDR-0003,SUB-001,2023-09-09 18:00,2023-09-09 21:51,3.85,overload,1438,transformer,1
OUT-02132,FDR-0003,SUB-001,2023-09-06 17:00,2023-09-06 19:48,2.8,overload,463,fuse,1
OUT-02133,FDR-0003,SUB-001,2023-08-02 13:00,2023-08-02 18:49,5.82,overload,763,transformer,1
OUT-02134,FDR-0003,SUB-001,2023-02-24 14:00,2023-02-24 22:40,8.68,storm damage,1675,cable,1
OUT-02135,FDR-0003,SUB-001,2023-09-16 15:00,2023-09-17 05:34,14.58,tree contact,1522,fuse,1
OUT-02136,FDR-0003,SUB-001,2023-12-12 14:00,2023-12-12 21:53,7.89,storm damage,1516,transformer,1
OUT-02137,FDR-0003,SUB-001,2023-11-17 23:00,2023-11-18 01:10,2.17,animal contact,414,fuse,0
OUT-02138,FDR-0003,SUB-001,2023-05-10 13:00,2023-05-10 17:28,4.48,animal contact,20,switch,0
OUT-02139,FDR-0004,SUB-002,2023-09-18 18:00,2023-09-18 20:41,2.69,equipment failure,477,switch,1
OUT-02140,FDR-0004,SUB-002,2023-08-08 15:00,2023-08-08 21:46,6.77,overload,21,overhead line,1
OUT-02141,FDR-0004,SUB-002,2023-08-03 19:00,2023-08-04 09:37,14.63,lightning,368,fuse,1
OUT-02142,FDR-0004,SUB-002,2023-03-18 07:00,2023-03-18 11:43,4.72,underground cable fault,219,switch,0
OUT-02143,FDR-0005,SUB-002,2023-06-18 13:00,2023-06-18 15:34,2.57,underground cable fault,42,fuse,1
OUT-02144,FDR-0005,SUB-002,2023-09-20 15:00,2023-09-20 16:06,1.1,underground cable fault,973,switch,1
OUT-02145,FDR-0005,SUB-002,2023-09-06 15:00,2023-09-06 22:26,7.44,equipment failure,866,transformer,1
OUT-02146,FDR-0005,SUB-002,2023-09-17 17:00,2023-09-18 00:06,7.11,animal contact,724,fuse,1
OUT-02147,FDR-0005,SUB-002,2023-07-05 16:00,2023-07-06 08:52,16.87,lightning,53,recloser,1
OUT-02148,FDR-0005,SUB-002,2023-05-25 12:00,2023-05-25 16:53,4.89,animal contact,25,transformer,0
OUT-02149,FDR-0005,SUB-002,2023-11-26 20:00,2023-11-27 00:41,4.69,dig-in,116,recloser,0
OUT-02150,FDR-0006,SUB-002,2023-07-05 15:00,2023-07-05 20:02,5.04,equipment failure,1090,switch,1
OUT-02151,FDR-0006,SUB-002,2023-07-27 14:00,2023-07-27 18:32,4.54,equipment failure,221,recloser,1
OUT-02152,FDR-0006,SUB-002,2023-12-13 18:00,2023-12-13 21:17,3.29,tree contact,2136,overhead line,1
OUT-02153,FDR-0006,SUB-002,2023-12-10 20:00,2023-12-10 23:08,3.14,tree contact,644,cable,1
OUT-02154,FDR-0006,SUB-002,2023-10-20 01:00,2023-10-20 04:34,3.58,dig-in,210,cable,0
OUT-02155,FDR-0007,SUB-002,2023-07-06 14:00,2023-07-06 18:31,4.53,overload,411,switch,1
OUT-02156,FDR-0007,SUB-002,2023-08-26 13:00,2023-08-26 17:22,4.38,underground cable fault,60,transformer,1
OUT-02157,FDR-0007,SUB-002,2023-07-14 18:00,2023-07-15 11:21,17.35,animal contact,160,fuse,1
OUT-02158,FDR-0007,SUB-002,2023-07-05 14:00,2023-07-06 01:39,11.66,animal contact,634,transformer,1
OUT-02159,FDR-0007,SUB-002,2023-11-20 06:00,2023-11-20 08:18,2.3,underground cable fault,234,overhead line,0
OUT-02160,FDR-0007,SUB-002,2023-10-18 05:00,2023-10-18 08:39,3.65,underground cable fault,61,fuse,0
OUT-02161,FDR-0008,SUB-003,2023-09-01 18:00,2023-09-01 19:50,1.84,underground cable fault,643,switch,1
OUT-02162,FDR-0008,SUB-003,2023-07-01 17:00,2023-07-01 21:27,4.45,equipment failure,1323,transformer,1
OUT-02163,FDR-0008,SUB-003,2023-06-19 16:00,2023-06-19 18:00,2.01,overload,459,cable,1
OUT-02164,FDR-0008,SUB-003,2023-08-17 13:00,2023-08-17 18:46,5.78,underground cable fault,595,recloser,1
OUT-02165,FDR-0008,SUB-003,2023-06-10 15:00,2023-06-10 16:16,1.27,overload,152,switch,1
OUT-02166,FDR-0008,SUB-003,2023-02-24 15:00,2023-02-24 19:01,4.03,tree contact,1591,switch,1
OUT-02167,FDR-0008,SUB-003,2023-09-16 18:00,2023-09-17 02:18,8.31,lightning,344,overhead line,1
OUT-02168,FDR-0008,SUB-003,2023-09-15 20:00,2023-09-15 21:07,1.12,animal contact,2394,recloser,1
OUT-02169,FDR-0008,SUB-003,2023-12-10 20:00,2023-12-10 22:00,2.0,tree contact,2524,fuse,1
OUT-02170,FDR-0008,SUB-003,2023-12-18 03:00,2023-12-18 08:48,5.8,animal contact,82,transformer,0
OUT-02171,FDR-0008,SUB-003,2023-01-04 05:00,2023-01-04 08:02,3.04,dig-in,112,cable,0
OUT-02172,FDR-0008,SUB-003,2023-01-15 13:00,2023-01-15 15:38,2.64,equipment failure,353,fuse,0
OUT-02173,FDR-0009,SUB-003,2023-06-30 16:00,2023-06-30 19:43,3.73,underground cable fault,825,fuse,1
OUT-02174,FDR-0009,SUB-003,2023-09-28 13:00,2023-09-28 16:31,3.53,equipment failure,736,recloser,1
OUT-02175,FDR-0009,SUB-003,2023-08-31 17:00,2023-08-31 21:36,4.6,overload,611,fuse,1
OUT-02176,FDR-0009,SUB-003,2023-06-09 15:00,2023-06-09 19:39,4.65,equipment failure,743,recloser,1
OUT-02177,FDR-0009,SUB-003,2023-07-24 16:00,2023-07-24 22:30,6.5,equipment failure,57,recloser,1
OUT-02178,FDR-0009,SUB-003,2023-01-27 18:00,2023-01-28 04:08,10.14,lightning,2039,transformer,1
OUT-02179,FDR-0009,SUB-003,2023-09-15 17:00,2023-09-16 04:43,11.73,lightning,1102,cable,1
OUT-02180,FDR-0009,SUB-003,2023-08-12 16:00,2023-08-13 06:12,14.2,lightning,836,transformer,1
OUT-02181,FDR-0009,SUB-003,2023-09-15 16:00,2023-09-15 18:24,2.41,tree contact,681,overhead line,1
OUT-02182,FDR-0009,SUB-003,2023-01-05 15:00,2023-01-05 20:07,5.13,dig-in,255,switch,0
OUT-02183,FDR-0009,SUB-003,2023-11-27 17:00,2023-11-27 20:06,3.1,animal contact,360,recloser,0
OUT-02184,FDR-0009,SUB-003,2023-11-05 12:00,2023-11-05 17:47,5.79,dig-in,82,switch,0
OUT-02185,FDR-0010,SUB-003,2023-08-15 18:00,2023-08-16 01:05,7.09,overload,92,overhead line,1
OUT-02186,FDR-0010,SUB-003,2023-08-27 16:00,2023-08-27 18:03,2.06,underground cable fault,617,switch,1
OUT-02187,FDR-0010,SUB-003,2023-08-12 14:00,2023-08-12 20:22,6.37,overload,427,cable,1
OUT-02188,FDR-0010,SUB-003,2023-06-20 13:00,2023-06-20 18:13,5.22,equipment failure,1220,fuse,1
OUT-02189,FDR-0010,SUB-003,2023-01-08 20:00,2023-01-09 04:26,8.44,lightning,1237,transformer,1
OUT-02190,FDR-0010,SUB-003,2023-07-17 20:00,2023-07-18 11:25,15.42,animal contact,386,switch,1
OUT-02191,FDR-0010,SUB-003,2023-12-13 19:00,2023-12-14 09:27,14.46,storm damage,544,transformer,1
OUT-02192,FDR-0010,SUB-003,2023-04-26 05:00,2023-04-26 08:06,3.11,dig-in,173,cable,0
OUT-02193,FDR-0010,SUB-003,2023-02-13 19:00,2023-02-13 20:04,1.07,vehicle accident,279,cable,0
OUT-02194,FDR-0010,SUB-003,2023-04-22 11:00,2023-04-22 11:51,0.85,dig-in,430,switch,0
OUT-02195,FDR-0011,SUB-004,2023-08-08 16:00,2023-08-08 21:26,5.44,overload,699,cable,1
OUT-02196,FDR-0011,SUB-004,2023-09-17 14:00,2023-09-17 15:55,1.93,equipment failure,29,cable,1
OUT-02197,FDR-0011,SUB-004,2023-06-11 15:00,2023-06-11 19:33,4.55,overload,217,switch,1
OUT-02198,FDR-0011,SUB-004,2023-07-05 20:00,2023-07-06 03:30,7.51,tree contact,1015,overhead line,1
OUT-02199,FDR-0011,SUB-004,2023-08-10 18:00,2023-08-10 23:10,5.18,storm damage,715,transformer,1
OUT-02200,FDR-0011,SUB-004,2023-03-01 05:00,2023-03-01 06:52,1.88,equipment failure,148,cable,0
OUT-02201,FDR-0011,SUB-004,2023-02-01 20:00,2023-02-01 20:52,0.87,dig-in,479,fuse,0
OUT-02202,FDR-0011,SUB-004,2023-04-27 09:00,2023-04-27 13:58,4.98,animal contact,194,switch,0
OUT-02203,FDR-0012,SUB-004,2023-06-29 14:00,2023-06-29 19:44,5.74,underground cable fault,1243,fuse,1
OUT-02204,FDR-0012,SUB-004,2023-08-22 14:00,2023-08-22 19:37,5.63,equipment failure,882,fuse,1
OUT-02205,FDR-0012,SUB-004,2023-06-16 13:00,2023-06-16 16:16,3.27,underground cable fault,222,switch,1
OUT-02206,FDR-0012,SUB-004,2023-09-15 20:00,2023-09-16 00:30,4.5,lightning,1897,recloser,1
OUT-02207,FDR-0012,SUB-004,2023-07-05 16:00,2023-07-05 22:12,6.21,storm damage,1537,overhead line,1
OUT-02208,FDR-0012,SUB-004,2023-05-05 01:00,2023-05-05 05:04,4.07,equipment failure,127,transformer,0
OUT-02209,FDR-0012,SUB-004,2023-01-14 05:00,2023-01-14 08:49,3.82,scheduled maintenance,424,cable,0
OUT-02210,FDR-0013,SUB-004,2023-07-09 18:00,2023-07-10 01:54,7.91,overload,457,fuse,1
OUT-02211,FDR-0013,SUB-004,2023-08-27 17:00,2023-08-27 20:06,3.11,equipment failure,45,overhead line,1
OUT-02212,FDR-0013,SUB-004,2023-07-16 13:00,2023-07-16 20:15,7.26,overload,395,fuse,1
OUT-02213,FDR-0013,SUB-004,2023-02-24 14:00,2023-02-25 05:07,15.12,animal contact,1238,fuse,1
OUT-02214,FDR-0013,SUB-004,2023-08-16 19:00,2023-08-17 01:22,6.38,tree contact,1253,switch,1
OUT-02215,FDR-0013,SUB-004,2023-11-06 16:00,2023-11-06 21:37,5.63,underground cable fault,326,fuse,0
OUT-02216,FDR-0013,SUB-004,2023-05-23 11:00,2023-05-23 14:30,3.5,underground cable fault,156,cable,0
OUT-02217,FDR-0014,SUB-004,2023-07-25 17:00,2023-07-25 22:49,5.82,equipment failure,1154,recloser,1
OUT-02218,FDR-0014,SUB-004,2023-06-14 18:00,2023-06-15 01:43,7.72,equipment failure,1150,recloser,1
OUT-02219,FDR-0014,SUB-004,2023-08-24 14:00,2023-08-24 18:19,4.32,equipment failure,1145,recloser,1
OUT-02220,FDR-0014,SUB-004,2023-06-20 14:00,2023-06-20 19:28,5.47,underground cable fault,1069,cable,1
OUT-02221,FDR-0014,SUB-004,2023-02-24 14:00,2023-02-24 16:47,2.79,animal contact,188,fuse,1
OUT-02222,FDR-0014,SUB-004,2023-08-03 18:00,2023-08-04 00:46,6.77,lightning,1196,recloser,1
OUT-02223,FDR-0014,SUB-004,2023-01-08 15:00,2023-01-08 16:43,1.72,animal contact,1066,overhead line,1
OUT-02224,FDR-0014,SUB-004,2023-11-24 16:00,2023-11-24 19:05,3.09,scheduled maintenance,436,transformer,0
OUT-02225,FDR-0014,SUB-004,2023-04-27 23:00,2023-04-28 04:17,5.29,underground cable fault,20,switch,0
OUT-02226,FDR-0014,SUB-004,2023-12-07 08:00,2023-12-07 12:54,4.9,scheduled maintenance,460,switch,0
OUT-02227,FDR-0015,SUB-004,2023-07-21 15:00,2023-07-21 20:31,5.52,underground cable fault,1481,transformer,1
OUT-02228,FDR-0015,SUB-004,2023-06-11 14:00,2023-06-11 20:44,6.74,equipment failure,636,recloser,1
OUT-02229,FDR-0015,SUB-004,2023-08-02 14:00,2023-08-02 21:25,7.43,equipment failure,165,cable,1
OUT-02230,FDR-0015,SUB-004,2023-08-05 15:00,2023-08-05 17:29,2.49,underground cable fault,269,fuse,1
OUT-02231,FDR-0015,SUB-004,2023-07-06 13:00,2023-07-06 13:48,0.8,underground cable fault,1467,switch,1
OUT-02232,FDR-0015,SUB-004,2023-09-16 18:00,2023-09-17 04:54,10.91,animal contact,1551,overhead line,1
OUT-02233,FDR-0015,SUB-004,2023-08-10 20:00,2023-08-11 12:27,16.45,tree contact,1551,switch,1
OUT-02234,FDR-0015,SUB-004,2023-01-06 16:00,2023-01-07 02:16,10.27,animal contact,1213,recloser,1
OUT-02235,FDR-0015,SUB-004,2023-09-15 16:00,2023-09-16 03:40,11.67,animal contact,608,switch,1
OUT-02236,FDR-0015,SUB-004,2023-04-05 12:00,2023-04-05 12:40,0.68,dig-in,263,switch,0
OUT-02237,FDR-0015,SUB-004,2023-10-08 21:00,2023-10-09 02:10,5.17,animal contact,77,overhead line,0
OUT-02238,FDR-0015,SUB-004,2023-03-23 22:00,2023-03-23 22:48,0.81,scheduled maintenance,67,switch,0
OUT-02239,FDR-0016,SUB-004,2023-09-26 13:00,2023-09-26 16:45,3.76,overload,299,recloser,1
OUT-02240,FDR-0016,SUB-004,2023-06-07 15:00,2023-06-07 19:21,4.36,equipment failure,26,transformer,1
OUT-02241,FDR-0016,SUB-004,2023-09-24 17:00,2023-09-25 10:51,17.86,tree contact,431,overhead line,1
OUT-02242,FDR-0016,SUB-004,2023-12-28 18:00,2023-12-28 21:55,3.93,dig-in,217,fuse,0
OUT-02243,FDR-0017,SUB-005,2023-08-20 14:00,2023-08-20 20:05,6.09,underground cable fault,1116,fuse,1
OUT-02244,FDR-0017,SUB-005,2023-06-03 15:00,2023-06-03 19:43,4.72,underground cable fault,568,recloser,1
OUT-02245,FDR-0017,SUB-005,2023-08-16 20:00,2023-08-16 21:39,1.66,storm damage,950,fuse,1
OUT-02246,FDR-0017,SUB-005,2023-08-24 20:00,2023-08-25 08:43,12.72,lightning,2984,overhead line,1
OUT-02247,FDR-0017,SUB-005,2023-11-16 00:00,2023-11-16 02:12,2.21,underground cable fault,24,recloser,0
OUT-02248,FDR-0017,SUB-005,2023-12-31 00:00,2023-12-31 01:24,1.41,scheduled maintenance,302,switch,0
OUT-02249,FDR-0018,SUB-005,2023-06-13 13:00,2023-06-13 15:34,2.57,underground cable fault,555,transformer,1
OUT-02250,FDR-0018,SUB-005,2023-06-09 18:00,2023-06-09 21:28,3.48,underground cable fault,605,overhead line,1
OUT-02251,FDR-0018,SUB-005,2023-07-08 17:00,2023-07-08 20:06,3.1,equipment failure,999,transformer,1
OUT-02252,FDR-0018,SUB-005,2023-07-14 18:00,2023-07-15 05:04,11.08,tree contact,79,transformer,1
OUT-02253,FDR-0018,SUB-005,2023-01-27 20:00,2023-01-28 02:31,6.52,animal contact,1099,switch,1
OUT-02254,FDR-0018,SUB-005,2023-04-30 21:00,2023-04-30 22:00,1.01,underground cable fault,436,switch,0
OUT-02255,FDR-0018,SUB-005,2023-03-15 14:00,2023-03-15 19:28,5.47,scheduled maintenance,457,transformer,0
OUT-02256,FDR-0019,SUB-005,2023-06-07 18:00,2023-06-07 23:03,5.05,underground cable fault,154,cable,1
OUT-02257,FDR-0019,SUB-005,2023-09-02 16:00,2023-09-02 17:31,1.52,overload,945,switch,1
OUT-02258,FDR-0019,SUB-005,2023-08-07 14:00,2023-08-07 19:24,5.4,lightning,1886,fuse,1
OUT-02259,FDR-0019,SUB-005,2023-11-10 11:00,2023-11-10 14:18,3.3,underground cable fault,252,transformer,0
OUT-02260,FDR-0020,SUB-005,2023-09-24 14:00,2023-09-24 18:40,4.68,equipment failure,619,overhead line,1
OUT-02261,FDR-0020,SUB-005,2023-08-01 18:00,2023-08-02 01:52,7.87,underground cable fault,146,transformer,1
OUT-02262,FDR-0020,SUB-005,2023-07-30 14:00,2023-07-30 21:41,7.69,equipment failure,440,cable,1
OUT-02263,FDR-0020,SUB-005,2023-09-17 14:00,2023-09-17 15:15,1.25,lightning,612,recloser,1
OUT-02264,FDR-0020,SUB-005,2023-09-24 18:00,2023-09-24 19:12,1.21,lightning,60,overhead line,1
OUT-02265,FDR-0020,SUB-005,2023-03-25 12:00,2023-03-25 13:13,1.22,scheduled maintenance,373,switch,0
OUT-02266,FDR-0020,SUB-005,2023-11-23 20:00,2023-11-24 01:36,5.61,equipment failure,489,cable,0
OUT-02267,FDR-0020,SUB-005,2023-01-24 04:00,2023-01-24 04:46,0.78,scheduled maintenance,500,cable,0
OUT-02268,FDR-0021,SUB-006,2023-08-01 16:00,2023-08-01 18:28,2.48,equipment failure,946,cable,1
OUT-02269,FDR-0021,SUB-006,2023-06-21 14:00,2023-06-21 19:34,5.57,overload,1179,overhead line,1
OUT-02270,FDR-0021,SUB-006,2023-08-06 16:00,2023-08-06 17:16,1.27,overload,942,recloser,1
OUT-02271,FDR-0021,SUB-006,2023-06-11 16:00,2023-06-11 23:15,7.26,overload,1143,overhead line,1
OUT-02272,FDR-0021,SUB-006,2023-08-16 15:00,2023-08-17 05:21,14.36,lightning,2316,switch,1
OUT-02273,FDR-0021,SUB-006,2023-01-06 15:00,2023-01-07 06:00,15.0,tree contact,2683,overhead line,1
OUT-02274,FDR-0021,SUB-006,2023-07-17 20:00,2023-07-18 01:04,5.08,lightning,1838,overhead line,1
OUT-02275,FDR-0021,SUB-006,2023-05-25 13:00,2023-05-25 16:01,3.03,equipment failure,329,switch,0
OUT-02276,FDR-0021,SUB-006,2023-11-20 21:00,2023-11-20 21:39,0.65,animal contact,487,switch,0
OUT-02277,FDR-0021,SUB-006,2023-11-28 11:00,2023-11-28 11:34,0.58,equipment failure,449,overhead line,0
OUT-02278,FDR-0022,SUB-006,2023-09-08 13:00,2023-09-08 18:32,5.54,underground cable fault,314,transformer,1
OUT-02279,FDR-0022,SUB-006,2023-07-02 17:00,2023-07-02 22:11,5.19,underground cable fault,1009,fuse,1
OUT-02280,FDR-0022,SUB-006,2023-12-13 16:00,2023-12-14 02:45,10.75,lightning,221,transformer,1
OUT-02281,FDR-0022,SUB-006,2023-08-24 15:00,2023-08-25 04:50,13.84,storm damage,1683,transformer,1
OUT-02282,FDR-0022,SUB-006,2023-10-07 03:00,2023-10-07 08:45,5.75,scheduled maintenance,318,fuse,0
OUT-02283,FDR-0023,SUB-006,2023-08-20 17:00,2023-08-20 18:49,1.82,equipment failure,269,switch,1
OUT-02284,FDR-0023,SUB-006,2023-09-15 16:00,2023-09-15 22:53,6.89,underground cable fault,426,recloser,1
OUT-02285,FDR-0023,SUB-006,2023-08-16 17:00,2023-08-17 09:54,16.91,lightning,174,transformer,1
OUT-02286,FDR-0023,SUB-006,2023-08-10 16:00,2023-08-11 08:20,16.34,storm damage,493,switch,1
OUT-02287,FDR-0023,SUB-006,2023-02-21 21:00,2023-02-21 21:53,0.89,underground cable fault,302,overhead line,0
OUT-02288,FDR-0023,SUB-006,2023-01-21 22:00,2023-01-22 02:42,4.7,scheduled maintenance,376,fuse,0
OUT-02289,FDR-0024,SUB-006,2023-07-01 13:00,2023-07-01 14:48,1.81,underground cable fault,373,switch,1
OUT-02290,FDR-0024,SUB-006,2023-07-04 17:00,2023-07-04 23:11,6.19,equipment failure,489,recloser,1
OUT-02291,FDR-0024,SUB-006,2023-08-16 18:00,2023-08-17 05:43,11.73,animal contact,490,fuse,1
OUT-02292,FDR-0024,SUB-006,2023-11-29 04:00,2023-11-29 04:18,0.3,equipment failure,71,transformer,0
OUT-02293,FDR-0025,SUB-007,2023-06-29 14:00,2023-06-29 17:54,3.9,overload,1235,overhead line,1
OUT-02294,FDR-0025,SUB-007,2023-09-02 15:00,2023-09-02 19:24,4.41,overload,814,recloser,1
OUT-02295,FDR-0025,SUB-007,2023-09-01 17:00,2023-09-01 23:55,6.92,underground cable fault,97,overhead line,1
OUT-02296,FDR-0025,SUB-007,2023-08-24 16:00,2023-08-24 18:46,2.78,storm damage,591,switch,1
OUT-02297,FDR-0025,SUB-007,2023-12-12 16:00,2023-12-12 22:40,6.68,lightning,607,switch,1
OUT-02298,FDR-0025,SUB-007,2023-04-17 11:00,2023-04-17 15:25,4.43,animal contact,200,fuse,0
OUT-02299,FDR-0025,SUB-007,2023-03-04 22:00,2023-03-05 02:48,4.81,animal contact,302,switch,0
OUT-02300,FDR-0026,SUB-007,2023-07-16 16:00,2023-07-16 20:52,4.87,underground cable fault,55,cable,1
OUT-02301,FDR-0026,SUB-007,2023-06-01 16:00,2023-06-01 17:11,1.19,underground cable fault,1478,switch,1
OUT-02302,FDR-0026,SUB-007,2023-09-19 15:00,2023-09-20 08:34,17.57,lightning,1856,recloser,1
OUT-02303,FDR-0026,SUB-007,2023-09-24 17:00,2023-09-24 19:16,2.28,tree contact,642,fuse,1
OUT-02304,FDR-0026,SUB-007,2023-12-17 18:00,2023-12-17 23:57,5.96,dig-in,156,recloser,0
OUT-02305,FDR-0026,SUB-007,2023-01-14 13:00,2023-01-14 16:49,3.83,underground cable fault,468,overhead line,0
OUT-02306,FDR-0027,SUB-007,2023-07-08 17:00,2023-07-08 19:00,2.01,equipment failure,297,fuse,1
OUT-02307,FDR-0027,SUB-007,2023-07-28 13:00,2023-07-28 18:23,5.39,overload,60,fuse,1
OUT-02308,FDR-0027,SUB-007,2023-07-14 18:00,2023-07-14 20:52,2.88,lightning,981,transformer,1
OUT-02309,FDR-0027,SUB-007,2023-08-16 19:00,2023-08-17 11:14,16.24,animal contact,987,transformer,1
OUT-02310,FDR-0027,SUB-007,2023-01-31 05:00,2023-01-31 07:36,2.6,animal contact,181,cable,0
OUT-02311,FDR-0027,SUB-007,2023-12-18 16:00,2023-12-18 18:17,2.29,equipment failure,103,fuse,0
OUT-02312,FDR-0028,SUB-007,2023-08-26 17:00,2023-08-26 20:23,3.39,equipment failure,1188,fuse,1
OUT-02313,FDR-0028,SUB-007,2023-08-28 14:00,2023-08-28 20:45,6.76,underground cable fault,685,transformer,1
OUT-02314,FDR-0028,SUB-007,2023-06-10 17:00,2023-06-10 18:19,1.33,equipment failure,184,cable,1
OUT-02315,FDR-0028,SUB-007,2023-06-19 15:00,2023-06-19 16:11,1.19,overload,640,overhead line,1
OUT-02316,FDR-0028,SUB-007,2023-09-24 17:00,2023-09-25 08:14,15.24,storm damage,307,fuse,1
OUT-02317,FDR-0028,SUB-007,2023-09-16 17:00,2023-09-17 09:46,16.78,storm damage,1323,recloser,1
OUT-02318,FDR-0028,SUB-007,2023-09-19 19:00,2023-09-20 12:01,17.03,animal contact,936,overhead line,1
OUT-02319,FDR-0028,SUB-007,2023-10-28 07:00,2023-10-28 08:13,1.23,vehicle accident,129,transformer,0
OUT-02320,FDR-0028,SUB-007,2023-05-18 04:00,2023-05-18 07:06,3.1,vehicle accident,163,transformer,0
OUT-02321,FDR-0028,SUB-007,2023-11-22 00:00,2023-11-22 02:58,2.98,dig-in,287,switch,0
OUT-02322,FDR-0029,SUB-008,2023-08-15 15:00,2023-08-15 17:07,2.13,equipment failure,569,cable,1
OUT-02323,FDR-0029,SUB-008,2023-07-19 17:00,2023-07-20 00:07,7.12,underground cable fault,99,fuse,1
OUT-02324,FDR-0029,SUB-008,2023-07-28 16:00,2023-07-28 16:33,0.55,underground cable fault,1440,cable,1
OUT-02325,FDR-0029,SUB-008,2023-08-22 14:00,2023-08-22 19:25,5.42,underground cable fault,309,fuse,1
OUT-02326,FDR-0029,SUB-008,2023-09-19 20:00,2023-09-20 12:54,16.91,lightning,326,recloser,1
OUT-02327,FDR-0029,SUB-008,2023-02-24 20:00,2023-02-25 05:10,9.17,storm damage,233,cable,1
OUT-02328,FDR-0029,SUB-008,2023-07-17 14:00,2023-07-17 17:36,3.6,lightning,264,fuse,1
OUT-02329,FDR-0029,SUB-008,2023-10-23 10:00,2023-10-23 13:06,3.11,equipment failure,111,fuse,0
OUT-02330,FDR-0029,SUB-008,2023-12-20 15:00,2023-12-20 19:20,4.34,animal contact,256,overhead line,0
OUT-02331,FDR-0029,SUB-008,2023-03-04 15:00,2023-03-04 19:30,4.51,underground cable fault,356,switch,0
OUT-02332,FDR-0030,SUB-008,2023-08-17 15:00,2023-08-17 20:27,5.45,equipment failure,96,switch,1
OUT-02333,FDR-0030,SUB-008,2023-09-10 17:00,2023-09-10 18:21,1.35,equipment failure,59,fuse,1
OUT-02334,FDR-0030,SUB-008,2023-09-08 14:00,2023-09-08 15:04,1.08,equipment failure,145,transformer,1
OUT-02335,FDR-0030,SUB-008,2023-07-25 16:00,2023-07-25 16:37,0.63,equipment failure,911,cable,1
OUT-02336,FDR-0030,SUB-008,2023-08-24 15:00,2023-08-24 21:35,6.59,animal contact,551,recloser,1
OUT-02337,FDR-0030,SUB-008,2023-07-23 15:00,2023-07-23 17:10,2.17,tree contact,892,transformer,1
OUT-02338,FDR-0030,SUB-008,2023-08-03 16:00,2023-08-03 17:13,1.23,lightning,115,recloser,1
OUT-02339,FDR-0030,SUB-008,2023-11-27 08:00,2023-11-27 10:37,2.62,vehicle accident,229,cable,0
OUT-02340,FDR-0030,SUB-008,2023-11-17 07:00,2023-11-17 10:00,3.0,underground cable fault,46,recloser,0
OUT-02341,FDR-0030,SUB-008,2023-11-16 11:00,2023-11-16 12:33,1.56,vehicle accident,228,cable,0
OUT-02342,FDR-0031,SUB-008,2023-07-26 18:00,2023-07-27 00:16,6.28,underground cable fault,1238,cable,1
OUT-02343,FDR-0031,SUB-008,2023-09-01 18:00,2023-09-01 19:29,1.49,underground cable fault,898,overhead line,1
OUT-02344,FDR-0031,SUB-008,2023-06-05 13:00,2023-06-05 20:07,7.12,equipment failure,310,fuse,1
OUT-02345,FDR-0031,SUB-008,2023-06-08 14:00,2023-06-08 14:33,0.55,equipment failure,1260,fuse,1
OUT-02346,FDR-0031,SUB-008,2023-08-07 20:00,2023-08-08 01:42,5.71,lightning,1485,transformer,1
OUT-02347,FDR-0031,SUB-008,2023-08-12 17:00,2023-08-13 01:46,8.78,animal contact,1858,switch,1
OUT-02348,FDR-0031,SUB-008,2023-12-10 20:00,2023-12-11 02:37,6.62,tree contact,2353,overhead line,1
OUT-02349,FDR-0031,SUB-008,2023-02-21 09:00,2023-02-21 13:48,4.8,dig-in,187,overhead line,0
OUT-02350,FDR-0031,SUB-008,2023-01-30 13:00,2023-01-30 14:13,1.23,vehicle accident,193,switch,0
OUT-02351,FDR-0031,SUB-008,2023-01-13 08:00,2023-01-13 08:43,0.73,vehicle accident,7,overhead line,0
OUT-02352,FDR-0032,SUB-008,2023-08-12 18:00,2023-08-12 21:20,3.34,overload,197,recloser,1
OUT-02353,FDR-0032,SUB-008,2023-07-18 15:00,2023-07-18 21:30,6.51,overload,394,recloser,1
OUT-02354,FDR-0032,SUB-008,2023-09-06 14:00,2023-09-06 16:24,2.41,equipment failure,67,transformer,1
OUT-02355,FDR-0032,SUB-008,2023-07-13 16:00,2023-07-13 23:38,7.64,underground cable fault,47,fuse,1
OUT-02356,FDR-0032,SUB-008,2023-08-10 16:00,2023-08-10 18:19,2.33,lightning,795,recloser,1
OUT-02357,FDR-0032,SUB-008,2023-08-10 20:00,2023-08-10 21:57,1.96,animal contact,474,cable,1
OUT-02358,FDR-0032,SUB-008,2023-09-17 16:00,2023-09-18 09:13,17.22,storm damage,1005,switch,1
OUT-02359,FDR-0032,SUB-008,2023-04-12 16:00,2023-04-12 18:48,2.8,animal contact,136,transformer,0
OUT-02360,FDR-0032,SUB-008,2023-12-17 02:00,2023-12-17 06:56,4.94,equipment failure,200,transformer,0
OUT-02361,FDR-0033,SUB-008,2023-09-11 14:00,2023-09-11 21:22,7.38,equipment failure,222,recloser,1
OUT-02362,FDR-0033,SUB-008,2023-07-11 14:00,2023-07-11 20:40,6.68,underground cable fault,1017,fuse,1
OUT-02363,FDR-0033,SUB-008,2023-06-17 13:00,2023-06-17 19:57,6.96,underground cable fault,113,fuse,1
OUT-02364,FDR-0033,SUB-008,2023-07-05 13:00,2023-07-05 19:54,6.9,equipment failure,1265,overhead line,1
OUT-02365,FDR-0033,SUB-008,2023-08-16 15:00,2023-08-17 08:44,17.74,animal contact,92,cable,1
OUT-02366,FDR-0033,SUB-008,2023-01-06 20:00,2023-01-07 11:40,15.67,storm damage,51,fuse,1
OUT-02367,FDR-0033,SUB-008,2023-07-17 18:00,2023-07-17 20:39,2.66,lightning,531,overhead line,1
OUT-02368,FDR-0033,SUB-008,2023-02-18 17:00,2023-02-18 19:42,2.7,scheduled maintenance,124,recloser,0
OUT-02369,FDR-0033,SUB-008,2023-01-11 02:00,2023-01-11 05:59,3.99,vehicle accident,499,fuse,0
OUT-02370,FDR-0034,SUB-009,2023-07-29 13:00,2023-07-29 17:39,4.65,equipment failure,317,cable,1
OUT-02371,FDR-0034,SUB-009,2023-08-05 15:00,2023-08-05 16:50,1.84,equipment failure,78,transformer,1
OUT-02372,FDR-0034,SUB-009,2023-09-24 15:00,2023-09-24 23:18,8.31,storm damage,938,transformer,1
OUT-02373,FDR-0034,SUB-009,2023-01-27 16:00,2023-01-28 05:25,13.43,tree contact,2210,overhead line,1
OUT-02374,FDR-0034,SUB-009,2023-10-06 05:00,2023-10-06 10:26,5.44,dig-in,57,cable,0
OUT-02375,FDR-0034,SUB-009,2023-05-26 04:00,2023-05-26 08:12,4.2,scheduled maintenance,328,transformer,0
OUT-02376,FDR-0035,SUB-009,2023-08-11 13:00,2023-08-11 16:26,3.44,overload,185,switch,1
OUT-02377,FDR-0035,SUB-009,2023-08-29 16:00,2023-08-29 21:22,5.38,overload,937,cable,1
OUT-02378,FDR-0035,SUB-009,2023-06-17 13:00,2023-06-17 13:31,0.53,underground cable fault,1145,overhead line,1
OUT-02379,FDR-0035,SUB-009,2023-09-16 14:00,2023-09-16 15:04,1.07,equipment failure,260,cable,1
OUT-02380,FDR-0035,SUB-009,2023-07-05 20:00,2023-07-06 04:51,8.85,storm damage,980,switch,1
OUT-02381,FDR-0035,SUB-009,2023-07-17 18:00,2023-07-18 09:43,15.73,animal contact,2154,switch,1
OUT-02382,FDR-0035,SUB-009,2023-07-14 19:00,2023-07-15 08:14,13.24,storm damage,1240,transformer,1
OUT-02383,FDR-0035,SUB-009,2023-01-28 06:00,2023-01-28 07:35,1.59,dig-in,190,cable,0
OUT-02384,FDR-0035,SUB-009,2023-11-15 19:00,2023-11-15 20:52,1.87,dig-in,339,switch,0
OUT-02385,FDR-0036,SUB-009,2023-06-01 13:00,2023-06-01 15:22,2.37,equipment failure,1010,overhead line,1
OUT-02386,FDR-0036,SUB-009,2023-08-09 13:00,2023-08-09 18:24,5.41,underground cable fault,659,cable,1
OUT-02387,FDR-0036,SUB-009,2023-09-18 18:00,2023-09-19 01:15,7.26,underground cable fault,230,recloser,1
OUT-02388,FDR-0036,SUB-009,2023-01-06 17:00,2023-01-07 00:03,7.05,storm damage,275,switch,1
OUT-02389,FDR-0036,SUB-009,2023-07-23 19:00,2023-07-24 11:13,16.22,storm damage,2944,switch,1
OUT-02390,FDR-0036,SUB-009,2023-11-10 17:00,2023-11-10 20:23,3.39,equipment failure,492,cable,0
OUT-02391,FDR-0036,SUB-009,2023-04-09 16:00,2023-04-09 19:17,3.29,scheduled maintenance,489,recloser,0
OUT-02392,FDR-0036,SUB-009,2023-01-14 20:00,2023-01-14 20:33,0.55,scheduled maintenance,13,fuse,0
OUT-02393,FDR-0037,SUB-010,2023-06-10 18:00,2023-06-11 01:53,7.89,equipment failure,1025,switch,1
OUT-02394,FDR-0037,SUB-010,2023-07-23 15:00,2023-07-23 20:19,5.32,overload,597,cable,1
OUT-02395,FDR-0037,SUB-010,2023-08-16 18:00,2023-08-17 08:51,14.85,animal contact,1903,transformer,1
OUT-02396,FDR-0037,SUB-010,2023-09-16 18:00,2023-09-17 02:01,8.02,animal contact,671,overhead line,1
OUT-02397,FDR-0037,SUB-010,2023-02-20 11:00,2023-02-20 15:52,4.87,animal contact,321,cable,0
OUT-02398,FDR-0037,SUB-010,2023-04-06 05:00,2023-04-06 08:43,3.72,equipment failure,184,switch,0
OUT-02399,FDR-0038,SUB-010,2023-06-07 16:00,2023-06-07 19:30,3.5,underground cable fault,1189,transformer,1
OUT-02400,FDR-0038,SUB-010,2023-08-18 17:00,2023-08-18 20:18,3.31,equipment failure,558,fuse,1
OUT-02401,FDR-0038,SUB-010,2023-07-30 18:00,2023-07-30 20:13,2.23,equipment failure,670,switch,1
OUT-02402,FDR-0038,SUB-010,2023-09-23 14:00,2023-09-23 19:43,5.72,underground cable fault,236,cable,1
OUT-02403,FDR-0038,SUB-010,2023-08-30 16:00,2023-08-30 18:20,2.34,overload,59,switch,1
OUT-02404,FDR-0038,SUB-010,2023-08-12 15:00,2023-08-13 01:07,10.13,lightning,709,transformer,1
OUT-02405,FDR-0038,SUB-010,2023-07-17 16:00,2023-07-18 03:09,11.15,storm damage,898,overhead line,1
OUT-02406,FDR-0038,SUB-010,2023-08-03 14:00,2023-08-03 20:46,6.77,animal contact,929,transformer,1
OUT-02407,FDR-0038,SUB-010,2023-01-27 15:00,2023-01-28 00:05,9.09,storm damage,1540,overhead line,1
OUT-02408,FDR-0038,SUB-010,2023-05-04 22:00,2023-05-05 02:56,4.94,dig-in,407,cable,0
OUT-02409,FDR-0038,SUB-010,2023-11-05 21:00,2023-11-05 21:58,0.97,underground cable fault,150,recloser,0
OUT-02410,FDR-0038,SUB-010,2023-01-14 15:00,2023-01-14 18:48,3.8,vehicle accident,76,overhead line,0
OUT-02411,FDR-0039,SUB-010,2023-07-24 15:00,2023-07-24 21:41,6.69,overload,186,recloser,1
OUT-02412,FDR-0039,SUB-010,2023-09-10 14:00,2023-09-10 14:59,0.99,equipment failure,153,recloser,1
OUT-02413,FDR-0039,SUB-010,2023-09-16 14:00,2023-09-16 19:43,5.73,tree contact,252,fuse,1
OUT-02414,FDR-0039,SUB-010,2023-01-27 15:00,2023-01-27 17:46,2.78,animal contact,257,cable,1
OUT-02415,FDR-0039,SUB-010,2023-02-01 17:00,2023-02-01 18:28,1.47,vehicle accident,59,recloser,0
OUT-02416,FDR-0039,SUB-010,2023-03-28 11:00,2023-03-28 15:25,4.43,underground cable fault,33,fuse,0
OUT-02417,FDR-0040,SUB-010,2023-09-03 15:00,2023-09-03 20:51,5.86,equipment failure,1225,transformer,1
OUT-02418,FDR-0040,SUB-010,2023-06-25 15:00,2023-06-25 19:49,4.82,equipment failure,1491,cable,1
OUT-02419,FDR-0040,SUB-010,2023-07-16 16:00,2023-07-16 17:56,1.94,overload,333,cable,1
OUT-02420,FDR-0040,SUB-010,2023-09-06 18:00,2023-09-06 18:53,0.89,overload,240,cable,1
OUT-02421,FDR-0040,SUB-010,2023-01-27 20:00,2023-01-28 11:55,15.93,animal contact,431,cable,1
OUT-02422,FDR-0040,SUB-010,2023-07-17 14:00,2023-07-17 21:04,7.08,tree contact,823,recloser,1
OUT-02423,FDR-0040,SUB-010,2023-08-24 19:00,2023-08-25 01:25,6.43,tree contact,763,recloser,1
OUT-02424,FDR-0040,SUB-010,2023-03-08 11:00,2023-03-08 12:11,1.19,scheduled maintenance,46,recloser,0
OUT-02425,FDR-0040,SUB-010,2023-12-23 03:00,2023-12-23 03:51,0.85,vehicle accident,367,cable,0
OUT-02426,FDR-0040,SUB-010,2023-04-10 08:00,2023-04-10 10:45,2.76,animal contact,230,cable,0
OUT-02427,FDR-0041,SUB-010,2023-09-09 18:00,2023-09-10 01:32,7.54,underground cable fault,101,fuse,1
OUT-02428,FDR-0041,SUB-010,2023-07-05 15:00,2023-07-05 20:18,5.31,underground cable fault,1389,recloser,1
OUT-02429,FDR-0041,SUB-010,2023-07-17 20:00,2023-07-18 01:48,5.81,lightning,1088,cable,1
OUT-02430,FDR-0041,SUB-010,2023-12-13 14:00,2023-12-13 22:40,8.68,animal contact,381,overhead line,1
OUT-02431,FDR-0041,SUB-010,2023-10-06 06:00,2023-10-06 07:36,1.61,equipment failure,397,recloser,0
OUT-02432,FDR-0041,SUB-010,2023-04-12 09:00,2023-04-12 12:15,3.25,vehicle accident,93,recloser,0
OUT-02433,FDR-0042,SUB-010,2023-06-27 15:00,2023-06-27 17:40,2.67,equipment failure,639,fuse,1
OUT-02434,FDR-0042,SUB-010,2023-09-21 16:00,2023-09-21 18:14,2.24,equipment failure,543,recloser,1
OUT-02435,FDR-0042,SUB-010,2023-08-12 20:00,2023-08-12 22:46,2.78,tree contact,457,cable,1
OUT-02436,FDR-0042,SUB-010,2023-07-14 18:00,2023-07-14 23:31,5.52,storm damage,2895,fuse,1
OUT-02437,FDR-0042,SUB-010,2023-04-27 03:00,2023-04-27 04:06,1.1,animal contact,33,overhead line,0
OUT-02438,FDR-0042,SUB-010,2023-05-24 10:00,2023-05-24 10:19,0.32,underground cable fault,380,cable,0
OUT-02439,FDR-0043,SUB-011,2023-08-11 14:00,2023-08-11 19:06,5.1,overload,1212,fuse,1
OUT-02440,FDR-0043,SUB-011,2023-06-08 16:00,2023-06-08 17:29,1.49,underground cable fault,588,fuse,1
OUT-02441,FDR-0043,SUB-011,2023-06-08 17:00,2023-06-08 20:24,3.41,overload,883,transformer,1
OUT-02442,FDR-0043,SUB-011,2023-07-25 14:00,2023-07-25 17:47,3.79,overload,1091,overhead line,1
OUT-02443,FDR-0043,SUB-011,2023-09-17 14:00,2023-09-18 07:51,17.85,animal contact,801,cable,1
OUT-02444,FDR-0043,SUB-011,2023-08-10 15:00,2023-08-10 20:44,5.74,animal contact,340,switch,1
OUT-02445,FDR-0043,SUB-011,2023-12-13 14:00,2023-12-13 16:52,2.87,storm damage,645,switch,1
OUT-02446,FDR-0043,SUB-011,2023-03-28 22:00,2023-03-28 23:39,1.66,vehicle accident,130,fuse,0
OUT-02447,FDR-0043,SUB-011,2023-03-20 11:00,2023-03-20 12:31,1.53,scheduled maintenance,134,switch,0
OUT-02448,FDR-0044,SUB-011,2023-07-06 16:00,2023-07-06 23:13,7.23,underground cable fault,283,overhead line,1
OUT-02449,FDR-0044,SUB-011,2023-08-16 17:00,2023-08-16 20:00,3.0,overload,857,transformer,1
OUT-02450,FDR-0044,SUB-011,2023-06-18 17:00,2023-06-18 21:51,4.85,underground cable fault,247,transformer,1
OUT-02451,FDR-0044,SUB-011,2023-09-20 14:00,2023-09-20 19:58,5.98,equipment failure,39,switch,1
OUT-02452,FDR-0044,SUB-011,2023-08-04 13:00,2023-08-04 18:02,5.04,equipment failure,797,overhead line,1
OUT-02453,FDR-0044,SUB-011,2023-09-24 17:00,2023-09-24 19:53,2.89,animal contact,1899,recloser,1
OUT-02454,FDR-0044,SUB-011,2023-07-05 18:00,2023-07-06 09:29,15.49,lightning,618,recloser,1
OUT-02455,FDR-0044,SUB-011,2023-01-27 18:00,2023-01-27 19:23,1.39,lightning,392,cable,1
OUT-02456,FDR-0044,SUB-011,2023-08-24 18:00,2023-08-25 01:15,7.25,storm damage,690,cable,1
OUT-02457,FDR-0044,SUB-011,2023-01-01 08:00,2023-01-01 12:15,4.25,vehicle accident,341,cable,0
OUT-02458,FDR-0044,SUB-011,2023-03-21 09:00,2023-03-21 09:49,0.82,equipment failure,366,overhead line,0
OUT-02459,FDR-0044,SUB-011,2023-12-20 09:00,2023-12-20 10:40,1.67,vehicle accident,395,switch,0
OUT-02460,FDR-0045,SUB-011,2023-06-30 16:00,2023-06-30 17:58,1.97,equipment failure,1106,switch,1
OUT-02461,FDR-0045,SUB-011,2023-08-26 16:00,2023-08-26 23:00,7.0,underground cable fault,259,transformer,1
OUT-02462,FDR-0045,SUB-011,2023-07-01 15:00,2023-07-01 18:25,3.43,equipment failure,743,overhead line,1
OUT-02463,FDR-0045,SUB-011,2023-06-12 13:00,2023-06-12 20:40,7.67,underground cable fault,922,recloser,1
OUT-02464,FDR-0045,SUB-011,2023-08-23 15:00,2023-08-23 17:05,2.09,underground cable fault,717,recloser,1
OUT-02465,FDR-0045,SUB-011,2023-08-03 19:00,2023-08-04 03:55,8.93,lightning,2438,cable,1
OUT-02466,FDR-0045,SUB-011,2023-01-08 19:00,2023-01-09 02:50,7.84,tree contact,196,switch,1
OUT-02467,FDR-0045,SUB-011,2023-12-12 15:00,2023-12-13 08:23,17.39,tree contact,2487,cable,1
OUT-02468,FDR-0045,SUB-011,2023-01-08 19:00,2023-01-09 10:16,15.27,animal contact,1753,cable,1
OUT-02469,FDR-0045,SUB-011,2023-05-03 00:00,2023-05-03 05:45,5.75,dig-in,128,overhead line,0
OUT-02470,FDR-0045,SUB-011,2023-10-18 09:00,2023-10-18 10:25,1.42,vehicle accident,326,recloser,0
OUT-02471,FDR-0045,SUB-011,2023-04-13 03:00,2023-04-13 05:22,2.37,vehicle accident,70,cable,0
OUT-02472,FDR-0046,SUB-011,2023-09-18 13:00,2023-09-18 17:00,4.01,equipment failure,419,cable,1
OUT-02473,FDR-0046,SUB-011,2023-09-24 17:00,2023-09-24 23:24,6.41,equipment failure,327,transformer,1
OUT-02474,FDR-0046,SUB-011,2023-06-02 16:00,2023-06-02 20:24,4.41,overload,1220,cable,1
OUT-02475,FDR-0046,SUB-011,2023-07-05 18:00,2023-07-06 09:58,15.98,storm damage,963,transformer,1
OUT-02476,FDR-0046,SUB-011,2023-01-06 15:00,2023-01-07 05:26,14.44,lightning,342,cable,1
OUT-02477,FDR-0046,SUB-011,2023-05-16 15:00,2023-05-16 19:28,4.48,vehicle accident,487,overhead line,0
OUT-02478,FDR-0046,SUB-011,2023-12-02 08:00,2023-12-02 12:30,4.5,underground cable fault,51,transformer,0
OUT-02479,FDR-0046,SUB-011,2023-01-10 09:00,2023-01-10 10:21,1.36,equipment failure,60,switch,0
OUT-02480,FDR-0047,SUB-011,2023-09-05 17:00,2023-09-05 23:12,6.2,overload,624,transformer,1
OUT-02481,FDR-0047,SUB-011,2023-09-19 18:00,2023-09-19 22:51,4.85,equipment failure,84,overhead line,1
OUT-02482,FDR-0047,SUB-011,2023-07-05 18:00,2023-07-06 02:42,8.7,lightning,376,switch,1
OUT-02483,FDR-0047,SUB-011,2023-09-19 19:00,2023-09-19 21:54,2.9,animal contact,1073,recloser,1
OUT-02484,FDR-0047,SUB-011,2023-01-04 04:00,2023-01-04 04:43,0.73,animal contact,225,cable,0
OUT-02485,FDR-0047,SUB-011,2023-11-23 13:00,2023-11-23 16:42,3.71,animal contact,305,recloser,0
OUT-02486,FDR-0048,SUB-011,2023-06-25 17:00,2023-06-25 17:42,0.71,equipment failure,1180,cable,1
OUT-02487,FDR-0048,SUB-011,2023-06-16 13:00,2023-06-16 16:33,3.55,underground cable fault,630,cable,1
OUT-02488,FDR-0048,SUB-011,2023-08-15 16:00,2023-08-15 22:29,6.49,overload,469,cable,1
OUT-02489,FDR-0048,SUB-011,2023-09-19 16:00,2023-09-20 06:55,14.92,tree contact,2274,switch,1
OUT-02490,FDR-0048,SUB-011,2023-01-27 16:00,2023-01-27 19:58,3.98,lightning,1625,fuse,1
OUT-02491,FDR-0048,SUB-011,2023-05-07 01:00,2023-05-07 05:23,4.39,underground cable fault,73,overhead line,0
OUT-02492,FDR-0048,SUB-011,2023-03-04 23:00,2023-03-05 01:37,2.63,scheduled maintenance,356,cable,0
OUT-02493,FDR-0048,SUB-011,2023-03-26 13:00,2023-03-26 14:26,1.44,underground cable fault,199,recloser,0
OUT-02494,FDR-0049,SUB-012,2023-08-20 14:00,2023-08-20 15:34,1.57,equipment failure,311,cable,1
OUT-02495,FDR-0049,SUB-012,2023-09-07 18:00,2023-09-07 19:52,1.87,underground cable fault,675,overhead line,1
OUT-02496,FDR-0049,SUB-012,2023-09-17 17:00,2023-09-17 18:24,1.41,lightning,112,recloser,1
OUT-02497,FDR-0049,SUB-012,2023-11-20 01:00,2023-11-20 05:37,4.62,vehicle accident,8,fuse,0
OUT-02498,FDR-0050,SUB-012,2023-09-06 16:00,2023-09-06 19:07,3.12,equipment failure,907,transformer,1
OUT-02499,FDR-0050,SUB-012,2023-09-04 17:00,2023-09-05 00:16,7.27,overload,375,fuse,1
OUT-02500,FDR-0050,SUB-012,2023-08-13 17:00,2023-08-13 18:21,1.36,overload,306,switch,1
OUT-02501,FDR-0050,SUB-012,2023-09-10 15:00,2023-09-10 22:20,7.34,equipment failure,1187,recloser,1
OUT-02502,FDR-0050,SUB-012,2023-09-16 15:00,2023-09-17 03:43,12.73,lightning,51,switch,1
OUT-02503,FDR-0050,SUB-012,2023-01-08 20:00,2023-01-09 05:00,9.0,storm damage,681,transformer,1
OUT-02504,FDR-0050,SUB-012,2023-08-03 17:00,2023-08-03 21:47,4.79,lightning,1365,recloser,1
OUT-02505,FDR-0050,SUB-012,2023-10-18 01:00,2023-10-18 02:10,1.18,vehicle accident,470,overhead line,0
OUT-02506,FDR-0050,SUB-012,2023-11-08 15:00,2023-11-08 17:03,2.06,underground cable fault,467,overhead line,0
OUT-02507,FDR-0050,SUB-012,2023-05-10 09:00,2023-05-10 12:21,3.35,scheduled maintenance,202,overhead line,0
OUT-02508,FDR-0051,SUB-012,2023-06-16 17:00,2023-06-17 00:52,7.88,underground cable fault,997,overhead line,1
OUT-02509,FDR-0051,SUB-012,2023-07-29 15:00,2023-07-29 17:31,2.52,underground cable fault,865,transformer,1
OUT-02510,FDR-0051,SUB-012,2023-08-06 17:00,2023-08-06 21:03,4.05,overload,1224,fuse,1
OUT-02511,FDR-0051,SUB-012,2023-08-12 18:00,2023-08-12 22:57,4.96,equipment failure,1215,recloser,1
OUT-02512,FDR-0051,SUB-012,2023-08-24 18:00,2023-08-24 20:44,2.74,storm damage,606,overhead line,1
OUT-02513,FDR-0051,SUB-012,2023-09-16 19:00,2023-09-17 00:46,5.78,storm damage,372,cable,1
OUT-02514,FDR-0051,SUB-012,2023-08-07 19:00,2023-08-08 06:58,11.98,storm damage,672,switch,1
OUT-02515,FDR-0051,SUB-012,2023-03-28 18:00,2023-03-28 19:42,1.71,underground cable fault,191,recloser,0
OUT-02516,FDR-0051,SUB-012,2023-01-29 10:00,2023-01-29 13:13,3.22,animal contact,323,switch,0
OUT-02517,FDR-0052,SUB-012,2023-08-12 18:00,2023-08-12 22:21,4.36,underground cable fault,224,switch,1
OUT-02518,FDR-0052,SUB-012,2023-07-22 13:00,2023-07-22 19:01,6.03,underground cable fault,598,cable,1
OUT-02519,FDR-0052,SUB-012,2023-06-02 15:00,2023-06-02 22:42,7.7,overload,613,recloser,1
OUT-02520,FDR-0052,SUB-012,2023-09-22 14:00,2023-09-22 21:58,7.98,equipment failure,643,fuse,1
OUT-02521,FDR-0052,SUB-012,2023-08-03 20:00,2023-08-04 05:27,9.46,storm damage,405,switch,1
OUT-02522,FDR-0052,SUB-012,2023-01-08 20:00,2023-01-09 08:51,12.86,storm damage,256,switch,1
OUT-02523,FDR-0052,SUB-012,2023-08-16 20:00,2023-08-17 07:13,11.22,lightning,154,fuse,1
OUT-02524,FDR-0052,SUB-012,2023-04-14 12:00,2023-04-14 16:10,4.18,underground cable fault,172,cable,0
OUT-02525,FDR-0052,SUB-012,2023-04-20 16:00,2023-04-20 21:58,5.97,vehicle accident,411,overhead line,0
OUT-02526,FDR-0052,SUB-012,2023-10-17 04:00,2023-10-17 06:41,2.69,equipment failure,380,fuse,0
OUT-02527,FDR-0053,SUB-012,2023-08-12 15:00,2023-08-12 19:21,4.35,equipment failure,939,cable,1
OUT-02528,FDR-0053,SUB-012,2023-08-08 16:00,2023-08-08 23:47,7.79,underground cable fault,151,fuse,1
OUT-02529,FDR-0053,SUB-012,2023-08-10 14:00,2023-08-11 04:34,14.57,animal contact,2188,transformer,1
OUT-02530,FDR-0053,SUB-012,2023-01-06 14:00,2023-01-06 20:00,6.0,tree contact,1240,recloser,1
OUT-02531,FDR-0053,SUB-012,2023-03-18 22:00,2023-03-19 01:45,3.75,scheduled maintenance,248,overhead line,0
OUT-02532,FDR-0054,SUB-013,2023-07-29 15:00,2023-07-29 16:04,1.08,underground cable fault,202,cable,1
OUT-02533,FDR-0054,SUB-013,2023-06-16 14:00,2023-06-16 16:21,2.35,underground cable fault,702,overhead line,1
OUT-02534,FDR-0054,SUB-013,2023-01-27 20:00,2023-01-27 21:16,1.27,tree contact,217,overhead line,1
OUT-02535,FDR-0054,SUB-013,2023-08-12 16:00,2023-08-12 19:49,3.83,tree contact,141,switch,1
OUT-02536,FDR-0054,SUB-013,2023-11-10 19:00,2023-11-10 21:15,2.26,scheduled maintenance,307,switch,0
OUT-02537,FDR-0055,SUB-013,2023-08-05 13:00,2023-08-05 18:34,5.57,equipment failure,376,cable,1
OUT-02538,FDR-0055,SUB-013,2023-07-15 13:00,2023-07-15 14:42,1.7,underground cable fault,707,transformer,1
OUT-02539,FDR-0055,SUB-013,2023-08-29 18:00,2023-08-29 23:12,5.2,equipment failure,1318,transformer,1
OUT-02540,FDR-0055,SUB-013,2023-07-30 15:00,2023-07-30 16:14,1.24,underground cable fault,922,cable,1
OUT-02541,FDR-0055,SUB-013,2023-09-08 17:00,2023-09-08 18:19,1.33,underground cable fault,885,cable,1
OUT-02542,FDR-0055,SUB-013,2023-07-23 15:00,2023-07-23 19:54,4.91,lightning,1810,cable,1
OUT-02543,FDR-0055,SUB-013,2023-08-03 17:00,2023-08-04 06:26,13.44,storm damage,1368,overhead line,1
OUT-02544,FDR-0055,SUB-013,2023-08-03 20:00,2023-08-04 00:04,4.07,storm damage,2580,recloser,1
OUT-02545,FDR-0055,SUB-013,2023-08-10 14:00,2023-08-11 02:27,12.45,lightning,1191,cable,1
OUT-02546,FDR-0055,SUB-013,2023-05-06 10:00,2023-05-06 10:44,0.74,vehicle accident,51,overhead line,0
OUT-02547,FDR-0055,SUB-013,2023-10-26 04:00,2023-10-26 06:09,2.16,animal contact,447,overhead line,0
OUT-02548,FDR-0055,SUB-013,2023-05-19 17:00,2023-05-19 22:53,5.89,animal contact,160,transformer,0
OUT-02549,FDR-0056,SUB-013,2023-08-04 14:00,2023-08-04 21:19,7.32,underground cable fault,593,switch,1
OUT-02550,FDR-0056,SUB-013,2023-07-16 15:00,2023-07-16 19:01,4.02,overload,676,fuse,1
OUT-02551,FDR-0056,SUB-013,2023-09-11 14:00,2023-09-11 15:03,1.05,underground cable fault,799,overhead line,1
OUT-02552,FDR-0056,SUB-013,2023-01-08 16:00,2023-01-08 22:13,6.22,lightning,1040,recloser,1
OUT-02553,FDR-0056,SUB-013,2023-09-24 20:00,2023-09-24 22:13,2.22,animal contact,622,switch,1
OUT-02554,FDR-0056,SUB-013,2023-10-25 11:00,2023-10-25 15:22,4.37,animal contact,54,overhead line,0
OUT-02555,FDR-0056,SUB-013,2023-02-02 15:00,2023-02-02 18:12,3.21,scheduled maintenance,323,overhead line,0
OUT-02556,FDR-0057,SUB-013,2023-07-02 16:00,2023-07-02 21:53,5.89,equipment failure,509,transformer,1
OUT-02557,FDR-0057,SUB-013,2023-09-05 13:00,2023-09-05 20:34,7.57,overload,42,overhead line,1
OUT-02558,FDR-0057,SUB-013,2023-07-16 14:00,2023-07-16 15:43,1.73,overload,425,fuse,1
OUT-02559,FDR-0057,SUB-013,2023-09-15 16:00,2023-09-16 06:42,14.71,storm damage,1118,cable,1
OUT-02560,FDR-0057,SUB-013,2023-09-19 19:00,2023-09-20 00:38,5.64,animal contact,708,switch,1
OUT-02561,FDR-0057,SUB-013,2023-01-11 09:00,2023-01-11 11:45,2.76,vehicle accident,317,switch,0
OUT-02562,FDR-0057,SUB-013,2023-01-30 03:00,2023-01-30 05:52,2.87,animal contact,468,transformer,0
OUT-02563,FDR-0057,SUB-013,2023-10-27 18:00,2023-10-27 22:27,4.46,scheduled maintenance,276,fuse,0
OUT-02564,FDR-0058,SUB-013,2023-07-08 15:00,2023-07-08 17:45,2.76,underground cable fault,1482,transformer,1
OUT-02565,FDR-0058,SUB-013,2023-09-23 17:00,2023-09-23 17:49,0.83,equipment failure,232,transformer,1
OUT-02566,FDR-0058,SUB-013,2023-07-08 14:00,2023-07-08 19:51,5.86,overload,328,switch,1
OUT-02567,FDR-0058,SUB-013,2023-07-23 20:00,2023-07-24 01:55,5.93,lightning,155,recloser,1
OUT-02568,FDR-0058,SUB-013,2023-07-23 19:00,2023-07-24 01:00,6.0,storm damage,389,recloser,1
OUT-02569,FDR-0058,SUB-013,2023-10-15 14:00,2023-10-15 17:50,3.84,equipment failure,291,fuse,0
OUT-02570,FDR-0058,SUB-013,2023-12-07 22:00,2023-12-08 01:01,3.03,dig-in,34,overhead line,0
OUT-02571,FDR-0058,SUB-013,2023-04-02 05:00,2023-04-02 07:45,2.76,equipment failure,404,overhead line,0
OUT-02572,FDR-0059,SUB-013,2023-06-17 17:00,2023-06-18 00:12,7.21,underground cable fault,1411,transformer,1
OUT-02573,FDR-0059,SUB-013,2023-07-11 13:00,2023-07-11 17:54,4.9,underground cable fault,649,recloser,1
OUT-02574,FDR-0059,SUB-013,2023-01-08 14:00,2023-01-08 19:06,5.11,storm damage,2013,overhead line,1
OUT-02575,FDR-0059,SUB-013,2023-08-03 17:00,2023-08-04 05:55,12.93,lightning,2554,switch,1
OUT-02576,FDR-0059,SUB-013,2023-04-10 22:00,2023-04-11 03:58,5.98,dig-in,373,transformer,0
OUT-02577,FDR-0059,SUB-013,2023-03-22 02:00,2023-03-22 04:16,2.27,dig-in,499,cable,0
OUT-02578,FDR-0060,SUB-014,2023-06-06 13:00,2023-06-06 15:54,2.9,underground cable fault,472,transformer,1
OUT-02579,FDR-0060,SUB-014,2023-06-30 17:00,2023-06-30 21:27,4.46,overload,79,cable,1
OUT-02580,FDR-0060,SUB-014,2023-09-23 17:00,2023-09-23 19:13,2.23,overload,837,transformer,1
OUT-02581,FDR-0060,SUB-014,2023-08-07 13:00,2023-08-07 14:51,1.86,overload,229,cable,1
OUT-02582,FDR-0060,SUB-014,2023-12-10 14:00,2023-12-11 00:20,10.34,storm damage,1450,recloser,1
OUT-02583,FDR-0060,SUB-014,2023-01-08 16:00,2023-01-08 23:39,7.66,lightning,1380,transformer,1
OUT-02584,FDR-0060,SUB-014,2023-12-13 14:00,2023-12-13 22:31,8.52,storm damage,1795,fuse,1
OUT-02585,FDR-0060,SUB-014,2023-01-05 05:00,2023-01-05 09:58,4.97,equipment failure,362,switch,0
OUT-02586,FDR-0060,SUB-014,2023-05-18 02:00,2023-05-18 03:41,1.69,underground cable fault,345,switch,0
OUT-02587,FDR-0061,SUB-014,2023-09-03 18:00,2023-09-03 19:06,1.1,overload,678,transformer,1
OUT-02588,FDR-0061,SUB-014,2023-07-01 14:00,2023-07-01 19:06,5.1,overload,335,fuse,1
OUT-02589,FDR-0061,SUB-014,2023-07-02 16:00,2023-07-02 22:46,6.77,equipment failure,270,fuse,1
OUT-02590,FDR-0061,SUB-014,2023-09-27 14:00,2023-09-27 19:27,5.46,equipment failure,253,fuse,1
OUT-02591,FDR-0061,SUB-014,2023-08-12 17:00,2023-08-12 22:22,5.37,animal contact,286,overhead line,1
OUT-02592,FDR-0061,SUB-014,2023-08-24 17:00,2023-08-25 07:34,14.57,animal contact,467,fuse,1
OUT-02593,FDR-0061,SUB-014,2023-09-19 16:00,2023-09-20 01:23,9.39,tree contact,344,overhead line,1
OUT-02594,FDR-0061,SUB-014,2023-12-26 08:00,2023-12-26 08:21,0.35,equipment failure,404,overhead line,0
OUT-02595,FDR-0061,SUB-014,2023-01-02 16:00,2023-01-02 18:41,2.69,dig-in,110,fuse,0
OUT-02596,FDR-0062,SUB-014,2023-06-02 14:00,2023-06-02 17:31,3.52,underground cable fault,957,cable,1
OUT-02597,FDR-0062,SUB-014,2023-07-31 18:00,2023-07-31 20:22,2.37,underground cable fault,1345,transformer,1
OUT-02598,FDR-0062,SUB-014,2023-07-20 17:00,2023-07-20 19:42,2.7,overload,1405,overhead line,1
OUT-02599,FDR-0062,SUB-014,2023-06-12 15:00,2023-06-12 22:40,7.67,underground cable fault,420,cable,1
OUT-02600,FDR-0062,SUB-014,2023-01-27 17:00,2023-01-27 19:49,2.82,lightning,1855,fuse,1
OUT-02601,FDR-0062,SUB-014,2023-01-06 15:00,2023-01-07 00:30,9.51,lightning,1814,cable,1
OUT-02602,FDR-0062,SUB-014,2023-01-06 16:00,2023-01-06 20:10,4.17,animal contact,1855,switch,1
OUT-02603,FDR-0062,SUB-014,2023-10-30 09:00,2023-10-30 12:20,3.34,animal contact,422,recloser,0
OUT-02604,FDR-0062,SUB-014,2023-03-09 02:00,2023-03-09 07:40,5.68,vehicle accident,381,recloser,0
OUT-02605,FDR-0062,SUB-014,2023-12-28 02:00,2023-12-28 02:39,0.66,animal contact,138,recloser,0
OUT-02606,FDR-0063,SUB-014,2023-06-12 15:00,2023-06-12 20:49,5.82,underground cable fault,366,fuse,1
OUT-02607,FDR-0063,SUB-014,2023-06-30 18:00,2023-07-01 01:58,7.97,overload,629,cable,1
OUT-02608,FDR-0063,SUB-014,2023-07-10 18:00,2023-07-10 19:43,1.73,underground cable fault,345,transformer,1
OUT-02609,FDR-0063,SUB-014,2023-08-11 17:00,2023-08-11 20:39,3.65,underground cable fault,98,fuse,1
OUT-02610,FDR-0063,SUB-014,2023-07-06 14:00,2023-07-06 18:33,4.56,equipment failure,580,recloser,1
OUT-02611,FDR-0063,SUB-014,2023-01-06 19:00,2023-01-07 08:40,13.67,tree contact,127,recloser,1
OUT-02612,FDR-0063,SUB-014,2023-01-06 17:00,2023-01-07 05:23,12.39,storm damage,460,overhead line,1
OUT-02613,FDR-0063,SUB-014,2023-01-27 16:00,2023-01-28 01:37,9.62,tree contact,128,overhead line,1
OUT-02614,FDR-0063,SUB-014,2023-08-12 17:00,2023-08-13 08:25,15.42,lightning,245,transformer,1
OUT-02615,FDR-0063,SUB-014,2023-02-22 17:00,2023-02-22 21:24,4.41,equipment failure,114,overhead line,0
OUT-02616,FDR-0063,SUB-014,2023-04-30 09:00,2023-04-30 10:59,1.99,underground cable fault,433,transformer,0
OUT-02617,FDR-0063,SUB-014,2023-04-27 14:00,2023-04-27 15:39,1.65,vehicle accident,156,switch,0
OUT-02618,FDR-0064,SUB-014,2023-06-09 13:00,2023-06-09 19:45,6.75,equipment failure,39,overhead line,1
OUT-02619,FDR-0064,SUB-014,2023-09-02 17:00,2023-09-02 23:17,6.29,underground cable fault,434,cable,1
OUT-02620,FDR-0064,SUB-014,2023-07-29 15:00,2023-07-29 17:13,2.23,overload,219,cable,1
OUT-02621,FDR-0064,SUB-014,2023-06-08 15:00,2023-06-08 16:04,1.07,overload,76,recloser,1
OUT-02622,FDR-0064,SUB-014,2023-07-17 16:00,2023-07-18 00:27,8.46,animal contact,184,overhead line,1
OUT-02623,FDR-0064,SUB-014,2023-09-16 16:00,2023-09-16 22:15,6.26,storm damage,207,fuse,1
OUT-02624,FDR-0064,SUB-014,2023-02-24 15:00,2023-02-25 06:58,15.97,lightning,456,fuse,1
OUT-02625,FDR-0064,SUB-014,2023-01-02 20:00,2023-01-02 21:21,1.35,equipment failure,51,cable,0
OUT-02626,FDR-0064,SUB-014,2023-10-19 23:00,2023-10-20 02:19,3.33,underground cable fault,288,switch,0
OUT-02627,FDR-0064,SUB-014,2023-12-31 02:00,2023-12-31 06:38,4.64,underground cable fault,27,transformer,0
OUT-02628,FDR-0065,SUB-014,2023-06-28 17:00,2023-06-28 22:43,5.72,equipment failure,158,fuse,1
OUT-02629,FDR-0065,SUB-014,2023-09-01 16:00,2023-09-01 19:06,3.11,underground cable fault,989,cable,1
OUT-02630,FDR-0065,SUB-014,2023-08-10 15:00,2023-08-11 00:27,9.45,storm damage,703,switch,1
OUT-02631,FDR-0065,SUB-014,2023-05-30 09:00,2023-05-30 11:34,2.58,dig-in,247,transformer,0
OUT-02632,FDR-0066,SUB-015,2023-09-21 14:00,2023-09-21 14:58,0.97,underground cable fault,39,switch,1
OUT-02633,FDR-0066,SUB-015,2023-09-14 16:00,2023-09-14 19:54,3.91,equipment failure,576,recloser,1
OUT-02634,FDR-0066,SUB-015,2023-12-10 14:00,2023-12-10 22:27,8.45,tree contact,1694,cable,1
OUT-02635,FDR-0066,SUB-015,2023-09-19 15:00,2023-09-19 22:46,7.78,lightning,334,recloser,1
OUT-02636,FDR-0066,SUB-015,2023-01-31 01:00,2023-01-31 05:45,4.76,underground cable fault,444,recloser,0
OUT-02637,FDR-0067,SUB-015,2023-06-07 14:00,2023-06-07 16:34,2.58,underground cable fault,40,cable,1
OUT-02638,FDR-0067,SUB-015,2023-09-23 16:00,2023-09-23 22:13,6.22,overload,51,recloser,1
OUT-02639,FDR-0067,SUB-015,2023-01-08 18:00,2023-01-09 07:06,13.11,tree contact,506,overhead line,1
OUT-02640,FDR-0067,SUB-015,2023-08-12 19:00,2023-08-13 04:42,9.71,lightning,582,cable,1
OUT-02641,FDR-0067,SUB-015,2023-12-18 13:00,2023-12-18 14:49,1.82,animal contact,492,cable,0
OUT-02642,FDR-0068,SUB-015,2023-06-05 18:00,2023-06-06 00:39,6.66,equipment failure,22,overhead line,1
OUT-02643,FDR-0068,SUB-015,2023-09-02 14:00,2023-09-02 20:27,6.46,equipment failure,241,recloser,1
OUT-02644,FDR-0068,SUB-015,2023-07-19 17:00,2023-07-19 21:16,4.28,overload,188,recloser,1
OUT-02645,FDR-0068,SUB-015,2023-08-10 20:00,2023-08-11 07:24,11.41,tree contact,337,fuse,1
OUT-02646,FDR-0068,SUB-015,2023-02-24 20:00,2023-02-25 07:03,11.06,lightning,579,cable,1
OUT-02647,FDR-0068,SUB-015,2023-02-05 00:00,2023-02-05 01:28,1.47,dig-in,336,recloser,0
OUT-02648,FDR-0068,SUB-015,2023-01-09 02:00,2023-01-09 06:18,4.3,equipment failure,445,fuse,0
OUT-02649,FDR-0069,SUB-015,2023-09-20 17:00,2023-09-20 17:32,0.54,overload,443,cable,1
OUT-02650,FDR-0069,SUB-015,2023-09-15 17:00,2023-09-15 23:45,6.76,underground cable fault,218,transformer,1
OUT-02651,FDR-0069,SUB-015,2023-07-17 19:00,2023-07-18 00:01,5.02,tree contact,400,switch,1
OUT-02652,FDR-0069,SUB-015,2023-02-26 23:00,2023-02-27 00:39,1.65,animal contact,69,transformer,0
OUT-02653,FDR-0070,SUB-015,2023-09-04 17:00,2023-09-04 17:55,0.93,underground cable fault,937,cable,1
OUT-02654,FDR-0070,SUB-015,2023-08-31 15:00,2023-08-31 19:18,4.31,equipment failure,52,recloser,1
OUT-02655,FDR-0070,SUB-015,2023-01-08 18:00,2023-01-08 20:07,2.12,animal contact,1651,overhead line,1
OUT-02656,FDR-0070,SUB-015,2023-08-16 18:00,2023-08-16 21:30,3.5,animal contact,1085,cable,1
OUT-02657,FDR-0070,SUB-015,2023-10-20 11:00,2023-10-20 15:27,4.45,equipment failure,466,switch,0
OUT-02658,FDR-0070,SUB-015,2023-12-01 14:00,2023-12-01 14:53,0.89,dig-in,75,overhead line,0
OUT-02659,FDR-0071,SUB-016,2023-09-07 18:00,2023-09-07 21:41,3.69,underground cable fault,147,transformer,1
OUT-02660,FDR-0071,SUB-016,2023-06-16 17:00,2023-06-17 00:47,7.79,underground cable fault,826,transformer,1
OUT-02661,FDR-0071,SUB-016,2023-01-27 18:00,2023-01-27 19:27,1.46,storm damage,988,transformer,1
OUT-02662,FDR-0071,SUB-016,2023-01-06 14:00,2023-01-07 00:30,10.51,animal contact,329,fuse,1
OUT-02663,FDR-0071,SUB-016,2023-10-15 19:00,2023-10-15 21:33,2.55,dig-in,343,overhead line,0
OUT-02664,FDR-0071,SUB-016,2023-03-28 12:00,2023-03-28 13:25,1.42,underground cable fault,191,recloser,0
OUT-02665,FDR-0072,SUB-016,2023-07-07 14:00,2023-07-07 20:35,6.59,underground cable fault,278,overhead line,1
OUT-02666,FDR-0072,SUB-016,2023-06-18 14:00,2023-06-18 16:36,2.61,equipment failure,258,overhead line,1
OUT-02667,FDR-0072,SUB-016,2023-02-24 16:00,2023-02-24 19:31,3.53,animal contact,273,transformer,1
OUT-02668,FDR-0072,SUB-016,2023-01-07 13:00,2023-01-07 13:40,0.68,vehicle accident,231,transformer,0
OUT-02669,FDR-0073,SUB-016,2023-06-09 18:00,2023-06-09 23:01,5.02,overload,650,overhead line,1
OUT-02670,FDR-0073,SUB-016,2023-07-25 18:00,2023-07-26 00:10,6.18,underground cable fault,203,cable,1
OUT-02671,FDR-0073,SUB-016,2023-07-05 16:00,2023-07-05 18:37,2.63,overload,285,overhead line,1
OUT-02672,FDR-0073,SUB-016,2023-01-06 19:00,2023-01-07 05:26,10.44,animal contact,1229,overhead line,1
OUT-02673,FDR-0073,SUB-016,2023-07-23 20:00,2023-07-23 21:57,1.95,animal contact,2080,fuse,1
OUT-02674,FDR-0073,SUB-016,2023-04-23 09:00,2023-04-23 11:00,2.0,dig-in,310,switch,0
OUT-02675,FDR-0073,SUB-016,2023-04-15 10:00,2023-04-15 14:43,4.72,dig-in,106,recloser,0
OUT-02676,FDR-0073,SUB-016,2023-12-05 00:00,2023-12-05 04:00,4.01,animal contact,283,cable,0
OUT-02677,FDR-0074,SUB-016,2023-06-02 13:00,2023-06-02 13:54,0.91,underground cable fault,984,switch,1
OUT-02678,FDR-0074,SUB-016,2023-06-06 16:00,2023-06-06 17:45,1.75,equipment failure,1197,cable,1
OUT-02679,FDR-0074,SUB-016,2023-01-27 20:00,2023-01-28 07:05,11.09,tree contact,2154,switch,1
OUT-02680,FDR-0074,SUB-016,2023-08-12 15:00,2023-08-12 22:45,7.76,storm damage,1271,cable,1
OUT-02681,FDR-0074,SUB-016,2023-02-01 11:00,2023-02-01 15:52,4.88,scheduled maintenance,320,switch,0
OUT-02682,FDR-0074,SUB-016,2023-02-15 09:00,2023-02-15 12:44,3.74,equipment failure,196,switch,0
OUT-02683,FDR-0075,SUB-016,2023-07-31 15:00,2023-07-31 16:38,1.64,overload,156,overhead line,1
OUT-02684,FDR-0075,SUB-016,2023-07-28 18:00,2023-07-28 20:13,2.22,underground cable fault,40,recloser,1
OUT-02685,FDR-0075,SUB-016,2023-07-08 17:00,2023-07-08 21:19,4.32,underground cable fault,312,cable,1
OUT-02686,FDR-0075,SUB-016,2023-08-24 15:00,2023-08-24 20:16,5.28,animal contact,201,transformer,1
OUT-02687,FDR-0075,SUB-016,2023-02-24 15:00,2023-02-24 20:51,5.86,tree contact,814,switch,1
OUT-02688,FDR-0075,SUB-016,2023-02-14 06:00,2023-02-14 09:45,3.76,vehicle accident,111,cable,0
OUT-02689,FDR-0075,SUB-016,2023-04-05 10:00,2023-04-05 12:45,2.75,vehicle accident,429,recloser,0
OUT-02690,FDR-0076,SUB-017,2023-09-15 17:00,2023-09-15 22:39,5.66,underground cable fault,667,fuse,1
OUT-02691,FDR-0076,SUB-017,2023-09-14 18:00,2023-09-14 20:37,2.62,overload,1224,overhead line,1
OUT-02692,FDR-0076,SUB-017,2023-07-07 16:00,2023-07-07 21:26,5.44,equipment failure,191,transformer,1
OUT-02693,FDR-0076,SUB-017,2023-06-23 16:00,2023-06-23 20:25,4.42,overload,818,cable,1
OUT-02694,FDR-0076,SUB-017,2023-01-08 20:00,2023-01-08 21:13,1.22,lightning,1467,overhead line,1
OUT-02695,FDR-0076,SUB-017,2023-07-23 17:00,2023-07-24 08:58,15.98,tree contact,1951,overhead line,1
OUT-02696,FDR-0076,SUB-017,2023-09-15 14:00,2023-09-16 04:15,14.25,lightning,2867,cable,1
OUT-02697,FDR-0076,SUB-017,2023-11-11 19:00,2023-11-11 23:52,4.87,dig-in,88,fuse,0
OUT-02698,FDR-0076,SUB-017,2023-05-21 18:00,2023-05-21 23:27,5.46,animal contact,227,transformer,0
OUT-02699,FDR-0077,SUB-017,2023-06-03 14:00,2023-06-03 15:39,1.66,equipment failure,878,overhead line,1
OUT-02700,FDR-0077,SUB-017,2023-06-20 16:00,2023-06-20 21:09,5.15,equipment failure,560,cable,1
OUT-02701,FDR-0077,SUB-017,2023-06-17 13:00,2023-06-17 17:27,4.45,equipment failure,312,recloser,1
OUT-02702,FDR-0077,SUB-017,2023-01-08 14:00,2023-01-08 22:46,8.78,storm damage,154,transformer,1
OUT-02703,FDR-0077,SUB-017,2023-01-08 14:00,2023-01-08 23:25,9.43,lightning,1316,fuse,1
OUT-02704,FDR-0077,SUB-017,2023-01-13 07:00,2023-01-13 07:37,0.62,equipment failure,237,fuse,0
OUT-02705,FDR-0077,SUB-017,2023-12-28 19:00,2023-12-28 23:23,4.39,scheduled maintenance,255,transformer,0
OUT-02706,FDR-0077,SUB-017,2023-02-13 09:00,2023-02-13 09:32,0.54,dig-in,234,overhead line,0
OUT-02707,FDR-0078,SUB-017,2023-09-24 16:00,2023-09-24 16:35,0.59,underground cable fault,660,overhead line,1
OUT-02708,FDR-0078,SUB-017,2023-08-26 17:00,2023-08-26 18:52,1.87,equipment failure,990,overhead line,1
OUT-02709,FDR-0078,SUB-017,2023-07-14 14:00,2023-07-14 17:54,3.91,equipment failure,1470,switch,1
OUT-02710,FDR-0078,SUB-017,2023-07-23 19:00,2023-07-24 11:23,16.39,tree contact,496,cable,1
OUT-02711,FDR-0078,SUB-017,2023-01-27 19:00,2023-01-28 03:12,8.21,lightning,1206,overhead line,1
OUT-02712,FDR-0078,SUB-017,2023-05-06 02:00,2023-05-06 06:30,4.51,vehicle accident,52,switch,0
OUT-02713,FDR-0078,SUB-017,2023-02-21 19:00,2023-02-21 19:52,0.87,animal contact,308,fuse,0
OUT-02714,FDR-0078,SUB-017,2023-03-28 11:00,2023-03-28 11:44,0.74,vehicle accident,209,transformer,0
OUT-02715,FDR-0079,SUB-017,2023-07-27 15:00,2023-07-27 18:15,3.26,equipment failure,209,transformer,1
OUT-02716,FDR-0079,SUB-017,2023-08-11 14:00,2023-08-11 21:16,7.28,overload,632,transformer,1
OUT-02717,FDR-0079,SUB-017,2023-06-13 15:00,2023-06-13 19:52,4.88,overload,1350,recloser,1
OUT-02718,FDR-0079,SUB-017,2023-06-05 13:00,2023-06-05 18:54,5.91,equipment failure,530,transformer,1
OUT-02719,FDR-0079,SUB-017,2023-09-13 18:00,2023-09-13 21:10,3.18,overload,1311,fuse,1
OUT-02720,FDR-0079,SUB-017,2023-09-16 20:00,2023-09-17 09:41,13.69,lightning,2005,overhead line,1
OUT-02721,FDR-0079,SUB-017,2023-12-13 18:00,2023-12-13 20:35,2.59,tree contact,442,overhead line,1
OUT-02722,FDR-0079,SUB-017,2023-09-15 19:00,2023-09-16 05:29,10.49,animal contact,1272,switch,1
OUT-02723,FDR-0079,SUB-017,2023-09-24 20:00,2023-09-25 02:35,6.59,lightning,538,overhead line,1
OUT-02724,FDR-0079,SUB-017,2023-11-25 17:00,2023-11-25 20:28,3.48,animal contact,322,recloser,0
OUT-02725,FDR-0079,SUB-017,2023-01-30 21:00,2023-01-30 22:19,1.33,underground cable fault,469,recloser,0
OUT-02726,FDR-0079,SUB-017,2023-04-11 03:00,2023-04-11 04:01,1.02,underground cable fault,471,recloser,0
OUT-02727,FDR-0080,SUB-018,2023-07-19 16:00,2023-07-19 23:26,7.44,equipment failure,209,overhead line,1
OUT-02728,FDR-0080,SUB-018,2023-08-26 17:00,2023-08-26 23:52,6.87,equipment failure,1383,overhead line,1
OUT-02729,FDR-0080,SUB-018,2023-01-06 14:00,2023-01-06 17:49,3.83,animal contact,1196,recloser,1
OUT-02730,FDR-0080,SUB-018,2023-09-17 18:00,2023-09-17 21:58,3.97,storm damage,1463,overhead line,1
OUT-02731,FDR-0080,SUB-018,2023-02-08 05:00,2023-02-08 09:59,4.99,equipment failure,77,fuse,0
OUT-02732,FDR-0080,SUB-018,2023-01-22 02:00,2023-01-22 07:58,5.97,scheduled maintenance,63,switch,0
OUT-02733,FDR-0081,SUB-018,2023-06-08 13:00,2023-06-08 18:15,5.26,overload,644,transformer,1
OUT-02734,FDR-0081,SUB-018,2023-08-13 18:00,2023-08-13 23:07,5.13,underground cable fault,757,switch,1
OUT-02735,FDR-0081,SUB-018,2023-09-15 15:00,2023-09-15 18:14,3.24,equipment failure,1096,transformer,1
OUT-02736,FDR-0081,SUB-018,2023-01-08 20:00,2023-01-09 08:51,12.86,storm damage,2206,recloser,1
OUT-02737,FDR-0081,SUB-018,2023-08-12 16:00,2023-08-12 22:59,6.99,storm damage,2192,transformer,1
OUT-02738,FDR-0081,SUB-018,2023-11-26 11:00,2023-11-26 13:00,2.01,vehicle accident,14,overhead line,0
OUT-02739,FDR-0081,SUB-018,2023-04-13 20:00,2023-04-13 23:39,3.65,underground cable fault,294,overhead line,0
OUT-02740,FDR-0082,SUB-018,2023-09-25 17:00,2023-09-25 20:55,3.92,overload,1311,overhead line,1
OUT-02741,FDR-0082,SUB-018,2023-09-21 17:00,2023-09-21 22:42,5.71,underground cable fault,646,switch,1
OUT-02742,FDR-0082,SUB-018,2023-07-05 13:00,2023-07-05 20:27,7.46,overload,876,overhead line,1
OUT-02743,FDR-0082,SUB-018,2023-07-08 15:00,2023-07-08 19:37,4.63,equipment failure,891,transformer,1
OUT-02744,FDR-0082,SUB-018,2023-08-12 19:00,2023-08-13 01:15,6.26,animal contact,2606,fuse,1
OUT-02745,FDR-0082,SUB-018,2023-07-05 15:00,2023-07-05 20:48,5.81,lightning,2430,overhead line,1
OUT-02746,FDR-0082,SUB-018,2023-12-10 18:00,2023-12-11 07:13,13.22,animal contact,936,fuse,1
OUT-02747,FDR-0082,SUB-018,2023-05-26 07:00,2023-05-26 07:45,0.75,vehicle accident,310,switch,0
OUT-02748,FDR-0082,SUB-018,2023-03-22 01:00,2023-03-22 04:21,3.36,scheduled maintenance,291,overhead line,0
OUT-02749,FDR-0083,SUB-018,2023-06-24 18:00,2023-06-25 01:41,7.69,underground cable fault,612,switch,1
OUT-02750,FDR-0083,SUB-018,2023-07-12 14:00,2023-07-12 17:31,3.53,underground cable fault,1260,transformer,1
OUT-02751,FDR-0083,SUB-018,2023-09-07 18:00,2023-09-07 20:09,2.15,equipment failure,921,recloser,1
OUT-02752,FDR-0083,SUB-018,2023-07-05 15:00,2023-07-05 22:53,7.89,equipment failure,432,transformer,1
OUT-02753,FDR-0083,SUB-018,2023-12-10 18:00,2023-12-10 23:07,5.12,animal contact,2242,fuse,1
OUT-02754,FDR-0083,SUB-018,2023-09-16 14:00,2023-09-17 07:51,17.85,animal contact,720,switch,1
OUT-02755,FDR-0083,SUB-018,2023-09-17 16:00,2023-09-18 05:01,13.02,storm damage,875,switch,1
OUT-02756,FDR-0083,SUB-018,2023-10-27 22:00,2023-10-28 00:37,2.62,scheduled maintenance,95,recloser,0
OUT-02757,FDR-0083,SUB-018,2023-12-27 19:00,2023-12-27 22:55,3.93,scheduled maintenance,361,overhead line,0
OUT-02758,FDR-0084,SUB-018,2023-07-27 14:00,2023-07-27 18:10,4.17,underground cable fault,1267,recloser,1
OUT-02759,FDR-0084,SUB-018,2023-09-19 18:00,2023-09-19 23:29,5.49,underground cable fault,977,cable,1
OUT-02760,FDR-0084,SUB-018,2023-09-16 17:00,2023-09-16 21:47,4.79,underground cable fault,693,overhead line,1
OUT-02761,FDR-0084,SUB-018,2023-08-12 19:00,2023-08-12 20:15,1.26,lightning,569,switch,1
OUT-02762,FDR-0084,SUB-018,2023-08-07 16:00,2023-08-07 23:06,7.1,tree contact,1475,cable,1
OUT-02763,FDR-0084,SUB-018,2023-02-05 16:00,2023-02-05 21:31,5.52,underground cable fault,146,overhead line,0
OUT-02764,FDR-0084,SUB-018,2023-02-17 18:00,2023-02-17 22:15,4.25,scheduled maintenance,59,overhead line,0
OUT-02765,FDR-0084,SUB-018,2023-03-30 07:00,2023-03-30 12:56,5.94,equipment failure,484,overhead line,0
OUT-02766,FDR-0085,SUB-019,2023-07-17 14:00,2023-07-17 15:46,1.77,equipment failure,416,switch,1
OUT-02767,FDR-0085,SUB-019,2023-06-30 14:00,2023-06-30 19:57,5.96,overload,108,fuse,1
OUT-02768,FDR-0085,SUB-019,2023-07-28 14:00,2023-07-28 18:55,4.92,underground cable fault,90,recloser,1
OUT-02769,FDR-0085,SUB-019,2023-07-21 13:00,2023-07-21 14:05,1.09,overload,1352,transformer,1
OUT-02770,FDR-0085,SUB-019,2023-07-22 13:00,2023-07-22 20:01,7.03,underground cable fault,875,overhead line,1
OUT-02771,FDR-0085,SUB-019,2023-01-27 17:00,2023-01-28 06:36,13.61,tree contact,1896,overhead line,1
OUT-02772,FDR-0085,SUB-019,2023-01-06 20:00,2023-01-07 13:32,17.54,storm damage,1482,recloser,1
OUT-02773,FDR-0085,SUB-019,2023-12-12 20:00,2023-12-12 23:07,3.13,animal contact,388,cable,1
OUT-02774,FDR-0085,SUB-019,2023-09-16 16:00,2023-09-16 21:44,5.74,storm damage,1894,switch,1
OUT-02775,FDR-0085,SUB-019,2023-10-13 00:00,2023-10-13 01:30,1.51,underground cable fault,126,cable,0
OUT-02776,FDR-0085,SUB-019,2023-04-12 12:00,2023-04-12 12:38,0.64,dig-in,180,overhead line,0
OUT-02777,FDR-0085,SUB-019,2023-10-12 04:00,2023-10-12 05:17,1.29,underground cable fault,347,cable,0
OUT-02778,FDR-0086,SUB-019,2023-08-31 17:00,2023-08-31 23:10,6.18,overload,162,cable,1
OUT-02779,FDR-0086,SUB-019,2023-06-11 18:00,2023-06-11 20:13,2.23,overload,770,cable,1
OUT-02780,FDR-0086,SUB-019,2023-07-26 17:00,2023-07-26 21:28,4.48,equipment failure,1116,transformer,1
OUT-02781,FDR-0086,SUB-019,2023-09-04 13:00,2023-09-04 14:39,1.66,underground cable fault,991,cable,1
OUT-02782,FDR-0086,SUB-019,2023-08-07 15:00,2023-08-07 18:30,3.5,lightning,2541,switch,1
OUT-02783,FDR-0086,SUB-019,2023-09-17 16:00,2023-09-18 07:34,15.57,animal contact,1755,transformer,1
OUT-02784,FDR-0086,SUB-019,2023-07-23 19:00,2023-07-24 09:09,14.16,tree contact,1866,overhead line,1
OUT-02785,FDR-0086,SUB-019,2023-01-15 15:00,2023-01-15 16:20,1.34,vehicle accident,496,switch,0
OUT-02786,FDR-0086,SUB-019,2023-10-09 03:00,2023-10-09 08:42,5.71,underground cable fault,103,cable,0
OUT-02787,FDR-0087,SUB-019,2023-06-13 18:00,2023-06-13 22:18,4.31,underground cable fault,1193,fuse,1
OUT-02788,FDR-0087,SUB-019,2023-08-10 15:00,2023-08-10 18:13,3.23,equipment failure,1187,overhead line,1
OUT-02789,FDR-0087,SUB-019,2023-08-26 17:00,2023-08-26 18:58,1.98,underground cable fault,1012,overhead line,1
OUT-02790,FDR-0087,SUB-019,2023-01-27 18:00,2023-01-27 20:54,2.91,lightning,2750,overhead line,1
OUT-02791,FDR-0087,SUB-019,2023-01-27 15:00,2023-01-28 08:30,17.5,tree contact,2191,transformer,1
OUT-02792,FDR-0087,SUB-019,2023-11-12 22:00,2023-11-13 01:57,3.95,equipment failure,228,transformer,0
OUT-02793,FDR-0087,SUB-019,2023-03-23 11:00,2023-03-23 12:37,1.63,dig-in,36,transformer,0
OUT-02794,FDR-0087,SUB-019,2023-04-30 09:00,2023-04-30 09:58,0.98,animal contact,93,overhead line,0
OUT-02795,FDR-0088,SUB-020,2023-07-02 14:00,2023-07-02 15:46,1.78,underground cable fault,1187,recloser,1
OUT-02796,FDR-0088,SUB-020,2023-07-30 13:00,2023-07-30 19:31,6.52,underground cable fault,887,cable,1
OUT-02797,FDR-0088,SUB-020,2023-09-19 17:00,2023-09-20 03:46,10.78,tree contact,2607,fuse,1
OUT-02798,FDR-0088,SUB-020,2023-12-13 18:00,2023-12-14 11:24,17.4,animal contact,69,transformer,1
OUT-02799,FDR-0088,SUB-020,2023-05-06 15:00,2023-05-06 17:05,2.09,animal contact,72,transformer,0
OUT-02800,FDR-0089,SUB-020,2023-07-19 17:00,2023-07-19 21:22,4.38,overload,597,recloser,1
OUT-02801,FDR-0089,SUB-020,2023-08-11 14:00,2023-08-11 17:57,3.95,underground cable fault,861,fuse,1
OUT-02802,FDR-0089,SUB-020,2023-01-06 15:00,2023-01-06 19:11,4.19,animal contact,1039,recloser,1
OUT-02803,FDR-0089,SUB-020,2023-09-17 17:00,2023-09-18 04:10,11.18,tree contact,1323,overhead line,1
OUT-02804,FDR-0089,SUB-020,2023-02-28 00:00,2023-02-28 05:11,5.19,animal contact,105,fuse,0
OUT-02805,FDR-0089,SUB-020,2023-12-27 16:00,2023-12-27 21:13,5.22,animal contact,226,cable,0
OUT-02806,FDR-0090,SUB-020,2023-09-26 17:00,2023-09-26 19:55,2.93,overload,516,transformer,1
OUT-02807,FDR-0090,SUB-020,2023-07-08 16:00,2023-07-08 19:04,3.07,underground cable fault,385,switch,1
OUT-02808,FDR-0090,SUB-020,2023-07-23 15:00,2023-07-23 20:19,5.33,tree contact,328,fuse,1
OUT-02809,FDR-0090,SUB-020,2023-08-24 19:00,2023-08-25 03:46,8.77,lightning,917,fuse,1
OUT-02810,FDR-0090,SUB-020,2023-04-07 04:00,2023-04-07 09:36,5.61,vehicle accident,69,cable,0
OUT-02811,FDR-0090,SUB-020,2023-03-25 08:00,2023-03-25 12:12,4.2,equipment failure,349,transformer,0
OUT-02812,FDR-0091,SUB-020,2023-09-02 16:00,2023-09-02 18:06,2.11,equipment failure,935,switch,1
OUT-02813,FDR-0091,SUB-020,2023-09-18 16:00,2023-09-18 20:20,4.34,overload,968,fuse,1
OUT-02814,FDR-0091,SUB-020,2023-08-31 15:00,2023-08-31 17:57,2.96,underground cable fault,358,switch,1
OUT-02815,FDR-0091,SUB-020,2023-07-23 15:00,2023-07-24 08:27,17.45,animal contact,791,overhead line,1
OUT-02816,FDR-0091,SUB-020,2023-01-08 14:00,2023-01-09 02:58,12.98,lightning,842,transformer,1
OUT-02817,FDR-0091,SUB-020,2023-10-17 01:00,2023-10-17 05:43,4.73,dig-in,259,recloser,0
OUT-02818,FDR-0091,SUB-020,2023-10-11 19:00,2023-10-11 21:42,2.71,dig-in,429,fuse,0
OUT-02819,FDR-0091,SUB-020,2023-01-16 09:00,2023-01-16 12:05,3.09,equipment failure,283,overhead line,0
OUT-02820,FDR-0092,SUB-020,2023-08-19 17:00,2023-08-19 23:34,6.58,underground cable fault,739,fuse,1
OUT-02821,FDR-0092,SUB-020,2023-08-07 13:00,2023-08-07 20:34,7.57,equipment failure,403,overhead line,1
OUT-02822,FDR-0092,SUB-020,2023-06-01 16:00,2023-06-01 17:13,1.22,overload,136,overhead line,1
OUT-02823,FDR-0092,SUB-020,2023-01-06 17:00,2023-01-06 18:32,1.54,lightning,402,recloser,1
OUT-02824,FDR-0092,SUB-020,2023-12-13 20:00,2023-12-14 12:58,16.98,storm damage,249,cable,1
OUT-02825,FDR-0092,SUB-020,2023-05-03 17:00,2023-05-03 18:13,1.22,scheduled maintenance,300,transformer,0
OUT-02826,FDR-0092,SUB-020,2023-04-03 06:00,2023-04-03 06:18,0.31,dig-in,212,transformer,0
OUT-02827,FDR-0093,SUB-020,2023-08-27 18:00,2023-08-27 22:36,4.6,overload,777,switch,1
OUT-02828,FDR-0093,SUB-020,2023-06-28 16:00,2023-06-28 22:21,6.36,overload,1092,overhead line,1
OUT-02829,FDR-0093,SUB-020,2023-09-16 17:00,2023-09-17 07:19,14.32,animal contact,2242,cable,1
OUT-02830,FDR-0093,SUB-020,2023-05-13 20:00,2023-05-13 20:36,0.6,underground cable fault,16,recloser,0
OUT-02831,FDR-0094,SUB-021,2023-09-27 16:00,2023-09-27 17:22,1.37,overload,1107,switch,1
OUT-02832,FDR-0094,SUB-021,2023-08-30 14:00,2023-08-30 17:22,3.37,underground cable fault,902,fuse,1
OUT-02833,FDR-0094,SUB-021,2023-06-04 16:00,2023-06-04 23:29,7.49,overload,959,cable,1
OUT-02834,FDR-0094,SUB-021,2023-07-11 13:00,2023-07-11 14:36,1.61,underground cable fault,492,cable,1
OUT-02835,FDR-0094,SUB-021,2023-07-24 17:00,2023-07-24 23:20,6.34,equipment failure,768,switch,1
OUT-02836,FDR-0094,SUB-021,2023-09-24 14:00,2023-09-24 17:55,3.92,storm damage,2870,overhead line,1
OUT-02837,FDR-0094,SUB-021,2023-09-19 16:00,2023-09-20 03:03,11.05,lightning,309,overhead line,1
OUT-02838,FDR-0094,SUB-021,2023-07-05 18:00,2023-07-06 10:56,16.94,animal contact,2632,transformer,1
OUT-02839,FDR-0094,SUB-021,2023-01-08 19:00,2023-01-09 08:25,13.42,lightning,2923,switch,1
OUT-02840,FDR-0094,SUB-021,2023-11-08 09:00,2023-11-08 09:45,0.76,scheduled maintenance,194,fuse,0
OUT-02841,FDR-0094,SUB-021,2023-10-26 22:00,2023-10-26 23:26,1.44,scheduled maintenance,4,overhead line,0
OUT-02842,FDR-0094,SUB-021,2023-04-06 23:00,2023-04-07 03:50,4.84,animal contact,311,fuse,0
OUT-02843,FDR-0095,SUB-021,2023-09-07 18:00,2023-09-08 01:03,7.05,overload,506,transformer,1
OUT-02844,FDR-0095,SUB-021,2023-08-22 18:00,2023-08-22 21:03,3.06,equipment failure,507,recloser,1
OUT-02845,FDR-0095,SUB-021,2023-07-24 16:00,2023-07-24 20:33,4.56,overload,225,switch,1
OUT-02846,FDR-0095,SUB-021,2023-02-24 17:00,2023-02-24 22:58,5.97,animal contact,2261,transformer,1
OUT-02847,FDR-0095,SUB-021,2023-09-16 20:00,2023-09-17 05:28,9.47,tree contact,1955,cable,1
OUT-02848,FDR-0095,SUB-021,2023-02-18 15:00,2023-02-18 16:54,1.91,scheduled maintenance,218,overhead line,0
OUT-02849,FDR-0095,SUB-021,2023-04-08 18:00,2023-04-08 23:10,5.18,underground cable fault,166,overhead line,0
OUT-02850,FDR-0096,SUB-021,2023-08-23 14:00,2023-08-23 15:02,1.04,underground cable fault,1489,recloser,1
OUT-02851,FDR-0096,SUB-021,2023-07-17 16:00,2023-07-17 22:00,6.0,overload,1332,overhead line,1
OUT-02852,FDR-0096,SUB-021,2023-08-13 15:00,2023-08-13 18:26,3.44,overload,214,recloser,1
OUT-02853,FDR-0096,SUB-021,2023-08-04 16:00,2023-08-04 19:18,3.3,equipment failure,594,transformer,1
OUT-02854,FDR-0096,SUB-021,2023-01-08 15:00,2023-01-09 03:54,12.91,storm damage,187,fuse,1
OUT-02855,FDR-0096,SUB-021,2023-02-24 17:00,2023-02-24 19:34,2.57,storm damage,814,fuse,1
OUT-02856,FDR-0096,SUB-021,2023-01-06 20:00,2023-01-07 02:45,6.76,animal contact,1148,cable,1
OUT-02857,FDR-0096,SUB-021,2023-03-31 22:00,2023-03-31 23:42,1.7,equipment failure,16,overhead line,0
OUT-02858,FDR-0096,SUB-021,2023-11-02 22:00,2023-11-03 00:18,2.31,scheduled maintenance,290,recloser,0
OUT-02859,FDR-0096,SUB-021,2023-03-19 05:00,2023-03-19 05:54,0.91,equipment failure,164,recloser,0
OUT-02860,FDR-0097,SUB-022,2023-09-30 17:00,2023-10-01 00:13,7.22,overload,672,cable,1
OUT-02861,FDR-0097,SUB-022,2023-09-02 18:00,2023-09-02 22:23,4.39,underground cable fault,666,fuse,1
OUT-02862,FDR-0097,SUB-022,2023-08-24 16:00,2023-08-24 19:10,3.18,tree contact,935,switch,1
OUT-02863,FDR-0097,SUB-022,2023-02-24 19:00,2023-02-25 04:30,9.5,lightning,794,recloser,1
OUT-02864,FDR-0097,SUB-022,2023-02-14 12:00,2023-02-14 17:27,5.45,scheduled maintenance,441,fuse,0
OUT-02865,FDR-0097,SUB-022,2023-10-06 17:00,2023-10-06 18:00,1.0,animal contact,484,cable,0
OUT-02866,FDR-0098,SUB-022,2023-07-04 13:00,2023-07-04 17:13,4.22,equipment failure,1407,switch,1
OUT-02867,FDR-0098,SUB-022,2023-07-03 13:00,2023-07-03 14:28,1.48,underground cable fault,940,overhead line,1
OUT-02868,FDR-0098,SUB-022,2023-12-13 17:00,2023-12-14 04:16,11.27,lightning,846,cable,1
OUT-02869,FDR-0098,SUB-022,2023-08-07 14:00,2023-08-08 05:58,15.97,animal contact,551,overhead line,1
OUT-02870,FDR-0098,SUB-022,2023-04-18 14:00,2023-04-18 16:27,2.46,equipment failure,267,cable,0
OUT-02871,FDR-0098,SUB-022,2023-02-12 11:00,2023-02-12 13:39,2.65,vehicle accident,159,switch,0
OUT-02872,FDR-0099,SUB-022,2023-07-16 17:00,2023-07-16 20:54,3.9,equipment failure,217,overhead line,1
OUT-02873,FDR-0099,SUB-022,2023-08-17 13:00,2023-08-17 19:57,6.96,equipment failure,641,switch,1
OUT-02874,FDR-0099,SUB-022,2023-06-10 14:00,2023-06-10 17:30,3.5,equipment failure,1284,recloser,1
OUT-02875,FDR-0099,SUB-022,2023-08-15 18:00,2023-08-15 18:34,0.57,overload,506,switch,1
OUT-02876,FDR-0099,SUB-022,2023-09-15 15:00,2023-09-15 22:34,7.58,lightning,305,switch,1
OUT-02877,FDR-0099,SUB-022,2023-02-24 14:00,2023-02-25 01:58,11.98,animal contact,479,fuse,1
OUT-02878,FDR-0099,SUB-022,2023-01-06 19:00,2023-01-07 10:53,15.89,storm damage,624,switch,1
OUT-02879,FDR-0099,SUB-022,2023-11-22 07:00,2023-11-22 07:43,0.73,equipment failure,121,overhead line,0
OUT-02880,FDR-0099,SUB-022,2023-11-15 03:00,2023-11-15 07:43,4.73,dig-in,391,fuse,0
OUT-02881,FDR-0100,SUB-023,2023-08-18 16:00,2023-08-18 17:17,1.29,overload,810,recloser,1
OUT-02882,FDR-0100,SUB-023,2023-07-01 13:00,2023-07-01 18:07,5.13,equipment failure,732,cable,1
OUT-02883,FDR-0100,SUB-023,2023-09-18 18:00,2023-09-19 01:37,7.63,overload,495,recloser,1
OUT-02884,FDR-0100,SUB-023,2023-09-07 13:00,2023-09-07 16:23,3.39,equipment failure,794,cable,1
OUT-02885,FDR-0100,SUB-023,2023-08-24 18:00,2023-08-25 01:57,7.96,lightning,717,fuse,1
OUT-02886,FDR-0100,SUB-023,2023-09-15 20:00,2023-09-16 09:12,13.21,storm damage,476,cable,1
OUT-02887,FDR-0100,SUB-023,2023-09-15 20:00,2023-09-16 08:21,12.35,tree contact,466,recloser,1
OUT-02888,FDR-0100,SUB-023,2023-03-13 13:00,2023-03-13 15:23,2.39,vehicle accident,436,fuse,0
OUT-02889,FDR-0100,SUB-023,2023-10-17 20:00,2023-10-17 21:50,1.84,underground cable fault,182,recloser,0
OUT-02890,FDR-0100,SUB-023,2023-12-20 00:00,2023-12-20 05:04,5.07,underground cable fault,494,transformer,0
OUT-02891,FDR-0101,SUB-023,2023-07-05 14:00,2023-07-05 21:51,7.86,underground cable fault,990,recloser,1
OUT-02892,FDR-0101,SUB-023,2023-09-28 17:00,2023-09-28 22:20,5.34,overload,346,transformer,1
OUT-02893,FDR-0101,SUB-023,2023-07-11 14:00,2023-07-11 15:30,1.5,underground cable fault,600,recloser,1
OUT-02894,FDR-0101,SUB-023,2023-07-14 17:00,2023-07-15 07:36,14.6,animal contact,811,overhead line,1
OUT-02895,FDR-0101,SUB-023,2023-09-24 19:00,2023-09-25 01:28,6.47,animal contact,2187,fuse,1
OUT-02896,FDR-0101,SUB-023,2023-04-19 17:00,2023-04-19 19:09,2.16,scheduled maintenance,127,cable,0
OUT-02897,FDR-0101,SUB-023,2023-10-17 08:00,2023-10-17 11:51,3.85,vehicle accident,39,switch,0
OUT-02898,FDR-0102,SUB-023,2023-09-05 18:00,2023-09-05 19:35,1.59,underground cable fault,554,switch,1
OUT-02899,FDR-0102,SUB-023,2023-07-04 16:00,2023-07-04 18:24,2.41,underground cable fault,1097,overhead line,1
OUT-02900,FDR-0102,SUB-023,2023-01-06 16:00,2023-01-07 04:51,12.85,tree contact,1136,fuse,1
OUT-02901,FDR-0102,SUB-023,2023-02-24 17:00,2023-02-25 09:36,16.6,tree contact,494,recloser,1
OUT-02902,FDR-0102,SUB-023,2023-11-24 02:00,2023-11-24 06:34,4.58,dig-in,62,transformer,0
OUT-02903,FDR-0103,SUB-023,2023-06-29 16:00,2023-06-29 18:55,2.92,underground cable fault,719,fuse,1
OUT-02904,FDR-0103,SUB-023,2023-09-16 16:00,2023-09-16 23:18,7.3,equipment failure,976,recloser,1
OUT-02905,FDR-0103,SUB-023,2023-07-29 15:00,2023-07-29 18:52,3.87,overload,1123,cable,1
OUT-02906,FDR-0103,SUB-023,2023-09-19 18:00,2023-09-20 06:02,12.04,animal contact,479,switch,1
OUT-02907,FDR-0103,SUB-023,2023-09-24 16:00,2023-09-25 07:43,15.72,tree contact,1669,switch,1
OUT-02908,FDR-0103,SUB-023,2023-01-12 03:00,2023-01-12 04:16,1.27,vehicle accident,339,transformer,0
OUT-02909,FDR-0103,SUB-023,2023-03-28 04:00,2023-03-28 05:29,1.49,vehicle accident,73,recloser,0
OUT-02910,FDR-0103,SUB-023,2023-04-28 17:00,2023-04-28 18:12,1.21,dig-in,374,fuse,0
OUT-02911,FDR-0104,SUB-023,2023-07-26 18:00,2023-07-26 20:35,2.59,equipment failure,69,transformer,1
OUT-02912,FDR-0104,SUB-023,2023-06-25 13:00,2023-06-25 14:44,1.74,underground cable fault,488,switch,1
OUT-02913,FDR-0104,SUB-023,2023-06-27 13:00,2023-06-27 16:31,3.53,underground cable fault,826,switch,1
OUT-02914,FDR-0104,SUB-023,2023-08-13 15:00,2023-08-13 15:48,0.8,overload,38,switch,1
OUT-02915,FDR-0104,SUB-023,2023-08-16 19:00,2023-08-17 04:52,9.87,storm damage,394,transformer,1
OUT-02916,FDR-0104,SUB-023,2023-07-17 15:00,2023-07-18 03:47,12.79,lightning,184,recloser,1
OUT-02917,FDR-0104,SUB-023,2023-09-24 16:00,2023-09-24 18:07,2.12,lightning,67,overhead line,1
OUT-02918,FDR-0104,SUB-023,2023-02-25 15:00,2023-02-25 18:46,3.78,underground cable fault,396,overhead line,0
OUT-02919,FDR-0104,SUB-023,2023-01-18 23:00,2023-01-19 04:20,5.34,vehicle accident,162,recloser,0
OUT-02920,FDR-0001,SUB-001,2024-09-14 13:00,2024-09-14 16:17,3.29,overload,295,fuse,1
OUT-02921,FDR-0001,SUB-001,2024-06-27 16:00,2024-06-27 23:27,7.45,overload,78,switch,1
OUT-02922,FDR-0001,SUB-001,2024-07-03 17:00,2024-07-03 20:07,3.13,underground cable fault,846,fuse,1
OUT-02923,FDR-0001,SUB-001,2024-07-15 14:00,2024-07-15 17:12,3.2,overload,1336,transformer,1
OUT-02924,FDR-0001,SUB-001,2024-09-26 14:00,2024-09-26 21:17,7.29,animal contact,2095,cable,1
OUT-02925,FDR-0001,SUB-001,2024-07-12 14:00,2024-07-13 03:32,13.54,storm damage,888,recloser,1
OUT-02926,FDR-0001,SUB-001,2024-09-20 14:00,2024-09-20 20:19,6.32,tree contact,286,transformer,1
OUT-02927,FDR-0001,SUB-001,2024-05-03 22:00,2024-05-04 00:10,2.18,dig-in,359,cable,0
OUT-02928,FDR-0001,SUB-001,2024-11-27 00:00,2024-11-27 01:23,1.39,vehicle accident,415,recloser,0
OUT-02929,FDR-0002,SUB-001,2024-06-29 15:00,2024-06-29 19:33,4.56,equipment failure,378,fuse,1
OUT-02930,FDR-0002,SUB-001,2024-09-20 18:00,2024-09-20 21:13,3.23,underground cable fault,397,recloser,1
OUT-02931,FDR-0002,SUB-001,2024-06-02 16:00,2024-06-02 18:55,2.93,equipment failure,389,overhead line,1
OUT-02932,FDR-0002,SUB-001,2024-07-17 15:00,2024-07-17 21:16,6.28,underground cable fault,461,cable,1
OUT-02933,FDR-0002,SUB-001,2024-12-27 17:00,2024-12-28 09:31,16.52,storm damage,297,overhead line,1
OUT-02934,FDR-0002,SUB-001,2024-02-05 17:00,2024-02-05 19:10,2.17,tree contact,305,fuse,1
OUT-02935,FDR-0002,SUB-001,2024-09-26 19:00,2024-09-27 02:50,7.84,tree contact,822,transformer,1
OUT-02936,FDR-0002,SUB-001,2024-12-08 17:00,2024-12-08 21:33,4.56,dig-in,31,overhead line,0
OUT-02937,FDR-0002,SUB-001,2024-05-12 21:00,2024-05-12 21:30,0.5,scheduled maintenance,94,overhead line,0
OUT-02938,FDR-0003,SUB-001,2024-08-06 18:00,2024-08-07 01:52,7.88,overload,230,fuse,1
OUT-02939,FDR-0003,SUB-001,2024-07-23 14:00,2024-07-23 19:55,5.92,underground cable fault,721,recloser,1
OUT-02940,FDR-0003,SUB-001,2024-06-25 13:00,2024-06-25 15:33,2.56,equipment failure,1134,fuse,1
OUT-02941,FDR-0003,SUB-001,2024-12-27 17:00,2024-12-27 18:16,1.28,lightning,1371,switch,1
OUT-02942,FDR-0003,SUB-001,2024-02-05 14:00,2024-02-05 21:51,7.85,storm damage,1008,switch,1
OUT-02943,FDR-0003,SUB-001,2024-03-01 00:00,2024-03-01 04:18,4.3,dig-in,130,switch,0
OUT-02944,FDR-0003,SUB-001,2024-01-28 17:00,2024-01-28 18:11,1.19,equipment failure,417,overhead line,0
OUT-02945,FDR-0004,SUB-002,2024-08-10 18:00,2024-08-11 01:42,7.7,underground cable fault,1147,switch,1
OUT-02946,FDR-0004,SUB-002,2024-07-17 16:00,2024-07-17 22:36,6.61,overload,1054,recloser,1
OUT-02947,FDR-0004,SUB-002,2024-07-28 18:00,2024-07-28 19:15,1.26,overload,605,fuse,1
OUT-02948,FDR-0004,SUB-002,2024-09-26 14:00,2024-09-27 02:56,12.94,lightning,2544,switch,1
OUT-02949,FDR-0004,SUB-002,2024-09-14 14:00,2024-09-14 22:54,8.9,tree contact,2031,transformer,1
OUT-02950,FDR-0004,SUB-002,2024-04-07 01:00,2024-04-07 02:57,1.95,equipment failure,206,overhead line,0
OUT-02951,FDR-0004,SUB-002,2024-05-07 21:00,2024-05-07 23:34,2.58,dig-in,476,transformer,0
OUT-02952,FDR-0004,SUB-002,2024-12-16 02:00,2024-12-16 03:55,1.93,animal contact,103,transformer,0
OUT-02953,FDR-0005,SUB-002,2024-07-20 18:00,2024-07-20 22:14,4.24,overload,651,cable,1
OUT-02954,FDR-0005,SUB-002,2024-06-15 17:00,2024-06-15 19:12,2.2,equipment failure,300,recloser,1
OUT-02955,FDR-0005,SUB-002,2024-08-13 17:00,2024-08-13 20:29,3.49,animal contact,1302,switch,1
OUT-02956,FDR-0005,SUB-002,2024-04-26 14:00,2024-04-26 14:33,0.55,scheduled maintenance,375,overhead line,0
OUT-02957,FDR-0006,SUB-002,2024-07-24 15:00,2024-07-24 19:37,4.62,underground cable fault,1405,fuse,1
OUT-02958,FDR-0006,SUB-002,2024-09-17 14:00,2024-09-17 19:28,5.47,equipment failure,558,transformer,1
OUT-02959,FDR-0006,SUB-002,2024-09-14 17:00,2024-09-14 20:52,3.88,tree contact,910,recloser,1
OUT-02960,FDR-0006,SUB-002,2024-01-22 00:00,2024-01-22 00:59,0.99,dig-in,418,switch,0
OUT-02961,FDR-0007,SUB-002,2024-06-21 18:00,2024-06-22 01:21,7.36,overload,179,transformer,1
OUT-02962,FDR-0007,SUB-002,2024-09-23 18:00,2024-09-23 22:00,4.01,equipment failure,36,fuse,1
OUT-02963,FDR-0007,SUB-002,2024-07-27 18:00,2024-07-28 08:46,14.77,tree contact,688,fuse,1
OUT-02964,FDR-0007,SUB-002,2024-09-10 15:00,2024-09-11 07:22,16.38,tree contact,454,fuse,1
OUT-02965,FDR-0007,SUB-002,2024-01-31 02:00,2024-01-31 04:05,2.09,underground cable fault,306,fuse,0
OUT-02966,FDR-0007,SUB-002,2024-01-08 17:00,2024-01-08 18:20,1.34,underground cable fault,5,recloser,0
OUT-02967,FDR-0008,SUB-003,2024-09-09 18:00,2024-09-09 18:43,0.73,underground cable fault,1449,cable,1
OUT-02968,FDR-0008,SUB-003,2024-08-29 18:00,2024-08-29 23:13,5.23,overload,694,switch,1
OUT-02969,FDR-0008,SUB-003,2024-06-24 17:00,2024-06-25 00:02,7.04,overload,1429,cable,1
OUT-02970,FDR-0008,SUB-003,2024-07-12 20:00,2024-07-13 08:16,12.28,storm damage,1697,cable,1
OUT-02971,FDR-0008,SUB-003,2024-08-13 15:00,2024-08-13 19:46,4.77,storm damage,1620,cable,1
OUT-02972,FDR-0008,SUB-003,2024-11-24 19:00,2024-11-24 23:01,4.03,dig-in,320,recloser,0
OUT-02973,FDR-0008,SUB-003,2024-01-25 19:00,2024-01-25 22:31,3.52,dig-in,472,switch,0
OUT-02974,FDR-0009,SUB-003,2024-09-20 14:00,2024-09-20 15:38,1.64,overload,834,overhead line,1
OUT-02975,FDR-0009,SUB-003,2024-09-14 14:00,2024-09-14 19:25,5.42,underground cable fault,1034,overhead line,1
OUT-02976,FDR-0009,SUB-003,2024-07-11 14:00,2024-07-11 16:27,2.46,equipment failure,174,recloser,1
OUT-02977,FDR-0009,SUB-003,2024-07-14 17:00,2024-07-15 07:44,14.74,animal contact,1174,fuse,1
OUT-02978,FDR-0009,SUB-003,2024-08-20 17:00,2024-08-20 21:37,4.62,tree contact,2321,recloser,1
OUT-02979,FDR-0009,SUB-003,2024-04-19 00:00,2024-04-19 02:41,2.69,equipment failure,59,switch,0
OUT-02980,FDR-0009,SUB-003,2024-03-30 17:00,2024-03-30 21:29,4.49,animal contact,306,fuse,0
OUT-02981,FDR-0009,SUB-003,2024-11-23 00:00,2024-11-23 04:00,4.0,vehicle accident,183,switch,0
OUT-02982,FDR-0010,SUB-003,2024-09-03 13:00,2024-09-03 14:14,1.24,underground cable fault,624,recloser,1
OUT-02983,FDR-0010,SUB-003,2024-08-24 13:00,2024-08-24 15:55,2.92,underground cable fault,261,fuse,1
OUT-02984,FDR-0010,SUB-003,2024-07-11 16:00,2024-07-11 22:54,6.91,equipment failure,1477,overhead line,1
OUT-02985,FDR-0010,SUB-003,2024-09-14 18:00,2024-09-14 19:06,1.11,animal contact,1526,recloser,1
OUT-02986,FDR-0010,SUB-003,2024-09-10 16:00,2024-09-11 07:30,15.51,lightning,194,recloser,1
OUT-02987,FDR-0010,SUB-003,2024-10-21 15:00,2024-10-21 18:07,3.13,animal contact,112,recloser,0
OUT-02988,FDR-0010,SUB-003,2024-05-09 07:00,2024-05-09 11:42,4.71,underground cable fault,4,overhead line,0
OUT-02989,FDR-0010,SUB-003,2024-04-08 01:00,2024-04-08 05:27,4.45,underground cable fault,446,transformer,0
OUT-02990,FDR-0011,SUB-004,2024-08-21 16:00,2024-08-21 17:38,1.64,overload,683,cable,1
OUT-02991,FDR-0011,SUB-004,2024-06-29 15:00,2024-06-29 22:36,7.6,underground cable fault,171,cable,1
OUT-02992,FDR-0011,SUB-004,2024-06-03 13:00,2024-06-03 15:52,2.87,overload,1038,recloser,1
OUT-02993,FDR-0011,SUB-004,2024-07-05 13:00,2024-07-05 14:55,1.92,overload,739,overhead line,1
OUT-02994,FDR-0011,SUB-004,2024-07-27 19:00,2024-07-28 12:46,17.77,lightning,354,overhead line,1
OUT-02995,FDR-0011,SUB-004,2024-08-20 18:00,2024-08-21 11:23,17.39,lightning,377,recloser,1
OUT-02996,FDR-0011,SUB-004,2024-08-13 15:00,2024-08-13 20:12,5.2,storm damage,772,cable,1
OUT-02997,FDR-0011,SUB-004,2024-12-09 22:00,2024-12-09 23:52,1.88,vehicle accident,26,transformer,0
OUT-02998,FDR-0011,SUB-004,2024-03-03 09:00,2024-03-03 14:10,5.17,dig-in,309,transformer,0
OUT-02999,FDR-0011,SUB-004,2024-04-26 08:00,2024-04-26 10:21,2.35,underground cable fault,326,fuse,0
OUT-03000,FDR-0012,SUB-004,2024-09-01 17:00,2024-09-02 00:49,7.82,underground cable fault,394,fuse,1
OUT-03001,FDR-0012,SUB-004,2024-08-26 15:00,2024-08-26 22:04,7.07,equipment failure,1196,transformer,1
OUT-03002,FDR-0012,SUB-004,2024-09-09 17:00,2024-09-09 22:01,5.02,underground cable fault,1145,cable,1
OUT-03003,FDR-0012,SUB-004,2024-07-21 16:00,2024-07-22 01:39,9.66,animal contact,2297,overhead line,1
OUT-03004,FDR-0012,SUB-004,2024-02-09 19:00,2024-02-09 21:25,2.42,animal contact,1734,transformer,1
OUT-03005,FDR-0012,SUB-004,2024-03-27 14:00,2024-03-27 19:06,5.11,scheduled maintenance,18,fuse,0
OUT-03006,FDR-0012,SUB-004,2024-12-13 05:00,2024-12-13 10:52,5.88,underground cable fault,50,cable,0
OUT-03007,FDR-0013,SUB-004,2024-09-06 15:00,2024-09-06 22:29,7.49,underground cable fault,171,transformer,1
OUT-03008,FDR-0013,SUB-004,2024-08-15 18:00,2024-08-15 22:43,4.73,underground cable fault,1177,transformer,1
OUT-03009,FDR-0013,SUB-004,2024-07-09 18:00,2024-07-10 01:14,7.24,underground cable fault,1188,switch,1
OUT-03010,FDR-0013,SUB-004,2024-06-27 18:00,2024-06-27 22:44,4.74,equipment failure,1075,transformer,1
OUT-03011,FDR-0013,SUB-004,2024-07-11 15:00,2024-07-11 19:37,4.63,underground cable fault,1241,recloser,1
OUT-03012,FDR-0013,SUB-004,2024-02-09 15:00,2024-02-10 06:49,15.83,tree contact,1485,transformer,1
OUT-03013,FDR-0013,SUB-004,2024-02-05 19:00,2024-02-06 07:01,12.03,lightning,1514,recloser,1
OUT-03014,FDR-0013,SUB-004,2024-07-21 18:00,2024-07-21 22:16,4.27,storm damage,1691,fuse,1
OUT-03015,FDR-0013,SUB-004,2024-02-12 17:00,2024-02-13 01:13,8.23,lightning,1759,recloser,1
OUT-03016,FDR-0013,SUB-004,2024-11-24 16:00,2024-11-24 18:27,2.46,scheduled maintenance,10,fuse,0
OUT-03017,FDR-0013,SUB-004,2024-03-12 17:00,2024-03-12 19:00,2.01,vehicle accident,284,fuse,0
OUT-03018,FDR-0013,SUB-004,2024-12-15 12:00,2024-12-15 15:43,3.73,underground cable fault,70,recloser,0
OUT-03019,FDR-0014,SUB-004,2024-08-22 17:00,2024-08-22 18:16,1.27,underground cable fault,1216,switch,1
OUT-03020,FDR-0014,SUB-004,2024-07-13 13:00,2024-07-13 16:25,3.43,underground cable fault,1090,switch,1
OUT-03021,FDR-0014,SUB-004,2024-06-06 15:00,2024-06-06 22:09,7.15,underground cable fault,747,overhead line,1
OUT-03022,FDR-0014,SUB-004,2024-07-21 18:00,2024-07-22 02:22,8.38,tree contact,307,switch,1
OUT-03023,FDR-0014,SUB-004,2024-02-12 20:00,2024-02-13 00:52,4.88,tree contact,183,fuse,1
OUT-03024,FDR-0014,SUB-004,2024-03-10 03:00,2024-03-10 06:43,3.73,animal contact,421,switch,0
OUT-03025,FDR-0014,SUB-004,2024-02-22 11:00,2024-02-22 13:52,2.88,equipment failure,434,switch,0
OUT-03026,FDR-0014,SUB-004,2024-11-01 08:00,2024-11-01 11:40,3.68,equipment failure,34,cable,0
OUT-03027,FDR-0015,SUB-004,2024-08-18 18:00,2024-08-19 01:46,7.78,underground cable fault,1292,cable,1
OUT-03028,FDR-0015,SUB-004,2024-08-22 18:00,2024-08-22 22:34,4.58,underground cable fault,1314,transformer,1
OUT-03029,FDR-0015,SUB-004,2024-09-17 15:00,2024-09-17 20:30,5.51,underground cable fault,1413,fuse,1
OUT-03030,FDR-0015,SUB-004,2024-08-15 18:00,2024-08-15 22:48,4.81,underground cable fault,896,transformer,1
OUT-03031,FDR-0015,SUB-004,2024-08-13 20:00,2024-08-14 09:12,13.21,tree contact,917,recloser,1
OUT-03032,FDR-0015,SUB-004,2024-07-27 19:00,2024-07-28 05:46,10.78,tree contact,418,recloser,1
OUT-03033,FDR-0015,SUB-004,2024-09-26 19:00,2024-09-27 08:09,13.16,animal contact,1508,fuse,1
OUT-03034,FDR-0015,SUB-004,2024-05-01 17:00,2024-05-01 20:17,3.29,equipment failure,249,overhead line,0
OUT-03035,FDR-0015,SUB-004,2024-10-13 05:00,2024-10-13 05:56,0.94,scheduled maintenance,357,fuse,0
OUT-03036,FDR-0015,SUB-004,2024-01-29 22:00,2024-01-30 03:12,5.21,dig-in,23,overhead line,0
OUT-03037,FDR-0016,SUB-004,2024-06-07 16:00,2024-06-07 19:38,3.64,overload,155,fuse,1
OUT-03038,FDR-0016,SUB-004,2024-06-29 14:00,2024-06-29 14:54,0.9,underground cable fault,369,fuse,1
OUT-03039,FDR-0016,SUB-004,2024-08-13 18:00,2024-08-14 06:34,12.58,storm damage,60,switch,1
OUT-03040,FDR-0016,SUB-004,2024-11-08 00:00,2024-11-08 04:05,4.09,dig-in,446,cable,0
OUT-03041,FDR-0017,SUB-005,2024-07-29 17:00,2024-07-30 00:47,7.79,overload,402,cable,1
OUT-03042,FDR-0017,SUB-005,2024-08-20 14:00,2024-08-20 20:05,6.09,overload,935,recloser,1
OUT-03043,FDR-0017,SUB-005,2024-07-27 18:00,2024-07-27 18:58,0.98,equipment failure,1251,transformer,1
OUT-03044,FDR-0017,SUB-005,2024-06-14 17:00,2024-06-14 20:54,3.9,overload,522,switch,1
OUT-03045,FDR-0017,SUB-005,2024-02-01 16:00,2024-02-01 21:30,5.51,animal contact,2561,overhead line,1
OUT-03046,FDR-0017,SUB-005,2024-02-12 17:00,2024-02-13 09:16,16.28,storm damage,1607,cable,1
OUT-03047,FDR-0017,SUB-005,2024-02-05 14:00,2024-02-06 04:15,14.26,lightning,291,overhead line,1
OUT-03048,FDR-0017,SUB-005,2024-05-01 03:00,2024-05-01 06:39,3.66,scheduled maintenance,307,fuse,0
OUT-03049,FDR-0017,SUB-005,2024-02-29 04:00,2024-02-29 09:21,5.36,dig-in,254,fuse,0
OUT-03050,FDR-0017,SUB-005,2024-05-24 13:00,2024-05-24 15:08,2.14,dig-in,250,fuse,0
OUT-03051,FDR-0017,SUB-005,2024-03-25 16:00,2024-03-25 21:43,5.72,dig-in,43,transformer,0
OUT-03052,FDR-0018,SUB-005,2024-08-11 13:00,2024-08-11 17:24,4.41,equipment failure,942,switch,1
OUT-03053,FDR-0018,SUB-005,2024-08-06 15:00,2024-08-06 19:00,4.01,overload,1111,fuse,1
OUT-03054,FDR-0018,SUB-005,2024-07-27 14:00,2024-07-27 21:36,7.6,storm damage,589,cable,1
OUT-03055,FDR-0018,SUB-005,2024-09-20 16:00,2024-09-21 08:39,16.66,animal contact,660,recloser,1
OUT-03056,FDR-0018,SUB-005,2024-03-28 23:00,2024-03-29 00:18,1.31,underground cable fault,451,transformer,0
OUT-03057,FDR-0018,SUB-005,2024-04-17 09:00,2024-04-17 12:26,3.44,animal contact,297,recloser,0
OUT-03058,FDR-0019,SUB-005,2024-06-09 17:00,2024-06-09 18:23,1.39,overload,689,overhead line,1
OUT-03059,FDR-0019,SUB-005,2024-07-04 18:00,2024-07-04 22:10,4.18,equipment failure,460,transformer,1
OUT-03060,FDR-0019,SUB-005,2024-08-20 18:00,2024-08-21 01:06,7.11,equipment failure,396,transformer,1
OUT-03061,FDR-0019,SUB-005,2024-06-18 16:00,2024-06-18 16:55,0.93,equipment failure,803,fuse,1
OUT-03062,FDR-0019,SUB-005,2024-07-14 16:00,2024-07-14 23:32,7.54,animal contact,1503,cable,1
OUT-03063,FDR-0019,SUB-005,2024-07-12 19:00,2024-07-13 06:33,11.55,tree contact,1953,cable,1
OUT-03064,FDR-0019,SUB-005,2024-07-27 17:00,2024-07-28 06:52,13.88,animal contact,2000,overhead line,1
OUT-03065,FDR-0019,SUB-005,2024-05-09 11:00,2024-05-09 15:25,4.42,scheduled maintenance,358,recloser,0
OUT-03066,FDR-0019,SUB-005,2024-01-03 19:00,2024-01-03 23:58,4.98,animal contact,416,recloser,0
OUT-03067,FDR-0020,SUB-005,2024-07-22 15:00,2024-07-22 20:46,5.77,equipment failure,550,fuse,1
OUT-03068,FDR-0020,SUB-005,2024-07-27 15:00,2024-07-27 17:45,2.76,underground cable fault,338,fuse,1
OUT-03069,FDR-0020,SUB-005,2024-02-23 14:00,2024-02-24 00:30,10.5,lightning,352,transformer,1
OUT-03070,FDR-0020,SUB-005,2024-12-11 23:00,2024-12-12 00:54,1.9,scheduled maintenance,171,cable,0
OUT-03071,FDR-0021,SUB-006,2024-06-12 13:00,2024-06-12 17:55,4.92,underground cable fault,1232,fuse,1
OUT-03072,FDR-0021,SUB-006,2024-09-14 17:00,2024-09-15 00:37,7.62,underground cable fault,431,transformer,1
OUT-03073,FDR-0021,SUB-006,2024-08-08 15:00,2024-08-08 18:55,3.93,overload,1397,transformer,1
OUT-03074,FDR-0021,SUB-006,2024-09-26 18:00,2024-09-27 07:48,13.81,storm damage,2473,overhead line,1
OUT-03075,FDR-0021,SUB-006,2024-07-21 20:00,2024-07-22 05:24,9.4,animal contact,1943,recloser,1
OUT-03076,FDR-0021,SUB-006,2024-02-17 05:00,2024-02-17 07:17,2.29,scheduled maintenance,423,switch,0
OUT-03077,FDR-0021,SUB-006,2024-03-13 17:00,2024-03-13 19:24,2.41,vehicle accident,237,transformer,0
OUT-03078,FDR-0021,SUB-006,2024-10-13 18:00,2024-10-13 20:57,2.96,vehicle accident,227,cable,0
OUT-03079,FDR-0022,SUB-006,2024-06-28 14:00,2024-06-28 18:45,4.75,underground cable fault,725,switch,1
OUT-03080,FDR-0022,SUB-006,2024-08-01 13:00,2024-08-01 17:54,4.91,equipment failure,915,overhead line,1
OUT-03081,FDR-0022,SUB-006,2024-09-26 19:00,2024-09-27 12:55,17.93,animal contact,1727,overhead line,1
OUT-03082,FDR-0022,SUB-006,2024-03-29 02:00,2024-03-29 04:46,2.77,equipment failure,355,recloser,0
OUT-03083,FDR-0023,SUB-006,2024-06-25 17:00,2024-06-25 20:34,3.58,equipment failure,492,switch,1
OUT-03084,FDR-0023,SUB-006,2024-06-23 16:00,2024-06-23 22:12,6.21,overload,54,overhead line,1
OUT-03085,FDR-0023,SUB-006,2024-02-12 17:00,2024-02-12 23:00,6.01,animal contact,445,transformer,1
OUT-03086,FDR-0023,SUB-006,2024-04-21 06:00,2024-04-21 06:42,0.7,vehicle accident,219,fuse,0
OUT-03087,FDR-0024,SUB-006,2024-09-17 15:00,2024-09-17 16:00,1.01,equipment failure,494,recloser,1
OUT-03088,FDR-0024,SUB-006,2024-09-17 16:00,2024-09-17 20:27,4.45,equipment failure,1012,switch,1
OUT-03089,FDR-0024,SUB-006,2024-08-10 16:00,2024-08-10 19:39,3.65,equipment failure,740,switch,1
OUT-03090,FDR-0024,SUB-006,2024-07-27 19:00,2024-07-28 08:13,13.22,storm damage,706,recloser,1
OUT-03091,FDR-0024,SUB-006,2024-12-27 15:00,2024-12-27 16:10,1.17,tree contact,871,transformer,1
OUT-03092,FDR-0024,SUB-006,2024-03-21 10:00,2024-03-21 13:36,3.61,dig-in,465,transformer,0
OUT-03093,FDR-0024,SUB-006,2024-01-30 21:00,2024-01-31 00:21,3.36,dig-in,448,overhead line,0
OUT-03094,FDR-0024,SUB-006,2024-04-10 23:00,2024-04-11 02:27,3.45,underground cable fault,444,switch,0
OUT-03095,FDR-0025,SUB-007,2024-08-19 14:00,2024-08-19 15:07,1.13,overload,711,cable,1
OUT-03096,FDR-0025,SUB-007,2024-09-18 16:00,2024-09-18 19:32,3.54,equipment failure,1171,fuse,1
OUT-03097,FDR-0025,SUB-007,2024-08-09 14:00,2024-08-09 20:58,6.98,overload,441,transformer,1
OUT-03098,FDR-0025,SUB-007,2024-09-17 15:00,2024-09-17 15:39,0.65,underground cable fault,1362,switch,1
OUT-03099,FDR-0025,SUB-007,2024-02-05 14:00,2024-02-06 05:21,15.36,tree contact,1591,fuse,1
OUT-03100,FDR-0025,SUB-007,2024-07-21 20:00,2024-07-22 13:54,17.9,storm damage,2019,recloser,1
OUT-03101,FDR-0025,SUB-007,2024-02-23 17:00,2024-02-24 01:02,8.04,tree contact,2073,cable,1
OUT-03102,FDR-0025,SUB-007,2024-05-23 04:00,2024-05-23 09:06,5.11,equipment failure,171,recloser,0
OUT-03103,FDR-0025,SUB-007,2024-05-23 10:00,2024-05-23 11:07,1.13,equipment failure,288,fuse,0
OUT-03104,FDR-0025,SUB-007,2024-12-02 07:00,2024-12-02 07:37,0.62,animal contact,131,switch,0
OUT-03105,FDR-0026,SUB-007,2024-07-29 15:00,2024-07-29 18:37,3.62,equipment failure,1294,cable,1
OUT-03106,FDR-0026,SUB-007,2024-08-19 18:00,2024-08-19 20:29,2.49,underground cable fault,856,cable,1
OUT-03107,FDR-0026,SUB-007,2024-06-17 18:00,2024-06-17 20:27,2.46,equipment failure,145,overhead line,1
OUT-03108,FDR-0026,SUB-007,2024-09-26 15:00,2024-09-26 16:00,1.01,storm damage,2021,fuse,1
OUT-03109,FDR-0026,SUB-007,2024-12-27 16:00,2024-12-28 08:07,16.12,animal contact,2528,transformer,1
OUT-03110,FDR-0026,SUB-007,2024-05-23 12:00,2024-05-23 15:43,3.73,underground cable fault,292,recloser,0
OUT-03111,FDR-0026,SUB-007,2024-03-29 19:00,2024-03-29 19:23,0.39,scheduled maintenance,71,switch,0
OUT-03112,FDR-0027,SUB-007,2024-09-18 16:00,2024-09-18 17:24,1.4,overload,770,switch,1
OUT-03113,FDR-0027,SUB-007,2024-09-14 14:00,2024-09-14 18:52,4.87,overload,458,transformer,1
OUT-03114,FDR-0027,SUB-007,2024-09-06 18:00,2024-09-06 20:59,2.99,underground cable fault,334,overhead line,1
OUT-03115,FDR-0027,SUB-007,2024-07-14 20:00,2024-07-15 07:24,11.4,storm damage,1013,cable,1
OUT-03116,FDR-0027,SUB-007,2024-09-14 17:00,2024-09-15 02:17,9.29,lightning,152,overhead line,1
OUT-03117,FDR-0027,SUB-007,2024-10-08 17:00,2024-10-08 18:29,1.49,vehicle accident,345,transformer,0
OUT-03118,FDR-0027,SUB-007,2024-11-22 02:00,2024-11-22 04:30,2.51,equipment failure,339,overhead line,0
OUT-03119,FDR-0027,SUB-007,2024-11-18 02:00,2024-11-18 03:34,1.58,scheduled maintenance,227,switch,0
OUT-03120,FDR-0028,SUB-007,2024-09-15 16:00,2024-09-15 17:07,1.12,overload,1089,recloser,1
OUT-03121,FDR-0028,SUB-007,2024-09-22 16:00,2024-09-22 22:23,6.39,underground cable fault,1308,recloser,1
OUT-03122,FDR-0028,SUB-007,2024-12-27 16:00,2024-12-27 19:46,3.78,tree contact,716,switch,1
OUT-03123,FDR-0028,SUB-007,2024-07-21 14:00,2024-07-21 17:44,3.74,tree contact,615,recloser,1
OUT-03124,FDR-0028,SUB-007,2024-04-29 21:00,2024-04-30 02:28,5.48,dig-in,488,recloser,0
OUT-03125,FDR-0028,SUB-007,2024-03-23 04:00,2024-03-23 05:06,1.1,animal contact,446,recloser,0
OUT-03126,FDR-0029,SUB-008,2024-08-30 17:00,2024-08-30 23:15,6.25,overload,376,transformer,1
OUT-03127,FDR-0029,SUB-008,2024-06-01 18:00,2024-06-01 19:33,1.55,equipment failure,144,transformer,1
OUT-03128,FDR-0029,SUB-008,2024-06-18 16:00,2024-06-18 23:47,7.79,equipment failure,494,cable,1
OUT-03129,FDR-0029,SUB-008,2024-07-10 17:00,2024-07-10 22:04,5.07,equipment failure,1046,transformer,1
OUT-03130,FDR-0029,SUB-008,2024-02-04 17:00,2024-02-05 03:09,10.15,tree contact,597,switch,1
OUT-03131,FDR-0029,SUB-008,2024-07-14 20:00,2024-07-14 21:10,1.18,lightning,267,switch,1
OUT-03132,FDR-0029,SUB-008,2024-02-23 16:00,2024-02-24 07:33,15.55,animal contact,1121,switch,1
OUT-03133,FDR-0029,SUB-008,2024-03-17 10:00,2024-03-17 14:20,4.34,vehicle accident,475,overhead line,0
OUT-03134,FDR-0029,SUB-008,2024-01-20 13:00,2024-01-20 14:57,1.95,vehicle accident,259,transformer,0
OUT-03135,FDR-0029,SUB-008,2024-01-12 04:00,2024-01-12 07:15,3.26,animal contact,427,switch,0
OUT-03136,FDR-0030,SUB-008,2024-06-22 16:00,2024-06-22 19:42,3.71,overload,792,transformer,1
OUT-03137,FDR-0030,SUB-008,2024-06-10 16:00,2024-06-10 16:40,0.68,equipment failure,456,switch,1
OUT-03138,FDR-0030,SUB-008,2024-09-10 18:00,2024-09-11 08:00,14.01,lightning,63,fuse,1
OUT-03139,FDR-0030,SUB-008,2024-02-04 16:00,2024-02-04 18:53,2.89,animal contact,822,switch,1
OUT-03140,FDR-0030,SUB-008,2024-05-22 00:00,2024-05-22 01:52,1.88,underground cable fault,142,overhead line,0
OUT-03141,FDR-0030,SUB-008,2024-10-20 16:00,2024-10-20 20:48,4.8,scheduled maintenance,208,transformer,0
OUT-03142,FDR-0031,SUB-008,2024-07-27 13:00,2024-07-27 17:51,4.86,underground cable fault,1024,overhead line,1
OUT-03143,FDR-0031,SUB-008,2024-08-04 18:00,2024-08-04 20:36,2.61,underground cable fault,1236,transformer,1
OUT-03144,FDR-0031,SUB-008,2024-08-23 18:00,2024-08-23 19:26,1.44,overload,1384,transformer,1
OUT-03145,FDR-0031,SUB-008,2024-06-22 17:00,2024-06-22 18:37,1.63,overload,217,transformer,1
OUT-03146,FDR-0031,SUB-008,2024-09-26 18:00,2024-09-27 06:06,12.11,lightning,2483,fuse,1
OUT-03147,FDR-0031,SUB-008,2024-02-01 18:00,2024-02-02 00:56,6.94,animal contact,2878,fuse,1
OUT-03148,FDR-0031,SUB-008,2024-09-10 17:00,2024-09-11 10:45,17.76,lightning,152,transformer,1
OUT-03149,FDR-0031,SUB-008,2024-11-25 07:00,2024-11-25 07:39,0.66,underground cable fault,350,switch,0
OUT-03150,FDR-0031,SUB-008,2024-11-01 19:00,2024-11-01 23:49,4.83,animal contact,222,transformer,0
OUT-03151,FDR-0031,SUB-008,2024-11-20 09:00,2024-11-20 13:48,4.8,dig-in,87,switch,0
OUT-03152,FDR-0032,SUB-008,2024-09-30 14:00,2024-09-30 21:07,7.12,underground cable fault,450,fuse,1
OUT-03153,FDR-0032,SUB-008,2024-06-14 15:00,2024-06-14 21:14,6.24,equipment failure,84,switch,1
OUT-03154,FDR-0032,SUB-008,2024-06-26 15:00,2024-06-26 18:16,3.27,underground cable fault,283,recloser,1
OUT-03155,FDR-0032,SUB-008,2024-08-05 17:00,2024-08-05 21:01,4.02,equipment failure,998,transformer,1
OUT-03156,FDR-0032,SUB-008,2024-09-10 16:00,2024-09-10 20:06,4.11,tree contact,187,cable,1
OUT-03157,FDR-0032,SUB-008,2024-08-13 14:00,2024-08-14 02:04,12.07,lightning,366,cable,1
OUT-03158,FDR-0032,SUB-008,2024-02-05 18:00,2024-02-05 22:23,4.39,storm damage,726,fuse,1
OUT-03159,FDR-0032,SUB-008,2024-11-10 14:00,2024-11-10 16:25,2.43,underground cable fault,231,overhead line,0
OUT-03160,FDR-0032,SUB-008,2024-10-09 21:00,2024-10-10 02:39,5.65,equipment failure,56,switch,0
OUT-03161,FDR-0032,SUB-008,2024-10-17 15:00,2024-10-17 18:34,3.57,animal contact,428,transformer,0
OUT-03162,FDR-0033,SUB-008,2024-06-22 13:00,2024-06-22 15:52,2.87,overload,452,fuse,1
OUT-03163,FDR-0033,SUB-008,2024-08-17 17:00,2024-08-17 21:18,4.31,underground cable fault,150,recloser,1
OUT-03164,FDR-0033,SUB-008,2024-12-27 18:00,2024-12-28 05:21,11.35,lightning,318,transformer,1
OUT-03165,FDR-0033,SUB-008,2024-01-27 00:00,2024-01-27 04:12,4.2,animal contact,433,switch,0
OUT-03166,FDR-0034,SUB-009,2024-07-16 15:00,2024-07-16 22:05,7.09,equipment failure,1211,fuse,1
OUT-03167,FDR-0034,SUB-009,2024-07-09 16:00,2024-07-09 17:06,1.11,equipment failure,1127,transformer,1
OUT-03168,FDR-0034,SUB-009,2024-09-12 18:00,2024-09-12 22:42,4.71,equipment failure,894,cable,1
OUT-03169,FDR-0034,SUB-009,2024-02-12 19:00,2024-02-12 20:55,1.92,storm damage,394,fuse,1
OUT-03170,FDR-0034,SUB-009,2024-07-21 18:00,2024-07-21 22:20,4.34,lightning,2484,switch,1
OUT-03171,FDR-0034,SUB-009,2024-05-25 20:00,2024-05-26 01:12,5.21,equipment failure,45,switch,0
OUT-03172,FDR-0034,SUB-009,2024-02-15 06:00,2024-02-15 09:12,3.2,dig-in,440,cable,0
OUT-03173,FDR-0035,SUB-009,2024-07-03 17:00,2024-07-03 19:00,2.01,overload,302,recloser,1
OUT-03174,FDR-0035,SUB-009,2024-08-12 13:00,2024-08-12 18:18,5.31,equipment failure,840,transformer,1
OUT-03175,FDR-0035,SUB-009,2024-08-13 13:00,2024-08-13 19:51,6.85,underground cable fault,956,fuse,1
OUT-03176,FDR-0035,SUB-009,2024-02-23 16:00,2024-02-23 18:28,2.47,storm damage,2054,transformer,1
OUT-03177,FDR-0035,SUB-009,2024-09-26 19:00,2024-09-26 22:09,3.15,animal contact,1510,switch,1
OUT-03178,FDR-0035,SUB-009,2024-10-27 11:00,2024-10-27 12:55,1.93,underground cable fault,68,fuse,0
OUT-03179,FDR-0035,SUB-009,2024-05-15 02:00,2024-05-15 04:58,2.98,animal contact,192,fuse,0
OUT-03180,FDR-0035,SUB-009,2024-04-12 14:00,2024-04-12 14:15,0.26,underground cable fault,295,switch,0
OUT-03181,FDR-0036,SUB-009,2024-07-21 15:00,2024-07-21 17:39,2.66,equipment failure,912,cable,1
OUT-03182,FDR-0036,SUB-009,2024-09-21 15:00,2024-09-21 21:04,6.07,equipment failure,411,cable,1
OUT-03183,FDR-0036,SUB-009,2024-08-29 14:00,2024-08-29 14:59,0.99,overload,1068,fuse,1
OUT-03184,FDR-0036,SUB-009,2024-07-13 16:00,2024-07-13 21:37,5.63,equipment failure,671,overhead line,1
OUT-03185,FDR-0036,SUB-009,2024-02-05 20:00,2024-02-06 00:00,4.0,lightning,2428,overhead line,1
OUT-03186,FDR-0036,SUB-009,2024-02-12 14:00,2024-02-13 01:13,11.22,tree contact,2693,switch,1
OUT-03187,FDR-0036,SUB-009,2024-07-21 19:00,2024-07-21 22:09,3.16,storm damage,2245,overhead line,1
OUT-03188,FDR-0036,SUB-009,2024-02-25 17:00,2024-02-25 19:51,2.86,dig-in,350,overhead line,0
OUT-03189,FDR-0036,SUB-009,2024-11-10 22:00,2024-11-11 03:56,5.94,equipment failure,283,fuse,0
OUT-03190,FDR-0037,SUB-010,2024-07-27 16:00,2024-07-27 17:00,1.0,overload,1226,cable,1
OUT-03191,FDR-0037,SUB-010,2024-07-12 13:00,2024-07-12 19:11,6.19,equipment failure,1049,overhead line,1
OUT-03192,FDR-0037,SUB-010,2024-02-01 20:00,2024-02-01 23:30,3.5,lightning,1475,transformer,1
OUT-03193,FDR-0037,SUB-010,2024-04-15 20:00,2024-04-15 23:10,3.18,equipment failure,408,cable,0
OUT-03194,FDR-0038,SUB-010,2024-08-21 13:00,2024-08-21 14:11,1.19,equipment failure,814,recloser,1
OUT-03195,FDR-0038,SUB-010,2024-08-30 13:00,2024-08-30 14:04,1.07,overload,179,transformer,1
OUT-03196,FDR-0038,SUB-010,2024-09-10 15:00,2024-09-10 22:52,7.87,storm damage,731,switch,1
OUT-03197,FDR-0038,SUB-010,2024-05-04 10:00,2024-05-04 10:42,0.7,scheduled maintenance,215,overhead line,0
OUT-03198,FDR-0039,SUB-010,2024-06-15 14:00,2024-06-15 15:57,1.96,equipment failure,378,recloser,1
OUT-03199,FDR-0039,SUB-010,2024-08-22 17:00,2024-08-22 18:43,1.72,underground cable fault,737,fuse,1
OUT-03200,FDR-0039,SUB-010,2024-07-09 17:00,2024-07-09 17:38,0.64,underground cable fault,827,transformer,1
OUT-03201,FDR-0039,SUB-010,2024-06-12 17:00,2024-06-12 22:17,5.29,equipment failure,582,recloser,1
OUT-03202,FDR-0039,SUB-010,2024-09-26 14:00,2024-09-26 15:06,1.1,lightning,860,cable,1
OUT-03203,FDR-0039,SUB-010,2024-09-20 15:00,2024-09-21 08:52,17.88,tree contact,760,recloser,1
OUT-03204,FDR-0039,SUB-010,2024-08-20 20:00,2024-08-21 02:58,6.98,lightning,603,recloser,1
OUT-03205,FDR-0039,SUB-010,2024-10-14 05:00,2024-10-14 10:23,5.39,scheduled maintenance,92,fuse,0
OUT-03206,FDR-0039,SUB-010,2024-03-04 22:00,2024-03-04 23:29,1.49,equipment failure,413,fuse,0
OUT-03207,FDR-0039,SUB-010,2024-03-22 12:00,2024-03-22 13:52,1.87,scheduled maintenance,138,recloser,0
OUT-03208,FDR-0040,SUB-010,2024-07-13 14:00,2024-07-13 17:18,3.31,equipment failure,1011,fuse,1
OUT-03209,FDR-0040,SUB-010,2024-07-28 18:00,2024-07-28 21:54,3.91,equipment failure,1380,transformer,1
OUT-03210,FDR-0040,SUB-010,2024-02-12 18:00,2024-02-13 03:25,9.43,storm damage,1242,recloser,1
OUT-03211,FDR-0040,SUB-010,2024-07-27 18:00,2024-07-27 19:30,1.51,storm damage,2434,cable,1
OUT-03212,FDR-0040,SUB-010,2024-01-03 04:00,2024-01-03 08:33,4.55,animal contact,16,transformer,0
OUT-03213,FDR-0040,SUB-010,2024-05-17 09:00,2024-05-17 13:46,4.78,scheduled maintenance,31,switch,0
OUT-03214,FDR-0041,SUB-010,2024-09-02 17:00,2024-09-02 21:30,4.5,overload,419,switch,1
OUT-03215,FDR-0041,SUB-010,2024-07-18 18:00,2024-07-18 22:46,4.77,underground cable fault,799,recloser,1
OUT-03216,FDR-0041,SUB-010,2024-09-03 14:00,2024-09-03 14:42,0.7,equipment failure,301,cable,1
OUT-03217,FDR-0041,SUB-010,2024-09-30 14:00,2024-09-30 14:58,0.97,underground cable fault,742,switch,1
OUT-03218,FDR-0041,SUB-010,2024-02-12 14:00,2024-02-13 04:13,14.23,storm damage,796,switch,1
OUT-03219,FDR-0041,SUB-010,2024-02-01 17:00,2024-02-01 23:22,6.38,tree contact,173,recloser,1
OUT-03220,FDR-0041,SUB-010,2024-09-14 17:00,2024-09-15 01:48,8.81,storm damage,1509,recloser,1
OUT-03221,FDR-0041,SUB-010,2024-10-20 19:00,2024-10-20 21:08,2.14,underground cable fault,13,overhead line,0
OUT-03222,FDR-0041,SUB-010,2024-11-14 23:00,2024-11-15 00:16,1.27,vehicle accident,481,recloser,0
OUT-03223,FDR-0041,SUB-010,2024-02-17 12:00,2024-02-17 14:22,2.37,equipment failure,365,overhead line,0
OUT-03224,FDR-0041,SUB-010,2024-05-14 13:00,2024-05-14 18:07,5.13,underground cable fault,388,overhead line,0
OUT-03225,FDR-0042,SUB-010,2024-08-08 14:00,2024-08-08 20:17,6.29,equipment failure,62,transformer,1
OUT-03226,FDR-0042,SUB-010,2024-07-14 17:00,2024-07-14 21:45,4.75,overload,268,switch,1
OUT-03227,FDR-0042,SUB-010,2024-06-11 15:00,2024-06-11 21:43,6.72,underground cable fault,1132,cable,1
OUT-03228,FDR-0042,SUB-010,2024-07-12 17:00,2024-07-12 18:05,1.09,overload,532,cable,1
OUT-03229,FDR-0042,SUB-010,2024-09-14 15:00,2024-09-15 03:14,12.24,storm damage,1699,fuse,1
OUT-03230,FDR-0042,SUB-010,2024-02-12 20:00,2024-02-13 11:41,15.69,animal contact,2176,fuse,1
OUT-03231,FDR-0042,SUB-010,2024-02-09 15:00,2024-02-10 04:21,13.35,lightning,2036,overhead line,1
OUT-03232,FDR-0042,SUB-010,2024-04-04 18:00,2024-04-04 20:11,2.19,animal contact,316,transformer,0
OUT-03233,FDR-0042,SUB-010,2024-04-29 18:00,2024-04-29 19:03,1.06,scheduled maintenance,206,overhead line,0
OUT-03234,FDR-0043,SUB-011,2024-06-02 13:00,2024-06-02 17:48,4.8,equipment failure,43,cable,1
OUT-03235,FDR-0043,SUB-011,2024-09-20 16:00,2024-09-20 20:29,4.49,equipment failure,857,recloser,1
OUT-03236,FDR-0043,SUB-011,2024-02-09 19:00,2024-02-09 20:52,1.87,storm damage,99,recloser,1
OUT-03237,FDR-0043,SUB-011,2024-04-01 18:00,2024-04-01 20:54,2.91,dig-in,67,switch,0
OUT-03238,FDR-0044,SUB-011,2024-09-07 15:00,2024-09-07 18:48,3.81,underground cable fault,270,transformer,1
OUT-03239,FDR-0044,SUB-011,2024-06-19 14:00,2024-06-19 20:44,6.74,overload,1179,recloser,1
OUT-03240,FDR-0044,SUB-011,2024-07-21 16:00,2024-07-22 01:25,9.43,animal contact,2055,cable,1
OUT-03241,FDR-0044,SUB-011,2024-12-19 09:00,2024-12-19 09:33,0.55,underground cable fault,283,overhead line,0
OUT-03242,FDR-0045,SUB-011,2024-09-01 15:00,2024-09-01 17:04,2.07,underground cable fault,1325,cable,1
OUT-03243,FDR-0045,SUB-011,2024-08-19 17:00,2024-08-19 18:58,1.98,underground cable fault,1481,cable,1
OUT-03244,FDR-0045,SUB-011,2024-02-01 20:00,2024-02-02 00:16,4.27,storm damage,690,cable,1
OUT-03245,FDR-0045,SUB-011,2024-09-14 16:00,2024-09-14 20:29,4.49,storm damage,300,switch,1
OUT-03246,FDR-0045,SUB-011,2024-12-23 04:00,2024-12-23 08:12,4.2,vehicle accident,66,overhead line,0
OUT-03247,FDR-0045,SUB-011,2024-05-15 07:00,2024-05-15 11:10,4.18,animal contact,84,overhead line,0
OUT-03248,FDR-0046,SUB-011,2024-07-18 17:00,2024-07-19 00:40,7.68,equipment failure,1095,recloser,1
OUT-03249,FDR-0046,SUB-011,2024-07-01 17:00,2024-07-01 20:44,3.74,underground cable fault,1165,transformer,1
OUT-03250,FDR-0046,SUB-011,2024-07-08 17:00,2024-07-08 23:04,6.07,underground cable fault,344,overhead line,1
OUT-03251,FDR-0046,SUB-011,2024-08-14 16:00,2024-08-14 23:35,7.59,equipment failure,245,switch,1
OUT-03252,FDR-0046,SUB-011,2024-12-27 15:00,2024-12-28 04:20,13.34,lightning,410,cable,1
OUT-03253,FDR-0046,SUB-011,2024-09-20 18:00,2024-09-21 05:16,11.27,tree contact,166,recloser,1
OUT-03254,FDR-0046,SUB-011,2024-08-13 17:00,2024-08-14 07:55,14.93,tree contact,779,recloser,1
OUT-03255,FDR-0046,SUB-011,2024-12-09 00:00,2024-12-09 03:48,3.8,scheduled maintenance,330,fuse,0
OUT-03256,FDR-0046,SUB-011,2024-03-31 02:00,2024-03-31 06:31,4.53,dig-in,72,fuse,0
OUT-03257,FDR-0046,SUB-011,2024-03-24 11:00,2024-03-24 16:44,5.74,underground cable fault,125,transformer,0
OUT-03258,FDR-0047,SUB-011,2024-08-29 15:00,2024-08-29 21:41,6.69,underground cable fault,585,transformer,1
OUT-03259,FDR-0047,SUB-011,2024-09-11 18:00,2024-09-11 23:43,5.72,underground cable fault,967,overhead line,1
OUT-03260,FDR-0047,SUB-011,2024-08-27 16:00,2024-08-27 21:11,5.19,equipment failure,866,transformer,1
OUT-03261,FDR-0047,SUB-011,2024-06-19 13:00,2024-06-19 17:53,4.89,equipment failure,857,transformer,1
OUT-03262,FDR-0047,SUB-011,2024-09-10 17:00,2024-09-11 09:42,16.7,storm damage,490,recloser,1
OUT-03263,FDR-0047,SUB-011,2024-09-26 17:00,2024-09-26 22:33,5.56,lightning,837,recloser,1
OUT-03264,FDR-0047,SUB-011,2024-02-12 19:00,2024-02-12 23:01,4.02,lightning,111,switch,1
OUT-03265,FDR-0047,SUB-011,2024-10-15 07:00,2024-10-15 10:51,3.85,underground cable fault,436,cable,0
OUT-03266,FDR-0047,SUB-011,2024-03-11 13:00,2024-03-11 15:38,2.64,scheduled maintenance,212,switch,0
OUT-03267,FDR-0047,SUB-011,2024-05-06 04:00,2024-05-06 08:15,4.25,dig-in,258,switch,0
OUT-03268,FDR-0047,SUB-011,2024-12-12 11:00,2024-12-12 15:18,4.31,scheduled maintenance,443,cable,0
OUT-03269,FDR-0048,SUB-011,2024-09-11 16:00,2024-09-11 23:44,7.74,overload,631,cable,1
OUT-03270,FDR-0048,SUB-011,2024-06-30 17:00,2024-06-30 22:15,5.26,underground cable fault,653,transformer,1
OUT-03271,FDR-0048,SUB-011,2024-09-07 18:00,2024-09-07 20:03,2.05,underground cable fault,690,overhead line,1
OUT-03272,FDR-0048,SUB-011,2024-09-23 16:00,2024-09-23 19:15,3.26,overload,567,overhead line,1
OUT-03273,FDR-0048,SUB-011,2024-02-09 17:00,2024-02-09 22:51,5.86,tree contact,1352,switch,1
OUT-03274,FDR-0048,SUB-011,2024-09-20 15:00,2024-09-20 17:55,2.93,lightning,1373,overhead line,1
OUT-03275,FDR-0048,SUB-011,2024-12-27 14:00,2024-12-28 01:51,11.85,lightning,2226,switch,1
OUT-03276,FDR-0048,SUB-011,2024-04-20 16:00,2024-04-20 19:37,3.63,animal contact,15,cable,0
OUT-03277,FDR-0048,SUB-011,2024-04-05 00:00,2024-04-05 04:22,4.38,underground cable fault,372,transformer,0
OUT-03278,FDR-0048,SUB-011,2024-04-18 18:00,2024-04-18 18:46,0.77,underground cable fault,68,recloser,0
OUT-03279,FDR-0049,SUB-012,2024-09-30 17:00,2024-09-30 19:43,2.72,underground cable fault,1193,recloser,1
OUT-03280,FDR-0049,SUB-012,2024-09-30 13:00,2024-09-30 16:10,3.17,overload,1341,overhead line,1
OUT-03281,FDR-0049,SUB-012,2024-09-23 15:00,2024-09-23 19:16,4.28,underground cable fault,968,overhead line,1
OUT-03282,FDR-0049,SUB-012,2024-02-23 14:00,2024-02-23 23:31,9.52,tree contact,371,overhead line,1
OUT-03283,FDR-0049,SUB-012,2024-02-04 16:00,2024-02-05 09:07,17.13,animal contact,247,recloser,1
OUT-03284,FDR-0049,SUB-012,2024-03-20 05:00,2024-03-20 06:21,1.36,underground cable fault,357,cable,0
OUT-03285,FDR-0049,SUB-012,2024-05-24 20:00,2024-05-24 23:23,3.39,vehicle accident,263,overhead line,0
OUT-03286,FDR-0049,SUB-012,2024-10-24 21:00,2024-10-25 00:35,3.59,scheduled maintenance,390,transformer,0
OUT-03287,FDR-0050,SUB-012,2024-06-05 15:00,2024-06-05 20:42,5.71,underground cable fault,333,cable,1
OUT-03288,FDR-0050,SUB-012,2024-08-08 17:00,2024-08-08 18:06,1.1,overload,233,cable,1
OUT-03289,FDR-0050,SUB-012,2024-09-04 17:00,2024-09-04 23:15,6.25,overload,317,recloser,1
OUT-03290,FDR-0050,SUB-012,2024-06-07 18:00,2024-06-07 22:36,4.6,underground cable fault,765,recloser,1
OUT-03291,FDR-0050,SUB-012,2024-06-19 14:00,2024-06-19 19:28,5.47,equipment failure,1012,switch,1
OUT-03292,FDR-0050,SUB-012,2024-02-09 15:00,2024-02-09 22:15,7.26,storm damage,1013,transformer,1
OUT-03293,FDR-0050,SUB-012,2024-07-21 15:00,2024-07-22 05:39,14.65,storm damage,1887,overhead line,1
OUT-03294,FDR-0050,SUB-012,2024-08-13 15:00,2024-08-13 17:50,2.84,storm damage,1841,cable,1
OUT-03295,FDR-0050,SUB-012,2024-12-27 16:00,2024-12-28 02:10,10.17,storm damage,1041,transformer,1
OUT-03296,FDR-0050,SUB-012,2024-05-24 17:00,2024-05-24 20:54,3.91,animal contact,163,recloser,0
OUT-03297,FDR-0050,SUB-012,2024-11-07 18:00,2024-11-07 23:46,5.78,vehicle accident,45,cable,0
OUT-03298,FDR-0050,SUB-012,2024-11-13 05:00,2024-11-13 06:09,1.16,vehicle accident,229,recloser,0
OUT-03299,FDR-0051,SUB-012,2024-06-22 18:00,2024-06-22 19:15,1.26,overload,295,recloser,1
OUT-03300,FDR-0051,SUB-012,2024-09-16 13:00,2024-09-16 20:37,7.63,overload,1270,fuse,1
OUT-03301,FDR-0051,SUB-012,2024-07-29 15:00,2024-07-29 20:30,5.51,overload,1481,fuse,1
OUT-03302,FDR-0051,SUB-012,2024-06-05 18:00,2024-06-05 23:38,5.64,overload,1124,transformer,1
OUT-03303,FDR-0051,SUB-012,2024-02-04 19:00,2024-02-05 07:48,12.81,animal contact,94,switch,1
OUT-03304,FDR-0051,SUB-012,2024-09-10 16:00,2024-09-10 22:33,6.55,storm damage,419,switch,1
OUT-03305,FDR-0051,SUB-012,2024-08-20 20:00,2024-08-21 12:40,16.67,tree contact,801,overhead line,1
OUT-03306,FDR-0051,SUB-012,2024-10-15 13:00,2024-10-15 13:39,0.66,vehicle accident,58,overhead line,0
OUT-03307,FDR-0051,SUB-012,2024-10-15 00:00,2024-10-15 01:54,1.91,underground cable fault,203,fuse,0
OUT-03308,FDR-0052,SUB-012,2024-08-12 15:00,2024-08-12 19:04,4.08,equipment failure,224,switch,1
OUT-03309,FDR-0052,SUB-012,2024-07-16 18:00,2024-07-16 22:56,4.94,equipment failure,419,transformer,1
OUT-03310,FDR-0052,SUB-012,2024-07-02 14:00,2024-07-02 15:21,1.36,underground cable fault,404,cable,1
OUT-03311,FDR-0052,SUB-012,2024-08-22 17:00,2024-08-22 18:00,1.0,underground cable fault,206,recloser,1
OUT-03312,FDR-0052,SUB-012,2024-08-23 14:00,2024-08-23 21:10,7.18,underground cable fault,245,switch,1
OUT-03313,FDR-0052,SUB-012,2024-12-27 16:00,2024-12-28 04:40,12.67,tree contact,392,fuse,1
OUT-03314,FDR-0052,SUB-012,2024-02-23 14:00,2024-02-23 15:39,1.65,animal contact,604,fuse,1
OUT-03315,FDR-0052,SUB-012,2024-09-10 19:00,2024-09-11 10:42,15.71,animal contact,335,cable,1
OUT-03316,FDR-0052,SUB-012,2024-08-13 14:00,2024-08-14 07:39,17.66,tree contact,868,switch,1
OUT-03317,FDR-0052,SUB-012,2024-05-24 05:00,2024-05-24 06:01,1.03,dig-in,312,transformer,0
OUT-03318,FDR-0052,SUB-012,2024-01-03 21:00,2024-01-04 02:51,5.86,underground cable fault,63,overhead line,0
OUT-03319,FDR-0052,SUB-012,2024-10-30 01:00,2024-10-30 01:43,0.72,equipment failure,259,overhead line,0
OUT-03320,FDR-0053,SUB-012,2024-07-25 15:00,2024-07-25 16:48,1.8,equipment failure,1196,fuse,1
OUT-03321,FDR-0053,SUB-012,2024-08-06 15:00,2024-08-06 20:51,5.85,equipment failure,656,recloser,1
OUT-03322,FDR-0053,SUB-012,2024-07-30 17:00,2024-07-30 21:50,4.84,underground cable fault,514,cable,1
OUT-03323,FDR-0053,SUB-012,2024-09-28 14:00,2024-09-28 18:33,4.56,overload,453,switch,1
OUT-03324,FDR-0053,SUB-012,2024-08-03 17:00,2024-08-03 17:42,0.71,equipment failure,533,switch,1
OUT-03325,FDR-0053,SUB-012,2024-07-21 15:00,2024-07-21 23:19,8.33,lightning,1770,switch,1
OUT-03326,FDR-0053,SUB-012,2024-12-27 15:00,2024-12-27 17:59,2.99,storm damage,1549,overhead line,1
OUT-03327,FDR-0053,SUB-012,2024-09-10 18:00,2024-09-11 02:02,8.04,animal contact,695,fuse,1
OUT-03328,FDR-0053,SUB-012,2024-08-20 15:00,2024-08-21 00:26,9.44,animal contact,1584,recloser,1
OUT-03329,FDR-0053,SUB-012,2024-05-28 07:00,2024-05-28 07:15,0.26,scheduled maintenance,299,fuse,0
OUT-03330,FDR-0053,SUB-012,2024-02-13 17:00,2024-02-13 19:36,2.61,equipment failure,91,cable,0
OUT-03331,FDR-0053,SUB-012,2024-10-13 23:00,2024-10-14 02:29,3.49,animal contact,189,switch,0
OUT-03332,FDR-0054,SUB-013,2024-07-14 14:00,2024-07-14 17:37,3.62,underground cable fault,736,transformer,1
OUT-03333,FDR-0054,SUB-013,2024-08-20 17:00,2024-08-20 22:11,5.19,equipment failure,696,switch,1
OUT-03334,FDR-0054,SUB-013,2024-09-17 17:00,2024-09-17 23:10,6.17,overload,638,fuse,1
OUT-03335,FDR-0054,SUB-013,2024-06-14 18:00,2024-06-14 18:48,0.81,overload,285,switch,1
OUT-03336,FDR-0054,SUB-013,2024-07-14 13:00,2024-07-14 17:30,4.5,underground cable fault,621,cable,1
OUT-03337,FDR-0054,SUB-013,2024-09-14 19:00,2024-09-15 06:54,11.91,tree contact,405,cable,1
OUT-03338,FDR-0054,SUB-013,2024-02-12 19:00,2024-02-13 10:43,15.72,animal contact,366,switch,1
OUT-03339,FDR-0054,SUB-013,2024-02-01 16:00,2024-02-01 19:40,3.67,storm damage,149,transformer,1
OUT-03340,FDR-0054,SUB-013,2024-02-01 16:00,2024-02-02 05:35,13.59,animal contact,692,fuse,1
OUT-03341,FDR-0054,SUB-013,2024-10-19 06:00,2024-10-19 11:33,5.56,dig-in,219,recloser,0
OUT-03342,FDR-0054,SUB-013,2024-04-20 06:00,2024-04-20 10:33,4.56,dig-in,144,cable,0
OUT-03343,FDR-0054,SUB-013,2024-12-04 02:00,2024-12-04 07:21,5.36,animal contact,222,overhead line,0
OUT-03344,FDR-0055,SUB-013,2024-09-26 18:00,2024-09-26 20:24,2.41,equipment failure,1341,overhead line,1
OUT-03345,FDR-0055,SUB-013,2024-09-05 14:00,2024-09-05 17:44,3.74,underground cable fault,1199,transformer,1
OUT-03346,FDR-0055,SUB-013,2024-07-01 14:00,2024-07-01 16:42,2.71,overload,676,overhead line,1
OUT-03347,FDR-0055,SUB-013,2024-08-20 14:00,2024-08-21 05:09,15.16,animal contact,1661,transformer,1
OUT-03348,FDR-0055,SUB-013,2024-07-14 15:00,2024-07-15 00:40,9.68,animal contact,2929,recloser,1
OUT-03349,FDR-0055,SUB-013,2024-01-22 07:00,2024-01-22 12:49,5.83,dig-in,54,overhead line,0
OUT-03350,FDR-0055,SUB-013,2024-11-13 11:00,2024-11-13 15:06,4.1,vehicle accident,135,overhead line,0
OUT-03351,FDR-0056,SUB-013,2024-09-07 18:00,2024-09-07 23:07,5.13,overload,898,cable,1
OUT-03352,FDR-0056,SUB-013,2024-07-12 14:00,2024-07-12 17:45,3.75,underground cable fault,846,fuse,1
OUT-03353,FDR-0056,SUB-013,2024-09-30 17:00,2024-10-01 00:44,7.74,underground cable fault,930,recloser,1
OUT-03354,FDR-0056,SUB-013,2024-06-22 13:00,2024-06-22 15:42,2.7,underground cable fault,974,overhead line,1
OUT-03355,FDR-0056,SUB-013,2024-06-11 18:00,2024-06-11 23:45,5.75,underground cable fault,791,switch,1
OUT-03356,FDR-0056,SUB-013,2024-07-21 16:00,2024-07-22 04:58,12.98,animal contact,817,cable,1
OUT-03357,FDR-0056,SUB-013,2024-02-12 20:00,2024-02-12 23:48,3.8,lightning,1029,recloser,1
OUT-03358,FDR-0056,SUB-013,2024-08-20 15:00,2024-08-21 07:10,16.17,lightning,252,switch,1
OUT-03359,FDR-0056,SUB-013,2024-08-13 19:00,2024-08-14 02:54,7.91,lightning,581,cable,1
OUT-03360,FDR-0056,SUB-013,2024-11-01 04:00,2024-11-01 09:48,5.81,animal contact,456,recloser,0
OUT-03361,FDR-0056,SUB-013,2024-10-11 21:00,2024-10-11 21:28,0.48,vehicle accident,168,cable,0
OUT-03362,FDR-0056,SUB-013,2024-01-27 00:00,2024-01-27 00:16,0.27,animal contact,123,fuse,0
OUT-03363,FDR-0057,SUB-013,2024-06-04 14:00,2024-06-04 16:57,2.96,overload,291,recloser,1
OUT-03364,FDR-0057,SUB-013,2024-09-12 17:00,2024-09-12 22:36,5.6,overload,877,recloser,1
OUT-03365,FDR-0057,SUB-013,2024-07-21 20:00,2024-07-22 11:04,15.08,tree contact,1295,transformer,1
OUT-03366,FDR-0057,SUB-013,2024-11-23 14:00,2024-11-23 17:22,3.37,dig-in,329,overhead line,0
OUT-03367,FDR-0058,SUB-013,2024-08-10 17:00,2024-08-10 22:53,5.89,underground cable fault,261,cable,1
OUT-03368,FDR-0058,SUB-013,2024-07-05 18:00,2024-07-05 19:55,1.92,overload,1242,fuse,1
OUT-03369,FDR-0058,SUB-013,2024-07-22 16:00,2024-07-22 20:51,4.85,equipment failure,725,switch,1
OUT-03370,FDR-0058,SUB-013,2024-08-27 17:00,2024-08-27 20:03,3.05,underground cable fault,803,recloser,1
OUT-03371,FDR-0058,SUB-013,2024-08-10 16:00,2024-08-10 23:10,7.17,underground cable fault,918,transformer,1
OUT-03372,FDR-0058,SUB-013,2024-02-05 14:00,2024-02-05 16:12,2.21,tree contact,2314,recloser,1
OUT-03373,FDR-0058,SUB-013,2024-02-05 20:00,2024-02-05 21:50,1.84,lightning,2329,switch,1
OUT-03374,FDR-0058,SUB-013,2024-09-14 14:00,2024-09-15 02:59,12.99,lightning,2472,recloser,1
OUT-03375,FDR-0058,SUB-013,2024-07-27 17:00,2024-07-28 09:09,16.15,animal contact,442,overhead line,1
OUT-03376,FDR-0058,SUB-013,2024-12-11 07:00,2024-12-11 08:05,1.09,equipment failure,242,cable,0
OUT-03377,FDR-0058,SUB-013,2024-02-10 12:00,2024-02-10 14:27,2.46,underground cable fault,196,recloser,0
OUT-03378,FDR-0058,SUB-013,2024-05-29 23:00,2024-05-30 04:46,5.77,scheduled maintenance,365,fuse,0
OUT-03379,FDR-0059,SUB-013,2024-08-01 13:00,2024-08-01 13:39,0.66,underground cable fault,366,overhead line,1
OUT-03380,FDR-0059,SUB-013,2024-09-25 13:00,2024-09-25 16:52,3.88,equipment failure,1043,overhead line,1
OUT-03381,FDR-0059,SUB-013,2024-06-16 16:00,2024-06-16 18:03,2.06,underground cable fault,942,recloser,1
OUT-03382,FDR-0059,SUB-013,2024-08-02 15:00,2024-08-02 19:51,4.86,underground cable fault,1439,overhead line,1
OUT-03383,FDR-0059,SUB-013,2024-02-01 18:00,2024-02-02 02:04,8.07,storm damage,2142,cable,1
OUT-03384,FDR-0059,SUB-013,2024-07-14 19:00,2024-07-14 20:33,1.56,storm damage,1058,fuse,1
OUT-03385,FDR-0059,SUB-013,2024-08-13 20:00,2024-08-14 03:14,7.24,tree contact,1637,fuse,1
OUT-03386,FDR-0059,SUB-013,2024-04-09 01:00,2024-04-09 05:33,4.56,equipment failure,354,recloser,0
OUT-03387,FDR-0059,SUB-013,2024-02-19 15:00,2024-02-19 15:22,0.38,scheduled maintenance,133,overhead line,0
OUT-03388,FDR-0060,SUB-014,2024-06-01 18:00,2024-06-01 20:25,2.42,overload,999,switch,1
OUT-03389,FDR-0060,SUB-014,2024-06-07 18:00,2024-06-07 23:18,5.31,overload,1303,transformer,1
OUT-03390,FDR-0060,SUB-014,2024-08-31 17:00,2024-09-01 00:59,7.99,underground cable fault,263,transformer,1
OUT-03391,FDR-0060,SUB-014,2024-02-05 20:00,2024-02-06 06:10,10.17,lightning,1619,cable,1
OUT-03392,FDR-0060,SUB-014,2024-02-01 18:00,2024-02-02 07:22,13.38,tree contact,260,recloser,1
OUT-03393,FDR-0060,SUB-014,2024-03-22 15:00,2024-03-22 19:52,4.87,equipment failure,59,recloser,0
OUT-03394,FDR-0060,SUB-014,2024-04-11 08:00,2024-04-11 09:57,1.95,vehicle accident,471,recloser,0
OUT-03395,FDR-0061,SUB-014,2024-09-30 17:00,2024-10-01 00:10,7.17,underground cable fault,390,fuse,1
OUT-03396,FDR-0061,SUB-014,2024-06-12 13:00,2024-06-12 15:01,2.03,equipment failure,374,cable,1
OUT-03397,FDR-0061,SUB-014,2024-08-22 18:00,2024-08-22 20:03,2.06,equipment failure,402,cable,1
OUT-03398,FDR-0061,SUB-014,2024-07-30 17:00,2024-07-30 19:14,2.24,equipment failure,497,cable,1
OUT-03399,FDR-0061,SUB-014,2024-02-05 14:00,2024-02-05 20:46,6.78,tree contact,622,fuse,1
OUT-03400,FDR-0061,SUB-014,2024-02-09 17:00,2024-02-10 10:39,17.66,storm damage,565,overhead line,1
OUT-03401,FDR-0061,SUB-014,2024-02-01 20:00,2024-02-02 07:23,11.39,storm damage,585,overhead line,1
OUT-03402,FDR-0061,SUB-014,2024-05-08 06:00,2024-05-08 10:58,4.97,underground cable fault,43,overhead line,0
OUT-03403,FDR-0061,SUB-014,2024-12-10 18:00,2024-12-10 22:58,4.97,equipment failure,456,transformer,0
OUT-03404,FDR-0061,SUB-014,2024-11-29 16:00,2024-11-29 17:30,1.51,underground cable fault,416,recloser,0
OUT-03405,FDR-0062,SUB-014,2024-09-07 15:00,2024-09-07 19:01,4.03,equipment failure,1329,fuse,1
OUT-03406,FDR-0062,SUB-014,2024-06-10 14:00,2024-06-10 17:45,3.76,equipment failure,449,overhead line,1
OUT-03407,FDR-0062,SUB-014,2024-12-27 14:00,2024-12-28 03:52,13.87,storm damage,413,overhead line,1
OUT-03408,FDR-0062,SUB-014,2024-12-11 00:00,2024-12-11 03:22,3.38,equipment failure,176,overhead line,0
OUT-03409,FDR-0063,SUB-014,2024-06-24 14:00,2024-06-24 15:33,1.56,equipment failure,407,overhead line,1
OUT-03410,FDR-0063,SUB-014,2024-06-10 16:00,2024-06-10 20:58,4.97,equipment failure,642,recloser,1
OUT-03411,FDR-0063,SUB-014,2024-02-05 14:00,2024-02-06 06:25,16.42,storm damage,833,overhead line,1
OUT-03412,FDR-0063,SUB-014,2024-08-13 17:00,2024-08-13 22:55,5.92,storm damage,607,switch,1
OUT-03413,FDR-0063,SUB-014,2024-01-21 16:00,2024-01-21 16:51,0.85,vehicle accident,268,transformer,0
OUT-03414,FDR-0063,SUB-014,2024-05-06 18:00,2024-05-06 19:39,1.66,scheduled maintenance,247,overhead line,0
OUT-03415,FDR-0064,SUB-014,2024-07-17 14:00,2024-07-17 20:20,6.34,underground cable fault,58,transformer,1
OUT-03416,FDR-0064,SUB-014,2024-07-16 16:00,2024-07-16 18:31,2.53,underground cable fault,133,fuse,1
OUT-03417,FDR-0064,SUB-014,2024-08-31 17:00,2024-08-31 18:33,1.55,underground cable fault,219,transformer,1
OUT-03418,FDR-0064,SUB-014,2024-08-17 15:00,2024-08-17 15:30,0.51,overload,275,transformer,1
OUT-03419,FDR-0064,SUB-014,2024-08-20 19:00,2024-08-21 02:01,7.02,storm damage,230,overhead line,1
OUT-03420,FDR-0064,SUB-014,2024-09-14 19:00,2024-09-14 22:56,3.94,animal contact,55,transformer,1
OUT-03421,FDR-0064,SUB-014,2024-08-20 16:00,2024-08-21 00:46,8.77,tree contact,224,overhead line,1
OUT-03422,FDR-0064,SUB-014,2024-03-12 13:00,2024-03-12 17:41,4.69,scheduled maintenance,306,recloser,0
OUT-03423,FDR-0064,SUB-014,2024-02-16 08:00,2024-02-16 11:09,3.15,vehicle accident,382,cable,0
OUT-03424,FDR-0064,SUB-014,2024-05-27 04:00,2024-05-27 05:47,1.79,animal contact,452,cable,0
OUT-03425,FDR-0064,SUB-014,2024-12-22 22:00,2024-12-22 23:48,1.81,underground cable fault,129,cable,0
OUT-03426,FDR-0065,SUB-014,2024-07-04 14:00,2024-07-04 21:33,7.56,underground cable fault,143,recloser,1
OUT-03427,FDR-0065,SUB-014,2024-07-19 18:00,2024-07-19 19:03,1.06,underground cable fault,1014,recloser,1
OUT-03428,FDR-0065,SUB-014,2024-09-20 16:00,2024-09-20 22:37,6.63,lightning,1059,fuse,1
OUT-03429,FDR-0065,SUB-014,2024-11-18 02:00,2024-11-18 03:10,1.18,dig-in,28,cable,0
OUT-03430,FDR-0066,SUB-015,2024-07-07 13:00,2024-07-07 18:34,5.57,equipment failure,690,overhead line,1
OUT-03431,FDR-0066,SUB-015,2024-06-22 16:00,2024-06-22 21:22,5.37,equipment failure,778,cable,1
OUT-03432,FDR-0066,SUB-015,2024-08-28 13:00,2024-08-28 15:23,2.39,equipment failure,742,switch,1
OUT-03433,FDR-0066,SUB-015,2024-09-26 14:00,2024-09-26 16:24,2.4,animal contact,1806,recloser,1
OUT-03434,FDR-0066,SUB-015,2024-09-10 17:00,2024-09-11 04:43,11.73,lightning,182,fuse,1
OUT-03435,FDR-0066,SUB-015,2024-11-21 05:00,2024-11-21 09:31,4.52,scheduled maintenance,378,cable,0
OUT-03436,FDR-0066,SUB-015,2024-04-22 02:00,2024-04-22 04:12,2.2,equipment failure,337,recloser,0
OUT-03437,FDR-0067,SUB-015,2024-07-13 13:00,2024-07-13 14:51,1.86,overload,192,transformer,1
OUT-03438,FDR-0067,SUB-015,2024-08-10 17:00,2024-08-11 00:28,7.47,overload,404,switch,1
OUT-03439,FDR-0067,SUB-015,2024-09-03 15:00,2024-09-03 16:04,1.08,overload,844,recloser,1
OUT-03440,FDR-0067,SUB-015,2024-06-18 13:00,2024-06-18 17:45,4.76,underground cable fault,1008,overhead line,1
OUT-03441,FDR-0067,SUB-015,2024-09-26 19:00,2024-09-27 02:57,7.95,tree contact,216,cable,1
OUT-03442,FDR-0067,SUB-015,2024-09-10 15:00,2024-09-11 08:31,17.53,tree contact,480,switch,1
OUT-03443,FDR-0067,SUB-015,2024-09-20 18:00,2024-09-21 06:37,12.63,tree contact,637,overhead line,1
OUT-03444,FDR-0067,SUB-015,2024-01-26 11:00,2024-01-26 16:40,5.67,vehicle accident,140,fuse,0
OUT-03445,FDR-0067,SUB-015,2024-11-17 01:00,2024-11-17 05:12,4.21,underground cable fault,230,fuse,0
OUT-03446,FDR-0067,SUB-015,2024-05-28 04:00,2024-05-28 09:21,5.36,equipment failure,100,recloser,0
OUT-03447,FDR-0067,SUB-015,2024-05-24 09:00,2024-05-24 12:31,3.53,vehicle accident,107,cable,0
OUT-03448,FDR-0068,SUB-015,2024-06-01 17:00,2024-06-01 21:42,4.7,overload,147,recloser,1
OUT-03449,FDR-0068,SUB-015,2024-09-19 14:00,2024-09-19 18:25,4.42,overload,514,cable,1
OUT-03450,FDR-0068,SUB-015,2024-09-26 15:00,2024-09-26 16:28,1.47,storm damage,61,transformer,1
OUT-03451,FDR-0068,SUB-015,2024-11-02 20:00,2024-11-02 21:13,1.22,equipment failure,400,switch,0
OUT-03452,FDR-0069,SUB-015,2024-06-24 18:00,2024-06-24 22:24,4.4,equipment failure,427,cable,1
OUT-03453,FDR-0069,SUB-015,2024-06-29 16:00,2024-06-29 18:01,2.02,underground cable fault,370,switch,1
OUT-03454,FDR-0069,SUB-015,2024-06-04 17:00,2024-06-04 23:22,6.38,overload,271,recloser,1
OUT-03455,FDR-0069,SUB-015,2024-02-05 15:00,2024-02-05 21:22,6.37,animal contact,402,cable,1
OUT-03456,FDR-0069,SUB-015,2024-02-09 19:00,2024-02-10 00:05,5.09,storm damage,374,cable,1
OUT-03457,FDR-0069,SUB-015,2024-10-27 06:00,2024-10-27 08:25,2.43,dig-in,178,cable,0
OUT-03458,FDR-0069,SUB-015,2024-03-10 17:00,2024-03-10 21:39,4.66,scheduled maintenance,430,recloser,0
OUT-03459,FDR-0070,SUB-015,2024-09-08 14:00,2024-09-08 21:05,7.09,equipment failure,1453,overhead line,1
OUT-03460,FDR-0070,SUB-015,2024-07-31 15:00,2024-07-31 16:49,1.83,overload,1026,switch,1
OUT-03461,FDR-0070,SUB-015,2024-07-21 18:00,2024-07-21 21:46,3.78,animal contact,1138,fuse,1
OUT-03462,FDR-0070,SUB-015,2024-05-14 20:00,2024-05-14 23:11,3.19,vehicle accident,460,transformer,0
OUT-03463,FDR-0071,SUB-016,2024-09-01 15:00,2024-09-01 17:13,2.22,overload,334,recloser,1
OUT-03464,FDR-0071,SUB-016,2024-06-26 18:00,2024-06-26 23:16,5.27,equipment failure,1308,overhead line,1
OUT-03465,FDR-0071,SUB-016,2024-07-21 14:00,2024-07-21 16:34,2.58,equipment failure,286,recloser,1
OUT-03466,FDR-0071,SUB-016,2024-07-25 13:00,2024-07-25 18:07,5.12,underground cable fault,245,switch,1
OUT-03467,FDR-0071,SUB-016,2024-06-05 14:00,2024-06-05 18:02,4.04,equipment failure,171,recloser,1
OUT-03468,FDR-0071,SUB-016,2024-07-14 16:00,2024-07-15 09:42,17.71,lightning,2699,cable,1
OUT-03469,FDR-0071,SUB-016,2024-12-27 14:00,2024-12-28 03:27,13.46,lightning,2525,transformer,1
OUT-03470,FDR-0071,SUB-016,2024-02-23 15:00,2024-02-23 23:50,8.84,animal contact,918,recloser,1
OUT-03471,FDR-0071,SUB-016,2024-07-21 15:00,2024-07-22 03:26,12.44,lightning,367,cable,1
OUT-03472,FDR-0071,SUB-016,2024-11-14 11:00,2024-11-14 12:38,1.64,vehicle accident,285,recloser,0
OUT-03473,FDR-0071,SUB-016,2024-12-18 11:00,2024-12-18 11:30,0.5,animal contact,449,cable,0
OUT-03474,FDR-0071,SUB-016,2024-01-10 03:00,2024-01-10 08:43,5.73,dig-in,407,switch,0
OUT-03475,FDR-0072,SUB-016,2024-06-30 15:00,2024-06-30 16:33,1.55,underground cable fault,374,cable,1
OUT-03476,FDR-0072,SUB-016,2024-06-05 16:00,2024-06-05 21:34,5.58,equipment failure,411,fuse,1
OUT-03477,FDR-0072,SUB-016,2024-07-06 18:00,2024-07-06 19:52,1.87,underground cable fault,384,transformer,1
OUT-03478,FDR-0072,SUB-016,2024-07-07 15:00,2024-07-07 19:31,4.53,equipment failure,278,cable,1
OUT-03479,FDR-0072,SUB-016,2024-09-10 18:00,2024-09-11 00:32,6.54,storm damage,158,cable,1
OUT-03480,FDR-0072,SUB-016,2024-12-27 14:00,2024-12-27 21:36,7.6,animal contact,261,switch,1
OUT-03481,FDR-0072,SUB-016,2024-07-21 19:00,2024-07-22 01:24,6.4,tree contact,113,transformer,1
OUT-03482,FDR-0072,SUB-016,2024-04-05 17:00,2024-04-05 21:57,4.95,dig-in,330,cable,0
OUT-03483,FDR-0072,SUB-016,2024-02-10 01:00,2024-02-10 02:43,1.73,scheduled maintenance,386,fuse,0
OUT-03484,FDR-0072,SUB-016,2024-11-07 20:00,2024-11-07 23:30,3.5,underground cable fault,31,cable,0
OUT-03485,FDR-0072,SUB-016,2024-01-07 07:00,2024-01-07 07:20,0.34,vehicle accident,218,recloser,0
OUT-03486,FDR-0073,SUB-016,2024-06-19 13:00,2024-06-19 19:26,6.44,underground cable fault,453,recloser,1
OUT-03487,FDR-0073,SUB-016,2024-06-17 16:00,2024-06-17 18:20,2.34,equipment failure,335,fuse,1
OUT-03488,FDR-0073,SUB-016,2024-02-05 14:00,2024-02-06 05:49,15.82,lightning,2065,switch,1
OUT-03489,FDR-0073,SUB-016,2024-08-20 18:00,2024-08-20 19:15,1.25,lightning,452,recloser,1
OUT-03490,FDR-0073,SUB-016,2024-10-31 18:00,2024-10-31 21:46,3.78,scheduled maintenance,188,transformer,0
OUT-03491,FDR-0073,SUB-016,2024-01-25 23:00,2024-01-26 02:17,3.29,underground cable fault,239,overhead line,0
OUT-03492,FDR-0074,SUB-016,2024-08-04 13:00,2024-08-04 17:23,4.39,equipment failure,717,transformer,1
OUT-03493,FDR-0074,SUB-016,2024-08-15 18:00,2024-08-15 23:59,5.99,equipment failure,1002,overhead line,1
OUT-03494,FDR-0074,SUB-016,2024-09-10 17:00,2024-09-11 08:20,15.34,animal contact,2369,fuse,1
OUT-03495,FDR-0074,SUB-016,2024-02-05 20:00,2024-02-06 12:48,16.8,storm damage,610,transformer,1
OUT-03496,FDR-0074,SUB-016,2024-05-03 22:00,2024-05-04 02:22,4.37,dig-in,191,overhead line,0
OUT-03497,FDR-0074,SUB-016,2024-03-06 22:00,2024-03-07 01:51,3.85,dig-in,90,transformer,0
OUT-03498,FDR-0075,SUB-016,2024-07-24 14:00,2024-07-24 17:16,3.28,underground cable fault,516,cable,1
OUT-03499,FDR-0075,SUB-016,2024-09-11 13:00,2024-09-11 15:43,2.73,overload,306,transformer,1
OUT-03500,FDR-0075,SUB-016,2024-09-03 16:00,2024-09-03 23:20,7.34,equipment failure,412,recloser,1
OUT-03501,FDR-0075,SUB-016,2024-09-27 15:00,2024-09-27 18:59,3.99,overload,728,switch,1
OUT-03502,FDR-0075,SUB-016,2024-02-01 20:00,2024-02-01 23:14,3.24,tree contact,880,transformer,1
OUT-03503,FDR-0075,SUB-016,2024-07-21 20:00,2024-07-22 05:33,9.56,tree contact,214,switch,1
OUT-03504,FDR-0075,SUB-016,2024-09-10 20:00,2024-09-11 06:15,10.25,storm damage,842,transformer,1
OUT-03505,FDR-0075,SUB-016,2024-12-15 07:00,2024-12-15 11:47,4.79,animal contact,257,cable,0
OUT-03506,FDR-0075,SUB-016,2024-02-11 23:00,2024-02-12 00:24,1.41,underground cable fault,213,recloser,0
OUT-03507,FDR-0075,SUB-016,2024-01-23 21:00,2024-01-23 23:52,2.87,scheduled maintenance,78,cable,0
OUT-03508,FDR-0076,SUB-017,2024-09-22 16:00,2024-09-22 21:44,5.74,equipment failure,1024,recloser,1
OUT-03509,FDR-0076,SUB-017,2024-07-05 18:00,2024-07-05 18:37,0.63,overload,593,recloser,1
OUT-03510,FDR-0076,SUB-017,2024-08-07 18:00,2024-08-08 00:09,6.16,overload,1093,transformer,1
OUT-03511,FDR-0076,SUB-017,2024-12-27 16:00,2024-12-27 17:55,1.92,lightning,443,recloser,1
OUT-03512,FDR-0076,SUB-017,2024-02-12 20:00,2024-02-13 07:51,11.85,storm damage,890,overhead line,1
OUT-03513,FDR-0076,SUB-017,2024-02-24 23:00,2024-02-25 04:24,5.41,dig-in,181,fuse,0
OUT-03514,FDR-0076,SUB-017,2024-02-25 13:00,2024-02-25 13:49,0.82,animal contact,476,recloser,0
OUT-03515,FDR-0077,SUB-017,2024-06-13 14:00,2024-06-13 21:03,7.05,underground cable fault,68,cable,1
OUT-03516,FDR-0077,SUB-017,2024-09-09 14:00,2024-09-09 20:06,6.1,underground cable fault,1440,overhead line,1
OUT-03517,FDR-0077,SUB-017,2024-08-29 18:00,2024-08-29 22:19,4.33,overload,1411,overhead line,1
OUT-03518,FDR-0077,SUB-017,2024-08-17 13:00,2024-08-17 20:43,7.73,equipment failure,1082,cable,1
OUT-03519,FDR-0077,SUB-017,2024-08-13 19:00,2024-08-14 11:07,16.12,tree contact,660,transformer,1
OUT-03520,FDR-0077,SUB-017,2024-08-20 20:00,2024-08-21 02:49,6.82,tree contact,1057,recloser,1
OUT-03521,FDR-0077,SUB-017,2024-09-20 18:00,2024-09-20 20:06,2.1,storm damage,620,overhead line,1
OUT-03522,FDR-0077,SUB-017,2024-01-10 23:00,2024-01-11 03:54,4.9,underground cable fault,380,recloser,0
OUT-03523,FDR-0077,SUB-017,2024-12-15 03:00,2024-12-15 08:04,5.07,equipment failure,4,cable,0
OUT-03524,FDR-0077,SUB-017,2024-01-17 12:00,2024-01-17 17:28,5.48,vehicle accident,493,switch,0
OUT-03525,FDR-0078,SUB-017,2024-07-06 18:00,2024-07-06 22:24,4.41,underground cable fault,737,fuse,1
OUT-03526,FDR-0078,SUB-017,2024-06-25 15:00,2024-06-25 21:07,6.12,underground cable fault,151,transformer,1
OUT-03527,FDR-0078,SUB-017,2024-07-25 18:00,2024-07-25 22:48,4.81,equipment failure,656,recloser,1
OUT-03528,FDR-0078,SUB-017,2024-09-20 14:00,2024-09-21 03:48,13.8,storm damage,208,cable,1
OUT-03529,FDR-0078,SUB-017,2024-07-14 19:00,2024-07-15 05:43,10.72,tree contact,718,overhead line,1
OUT-03530,FDR-0078,SUB-017,2024-11-01 01:00,2024-11-01 02:18,1.3,scheduled maintenance,162,transformer,0
OUT-03531,FDR-0078,SUB-017,2024-05-07 07:00,2024-05-07 10:39,3.66,scheduled maintenance,483,recloser,0
OUT-03532,FDR-0078,SUB-017,2024-11-12 18:00,2024-11-12 21:08,3.14,scheduled maintenance,429,overhead line,0
OUT-03533,FDR-0079,SUB-017,2024-09-11 18:00,2024-09-11 20:34,2.57,overload,276,switch,1
OUT-03534,FDR-0079,SUB-017,2024-09-06 16:00,2024-09-06 23:04,7.07,equipment failure,869,transformer,1
OUT-03535,FDR-0079,SUB-017,2024-08-22 17:00,2024-08-22 18:00,1.0,underground cable fault,387,overhead line,1
OUT-03536,FDR-0079,SUB-017,2024-09-04 15:00,2024-09-04 21:45,6.76,underground cable fault,452,cable,1
OUT-03537,FDR-0079,SUB-017,2024-09-20 19:00,2024-09-20 20:04,1.08,lightning,949,fuse,1
OUT-03538,FDR-0079,SUB-017,2024-07-27 16:00,2024-07-27 19:49,3.83,tree contact,583,transformer,1
OUT-03539,FDR-0079,SUB-017,2024-09-26 16:00,2024-09-26 22:21,6.36,animal contact,2124,switch,1
OUT-03540,FDR-0079,SUB-017,2024-12-17 08:00,2024-12-17 12:11,4.19,dig-in,241,overhead line,0
OUT-03541,FDR-0079,SUB-017,2024-02-13 03:00,2024-02-13 07:52,4.88,animal contact,335,fuse,0
OUT-03542,FDR-0079,SUB-017,2024-01-12 07:00,2024-01-12 09:07,2.12,vehicle accident,226,fuse,0
OUT-03543,FDR-0079,SUB-017,2024-05-30 19:00,2024-05-30 22:31,3.52,underground cable fault,317,fuse,0
OUT-03544,FDR-0080,SUB-018,2024-06-07 18:00,2024-06-08 00:07,6.12,underground cable fault,684,transformer,1
OUT-03545,FDR-0080,SUB-018,2024-07-07 17:00,2024-07-07 22:50,5.84,equipment failure,1044,overhead line,1
OUT-03546,FDR-0080,SUB-018,2024-08-08 14:00,2024-08-08 15:18,1.3,overload,1374,switch,1
OUT-03547,FDR-0080,SUB-018,2024-08-15 18:00,2024-08-16 00:58,6.97,equipment failure,1343,transformer,1
OUT-03548,FDR-0080,SUB-018,2024-02-12 15:00,2024-02-13 03:47,12.79,tree contact,2087,cable,1
OUT-03549,FDR-0080,SUB-018,2024-08-13 14:00,2024-08-13 20:17,6.29,storm damage,2818,recloser,1
OUT-03550,FDR-0080,SUB-018,2024-08-13 15:00,2024-08-13 17:38,2.64,lightning,2066,transformer,1
OUT-03551,FDR-0080,SUB-018,2024-01-06 15:00,2024-01-06 18:52,3.88,scheduled maintenance,327,cable,0
OUT-03552,FDR-0080,SUB-018,2024-04-20 21:00,2024-04-21 01:52,4.87,scheduled maintenance,160,switch,0
OUT-03553,FDR-0081,SUB-018,2024-09-25 14:00,2024-09-25 19:27,5.46,equipment failure,1030,cable,1
OUT-03554,FDR-0081,SUB-018,2024-09-01 16:00,2024-09-01 16:35,0.59,equipment failure,1264,cable,1
OUT-03555,FDR-0081,SUB-018,2024-06-11 18:00,2024-06-12 00:38,6.64,overload,1084,cable,1
OUT-03556,FDR-0081,SUB-018,2024-07-22 17:00,2024-07-22 19:28,2.47,equipment failure,1176,overhead line,1
OUT-03557,FDR-0081,SUB-018,2024-02-01 20:00,2024-02-02 13:27,17.45,tree contact,1017,transformer,1
OUT-03558,FDR-0081,SUB-018,2024-09-14 17:00,2024-09-15 02:13,9.22,animal contact,2358,recloser,1
OUT-03559,FDR-0081,SUB-018,2024-07-14 16:00,2024-07-14 23:13,7.23,storm damage,131,recloser,1
OUT-03560,FDR-0081,SUB-018,2024-11-23 21:00,2024-11-23 22:42,1.71,dig-in,183,cable,0
OUT-03561,FDR-0081,SUB-018,2024-04-04 07:00,2024-04-04 09:18,2.31,vehicle accident,371,switch,0
OUT-03562,FDR-0081,SUB-018,2024-03-28 11:00,2024-03-28 16:22,5.38,equipment failure,235,recloser,0
OUT-03563,FDR-0082,SUB-018,2024-08-10 15:00,2024-08-10 20:01,5.02,underground cable fault,325,overhead line,1
OUT-03564,FDR-0082,SUB-018,2024-06-01 15:00,2024-06-01 19:57,4.96,underground cable fault,418,recloser,1
OUT-03565,FDR-0082,SUB-018,2024-07-10 17:00,2024-07-10 23:23,6.39,equipment failure,188,fuse,1
OUT-03566,FDR-0082,SUB-018,2024-06-25 18:00,2024-06-25 23:20,5.34,equipment failure,224,recloser,1
OUT-03567,FDR-0082,SUB-018,2024-07-01 17:00,2024-07-01 21:19,4.33,overload,1430,recloser,1
OUT-03568,FDR-0082,SUB-018,2024-07-27 20:00,2024-07-28 02:24,6.4,tree contact,1413,recloser,1
OUT-03569,FDR-0082,SUB-018,2024-07-21 16:00,2024-07-22 03:46,11.77,animal contact,2894,recloser,1
OUT-03570,FDR-0082,SUB-018,2024-09-26 20:00,2024-09-27 10:31,14.52,animal contact,2261,recloser,1
OUT-03571,FDR-0082,SUB-018,2024-12-27 19:00,2024-12-27 21:39,2.65,storm damage,829,cable,1
OUT-03572,FDR-0082,SUB-018,2024-03-03 04:00,2024-03-03 08:22,4.37,scheduled maintenance,303,switch,0
OUT-03573,FDR-0082,SUB-018,2024-01-13 13:00,2024-01-13 18:52,5.88,underground cable fault,42,fuse,0
OUT-03574,FDR-0082,SUB-018,2024-05-29 16:00,2024-05-29 21:15,5.25,scheduled maintenance,343,transformer,0
OUT-03575,FDR-0083,SUB-018,2024-08-29 17:00,2024-08-30 00:13,7.23,overload,207,cable,1
OUT-03576,FDR-0083,SUB-018,2024-06-30 17:00,2024-06-30 20:58,3.98,equipment failure,513,fuse,1
OUT-03577,FDR-0083,SUB-018,2024-09-30 18:00,2024-10-01 01:58,7.97,underground cable fault,66,cable,1
OUT-03578,FDR-0083,SUB-018,2024-06-20 14:00,2024-06-20 16:43,2.72,overload,765,recloser,1
OUT-03579,FDR-0083,SUB-018,2024-07-04 16:00,2024-07-04 21:44,5.74,underground cable fault,1058,overhead line,1
OUT-03580,FDR-0083,SUB-018,2024-02-01 14:00,2024-02-01 22:55,8.92,animal contact,583,fuse,1
OUT-03581,FDR-0083,SUB-018,2024-08-13 17:00,2024-08-13 22:44,5.74,tree contact,733,fuse,1
OUT-03582,FDR-0083,SUB-018,2024-09-10 16:00,2024-09-11 06:52,14.87,tree contact,1686,transformer,1
OUT-03583,FDR-0083,SUB-018,2024-07-12 19:00,2024-07-13 00:40,5.67,lightning,1859,transformer,1
OUT-03584,FDR-0083,SUB-018,2024-10-21 13:00,2024-10-21 13:22,0.38,scheduled maintenance,204,transformer,0
OUT-03585,FDR-0083,SUB-018,2024-01-24 18:00,2024-01-24 18:41,0.69,vehicle accident,29,transformer,0
OUT-03586,FDR-0083,SUB-018,2024-01-29 16:00,2024-01-29 18:38,2.64,dig-in,251,fuse,0
OUT-03587,FDR-0084,SUB-018,2024-09-20 18:00,2024-09-21 01:38,7.64,overload,1317,overhead line,1
OUT-03588,FDR-0084,SUB-018,2024-06-12 17:00,2024-06-12 17:58,0.98,equipment failure,960,overhead line,1
OUT-03589,FDR-0084,SUB-018,2024-06-12 18:00,2024-06-13 01:15,7.26,underground cable fault,1302,recloser,1
OUT-03590,FDR-0084,SUB-018,2024-08-22 18:00,2024-08-22 20:34,2.58,underground cable fault,1190,cable,1
OUT-03591,FDR-0084,SUB-018,2024-09-14 18:00,2024-09-15 07:03,13.05,storm damage,767,transformer,1
OUT-03592,FDR-0084,SUB-018,2024-08-13 18:00,2024-08-14 00:39,6.66,lightning,772,switch,1
OUT-03593,FDR-0084,SUB-018,2024-12-27 14:00,2024-12-27 16:22,2.37,tree contact,1845,cable,1
OUT-03594,FDR-0084,SUB-018,2024-05-19 00:00,2024-05-19 05:10,5.17,underground cable fault,372,fuse,0
OUT-03595,FDR-0084,SUB-018,2024-02-15 02:00,2024-02-15 03:42,1.71,equipment failure,19,fuse,0
OUT-03596,FDR-0084,SUB-018,2024-01-22 01:00,2024-01-22 02:14,1.24,dig-in,224,switch,0
OUT-03597,FDR-0084,SUB-018,2024-10-26 03:00,2024-10-26 04:03,1.06,dig-in,371,recloser,0
OUT-03598,FDR-0085,SUB-019,2024-08-12 16:00,2024-08-12 21:09,5.15,underground cable fault,395,transformer,1
OUT-03599,FDR-0085,SUB-019,2024-06-19 18:00,2024-06-19 19:13,1.23,underground cable fault,149,recloser,1
OUT-03600,FDR-0085,SUB-019,2024-08-15 18:00,2024-08-16 01:34,7.58,equipment failure,774,switch,1
OUT-03601,FDR-0085,SUB-019,2024-02-23 20:00,2024-02-24 12:18,16.3,storm damage,1898,cable,1
OUT-03602,FDR-0085,SUB-019,2024-09-10 15:00,2024-09-10 17:21,2.36,animal contact,944,recloser,1
OUT-03603,FDR-0085,SUB-019,2024-10-16 23:00,2024-10-17 02:40,3.68,underground cable fault,430,overhead line,0
OUT-03604,FDR-0085,SUB-019,2024-12-11 11:00,2024-12-11 14:19,3.32,underground cable fault,438,fuse,0
OUT-03605,FDR-0085,SUB-019,2024-10-11 08:00,2024-10-11 10:08,2.14,animal contact,331,cable,0
OUT-03606,FDR-0086,SUB-019,2024-08-17 13:00,2024-08-17 13:37,0.63,overload,591,switch,1
OUT-03607,FDR-0086,SUB-019,2024-08-22 13:00,2024-08-22 15:45,2.76,equipment failure,687,fuse,1
OUT-03608,FDR-0086,SUB-019,2024-02-05 14:00,2024-02-06 02:11,12.19,tree contact,1049,overhead line,1
OUT-03609,FDR-0086,SUB-019,2024-11-11 23:00,2024-11-12 01:46,2.78,underground cable fault,270,fuse,0
OUT-03610,FDR-0087,SUB-019,2024-08-04 16:00,2024-08-04 17:39,1.65,equipment failure,867,fuse,1
OUT-03611,FDR-0087,SUB-019,2024-08-06 14:00,2024-08-06 16:56,2.94,overload,354,fuse,1
OUT-03612,FDR-0087,SUB-019,2024-09-02 16:00,2024-09-02 21:37,5.62,underground cable fault,1297,fuse,1
OUT-03613,FDR-0087,SUB-019,2024-08-29 18:00,2024-08-29 22:17,4.29,overload,840,fuse,1
OUT-03614,FDR-0087,SUB-019,2024-07-27 14:00,2024-07-27 21:34,7.57,storm damage,1319,overhead line,1
OUT-03615,FDR-0087,SUB-019,2024-09-20 20:00,2024-09-20 23:25,3.43,tree contact,2996,switch,1
OUT-03616,FDR-0087,SUB-019,2024-02-12 14:00,2024-02-12 20:33,6.55,lightning,819,recloser,1
OUT-03617,FDR-0087,SUB-019,2024-01-07 04:00,2024-01-07 09:39,5.66,underground cable fault,320,recloser,0
OUT-03618,FDR-0087,SUB-019,2024-12-29 05:00,2024-12-29 09:09,4.15,vehicle accident,283,recloser,0
OUT-03619,FDR-0087,SUB-019,2024-02-17 09:00,2024-02-17 14:37,5.62,underground cable fault,79,switch,0
OUT-03620,FDR-0088,SUB-020,2024-07-20 17:00,2024-07-20 18:46,1.77,equipment failure,1498,transformer,1
OUT-03621,FDR-0088,SUB-020,2024-08-30 16:00,2024-08-30 21:13,5.22,underground cable fault,579,cable,1
OUT-03622,FDR-0088,SUB-020,2024-07-26 14:00,2024-07-26 19:31,5.52,overload,1141,recloser,1
OUT-03623,FDR-0088,SUB-020,2024-08-30 18:00,2024-08-31 01:02,7.04,underground cable fault,356,switch,1
OUT-03624,FDR-0088,SUB-020,2024-07-21 15:00,2024-07-22 06:34,15.58,lightning,2151,switch,1
OUT-03625,FDR-0088,SUB-020,2024-09-14 19:00,2024-09-14 23:57,4.96,animal contact,2050,transformer,1
OUT-03626,FDR-0088,SUB-020,2024-12-27 17:00,2024-12-27 19:24,2.4,tree contact,844,overhead line,1
OUT-03627,FDR-0088,SUB-020,2024-11-29 06:00,2024-11-29 08:55,2.93,dig-in,118,switch,0
OUT-03628,FDR-0088,SUB-020,2024-03-28 20:00,2024-03-29 01:54,5.9,dig-in,178,transformer,0
OUT-03629,FDR-0089,SUB-020,2024-09-16 14:00,2024-09-16 21:15,7.25,equipment failure,907,recloser,1
OUT-03630,FDR-0089,SUB-020,2024-06-09 15:00,2024-06-09 16:37,1.63,overload,826,overhead line,1
OUT-03631,FDR-0089,SUB-020,2024-09-14 15:00,2024-09-15 08:57,17.96,storm damage,1533,fuse,1
OUT-03632,FDR-0089,SUB-020,2024-02-25 22:00,2024-02-25 22:48,0.8,equipment failure,109,transformer,0
OUT-03633,FDR-0090,SUB-020,2024-08-22 14:00,2024-08-22 14:56,0.94,underground cable fault,998,cable,1
OUT-03634,FDR-0090,SUB-020,2024-06-10 15:00,2024-06-10 16:57,1.96,overload,623,overhead line,1
OUT-03635,FDR-0090,SUB-020,2024-08-19 17:00,2024-08-19 21:13,4.22,overload,486,fuse,1
OUT-03636,FDR-0090,SUB-020,2024-07-07 14:00,2024-07-07 19:22,5.37,overload,163,fuse,1
OUT-03637,FDR-0090,SUB-020,2024-07-27 15:00,2024-07-28 02:00,11.01,tree contact,210,cable,1
OUT-03638,FDR-0090,SUB-020,2024-07-12 20:00,2024-07-13 08:35,12.59,lightning,351,recloser,1
OUT-03639,FDR-0090,SUB-020,2024-02-23 20:00,2024-02-24 08:32,12.54,lightning,888,recloser,1
OUT-03640,FDR-0090,SUB-020,2024-10-14 16:00,2024-10-14 19:25,3.43,animal contact,93,fuse,0
OUT-03641,FDR-0090,SUB-020,2024-10-20 22:00,2024-10-21 01:00,3.0,dig-in,69,cable,0
OUT-03642,FDR-0090,SUB-020,2024-04-09 11:00,2024-04-09 16:05,5.09,vehicle accident,156,cable,0
OUT-03643,FDR-0090,SUB-020,2024-10-01 06:00,2024-10-01 11:35,5.59,equipment failure,307,fuse,0
OUT-03644,FDR-0091,SUB-020,2024-08-12 15:00,2024-08-12 20:18,5.31,overload,1240,cable,1
OUT-03645,FDR-0091,SUB-020,2024-06-16 17:00,2024-06-16 23:33,6.56,overload,64,recloser,1
OUT-03646,FDR-0091,SUB-020,2024-09-26 15:00,2024-09-26 19:32,4.54,tree contact,787,overhead line,1
OUT-03647,FDR-0091,SUB-020,2024-08-13 16:00,2024-08-14 01:43,9.72,lightning,378,recloser,1
OUT-03648,FDR-0091,SUB-020,2024-10-23 08:00,2024-10-23 12:18,4.31,underground cable fault,249,overhead line,0
OUT-03649,FDR-0091,SUB-020,2024-02-17 09:00,2024-02-17 10:58,1.97,underground cable fault,362,transformer,0
OUT-03650,FDR-0092,SUB-020,2024-07-19 18:00,2024-07-19 18:58,0.97,underground cable fault,1302,recloser,1
OUT-03651,FDR-0092,SUB-020,2024-08-21 17:00,2024-08-21 18:15,1.26,overload,215,overhead line,1
OUT-03652,FDR-0092,SUB-020,2024-07-12 20:00,2024-07-13 01:31,5.52,lightning,2770,cable,1
OUT-03653,FDR-0092,SUB-020,2024-07-21 16:00,2024-07-22 00:31,8.52,storm damage,1574,cable,1
OUT-03654,FDR-0092,SUB-020,2024-02-18 03:00,2024-02-18 08:51,5.86,underground cable fault,460,recloser,0
OUT-03655,FDR-0092,SUB-020,2024-03-21 18:00,2024-03-21 19:08,1.14,vehicle accident,321,transformer,0
OUT-03656,FDR-0093,SUB-020,2024-09-04 17:00,2024-09-04 23:22,6.37,overload,646,cable,1
OUT-03657,FDR-0093,SUB-020,2024-09-06 15:00,2024-09-06 20:48,5.8,overload,689,cable,1
OUT-03658,FDR-0093,SUB-020,2024-08-12 16:00,2024-08-12 20:54,4.91,underground cable fault,881,transformer,1
OUT-03659,FDR-0093,SUB-020,2024-02-01 19:00,2024-02-02 03:32,8.54,tree contact,789,transformer,1
OUT-03660,FDR-0093,SUB-020,2024-12-27 20:00,2024-12-28 00:31,4.53,tree contact,2051,overhead line,1
OUT-03661,FDR-0093,SUB-020,2024-01-31 19:00,2024-01-31 21:37,2.62,dig-in,22,cable,0
OUT-03662,FDR-0093,SUB-020,2024-01-03 13:00,2024-01-03 17:38,4.64,equipment failure,227,recloser,0
OUT-03663,FDR-0093,SUB-020,2024-04-29 21:00,2024-04-30 02:55,5.93,equipment failure,187,switch,0
OUT-03664,FDR-0094,SUB-021,2024-07-13 17:00,2024-07-13 19:09,2.15,equipment failure,1215,fuse,1
OUT-03665,FDR-0094,SUB-021,2024-07-17 15:00,2024-07-17 16:21,1.36,underground cable fault,1183,cable,1
OUT-03666,FDR-0094,SUB-021,2024-02-09 20:00,2024-02-10 09:55,13.92,lightning,2313,fuse,1
OUT-03667,FDR-0094,SUB-021,2024-07-14 14:00,2024-07-15 02:30,12.51,storm damage,2431,fuse,1
OUT-03668,FDR-0094,SUB-021,2024-12-09 21:00,2024-12-10 01:51,4.86,equipment failure,219,recloser,0
OUT-03669,FDR-0094,SUB-021,2024-11-23 07:00,2024-11-23 12:01,5.02,animal contact,399,transformer,0
OUT-03670,FDR-0095,SUB-021,2024-06-15 18:00,2024-06-15 22:51,4.85,equipment failure,789,cable,1
OUT-03671,FDR-0095,SUB-021,2024-06-24 14:00,2024-06-24 16:36,2.61,overload,1018,recloser,1
OUT-03672,FDR-0095,SUB-021,2024-09-14 18:00,2024-09-15 04:16,10.27,lightning,440,switch,1
OUT-03673,FDR-0095,SUB-021,2024-05-01 17:00,2024-05-01 19:22,2.37,underground cable fault,118,transformer,0
OUT-03674,FDR-0096,SUB-021,2024-06-06 14:00,2024-06-06 20:52,6.87,equipment failure,50,overhead line,1
OUT-03675,FDR-0096,SUB-021,2024-07-05 13:00,2024-07-05 15:43,2.73,underground cable fault,1050,overhead line,1
OUT-03676,FDR-0096,SUB-021,2024-08-15 18:00,2024-08-16 01:29,7.49,overload,990,transformer,1
OUT-03677,FDR-0096,SUB-021,2024-06-16 16:00,2024-06-16 18:19,2.33,underground cable fault,627,overhead line,1
OUT-03678,FDR-0096,SUB-021,2024-08-20 15:00,2024-08-21 02:11,11.19,lightning,440,cable,1
OUT-03679,FDR-0096,SUB-021,2024-02-01 17:00,2024-02-02 05:16,12.28,animal contact,176,fuse,1
OUT-03680,FDR-0096,SUB-021,2024-09-26 20:00,2024-09-27 10:06,14.1,storm damage,376,recloser,1
OUT-03681,FDR-0096,SUB-021,2024-03-27 10:00,2024-03-27 11:01,1.03,vehicle accident,303,cable,0
OUT-03682,FDR-0096,SUB-021,2024-10-04 09:00,2024-10-04 11:27,2.45,equipment failure,407,overhead line,0
OUT-03683,FDR-0097,SUB-022,2024-07-27 13:00,2024-07-27 16:38,3.64,overload,1115,cable,1
OUT-03684,FDR-0097,SUB-022,2024-09-11 17:00,2024-09-11 22:25,5.43,overload,538,transformer,1
OUT-03685,FDR-0097,SUB-022,2024-06-13 17:00,2024-06-13 22:25,5.42,equipment failure,1063,switch,1
OUT-03686,FDR-0097,SUB-022,2024-08-20 18:00,2024-08-21 00:40,6.67,equipment failure,1003,transformer,1
OUT-03687,FDR-0097,SUB-022,2024-07-14 20:00,2024-07-15 01:02,5.04,lightning,1079,cable,1
OUT-03688,FDR-0097,SUB-022,2024-07-14 15:00,2024-07-15 05:42,14.7,storm damage,226,cable,1
OUT-03689,FDR-0097,SUB-022,2024-02-01 16:00,2024-02-02 07:08,15.14,tree contact,1347,recloser,1
OUT-03690,FDR-0097,SUB-022,2024-12-07 04:00,2024-12-07 05:00,1.0,vehicle accident,371,fuse,0
OUT-03691,FDR-0097,SUB-022,2024-10-10 07:00,2024-10-10 12:57,5.95,scheduled maintenance,196,cable,0
OUT-03692,FDR-0097,SUB-022,2024-11-07 00:00,2024-11-07 01:48,1.8,dig-in,143,overhead line,0
OUT-03693,FDR-0097,SUB-022,2024-02-03 00:00,2024-02-03 05:52,5.87,scheduled maintenance,59,recloser,0
OUT-03694,FDR-0098,SUB-022,2024-07-23 15:00,2024-07-23 16:51,1.85,underground cable fault,655,fuse,1
OUT-03695,FDR-0098,SUB-022,2024-06-26 16:00,2024-06-26 20:49,4.82,underground cable fault,1372,switch,1
OUT-03696,FDR-0098,SUB-022,2024-06-13 14:00,2024-06-13 14:42,0.71,underground cable fault,1077,transformer,1
OUT-03697,FDR-0098,SUB-022,2024-09-16 14:00,2024-09-16 19:53,5.89,overload,780,overhead line,1
OUT-03698,FDR-0098,SUB-022,2024-02-23 16:00,2024-02-23 19:00,3.0,animal contact,1249,switch,1
OUT-03699,FDR-0098,SUB-022,2024-02-12 18:00,2024-02-13 03:01,9.03,lightning,1431,recloser,1
OUT-03700,FDR-0098,SUB-022,2024-09-20 15:00,2024-09-21 01:02,10.04,storm damage,1739,transformer,1
OUT-03701,FDR-0098,SUB-022,2024-10-12 19:00,2024-10-12 21:53,2.89,equipment failure,51,recloser,0
OUT-03702,FDR-0098,SUB-022,2024-05-05 20:00,2024-05-05 20:25,0.43,underground cable fault,29,recloser,0
OUT-03703,FDR-0098,SUB-022,2024-05-05 19:00,2024-05-06 00:49,5.82,equipment failure,67,transformer,0
OUT-03704,FDR-0099,SUB-022,2024-07-02 17:00,2024-07-02 18:52,1.87,overload,329,fuse,1
OUT-03705,FDR-0099,SUB-022,2024-09-07 16:00,2024-09-07 18:28,2.48,overload,1237,fuse,1
OUT-03706,FDR-0099,SUB-022,2024-02-23 15:00,2024-02-24 03:44,12.74,lightning,2071,fuse,1
OUT-03707,FDR-0099,SUB-022,2024-09-26 17:00,2024-09-27 07:54,14.91,storm damage,1455,cable,1
OUT-03708,FDR-0099,SUB-022,2024-04-30 03:00,2024-04-30 03:41,0.69,dig-in,445,cable,0
OUT-03709,FDR-0099,SUB-022,2024-04-22 20:00,2024-04-22 22:11,2.19,equipment failure,496,switch,0
OUT-03710,FDR-0100,SUB-023,2024-07-06 18:00,2024-07-06 19:02,1.04,equipment failure,337,transformer,1
OUT-03711,FDR-0100,SUB-023,2024-08-29 16:00,2024-08-29 18:58,2.97,underground cable fault,346,overhead line,1
OUT-03712,FDR-0100,SUB-023,2024-02-09 18:00,2024-02-10 06:14,12.24,lightning,154,recloser,1
OUT-03713,FDR-0100,SUB-023,2024-05-05 00:00,2024-05-05 04:16,4.28,animal contact,359,overhead line,0
OUT-03714,FDR-0101,SUB-023,2024-09-02 16:00,2024-09-02 20:43,4.72,overload,1123,cable,1
OUT-03715,FDR-0101,SUB-023,2024-06-05 14:00,2024-06-05 19:16,5.28,equipment failure,283,transformer,1
OUT-03716,FDR-0101,SUB-023,2024-08-19 15:00,2024-08-19 18:23,3.39,overload,1065,cable,1
OUT-03717,FDR-0101,SUB-023,2024-07-04 16:00,2024-07-04 23:52,7.88,overload,1484,transformer,1
OUT-03718,FDR-0101,SUB-023,2024-12-27 16:00,2024-12-28 02:51,10.85,lightning,1195,transformer,1
OUT-03719,FDR-0101,SUB-023,2024-08-13 16:00,2024-08-13 17:17,1.29,tree contact,1552,transformer,1
OUT-03720,FDR-0101,SUB-023,2024-07-12 16:00,2024-07-13 07:31,15.52,animal contact,348,recloser,1
OUT-03721,FDR-0101,SUB-023,2024-12-08 09:00,2024-12-08 14:04,5.08,dig-in,132,switch,0
OUT-03722,FDR-0101,SUB-023,2024-01-05 18:00,2024-01-05 19:31,1.52,scheduled maintenance,196,overhead line,0
OUT-03723,FDR-0102,SUB-023,2024-08-17 13:00,2024-08-17 20:02,7.04,underground cable fault,1288,switch,1
OUT-03724,FDR-0102,SUB-023,2024-07-21 14:00,2024-07-21 17:40,3.68,overload,420,switch,1
OUT-03725,FDR-0102,SUB-023,2024-09-09 13:00,2024-09-09 13:43,0.73,overload,526,fuse,1
OUT-03726,FDR-0102,SUB-023,2024-02-01 14:00,2024-02-02 03:40,13.67,animal contact,881,transformer,1
OUT-03727,FDR-0102,SUB-023,2024-09-20 14:00,2024-09-20 17:22,3.38,storm damage,2184,transformer,1
OUT-03728,FDR-0102,SUB-023,2024-05-30 21:00,2024-05-30 23:54,2.91,vehicle accident,298,fuse,0
OUT-03729,FDR-0102,SUB-023,2024-04-22 11:00,2024-04-22 14:13,3.22,underground cable fault,57,recloser,0
OUT-03730,FDR-0102,SUB-023,2024-10-29 19:00,2024-10-29 23:41,4.69,dig-in,3,fuse,0
OUT-03731,FDR-0103,SUB-023,2024-06-01 16:00,2024-06-01 22:01,6.03,overload,200,cable,1
OUT-03732,FDR-0103,SUB-023,2024-08-05 16:00,2024-08-05 16:36,0.6,underground cable fault,1377,overhead line,1
OUT-03733,FDR-0103,SUB-023,2024-09-09 14:00,2024-09-09 16:22,2.38,underground cable fault,64,switch,1
OUT-03734,FDR-0103,SUB-023,2024-08-25 14:00,2024-08-25 17:21,3.35,overload,903,recloser,1
OUT-03735,FDR-0103,SUB-023,2024-07-20 18:00,2024-07-20 23:47,5.79,overload,239,transformer,1
OUT-03736,FDR-0103,SUB-023,2024-09-10 15:00,2024-09-11 05:19,14.33,lightning,636,fuse,1
OUT-03737,FDR-0103,SUB-023,2024-08-20 14:00,2024-08-20 15:24,1.41,lightning,274,recloser,1
OUT-03738,FDR-0103,SUB-023,2024-08-13 15:00,2024-08-13 21:54,6.9,storm damage,148,transformer,1
OUT-03739,FDR-0103,SUB-023,2024-02-12 18:00,2024-02-13 00:09,6.15,animal contact,1458,recloser,1
OUT-03740,FDR-0103,SUB-023,2024-10-23 19:00,2024-10-23 20:40,1.67,equipment failure,458,overhead line,0
OUT-03741,FDR-0103,SUB-023,2024-11-04 19:00,2024-11-05 00:44,5.74,equipment failure,321,transformer,0
OUT-03742,FDR-0103,SUB-023,2024-01-22 17:00,2024-01-22 18:43,1.73,animal contact,294,recloser,0
OUT-03743,FDR-0104,SUB-023,2024-08-22 16:00,2024-08-22 22:55,6.92,equipment failure,695,recloser,1
OUT-03744,FDR-0104,SUB-023,2024-09-02 13:00,2024-09-02 19:50,6.84,overload,1058,cable,1
OUT-03745,FDR-0104,SUB-023,2024-09-10 16:00,2024-09-11 04:13,12.23,storm damage,275,fuse,1
OUT-03746,FDR-0104,SUB-023,2024-02-03 01:00,2024-02-03 01:47,0.79,equipment failure,252,overhead line,0
